n,mae,mse,rmse,r2,bias,station_id,horizon
144,4.6730055809021,45.629966735839844,6.754995687329478,0.9186843,2.8949170112609863,1,1
143,6.618676662445068,78.81127166748047,8.87757127076322,0.85964394,4.095066547393799,1,2
142,7.645220756530762,114.47716522216797,10.699400227216849,0.7963518,1.5800676345825195,1,3
141,10.794807434082031,245.7477569580078,15.676343864498756,0.5644506,0.05971705541014671,1,4
140,12.15528392791748,304.3525085449219,17.445701721195448,0.4622907,-0.12694691121578217,1,5
139,12.884600639343262,391.5751953125,19.788259026819414,0.3100798,-1.0156786441802979,1,6
138,13.889490127563477,440.2773742675781,20.98278757142573,0.22669655,-0.5188317894935608,1,7
144,3.685053825378418,24.363018035888672,4.935890804696623,0.81052774,1.1376001834869385,2,1
143,5.556856155395508,48.442596435546875,6.960071582645316,0.61200583,1.7284008264541626,2,2
142,6.429333686828613,68.54300689697266,8.279070412611107,0.43968773,1.4477633237838745,2,3
141,8.246179580688477,108.6112060546875,10.421670022347067,0.10423148,1.409326195716858,2,4
140,9.254840850830078,133.08480834960938,11.536238916978505,-0.101189494,2.1004953384399414,2,5
139,9.746221542358398,139.48513793945312,11.810382633067107,-0.15780044,2.431755781173706,2,6
138,9.560430526733398,136.36752319335938,11.6776505853429,-0.12985349,2.265918254852295,2,7
144,7.246315956115723,96.14868927001953,9.805543802870881,0.6688792,1.3255869150161743,3,1
143,10.599170684814453,212.06727600097656,14.562529862663855,0.25564998,2.2595107555389404,3,2
142,12.27407169342041,268.8825988769531,16.397640039864065,0.042838514,3.72485613822937,3,3
141,14.089982986450195,334.0008544921875,18.275690260348238,-0.19393289,5.989816188812256,3,4
140,15.687175750732422,404.32073974609375,20.107728358670798,-0.44685125,7.236508846282959,3,5
139,17.248491287231445,449.3004150390625,21.19670764621389,-0.610085,8.444375991821289,3,6
138,17.307518005371094,468.9312744140625,21.65482104322413,-0.677351,8.320895195007324,3,7
144,6.04647159576416,58.87937927246094,7.673289990119033,0.67838985,0.94349604845047,4,1
143,7.8990864753723145,101.47455596923828,10.073457994613284,0.43335766,0.2398769110441208,4,2
142,8.500368118286133,127.00371551513672,11.269592517706073,0.2747299,-1.0989534854888916,4,3
141,8.962717056274414,132.49136352539062,11.510489282623507,0.2336191,-0.27471426129341125,4,4
140,9.483168601989746,146.99655151367188,12.124213438968809,0.14249748,-1.695927381515503,4,5
139,9.756460189819336,143.6249542236328,11.98436290436971,0.15475374,-2.0399351119995117,4,6
138,10.626866340637207,174.09771728515625,13.1946094025233,-0.028422713,-2.7164576053619385,4,7
144,5.79280424118042,53.30162811279297,7.300796402639438,0.6424519,3.4288601875305176,5,1
143,9.473678588867188,133.70111083984375,11.562919650323778,0.08372581,5.337265968322754,5,2
142,11.1554536819458,182.00685119628906,13.490991483070808,-0.273134,6.882561683654785,5,3
141,12.604433059692383,224.60675048828125,14.986885950332752,-0.5706229,8.119403839111328,5,4
140,13.77782917022705,283.654296875,16.84203956992739,-0.97608066,8.429190635681152,5,5
139,14.233060836791992,288.6685485839844,16.990248632200306,-1.0032775,8.702235221862793,5,6
138,13.107039451599121,254.990966796875,15.96843657960525,-0.76053584,6.679590225219727,5,7
129,5.185722827911377,43.55644607543945,6.599730757799097,0.81329185,1.8551725149154663,7,1
127,7.8160786628723145,87.46984100341797,9.352531261825217,0.6228093,3.6714248657226562,7,2
125,7.992126941680908,96.84632873535156,9.841053233031085,0.58097976,3.222896099090576,7,3
123,9.262104988098145,128.8676300048828,11.351987931850651,0.44160438,4.386997222900391,7,4
121,9.655304908752441,158.093017578125,12.573504586157553,0.3128894,1.768709659576416,7,5
119,10.102431297302246,175.93325805664062,13.263983491268398,0.22723627,2.4117164611816406,7,6
117,9.635024070739746,161.059326171875,12.690915103800632,0.2801494,0.7561949491500854,7,7
144,4.1398024559021,28.312498092651367,5.3209489842180755,0.74754655,1.9870374202728271,8,1
143,6.469040393829346,63.1837158203125,7.948818517258555,0.42515856,4.195180416107178,8,2
142,7.22803258895874,81.72496795654297,9.040186278863006,0.24713117,4.1807427406311035,8,3
141,9.221624374389648,122.37559509277344,11.062350342163885,-0.13660622,4.995915412902832,8,4
140,9.922794342041016,140.3976287841797,11.848950535139375,-0.30832624,4.890398025512695,8,5
139,9.794504165649414,137.7870330810547,11.738272150578835,-0.2898122,3.6528737545013428,8,6
138,8.954298973083496,115.27128601074219,10.736446619377483,-0.078190684,2.4068751335144043,8,7
144,5.499876976013184,59.57559585571289,7.718522906341141,0.89872915,0.29825401306152344,9,1
143,8.103912353515625,132.9122772216797,11.528758702552487,0.7738024,0.16852489113807678,9,2
142,8.72413158416748,159.61184692382812,12.633758226427643,0.7281945,0.02604696713387966,9,3
141,11.473274230957031,267.8846435546875,16.367181906323626,0.5451777,-0.5409985184669495,9,4
140,12.779111862182617,356.6966857910156,18.88641537695853,0.39587837,-1.908590316772461,9,5
139,14.211777687072754,460.7794189453125,21.465773197006264,0.22089827,-3.2015936374664307,9,6
138,15.670489311218262,532.239013671875,23.07030588596248,0.10296351,-3.1982011795043945,9,7
144,6.078078269958496,92.09225463867188,9.596470947107164,0.9361407,-2.315920114517212,10,1
143,9.792057037353516,234.97349548339844,15.328845210367232,0.83750486,-4.969860553741455,10,2
142,11.313424110412598,373.1781005859375,19.317818214952162,0.7427192,-3.9202678203582764,10,3
141,13.594283103942871,563.3138427734375,23.734233561955133,0.61305285,-5.113936424255371,10,4
140,13.845943450927734,592.5384521484375,24.342112729761922,0.59450966,-5.38748025894165,10,5
139,14.56472396850586,648.6743774414062,25.46908670214553,0.55794525,-5.558922290802002,10,6
138,16.57749366760254,746.4691162109375,27.32158700022635,0.49385142,-4.78142786026001,10,7
144,3.7561705112457275,29.5595703125,5.436871371708182,0.97267455,0.9230078458786011,11,1
143,5.706915378570557,69.75859832763672,8.352161296792389,0.93580675,0.4550800025463104,11,2
142,6.894760608673096,123.53609466552734,11.114679242583987,0.88686776,0.21724680066108704,11,3
141,9.813584327697754,287.4166259765625,16.95336621372176,0.73821545,-1.025641679763794,11,4
140,11.182125091552734,397.30181884765625,19.932431333072646,0.6400608,-2.358943223953247,11,5
139,12.075748443603516,421.1609191894531,20.52220551474556,0.6204946,-2.0301690101623535,11,6
138,11.478574752807617,387.26287841796875,19.67899586914863,0.6530019,-1.2674107551574707,11,7
144,5.521322727203369,104.60762786865234,10.227787046504847,0.8857703,-0.11767557263374329,12,1
143,7.4123311042785645,177.14744567871094,13.309674890045622,0.80721956,-0.9165449738502502,12,2
142,8.584259986877441,212.13133239746094,14.564729053348742,0.7701096,-1.8229615688323975,12,3
141,10.858847618103027,317.38568115234375,17.815321528177474,0.6577412,-2.228184461593628,12,4
140,10.815413475036621,327.429931640625,18.095025052224297,0.64880717,-2.6588263511657715,12,5
139,11.341083526611328,367.5722351074219,19.172173458098637,0.6078161,-1.6710950136184692,12,6
138,12.455462455749512,429.5004577636719,20.72439282014486,0.5444865,-1.2066360712051392,12,7
144,5.513189315795898,52.762447357177734,7.263776384029022,0.9444597,2.884263038635254,14,1
143,7.526005268096924,95.79157257080078,9.78731692399918,0.89911854,3.4011857509613037,14,2
142,11.700092315673828,234.54525756835938,15.314870471811355,0.75299937,3.16831636428833,14,3
141,14.083934783935547,352.6493225097656,18.77895956941613,0.6292131,2.7850706577301025,14,4
140,15.555232048034668,425.43280029296875,20.626022406003752,0.55400264,2.014530658721924,14,5
139,15.979619026184082,505.3020935058594,22.478925541623635,0.4718433,-0.18884672224521637,14,6
138,16.882186889648438,580.8896484375,24.10165240056167,0.3950488,-0.63258957862854,14,7
144,5.276618003845215,46.16316223144531,6.7943478150184005,0.6928404,1.2053570747375488,15,1
143,9.280586242675781,123.47396850585938,11.1118841114304,0.15858471,3.94128155708313,15,2
142,11.286866188049316,195.52597045898438,13.98306012498639,-0.3462031,5.218010902404785,15,3
141,12.96084976196289,266.79827880859375,16.33396090385286,-0.83047545,6.453782081604004,15,4
140,14.503819465637207,301.6577453613281,17.368297134760454,-1.0575697,7.425571918487549,15,5
139,16.133623123168945,355.8510437011719,18.864014517095026,-1.4126289,8.088485717773438,15,6
138,16.16035270690918,360.40814208984375,18.984418402728163,-1.4260423,7.163960933685303,15,7
144,4.510598659515381,44.70948791503906,6.686515379107346,0.9277595,1.226357340812683,16,1
143,7.836308002471924,117.57304382324219,10.843110431202026,0.80960506,3.208771228790283,16,2
142,9.414695739746094,190.1089630126953,13.78800068946529,0.69181275,1.9532623291015625,16,3
141,11.352949142456055,319.326904296875,17.869720319492274,0.48315412,0.02038552612066269,16,4
140,12.378665924072266,340.50537109375,18.452787623926906,0.45015913,-0.02797088585793972,16,5
139,13.418137550354004,410.1497497558594,20.252154200377287,0.33883446,-0.7745336890220642,16,6
138,13.843015670776367,442.501220703125,21.035712982999293,0.28895813,-2.1892120838165283,16,7
103,4.533695697784424,32.31005096435547,5.684193079440165,0.8271581,0.7131965160369873,17,1
101,7.1160173416137695,74.30742645263672,8.620175546509289,0.60378426,1.9581129550933838,17,2
100,8.558874130249023,109.54388427734375,10.466321430060503,0.42037988,1.6411240100860596,17,3
99,9.98058795928955,149.92050170898438,12.244202779641652,0.20795572,1.9628952741622925,17,4
98,10.616728782653809,172.85885620117188,13.14757986099236,0.08545041,0.5369502902030945,17,5
97,10.770181655883789,185.6810760498047,13.626484361338573,0.016736329,-0.58638596534729,17,6
96,11.187152862548828,198.3225555419922,14.082704127474672,-0.04937625,-0.06298860162496567,17,7
144,4.792255401611328,41.9959716796875,6.4804298992958405,0.76854837,1.492485523223877,18,1
143,6.3666157722473145,74.11962127685547,8.60927530497518,0.58291197,2.0337464809417725,18,2
142,7.374866008758545,93.1072769165039,9.64921120695904,0.46998918,1.7436497211456299,18,3
141,8.58031177520752,109.15444946289062,10.447700678278002,0.3766505,1.4592013359069824,18,4
140,9.113140106201172,120.92738342285156,10.996698751118517,0.31034553,1.2560756206512451,18,5
139,9.278190612792969,120.85122680664062,10.993235502191364,0.3100528,1.8540351390838623,18,6
138,9.103753089904785,120.15772247314453,10.96164779917438,0.31487918,2.3842618465423584,18,7
144,4.486053943634033,38.37400817871094,6.194675792865268,0.919706,0.27730032801628113,19,1
143,7.634488105773926,101.9354248046875,10.09630748366389,0.7853678,-0.4596233367919922,19,2
142,9.064692497253418,184.83518981933594,13.59541061606217,0.6094341,-1.353969693183899,19,3
141,11.077056884765625,276.9105529785156,16.64062958479984,0.4147628,-1.4031901359558105,19,4
140,13.232213973999023,379.4410095214844,19.479245609660666,0.19936049,-2.0837504863739014,19,5
139,13.726353645324707,380.0355529785156,19.494500582946863,0.19913471,-1.4894633293151855,19,6
138,14.825326919555664,417.08306884765625,20.4226117048642,0.123684585,-1.6262433528900146,19,7
144,5.3263258934021,54.99964904785156,7.416174825868897,0.9104395,1.3028645515441895,20,1
143,8.740041732788086,150.13719177246094,12.253048264512016,0.7549345,1.2419734001159668,20,2
142,11.159585952758789,273.8962707519531,16.54981180412494,0.5522412,0.9453890323638916,20,3
141,12.666121482849121,345.9927062988281,18.600879180802938,0.4345106,0.26591047644615173,20,4
140,13.612356185913086,399.13818359375,19.978442972207567,0.34908444,-0.1799139827489853,20,5
139,13.318638801574707,414.0086975097656,20.347203677895536,0.32568258,-2.3519108295440674,20,6
138,14.149431228637695,450.9699401855469,21.236052839111764,0.2679829,-3.214815378189087,20,7
144,6.104276657104492,61.57512664794922,7.846982008896746,0.5699933,3.520521402359009,21,1
143,8.73078441619873,120.6468276977539,10.983934982407439,0.14606917,3.964695692062378,21,2
142,9.667593955993652,151.34542846679688,12.302252983368406,-0.07688272,5.081404685974121,21,3
141,10.877455711364746,197.29592895507812,14.046206924115781,-0.41075325,5.100770473480225,21,4
140,10.534156799316406,172.17996215820312,13.121736247852382,-0.22911441,3.1197431087493896,21,5
139,9.397669792175293,134.41859436035156,11.593903327195356,0.042534232,1.6824220418930054,21,6
138,8.736407279968262,121.21378326416016,11.009713132691521,0.14093328,0.7230960726737976,21,7
143,5.072090148925781,41.265323638916016,6.423809122235499,0.55121034,2.594031810760498,22,1
142,7.6323628425598145,95.78237915039062,9.786847252838404,-0.050348043,4.1985554695129395,22,2
141,7.365314960479736,89.22118377685547,9.445696574464769,0.016218483,2.5737245082855225,22,3
140,8.62442398071289,119.1546630859375,10.915798783686768,-0.31401467,3.5872459411621094,22,4
139,8.032369613647461,95.54325103759766,9.774622807944953,-0.055560708,2.7634873390197754,22,5
138,8.961432456970215,115.78828430175781,10.760496470969999,-0.27157128,4.496128559112549,22,6
137,8.836286544799805,123.93022918701172,11.13239548286943,-0.3513738,2.959758996963501,22,7
144,4.5152387619018555,34.02134323120117,5.8327817746938875,0.61232996,1.703140139579773,23,1
143,7.132208824157715,84.40100860595703,9.187002155543288,0.0003041625,2.4536807537078857,23,2
142,7.322468280792236,90.42891693115234,9.509412018161393,-0.10640776,0.5308344960212708,23,3
141,9.079394340515137,130.6218719482422,11.428992604260543,-0.64251053,1.577717661857605,23,4
140,8.633804321289062,117.89105987548828,10.85776495764613,-0.4880383,0.5550878047943115,23,5
139,7.86167049407959,103.45805358886719,10.17143321213226,-0.31324148,-0.19860510528087616,23,6
138,8.837563514709473,128.12632751464844,11.319290062307283,-0.625909,0.16963405907154083,23,7
144,5.185787200927734,43.15109634399414,6.568949409456137,0.55780995,2.9047529697418213,24,1
143,8.163480758666992,105.12109375,10.25285783330677,-0.098759055,4.838162899017334,24,2
142,9.260200500488281,144.8638916015625,12.03594165828177,-0.53066874,4.5529022216796875,24,3
141,10.233107566833496,164.9225616455078,12.842217941053166,-0.75610733,4.938589096069336,24,4
140,8.430066108703613,112.97322082519531,10.628886151671553,-0.2026006,2.4499032497406006,24,5
139,9.17172908782959,120.82445526123047,10.992017797530647,-0.28789413,3.4144623279571533,24,6
138,8.598719596862793,106.52840423583984,10.321259818250864,-0.12930048,2.4631240367889404,24,7
144,5.4944329261779785,51.8050422668457,7.19757197024425,0.5529729,1.593650221824646,25,1
143,10.064393997192383,145.4894561767578,12.061901018361816,-0.28089666,6.255859375,25,2
142,7.949957370758057,110.58025360107422,10.51571460249251,0.010929823,0.29562991857528687,25,3
141,7.996652126312256,113.07738494873047,10.633785071588125,-0.021454573,-1.5222575664520264,25,4
140,8.328503608703613,109.74612426757812,10.475978439629309,0.009115219,2.2298104763031006,25,5
139,8.05907154083252,113.45063781738281,10.651320942370614,-0.02508092,-0.4247167706489563,25,6
138,11.835347175598145,197.88043212890625,14.06699797856338,-0.7788966,6.909933567047119,25,7
144,5.3335771560668945,45.284725189208984,6.729392631523961,0.7079992,1.905210256576538,26,1
143,8.417922973632812,104.81006622314453,10.237678751706586,0.31628036,1.3460650444030762,26,2
142,8.62845230102539,118.50801849365234,10.886138823919726,0.22366315,1.607197880744934,26,3
141,8.736013412475586,121.50556945800781,11.022956475374826,0.20179719,-0.06313838064670563,26,4
140,9.617548942565918,138.78636169433594,11.780762356245708,0.08849114,2.135004997253418,26,5
139,9.408849716186523,126.27729034423828,11.237316865882098,0.17156255,0.39169982075691223,26,6
138,9.638055801391602,132.2808837890625,11.501342695053587,0.13729525,0.22136931121349335,26,7
144,5.390283107757568,48.3663330078125,6.954590786510195,0.68145466,1.6025669574737549,28,1
143,7.484560012817383,83.03124237060547,9.112148065665169,0.45021075,1.180069923400879,28,2
142,8.658122062683105,107.2500228881836,10.356158693655848,0.2889974,2.0239365100860596,28,3
141,8.341411590576172,118.59629821777344,10.8901927539311,0.21447241,-2.5248191356658936,28,4
140,8.483799934387207,112.30581665039062,10.597443873424885,0.25898725,0.17743739485740662,28,5
139,8.543448448181152,121.0597152709961,11.002713995691977,0.20377797,-2.3734171390533447,28,6
138,9.050623893737793,122.81360626220703,11.082130041747707,0.19728112,0.2519146502017975,28,7
79,5.290052890777588,46.33482360839844,6.806968753299698,0.56058,-0.2482525110244751,29,1
74,7.794872283935547,101.10942077636719,10.05531803457092,0.055553198,0.04752844572067261,29,2
69,7.884981632232666,105.32976531982422,10.26302905188445,0.06433183,0.961111307144165,29,3
64,8.539639472961426,111.14886474609375,10.54271619394612,0.054943442,2.5737645626068115,29,4
59,7.596830368041992,87.88939666748047,9.3749344887034,0.25618994,2.1782479286193848,29,5
55,8.429669380187988,100.33820343017578,10.016895897940428,0.0976519,1.4648224115371704,29,6
51,9.77649211883545,131.94485473632812,11.486725152815668,-0.35435724,2.9498629570007324,29,7
144,4.900358200073242,37.74565124511719,6.143748956876183,0.50441074,2.379438877105713,30,1
143,7.779867172241211,92.74165344238281,9.630246800699492,-0.24346626,5.298663139343262,30,2
142,8.006502151489258,98.076171875,9.903341449985454,-0.32870507,5.6909637451171875,30,3
141,7.9309515953063965,94.18285369873047,9.70478509286684,-0.28480625,4.063337326049805,30,4
140,8.953474044799805,114.8624038696289,10.717387921953227,-0.5713433,5.731327533721924,30,5
139,8.285255432128906,96.50048065185547,9.823465816699088,-0.32335794,3.7859549522399902,30,6
138,8.862955093383789,113.76675415039062,10.666149921616077,-0.5535395,4.3463454246521,30,7
144,5.50200080871582,46.19364547729492,6.79659072456882,0.5135981,3.772486448287964,31,1
143,6.948073387145996,75.72452545166016,8.701983995139278,0.2001704,4.3270440101623535,31,2
142,7.665621757507324,88.17894744873047,9.390364606804704,0.0649004,4.342731475830078,31,3
141,7.312497615814209,78.8351821899414,8.878917850162901,0.1603111,2.5966436862945557,31,4
140,7.836376190185547,89.88864135742188,9.480962048095218,0.04458642,3.0378196239471436,31,5
139,8.180100440979004,98.1318359375,9.906151419067852,-0.042054415,2.733156681060791,31,6
138,7.553625106811523,86.17637634277344,9.283123199805841,0.089567065,1.5861824750900269,31,7
144,6.1893768310546875,62.63370895385742,7.914146129170058,0.5993695,2.352280855178833,32,1
143,10.0480375289917,143.024169921875,11.95927129560472,0.07784569,5.266658306121826,32,2
142,10.683180809020996,156.88473510742188,12.525363671663266,-0.011636734,4.617525577545166,32,3
141,11.160954475402832,177.54942321777344,13.324767285689212,-0.1422658,4.602912425994873,32,4
140,11.386740684509277,196.4095458984375,14.014619006538762,-0.25786507,4.679923057556152,32,5
139,11.227977752685547,181.02691650390625,13.454624353875742,-0.15446293,3.4874653816223145,32,6
138,11.325516700744629,185.7342071533203,13.62843377477105,-0.17648649,2.7234103679656982,32,7
144,6.059171676635742,60.48262405395508,7.777057544724424,0.65327394,2.2835302352905273,33,1
143,8.123575210571289,95.53379821777344,9.774139257130187,0.45076293,1.1066533327102661,33,2
142,9.454998970031738,127.15563201904297,11.276330609690502,0.2700472,1.2475260496139526,33,3
141,9.60163688659668,141.2335968017578,11.884174216232182,0.19146097,1.904526948928833,33,4
140,8.758069038391113,128.5499725341797,11.337988028489873,0.26751095,-1.3253322839736938,33,5
139,9.789423942565918,141.54139709472656,11.89711717580047,0.1962012,1.367191195487976,33,6
138,9.338983535766602,134.94024658203125,11.616378376328452,0.23884273,0.5705835223197937,33,7
144,5.3712615966796875,46.37199020385742,6.809698246167551,0.62232447,0.8928110599517822,34,1
143,7.896798610687256,97.76451873779297,9.887594183510616,0.19544905,1.6772476434707642,34,2
142,7.757805824279785,97.9464111328125,9.896787919967393,0.19236565,0.6342206597328186,34,3
141,8.16486930847168,106.62934875488281,10.326148786206929,0.12249172,1.7817710638046265,34,4
140,7.975379467010498,107.8042984008789,10.382884878533465,0.1163578,1.3168493509292603,34,5
139,8.936359405517578,113.80734252929688,10.668052424378917,0.06978601,2.2799384593963623,34,6
138,8.430292129516602,109.8231430053711,10.479653763620776,0.107841134,-0.2924800217151642,34,7
144,5.338507175445557,48.072566986083984,6.93343832352203,0.6739553,-0.29920992255210876,35,1
143,7.79055643081665,98.77776336669922,9.938700285585597,0.32857567,-0.4177292585372925,35,2
142,8.4329195022583,115.04631042480469,10.725964312116869,0.21960276,-2.690868616104126,35,3
141,9.128411293029785,131.72866821289062,11.477311018391486,0.11179799,-0.903094470500946,35,4
140,9.326440811157227,152.5211181640625,12.349944055098488,-0.021233201,-4.22013521194458,35,5
139,9.705401420593262,157.75550842285156,12.560075972017508,-0.04949844,-3.8786585330963135,35,6
138,10.199295043945312,184.0852508544922,13.56780199053967,-0.21618116,-5.8069562911987305,35,7
129,6.154715538024902,65.9799575805664,8.122804785329166,0.6203525,-1.9001224040985107,36,1
127,9.120992660522461,139.29725646972656,11.802425872240272,0.19767451,-3.7815959453582764,36,2
125,8.92349910736084,143.31207275390625,11.971302049230328,0.17507702,-3.441331148147583,36,3
123,9.307838439941406,147.2848358154297,12.136096399395882,0.15202922,-1.6014912128448486,36,4
121,9.390304565429688,167.70285034179688,12.95001352670324,0.03441739,-4.608636856079102,36,5
119,9.491937637329102,170.9932403564453,13.076438366636586,0.01860404,-4.629327774047852,36,6
117,9.953666687011719,185.3743133544922,13.61522358811974,-0.06333101,-4.561742305755615,36,7
144,6.64390754699707,76.52013397216797,8.74757874912641,0.5662282,4.417754173278809,37,1
143,10.013928413391113,154.09132385253906,12.413352643526206,0.12554067,6.337897300720215,37,2
142,11.246841430664062,183.38478088378906,13.54196370116938,-0.036767006,6.470855712890625,37,3
141,10.928449630737305,189.6826934814453,13.7725340254234,-0.06785452,5.045727729797363,37,4
140,11.183650016784668,188.33978271484375,13.7236942080055,-0.054483652,5.463370323181152,37,5
139,11.570528984069824,183.0598907470703,13.529962703092359,-0.0203166,4.316400051116943,37,6
138,11.281007766723633,182.76617431640625,13.51910405006213,-0.01160574,3.652575969696045,37,7
144,5.086293697357178,42.20564651489258,6.496587297565744,0.7430879,-1.1792848110198975,38,1
143,7.856414794921875,107.75696563720703,10.38060526352905,0.3384865,-1.7104557752609253,38,2
142,8.211417198181152,123.46501159667969,11.111481071246969,0.24037975,-2.397829532623291,38,3
141,8.920948028564453,130.2882080078125,11.41438601098686,0.20017487,-1.3024121522903442,38,4
140,8.121578216552734,121.41702270507812,11.018939273136871,0.25690013,-0.41140419244766235,38,5
139,8.095775604248047,113.70507049560547,10.663257968163645,0.30311805,-1.6805579662322998,38,6
138,8.771673202514648,126.6956558227539,11.255916480800392,0.2274738,-2.7311079502105713,38,7
144,4.212512016296387,28.439292907714844,5.332850354896042,0.71363187,-0.001454558689147234,39,1
143,6.452679634094238,71.56073760986328,8.459357990407032,0.27306587,-1.133500099182129,39,2
142,6.534901142120361,77.47989654541016,8.802266557280014,0.21345258,-1.560507893562317,39,3
141,6.892577171325684,78.55409240722656,8.863074658786676,0.20509231,-0.8332271575927734,39,4
140,7.285830020904541,82.28128051757812,9.070902960432226,0.17152995,-0.722735583782196,39,5
139,7.916779518127441,87.66619873046875,9.363022948304076,0.11972237,0.8864859342575073,39,6
138,8.556076049804688,98.92862701416016,9.94628709691009,0.013220489,2.0565402507781982,39,7
144,4.078760147094727,33.36289596557617,5.776062323553666,0.44881505,1.13420832157135,40,1
143,6.164615631103516,64.09053039550781,8.005656150217034,-0.07291269,0.5315163135528564,40,2
142,6.922986030578613,75.41175079345703,8.683993942504626,-0.26227987,1.3787672519683838,40,3
141,7.476751327514648,87.79161071777344,9.369717750165874,-0.46376145,1.457071304321289,40,4
140,6.442399024963379,69.04838562011719,8.30953582458835,-0.14437473,-0.4919264614582062,40,5
139,7.077439308166504,77.295654296875,8.791794714213646,-0.2768854,1.2086611986160278,40,6
138,7.221210956573486,83.95072937011719,9.162463062414886,-0.383824,0.7261112928390503,40,7
144,4.3166422843933105,31.673465728759766,5.627918418808127,0.5166121,-0.053544044494628906,41,1
143,6.263177394866943,63.40361404418945,7.962638635790868,0.019728899,0.7862833738327026,41,2
142,6.882351875305176,76.25582122802734,8.732457914472153,-0.17848182,1.788127064704895,41,3
141,8.387177467346191,107.60140991210938,10.373109944086652,-0.6564187,2.911062002182007,41,4
140,7.58423376083374,86.52930450439453,9.30211290537771,-0.32397723,1.917848825454712,41,5
139,7.099695205688477,78.45967102050781,8.857746384973314,-0.19734693,1.2450915575027466,41,6
138,7.041458606719971,75.68827056884766,8.699900606837279,-0.15187871,0.7618196606636047,41,7
144,5.675589561462402,50.5048828125,7.106678746960496,0.53404343,0.9489491581916809,43,1
143,7.732499599456787,89.28844451904297,9.449256294494448,0.16514838,1.727827548980713,43,2
142,8.4351806640625,105.27877807617188,10.260544726093828,0.007039368,1.8155766725540161,43,3
141,9.190275192260742,124.86099243164062,11.174121550781548,-0.17610955,2.4365851879119873,43,4
140,9.293961524963379,124.53921508789062,11.15971393396312,-0.16761756,2.4137814044952393,43,5
139,9.479124069213867,118.89505004882812,10.90390068043671,-0.11366367,2.8436453342437744,43,6
138,8.160794258117676,105.70156860351562,10.281126815846385,0.011651814,-0.019047198817133904,43,7
144,5.165722370147705,43.00429916381836,6.557766324276763,0.7049817,0.03744207322597504,44,1
143,7.4640583992004395,95.89170837402344,9.792431177905895,0.3382269,-0.353547066450119,44,2
142,7.7638397216796875,109.1290054321289,10.446482921640609,0.24654824,-1.051973581314087,44,3
141,8.453644752502441,119.36873626708984,10.92560004151213,0.17906612,0.32305848598480225,44,4
140,8.614400863647461,132.65267944335938,11.51749449504359,0.09275645,-2.6636688709259033,44,5
139,9.566821098327637,142.37440490722656,11.932074627122752,0.030393898,-0.4663340151309967,44,6
138,8.93703556060791,134.23330688476562,11.585909842768743,0.09159547,-2.15559983253479,44,7
144,4.926395893096924,39.02689743041992,6.24715114515568,0.4307493,1.229535698890686,45,1
143,7.391763687133789,91.45510864257812,9.563216438133047,-0.3568797,3.2862484455108643,45,2
142,7.7596282958984375,98.53447723388672,9.926453406624479,-0.4693209,2.7015085220336914,45,3
141,8.095995903015137,109.22430419921875,10.451043211049257,-0.63456416,3.2295854091644287,45,4
140,8.265689849853516,107.16549682617188,10.352076932972043,-0.6060219,3.3014748096466064,45,5
139,7.798800945281982,100.2441635131836,10.01220073276518,-0.5086427,2.4499518871307373,45,6
138,6.9865403175354,82.03093719482422,9.05709319786565,-0.2290219,1.650383710861206,45,7
144,3.0727996826171875,16.066511154174805,4.008305272078813,0.25153476,1.0125527381896973,48,1
143,4.240380764007568,28.641511917114258,5.351776519728216,-0.3686942,1.7391421794891357,48,2
142,4.853193759918213,36.027000427246094,6.0022496138736265,-0.747918,2.204390287399292,48,3
141,4.930850982666016,38.73056411743164,6.223388475535787,-0.8720608,1.9570344686508179,48,4
140,4.718051433563232,33.301387786865234,5.770735463254683,-0.601877,1.906647801399231,48,5
139,5.179166316986084,39.28456497192383,6.267740021086055,-0.8779644,2.1456470489501953,48,6
138,4.586804389953613,30.670881271362305,5.538129762958096,-0.45709336,1.3066092729568481,48,7
144,3.699259042739868,24.540678024291992,4.953854865081535,0.118551314,0.07906709611415863,50,1
143,4.811696529388428,37.350250244140625,6.111485109540939,-0.37095296,0.6308261752128601,50,2
142,5.036274433135986,40.70773696899414,6.380261512586623,-0.49886465,1.5708017349243164,50,3
141,5.239283084869385,41.56937789916992,6.447431884027153,-0.52260315,2.4447081089019775,50,4
140,5.398135185241699,45.42264938354492,6.739632733580141,-0.65651345,2.107961654663086,50,5
139,5.414947509765625,44.9492073059082,6.704416999703121,-0.6276996,2.2788572311401367,50,6
138,6.524064540863037,64.83549499511719,8.052049117778479,-1.3316996,3.3412797451019287,50,7
144,3.3013927936553955,18.038713455200195,4.24720066104725,0.1532551,0.9293336868286133,51,1
143,4.199090003967285,29.57637596130371,5.4384166777936125,-0.40291595,1.313197374343872,51,2
142,4.434150695800781,30.296293258666992,5.504206869174431,-0.44411194,1.505007266998291,51,3
141,4.768016338348389,33.56227111816406,5.793295359134045,-0.58898306,1.6962312459945679,51,4
140,4.872078895568848,32.846534729003906,5.7311896434338925,-0.54483867,2.2642674446105957,51,5
139,4.744422912597656,31.315412521362305,5.596017559064866,-0.47046602,2.218123435974121,51,6
138,4.947490692138672,34.598201751708984,5.882023610264497,-0.61361253,2.7039034366607666,51,7
144,2.8195958137512207,12.417402267456055,3.5238334619354608,0.28708506,1.0549341440200806,52,1
143,3.754990339279175,21.90106964111328,4.679857865481951,-0.27790105,1.8092585802078247,52,2
142,4.153512954711914,25.144372940063477,5.014416510429053,-0.47540498,2.2198002338409424,52,3
141,4.208341121673584,27.33963394165039,5.228731580570033,-0.59297574,2.116231679916382,52,4
140,3.9416844844818115,23.5810489654541,4.856032224507381,-0.38465643,1.6960645914077759,52,5
139,3.8610453605651855,21.652297973632812,4.653202980059307,-0.275051,1.5581059455871582,52,6
138,4.6964006423950195,35.246238708496094,5.936854277182158,-1.0815344,3.096003770828247,52,7
72,2.9520134925842285,13.98287582397461,3.7393683723290234,0.094857275,0.6583084464073181,53,1
67,3.707437515258789,21.243249893188477,4.6090400186143405,-0.38271904,1.1515393257141113,53,2
62,3.9267024993896484,24.368755340576172,4.936471952779249,-0.7852354,1.718765377998352,53,3
58,4.798940658569336,35.256629943847656,5.937729359262483,-1.498297,2.7472264766693115,53,4
54,4.266605854034424,27.59003448486328,5.252621677302039,-0.84979975,2.256845474243164,53,5
51,4.3268046379089355,27.99536895751953,5.2910650116512015,-0.8144045,2.139631748199463,53,6
48,4.454213619232178,29.467361450195312,5.428384792016435,-0.8188884,1.9307750463485718,53,7
144,3.3657991886138916,19.525291442871094,4.4187431972079,0.37747216,0.5935634970664978,54,1
143,4.204482078552246,28.98149299621582,5.383446200735716,0.054406464,0.9568287134170532,54,2
142,5.64190673828125,47.63522720336914,6.901827816120099,-0.5911138,2.4111862182617188,54,3
141,5.465593338012695,48.76879119873047,6.983465557925411,-0.6444665,1.696750521659851,54,4
140,5.174257278442383,42.481834411621094,6.517809019265684,-0.454046,0.8432424068450928,54,5
139,4.942607402801514,42.63315200805664,6.5294067117967645,-0.4579003,0.19484342634677887,54,6
138,5.671304702758789,51.00176239013672,7.141551819467301,-0.74201035,1.4281479120254517,54,7
144,2.478459596633911,10.018660545349121,3.1652267762909374,0.39150983,0.7638199329376221,55,1
143,3.391516923904419,17.932958602905273,4.234732412196227,-0.114394665,1.180267095565796,55,2
142,3.778770685195923,21.1059627532959,4.594122631503854,-0.3350817,1.1099810600280762,55,3
141,3.950204849243164,23.13984489440918,4.81038926641173,-0.46180797,1.3464844226837158,55,4
140,4.102334022521973,24.837772369384766,4.983750833396948,-0.57094765,1.3719676733016968,55,5
139,4.4490227699279785,28.969196319580078,5.3823039973212286,-0.81927764,2.1648526191711426,55,6
138,4.300936698913574,26.740673065185547,5.171138468962666,-0.66833043,1.916943073272705,55,7
144,5.50347900390625,43.88181686401367,6.6243352016646675,0.43537742,3.1018424034118652,56,1
143,8.42646312713623,104.5250015258789,10.223746941600174,-0.37038112,5.3198041915893555,56,2
142,8.153891563415527,98.97025299072266,9.948379415297884,-0.30666804,4.482091903686523,56,3
141,9.231782913208008,122.94255828857422,11.08794653164301,-0.6319592,5.51177453994751,56,4
140,8.363615989685059,104.67745208740234,10.231199933898386,-0.3923205,4.106922149658203,56,5
139,8.31381893157959,99.97447204589844,9.998723520824967,-0.33502078,3.5061874389648438,56,6
138,7.837575912475586,94.06517791748047,9.698720426813038,-0.25000477,2.5110182762145996,56,7
144,4.900693416595459,37.74616241455078,6.143790557510142,0.5375171,1.648404598236084,57,1
143,7.05521821975708,79.74614715576172,8.930069829276908,0.0040133,3.1220860481262207,57,2
142,7.994711399078369,95.56352996826172,9.775660078391725,-0.20082748,3.8897812366485596,57,3
141,7.809881210327148,96.61271667480469,9.829176805552166,-0.2198956,3.78555965423584,57,4
140,8.071256637573242,104.42391204833984,10.218801889083663,-0.31735408,3.6573524475097656,57,5
139,7.840002059936523,93.78813171386719,9.684427278567751,-0.18436897,3.3973350524902344,57,6
138,7.886048316955566,94.82713317871094,9.737922426201132,-0.18938982,3.3155617713928223,57,7
144,4.213831901550293,28.38438606262207,5.327699884811651,0.58599967,1.219576120376587,58,1
143,6.150688648223877,61.51677322387695,7.843262919466423,0.08295655,1.3465591669082642,58,2
142,6.753979206085205,77.47569274902344,8.8020277634772,-0.1627388,1.6496078968048096,58,3
141,7.154905319213867,82.6858901977539,9.093178223138151,-0.24447703,1.9530702829360962,58,4
140,7.066982746124268,79.52388763427734,8.917616701466672,-0.19374096,0.9150261878967285,58,5
139,7.196669578552246,79.21003723144531,8.900002091653985,-0.19301558,0.7735873460769653,58,6
138,7.269566535949707,85.03712463378906,9.221557603452307,-0.27179575,-0.4879206717014313,58,7
144,5.494593143463135,52.01511001586914,7.212150165926188,0.6905291,0.37122684717178345,59,1
143,8.898468971252441,126.855712890625,11.26302414498988,0.24266034,0.9093406796455383,59,2
142,9.677653312683105,142.1139373779297,11.921155035395257,0.15420419,1.1145809888839722,59,3
141,9.810430526733398,151.3424530029297,12.302132051109258,0.10300493,0.7835003733634949,59,4
140,9.557219505310059,145.20484924316406,12.050097478575186,0.14522171,-0.42684218287467957,59,5
139,9.501137733459473,143.35443115234375,11.973071082739956,0.15963179,-1.2394222021102905,59,6
138,9.435635566711426,151.37701416015625,12.30353665253029,0.112470925,-1.6061445474624634,59,7
144,4.9585371017456055,39.33125305175781,6.271463389971898,0.7143549,0.6240140199661255,60,1
143,7.668505668640137,90.7101058959961,9.524185314030596,0.3357736,-1.2359821796417236,60,2
142,8.723756790161133,121.25178527832031,11.011438837786836,0.112584114,-2.1468448638916016,60,3
141,9.104750633239746,129.12066650390625,11.363127496596448,0.05603534,-1.4721770286560059,60,4
140,9.058511734008789,124.23046875,11.145872274075277,0.094066024,-3.6284689903259277,60,5
139,8.899969100952148,120.81423950195312,10.991553097808932,0.120440066,-2.6907923221588135,60,6
138,9.555936813354492,137.3998565673828,11.72176849145993,0.0066608787,-3.505995512008667,60,7
144,5.133822917938232,41.582313537597656,6.448434968083159,0.7271622,0.7236289978027344,61,1
143,7.692850589752197,99.11724090576172,9.955764205010167,0.34449184,0.6291824579238892,61,2
142,8.764244079589844,128.18482971191406,11.321873948773412,0.15286821,-0.29213863611221313,61,3
141,8.768535614013672,131.39515686035156,11.462772651516367,0.13261247,0.4534667432308197,61,4
140,9.332003593444824,136.38815307617188,11.678533858159245,0.10160023,0.8318517804145813,61,5
139,8.599604606628418,121.3121337890625,11.014178761444835,0.20221287,0.010913875885307789,61,6
138,8.61170482635498,109.83323669433594,10.480135337596359,0.2826063,-0.35276472568511963,61,7
129,5.10188627243042,38.88859176635742,6.236071821776704,0.6365837,2.425218343734741,62,1
127,8.100310325622559,109.03840637207031,10.442145678550473,-0.034731746,3.736970901489258,62,2
125,8.536802291870117,120.10646057128906,10.959309310868504,-0.1352942,3.048858880996704,62,3
123,8.517854690551758,116.79417419433594,10.807135337097243,-0.09963131,2.749250888824463,62,4
122,8.79726505279541,112.87837219238281,10.624423381642075,-0.056367874,2.860013484954834,62,5
121,8.766961097717285,108.24519348144531,10.404095034237496,-0.00812757,2.5857691764831543,62,6
120,8.34319019317627,102.57887268066406,10.128122860661993,0.046315074,1.1284215450286865,62,7
144,3.511107921600342,19.81709861755371,4.451639991907894,0.14625823,1.2773391008377075,63,1
143,4.867870807647705,34.30565643310547,5.857103075164844,-0.48884726,2.825064182281494,63,2
142,5.281750202178955,39.304969787597656,6.26936757477161,-0.71565473,3.19779109954834,63,3
141,5.908848762512207,45.80966567993164,6.768283806101192,-0.9855398,4.374066352844238,63,4
140,5.414854049682617,40.70802307128906,6.380283933438156,-0.7519331,3.1791889667510986,63,5
139,5.44862174987793,43.113800048828125,6.566109963199529,-0.8464068,3.364549160003662,63,6
138,5.729452133178711,49.44397735595703,7.031641156654471,-1.1023483,3.448528289794922,63,7
144,3.618159055709839,24.714481353759766,4.971366145614279,0.31335032,-0.023076197132468224,64,1
143,4.6436686515808105,38.13597869873047,6.175433482657754,-0.07691252,-0.500512957572937,64,2
142,5.055072784423828,44.30742645263672,6.65638238479707,-0.25581264,-1.0406795740127563,64,3
141,4.9051666259765625,40.86571502685547,6.392629742668933,-0.15721035,-0.5078982710838318,64,4
140,5.136741638183594,44.68631362915039,6.68478224246313,-0.26174343,-0.026048101484775543,64,5
139,5.339197158813477,44.434303283691406,6.665906036218288,-0.24924874,0.2592985928058624,64,6
138,5.096418857574463,41.631710052490234,6.452263947831818,-0.16312909,0.29326966404914856,64,7
129,3.426020622253418,22.883256912231445,4.7836447309798675,-0.0659498,-2.640801429748535,65,1
127,3.8218793869018555,29.09423065185547,5.393906807857869,-0.37137687,-3.069042205810547,65,2
125,3.866384983062744,29.782756805419922,5.457358042626479,-0.40363538,-3.060049057006836,65,3
123,3.882763385772705,29.640216827392578,5.444282948873302,-0.39342713,-2.9395923614501953,65,4
121,4.446158409118652,36.2137565612793,6.017786682932463,-0.7216823,-3.9629127979278564,65,5
119,4.432126522064209,36.485191345214844,6.040297289472997,-0.7194537,-3.9194092750549316,65,6
117,4.59425163269043,38.621856689453125,6.214648557195582,-0.7995951,-4.084446430206299,65,7
144,3.0266122817993164,16.352291107177734,4.043796620402383,0.2579432,0.5540050864219666,67,1
143,3.769940137863159,24.683948516845703,4.96829432671271,-0.13910007,0.9880838394165039,67,2
142,4.054335117340088,27.005456924438477,5.196677488976825,-0.26327872,1.1956931352615356,67,3
141,4.700591564178467,34.78644943237305,5.898003851505444,-0.6186856,2.448002338409424,67,4
140,4.604489803314209,32.80807113647461,5.727833022747312,-0.5179874,1.9702532291412354,67,5
139,4.1921515464782715,28.538639068603516,5.3421567806087005,-0.3111179,1.3730570077896118,67,6
138,4.200724124908447,27.965543746948242,5.288245809996756,-0.28290796,1.1230047941207886,67,7
144,2.9609375,15.621553421020508,3.952411089578171,0.17378706,0.6475793123245239,68,1
143,3.865845203399658,24.544265747070312,4.954216966087609,-0.31729758,1.4644056558609009,68,2
142,4.154217720031738,26.97190284729004,5.19344806918198,-0.4717791,1.2222404479980469,68,3
141,4.102480411529541,27.24814796447754,5.219975858610606,-0.481645,1.1944271326065063,68,4
140,4.109645843505859,26.29401206970215,5.12776872232964,-0.41993964,1.0900801420211792,68,5
139,4.123936653137207,26.61581802368164,5.159052047002593,-0.42706323,1.7145905494689941,68,6
138,3.9125897884368896,23.50263023376465,4.847951137724539,-0.25182927,1.3560117483139038,68,7
144,2.337512254714966,9.385639190673828,3.0635990584072563,0.23907661,0.9786016941070557,69,1
143,2.8254027366638184,13.300644874572754,3.647004918364212,-0.103575945,1.299147605895996,69,2
142,3.0220677852630615,15.271140098571777,3.907830612830062,-0.28502393,1.2765661478042603,69,3
141,3.1577913761138916,16.179258346557617,4.0223448816029705,-0.3561722,1.6837120056152344,69,4
140,3.6400816440582275,20.306245803833008,4.50624520014535,-0.6996901,2.0218443870544434,69,5
139,3.4194064140319824,17.41083335876465,4.172629070354163,-0.44710243,1.8356224298477173,69,6
138,3.39878249168396,17.6344051361084,4.199333891953389,-0.45643437,1.8557933568954468,69,7
144,5.722611427307129,50.05142593383789,7.074703239983843,0.64383864,2.0000205039978027,70,1
143,7.628305435180664,91.96773529052734,9.589980984888726,0.33886433,1.5367101430892944,70,2
142,8.71470832824707,121.91803741455078,11.04165012190437,0.124898195,0.713510274887085,70,3
141,9.438956260681152,138.56869506835938,11.771520507919076,0.008405268,-0.5794050693511963,70,4
140,9.26067066192627,128.74514770507812,11.346591898234383,0.081928015,-0.6998479962348938,70,5
139,9.078360557556152,130.85684204101562,11.439267548274916,0.06681937,-1.2685606479644775,70,6
138,9.406196594238281,140.6488494873047,11.859546765678049,0.0039793253,-1.6846672296524048,70,7
144,6.2206549644470215,61.22172164916992,7.8244310751114625,0.7187405,1.0762423276901245,71,1
143,9.874898910522461,131.1534423828125,11.452224342144739,0.39656097,0.9513688683509827,71,2
142,11.297871589660645,174.58399963378906,13.213023864119412,0.20041358,0.0029189956840127707,71,3
141,11.878823280334473,192.78482055664062,13.884697352000174,0.12134296,0.27146533131599426,71,4
140,11.377742767333984,181.09445190429688,13.457133866626165,0.17974359,-0.15500564873218536,71,5
139,11.707446098327637,185.2818145751953,13.611826276264155,0.16529673,-0.7327783107757568,71,6
138,11.885869979858398,197.12472534179688,14.040111300904877,0.1170584,-0.7164835333824158,71,7
144,6.481075286865234,64.89496612548828,8.055741190324344,0.6916369,1.6507341861724854,72,1
143,10.599519729614258,155.777587890625,12.481089210907236,0.25899667,1.9865118265151978,72,2
142,10.874321937561035,165.4820098876953,12.863981105695675,0.21654916,-0.1949317753314972,72,3
141,11.495512008666992,183.6181640625,13.550577997358637,0.13499379,0.4244338274002075,72,4
140,11.088482856750488,175.17218017578125,13.235262754315883,0.1799208,-0.5442022085189819,72,5
139,10.939603805541992,166.93882751464844,12.920480932018299,0.22263885,-0.6498749852180481,72,6
138,11.930219650268555,193.4268035888672,13.907796503719315,0.10453689,0.01889270357787609,72,7
144,6.034894943237305,52.48773956298828,7.244842273161527,0.68045306,2.448240280151367,73,1
143,8.372978210449219,100.08329772949219,10.00416401952168,0.3934217,3.166321277618408,73,2
142,8.887345314025879,121.4944839477539,11.022453626473277,0.26810747,2.5638394355773926,73,3
141,9.391955375671387,133.5695037841797,11.557227339815537,0.19936055,2.0209767818450928,73,4
140,9.617213249206543,147.86045837402344,12.159788582620317,0.119603515,3.0274298191070557,73,5
139,10.000741004943848,152.30715942382812,12.341278678638941,0.099591255,2.4548022747039795,73,6
138,10.193347930908203,164.2451629638672,12.815816905834259,0.033346295,3.6499898433685303,73,7
144,6.270579814910889,66.260986328125,8.140085154844819,0.7487917,0.9998099207878113,74,1
143,10.144845008850098,158.84523010253906,12.603381693122646,0.39545786,1.2566710710525513,74,2
142,11.496146202087402,197.6006317138672,14.057049182309465,0.24858588,0.9509465098381042,74,3
141,12.08132266998291,227.68060302734375,15.089088873333067,0.13718516,-0.11914760619401932,74,4
140,12.746156692504883,271.02093505859375,16.46271347799608,-0.02217412,-1.2147185802459717,74,5
139,12.120810508728027,233.56076049804688,15.282694804845343,0.122933686,-0.09519857168197632,74,6
138,12.345870018005371,235.43637084960938,15.343935963422467,0.12168163,0.8444820642471313,74,7
144,6.309230804443359,64.5159683227539,8.032183284932803,0.7865133,1.6571816205978394,75,1
143,11.066166877746582,192.62258911132812,13.878854027308167,0.36018723,1.5449869632720947,75,2
142,11.966496467590332,226.7708740234375,15.058913440996914,0.24721903,1.491254210472107,75,3
141,12.361515998840332,234.37857055664062,15.309427505842296,0.22462034,3.3862431049346924,75,4
140,13.586075782775879,293.7791442871094,17.139986706153227,0.03265983,2.3090364933013916,75,5
139,13.1613187789917,284.904296875,16.879108296204514,0.065921605,2.720107078552246,75,6
138,13.85015869140625,319.6935729980469,17.879976873532215,-0.041300654,0.10513526946306229,75,7
144,5.700704574584961,54.01436233520508,7.349446396512127,0.7040893,2.241363763809204,76,1
143,9.307827949523926,144.20489501953125,12.008534257748996,0.20629483,0.05876559764146805,76,2
142,10.219675064086914,187.2737274169922,13.68479913688879,-0.033091784,-0.8943989872932434,76,3
141,10.121575355529785,178.84327697753906,13.373229863332906,0.014332175,-1.8581914901733398,76,4
140,10.677450180053711,191.66275024414062,13.844231659580846,-0.051233172,-1.806478500366211,76,5
139,10.305679321289062,175.0106658935547,13.229159682064266,0.042778075,-0.7096826434135437,76,6
138,10.347579956054688,175.3157501220703,13.240685409829444,0.047507346,-0.6614012122154236,76,7
144,4.727327823638916,35.22892761230469,5.9353961630462955,0.8433162,-0.02365114912390709,77,1
143,7.050408840179443,83.22025299072266,9.122513523734709,0.62743413,-0.23010560870170593,77,2
142,8.804944038391113,120.67343139648438,10.985145943340234,0.45915544,-0.5955456495285034,77,3
141,9.706451416015625,149.66561889648438,12.233790046281012,0.33157998,-1.9514316320419312,77,4
140,9.610772132873535,142.2430877685547,11.926570662539785,0.3677305,-0.4937466084957123,77,5
139,10.34545612335205,164.6449432373047,12.83140456993328,0.27066958,2.2360353469848633,77,6
138,10.721518516540527,177.6513214111328,13.328590375997486,0.21721905,1.6969413757324219,77,7
129,10.661259651184082,189.41661071777344,13.76287072953072,0.24221206,-8.644365310668945,78,1
127,8.452646255493164,114.13385009765625,10.68334451834519,0.5436233,-2.4709794521331787,78,2
125,8.87252140045166,118.21289825439453,10.872575511551737,0.5296781,1.0822995901107788,78,3
123,10.293883323669434,168.89344787597656,12.995901195222151,0.3288265,3.460343837738037,78,4
121,9.79743766784668,147.86985778808594,12.160175072262978,0.4173779,2.1171770095825195,78,5
119,12.380626678466797,239.8015594482422,15.485527419117574,0.061214924,8.543248176574707,78,6
117,14.886639595031738,335.57037353515625,18.318580008700355,-0.30332255,12.28333854675293,78,7
144,5.554967880249023,48.11751174926758,6.9366787261100376,0.7560472,3.270921230316162,79,1
143,7.86618185043335,88.90070343017578,9.428716955671954,0.5484059,2.529794216156006,79,2
142,8.4022216796875,104.66542053222656,10.230611933419553,0.46669024,1.2196097373962402,79,3
141,8.155277252197266,98.27444458007812,9.913346790064299,0.49857843,0.27480584383010864,79,4
140,9.388830184936523,137.98728942871094,11.746799114171951,0.29807532,0.5419409871101379,79,5
139,9.749475479125977,143.61859130859375,11.984097434041237,0.27305156,0.38528749346733093,79,6
138,9.545838356018066,134.3169708251953,11.58951987034818,0.32434,0.26235365867614746,79,7
144,5.177958011627197,44.08155822753906,6.639394417229561,0.7429807,1.4291367530822754,80,1
143,8.052838325500488,94.04346466064453,9.697600974501093,0.44926798,1.3429994583129883,80,2
142,8.386984825134277,102.72451782226562,10.135310445283146,0.39557856,0.4609595835208893,80,3
141,8.609033584594727,108.45366668701172,10.414109020315262,0.36217314,2.215315103530884,80,4
140,9.159759521484375,121.8023681640625,11.036411018264157,0.28796786,0.2611055076122284,80,5
139,9.607396125793457,137.6539764404297,11.732603139986868,0.20086718,1.1296653747558594,80,6
138,9.879561424255371,147.6456298828125,12.150951809747765,0.14879572,3.0428812503814697,80,7
116,9.453800201416016,140.77903747558594,11.865034238281234,0.60957015,2.4618258476257324,81,1
114,14.253329277038574,298.7789001464844,17.285222016117824,0.16115808,0.34547585248947144,81,2
112,15.482000350952148,355.2469787597656,18.84799667762507,0.0033522844,1.6096076965332031,81,3
110,15.794702529907227,401.7481994628906,20.043657337494338,-0.11331093,1.994882583618164,81,4
108,15.614479064941406,370.935546875,19.259687091824727,-0.0097203255,1.4317107200622559,81,5
107,15.642004013061523,363.4173583984375,19.063508554262448,0.00014573336,1.0578503608703613,81,6
106,14.996599197387695,336.9059143066406,18.354996984653543,0.075469136,0.8781884908676147,81,7
144,5.738672256469727,46.93656921386719,6.851026872948842,0.7391162,2.7741596698760986,82,1
143,8.613971710205078,103.84979248046875,10.190671836560568,0.42111462,4.235749244689941,82,2
142,9.01136302947998,114.17288208007812,10.685171130126,0.36709845,2.3570926189422607,82,3
141,9.657710075378418,137.19007873535156,11.71281685741528,0.24347836,1.8339588642120361,82,4
140,9.81468677520752,136.2115020751953,11.670968343509262,0.2542014,2.8017172813415527,82,5
139,8.70269775390625,115.92010498046875,10.766619942232044,0.36961222,1.905536413192749,82,6
138,9.237380981445312,123.9134292602539,11.131640906005453,0.33096343,1.7050515413284302,82,7
144,5.510698318481445,46.16398620605469,6.794408451517666,0.73289245,2.2961435317993164,83,1
143,8.856226921081543,108.98324584960938,10.439504099793695,0.3673694,3.698585271835327,83,2
142,9.136055946350098,120.97502136230469,10.998864548775236,0.30149257,2.846121311187744,83,3
141,10.429211616516113,145.41981506347656,12.059013851201787,0.16457683,2.2939388751983643,83,4
140,10.468693733215332,155.62806701660156,12.47509787603294,0.11223942,2.5469906330108643,83,5
139,10.567201614379883,163.50711059570312,12.786989895816104,0.07349402,3.770413398742676,83,6
138,10.246563911437988,152.40084838867188,12.345073851082134,0.14260733,0.11731266975402832,83,7
144,3.4742648601531982,19.997581481933594,4.471865548284473,0.39230543,-0.08892127126455307,85,1
143,4.30237340927124,29.62990951538086,5.44333624860534,0.087331414,0.08729199320077896,85,2
142,4.57608699798584,35.01081085205078,5.916993396316307,-0.07880783,0.18003998696804047,85,3
141,5.633359909057617,50.46528625488281,7.103892331312659,-0.54502296,2.2737202644348145,85,4
140,5.231363296508789,42.95680618286133,6.554144199120228,-0.30738723,1.366638422012329,85,5
139,6.000891208648682,55.190948486328125,7.4290610770357866,-0.66791856,2.149352550506592,85,6
138,5.290918350219727,43.80730056762695,6.618708376082674,-0.31473672,1.274540901184082,85,7
144,3.1987223625183105,15.746063232421875,3.968130949505305,0.34453642,0.5356444120407104,86,1
143,4.030284404754639,26.500089645385742,5.1478237776157165,-0.11628258,1.3740829229354858,86,2
142,4.491178035736084,30.66619110107422,5.537706303251755,-0.29102302,1.0821151733398438,86,3
141,4.889211654663086,36.08180236816406,6.006812995937535,-0.5083188,1.8128560781478882,86,4
140,4.705155849456787,31.504331588745117,5.61287195549169,-0.311041,1.0244756937026978,86,5
139,4.784088611602783,33.28970718383789,5.769723319522167,-0.37796545,1.7606548070907593,86,6
138,4.703080654144287,32.017478942871094,5.6583989734615825,-0.3172356,1.8286683559417725,86,7
144,2.5979859828948975,12.232953071594238,3.4975638766996435,0.46983862,0.05364534631371498,88,1
143,3.296496868133545,18.48786735534668,4.299752010912568,0.18318456,-0.15230895578861237,88,2
142,3.8272781372070312,22.982440948486328,4.794000516112439,-0.024488688,0.32144710421562195,88,3
141,4.392676830291748,30.935518264770508,5.56197071771962,-0.3767048,0.4044586718082428,88,4
140,4.306868076324463,29.510936737060547,5.432396960556228,-0.30767536,0.09881899505853653,88,5
139,4.453795909881592,29.591901779174805,5.439843911287786,-0.30311525,0.6322819590568542,88,6
138,4.472718238830566,30.69923210144043,5.540688775002656,-0.34455824,0.5816395878791809,88,7
129,2.467273235321045,9.930927276611328,3.1513373790521584,0.37640792,0.8978564739227295,89,1
127,3.680419921875,20.455184936523438,4.522740865506606,-0.30271256,1.3790313005447388,89,2
125,4.16947078704834,25.490739822387695,5.048835491713678,-0.6577815,1.880725622177124,89,3
123,4.536807060241699,28.5325870513916,5.341590311076993,-0.88935304,2.429672956466675,89,4
121,4.977151393890381,37.00593566894531,6.083250419713569,-1.488625,2.7622172832489014,89,5
119,4.633895397186279,30.929706573486328,5.561448244251341,-1.1696463,2.2979280948638916,89,6
117,3.9722037315368652,22.555553436279297,4.749268726475614,-0.64089704,1.1739708185195923,89,7
129,2.260486602783203,9.043045997619629,3.0071657748816625,0.36969644,0.7478295564651489,90,1
127,3.272184133529663,17.789226531982422,4.2177276502854495,-0.26284742,1.2413924932479858,90,2
125,3.8537795543670654,22.410900115966797,4.734015221349293,-0.6250031,1.8458040952682495,90,3
123,3.7834181785583496,21.552541732788086,4.642471511252179,-0.5800916,1.7305105924606323,90,4
121,4.1176676750183105,25.223169326782227,5.022267349194209,-0.8776691,2.2976126670837402,90,5
119,3.7413687705993652,21.162738800048828,4.600297686025202,-0.5747911,1.8074792623519897,90,6
118,3.472661256790161,17.802350997924805,4.2192832327215015,-0.32506144,1.7430410385131836,90,7
144,2.341463804244995,10.077693939208984,3.1745383820658057,0.3829304,-1.0750043392181396,91,1
143,3.2073988914489746,16.85396957397461,4.105358641333861,-0.055604458,-1.5317896604537964,91,2
142,3.5059802532196045,21.570632934570312,4.644419547647511,-0.37593567,-2.4779295921325684,91,3
141,3.8075003623962402,24.531572341918945,4.952935729637418,-0.5619048,-2.7944483757019043,91,4
140,3.825636863708496,25.995698928833008,5.098597741421949,-0.64341044,-3.1136574745178223,91,5
139,3.879227638244629,25.103282928466797,5.010317647461765,-0.57620966,-3.1039552688598633,91,6
138,4.123326301574707,27.854095458984375,5.277697931767635,-0.73682487,-3.4936952590942383,91,7
144,5.949212551116943,61.63793182373047,7.85098285717976,0.8891396,2.2295987606048584,95,1
143,8.430380821228027,119.8636245727539,10.948224722426641,0.7829362,1.9432880878448486,95,2
142,10.70832347869873,214.33151245117188,14.640065315809622,0.6105458,-0.1394975632429123,95,3
141,11.971887588500977,275.3096008300781,16.592456142177326,0.49945045,-0.7443685531616211,95,4
140,12.866514205932617,324.0642395019531,18.001784342168783,0.4110837,-0.649431049823761,95,5
139,12.7129487991333,318.80035400390625,17.85498120984467,0.42034233,0.28613194823265076,95,6
138,13.455113410949707,341.5784606933594,18.481841377237263,0.38027912,-0.6477001905441284,95,7
144,4.939640045166016,51.87461853027344,7.202403663380263,0.9325013,-0.25197485089302063,96,1
143,9.969402313232422,212.03163146972656,14.561305967176384,0.7240745,-0.7933458685874939,96,2
142,12.95736312866211,413.99560546875,20.34688195937525,0.46209127,-2.4500539302825928,96,3
141,15.760540962219238,604.7215576171875,24.591086954772607,0.21650642,-3.2248494625091553,96,4
140,14.419682502746582,464.5322570800781,21.55301039483993,0.3999874,-2.220317840576172,96,5
139,14.382222175598145,443.17987060546875,21.05183770138533,0.42922562,-1.4714913368225098,96,6
138,15.170169830322266,453.1322326660156,21.2869028434391,0.4187978,-0.5026426315307617,96,7
144,5.094348907470703,38.82184600830078,6.230717936827246,0.62329984,1.8918228149414062,97,1
143,7.6017632484436035,85.4424057006836,9.24350613677968,0.16481131,2.2051684856414795,97,2
142,8.694799423217773,113.72071838378906,10.6639916721549,-0.11351955,2.0717456340789795,97,3
141,9.703412055969238,145.66395568847656,12.069132350275913,-0.42696035,3.1341159343719482,97,4
140,10.04248332977295,144.12564086914062,12.005233894811905,-0.41108525,2.288694143295288,97,5
139,10.21363353729248,150.2927703857422,12.25939518841538,-0.4673077,1.7377440929412842,97,6
138,10.276468276977539,150.50543212890625,12.268065541433428,-0.45895505,1.091003656387329,97,7
144,5.158275127410889,41.696556091308594,6.457287053500766,0.51743984,2.385854482650757,98,1
143,7.230544567108154,85.57699584960938,9.250783526253837,-0.012787223,3.641136407852173,98,2
142,6.711800575256348,72.57185363769531,8.518911528927584,0.13172632,1.138407588005066,98,3
141,8.15349006652832,100.97515106201172,10.048639264199492,-0.2159872,1.5427191257476807,98,4
140,7.8647284507751465,94.6315689086914,9.727875868281389,-0.14086223,1.5418766736984253,98,5
139,8.118134498596191,107.28563690185547,10.357878011535735,-0.297081,1.3371541500091553,98,6
138,7.7594451904296875,93.07902526855469,9.647747160272946,-0.11943138,-0.02053678222000599,98,7
144,5.534145355224609,48.304649353027344,6.950154627994067,0.69482625,1.5143977403640747,100,1
143,8.413443565368652,102.4672622680664,10.122611435201215,0.35595036,2.32548451423645,100,2
142,8.889063835144043,123.79959869384766,11.126526802818912,0.22697282,2.407886266708374,100,3
141,9.12856674194336,132.42510986328125,11.507610953768,0.17776757,2.0591535568237305,100,4
140,9.575648307800293,145.0021209716797,12.041682647025693,0.10566825,2.137356996536255,100,5
139,9.546164512634277,148.65585327148438,12.19245066717452,0.0896219,1.907551884651184,100,6
138,10.014504432678223,158.903076171875,12.60567634726019,0.029417813,2.0620062351226807,100,7
144,6.520573616027832,98.33390045166016,9.9163451155988,0.80879354,-2.4302120208740234,101,1
143,9.274800300598145,201.9248046875,14.210024795456903,0.6068722,-3.258831739425659,101,2
142,9.699295997619629,216.59429931640625,14.717143041922446,0.5787102,-4.086184978485107,101,3
141,9.944106101989746,215.5918731689453,14.683047135010678,0.58132535,-4.0720930099487305,101,4
140,10.180892944335938,264.3611755371094,16.25918741933647,0.4895435,-5.240640163421631,101,5
139,11.03189468383789,301.0262451171875,17.350107928113516,0.42051047,-5.973628997802734,101,6
138,11.919816970825195,333.188232421875,18.253444398849084,0.3601644,-7.065754413604736,101,7
144,3.115873098373413,15.49980354309082,3.936978986874431,-0.03919947,1.7570929527282715,103,1
143,4.802178859710693,36.14633560180664,6.012182266183107,-1.4625235,3.689148426055908,103,2
142,4.7447052001953125,32.49778366088867,5.70068273638243,-1.215208,3.3399393558502197,103,3
141,6.031716823577881,51.25386428833008,7.159180420154955,-2.4693215,4.815369129180908,103,4
140,6.08203649520874,49.17497253417969,7.012486900820542,-2.3390615,5.1411051750183105,103,5
139,6.06155252456665,51.24053955078125,7.158249754708287,-2.47159,5.006712436676025,103,6
138,4.906059741973877,35.113040924072266,5.92562578333059,-1.3710835,3.343302011489868,103,7
144,6.959638595581055,74.69061279296875,8.642373099616144,0.5759758,4.01078987121582,104,1
143,9.378814697265625,139.28627014160156,11.801960436368255,0.20812929,4.491729736328125,104,2
142,9.657654762268066,147.33018493652344,12.137964612591496,0.16515106,4.766801834106445,104,3
141,10.99727725982666,182.94647216796875,13.525770668171509,-0.03264022,4.789900779724121,104,4
140,11.227577209472656,197.241943359375,14.044285078257811,-0.10739434,5.465497016906738,104,5
139,11.996025085449219,210.04180908203125,14.492819224775808,-0.17393076,5.454591274261475,104,6
138,12.161873817443848,205.49063110351562,14.334944405316527,-0.14049888,4.800389289855957,104,7
144,6.353506088256836,68.10579681396484,8.252623632152677,0.6858179,-1.170611023902893,105,1
143,9.065505027770996,125.2295150756836,11.19059940645199,0.4180755,-0.42567282915115356,105,2
142,9.95176887512207,150.88490295410156,12.283521602297183,0.29947644,0.5533066987991333,105,3
141,10.828361511230469,184.29742431640625,13.57561874525085,0.14730603,2.0281591415405273,105,4
140,11.08623218536377,184.8451385498047,13.595776496758274,0.14990294,-0.636802077293396,105,5
139,12.441482543945312,223.90647888183594,14.963504899649545,-0.023649693,1.5170347690582275,105,6
138,11.883172035217285,216.97817993164062,14.730179222658515,0.015145302,0.5727734565734863,105,7
144,5.767244815826416,57.14952087402344,7.559730211722072,0.70069045,-0.41324010491371155,106,1
143,8.676340103149414,125.53228759765625,11.204119224537743,0.34264338,-2.722433567047119,106,2
142,8.848959922790527,129.3224639892578,11.372003516938333,0.32595772,-1.4512466192245483,106,3
141,9.877182006835938,165.96279907226562,12.882654969852512,0.13955683,-1.5392862558364868,106,4
140,9.619702339172363,149.678466796875,12.234315133953146,0.22899038,-0.7608504295349121,106,5
139,10.580519676208496,167.2620849609375,12.932984379521129,0.14323765,0.30405980348587036,106,6
138,10.709488868713379,174.8785400390625,13.224165003472336,0.11065644,-0.8620743155479431,106,7
144,5.72789192199707,53.825050354003906,7.336555755530241,0.50612783,3.4335639476776123,107,1
143,10.669692993164062,167.3791046142578,12.937507666249239,-0.57015777,7.59937047958374,107,2
142,11.040816307067871,186.00933837890625,13.638524054270178,-0.77535725,7.09494161605835,107,3
141,10.406621932983398,165.95339965820312,12.882290155799284,-0.60334194,5.780829429626465,107,4
140,9.734798431396484,138.9819793701172,11.789061852841268,-0.34356368,3.712263345718384,107,5
139,9.624909400939941,138.4153594970703,11.7650057159812,-0.33847737,3.105898141860962,107,6
138,9.9491548538208,150.05966186523438,12.24988415721693,-0.44491267,3.4406535625457764,107,7
129,4.588751792907715,31.402130126953125,5.603760355953235,0.73580587,-0.8690297603607178,108,1
127,7.217796802520752,78.02859497070312,8.833379589415545,0.32753634,-2.0184388160705566,108,2
125,8.134087562561035,97.54484558105469,9.876479412273115,0.15510881,-2.499272346496582,108,3
123,9.134406089782715,121.25227355957031,11.011461009310722,-0.041781425,-2.3074698448181152,108,4
121,8.47415542602539,100.19295501708984,10.009643101384277,0.14828485,-0.8456875085830688,108,5
119,8.990318298339844,118.30329132080078,10.876731646997676,0.001672864,-3.3068790435791016,108,6
117,9.711113929748535,131.01434326171875,11.446149713406633,-0.09132123,-3.000704050064087,108,7
144,6.895127296447754,68.3905029296875,8.269855073076402,0.49669343,3.1811256408691406,109,1
143,9.513260841369629,130.5343780517578,11.425164246161094,0.04594654,4.184797286987305,109,2
142,9.780783653259277,137.6221466064453,11.731246592176182,-5.364418e-06,3.9758262634277344,109,3
141,10.861763000488281,173.8452606201172,13.18503927260428,-0.25438583,4.540041923522949,109,4
140,10.925878524780273,181.17263793945312,13.460038556388058,-0.29820955,4.629019737243652,109,5
139,11.144814491271973,191.712646484375,13.846033601157227,-0.36412823,5.46946382522583,109,6
138,10.948261260986328,180.73480224609375,13.44376443731791,-0.29197478,5.433365345001221,109,7
144,3.7754125595092773,25.940649032592773,5.093196347343461,0.8857036,0.0805722326040268,1001,1
143,6.419020175933838,69.58988189697266,8.342055016419675,0.68893886,0.4909842908382416,1001,2
142,7.2493157386779785,95.22331237792969,9.758243303890803,0.57041657,0.6553652882575989,1001,3
141,8.526394844055176,133.8671112060547,11.57009555734328,0.39391792,0.457721471786499,1001,4
140,9.493487358093262,160.18374633789062,12.656371768318543,0.2746814,0.07095903903245926,1001,5
139,9.892311096191406,177.61248779296875,13.327133517488626,0.19533914,-0.8164440393447876,1001,6
138,11.125143051147461,202.7971649169922,14.24068695383029,0.083344996,0.34940892457962036,1001,7
144,7.13292932510376,102.65499877929688,10.13188031805039,0.6076617,-2.4786343574523926,1002,1
143,8.911406517028809,164.3905487060547,12.821487772721802,0.35854745,-1.5646131038665771,1002,2
142,10.281249046325684,216.4557342529297,14.712434681347942,0.1421544,-1.19148850440979,1002,3
141,11.94938850402832,264.9232177734375,16.27646207790371,-0.05409956,0.165413498878479,1002,4
140,12.53677749633789,297.9751281738281,17.261956093497286,-0.18653262,-1.5051714181900024,1002,5
139,12.736007690429688,287.1934509277344,16.946782907907163,-0.1448319,0.8295393586158752,1002,6
138,12.682462692260742,307.41455078125,17.533241308476022,-0.22261703,-3.0220112800598145,1002,7
144,4.4801344871521,31.331987380981445,5.597498314513498,0.40350485,0.8061268329620361,1003,1
143,6.205886363983154,61.99284362792969,7.873553430816971,-0.20582736,1.9620434045791626,1003,2
142,6.125759124755859,56.799983978271484,7.536576409635312,-0.11298573,-0.018645675852894783,1003,3
141,6.392491340637207,62.136940002441406,7.882698776589234,-0.22027493,-1.387636661529541,1003,4
140,6.41139030456543,63.950870513916016,7.996928817609671,-0.25465977,-2.0077176094055176,1003,5
139,7.1679887771606445,81.93523406982422,9.051808331478535,-0.612131,1.7615114450454712,1003,6
138,6.535797595977783,62.89862060546875,7.930865060349265,-0.23004317,-0.9026718139648438,1003,7
144,7.742387771606445,225.33013916015625,15.01100060489494,0.76401705,-3.92413067817688,1004,1
143,10.383564949035645,320.0724182128906,17.89056785607686,0.66510916,-3.8458251953125,1004,2
142,12.430685043334961,461.8384094238281,21.490425994470844,0.51752096,-4.370476245880127,1004,3
141,13.098024368286133,484.4427490234375,22.010060177642348,0.495207,-3.726377248764038,1004,4
140,15.429558753967285,550.5655517578125,23.464133305063974,0.42854255,-1.8201498985290527,1004,5
139,14.3945894241333,493.5194396972656,22.215297425361328,0.4894727,-2.5920233726501465,1004,6
138,18.429229736328125,822.7720336914062,28.684003097395703,0.15273005,-4.25809907913208,1004,7
144,6.314438819885254,144.20721435546875,12.00863082767843,0.84235656,-2.3357036113739014,1005,1
143,9.955016136169434,302.2755126953125,17.386072376914587,0.669806,-3.8197216987609863,1005,2
142,11.223345756530762,364.4191589355469,19.0897658166764,0.60243607,-3.6368296146392822,1005,3
141,13.239646911621094,502.00164794921875,22.405393278164496,0.45369804,-4.281754016876221,1005,4
140,14.696772575378418,516.419677734375,22.72486914669422,0.4401362,-1.5543804168701172,1005,5
139,15.2685546875,533.9609375,23.107594801276917,0.42304957,-2.301845073699951,1005,6
138,17.66179847717285,743.5655517578125,27.26839840837398,0.20014054,-2.1937379837036133,1005,7
129,5.434357166290283,55.072296142578125,7.421071091330289,0.86963266,1.3364710807800293,1006,1
127,7.939448833465576,100.18695831298828,10.009343550552568,0.653357,3.6614654064178467,1006,2
125,8.463309288024902,123.31620025634766,11.104782764932759,0.5109156,2.695237636566162,1006,3
123,10.052264213562012,171.09298706054688,13.080251796526964,0.23879033,3.9758455753326416,1006,4
121,10.036202430725098,173.9835662841797,13.190283025173482,0.17497182,1.9179285764694214,1006,5
119,10.741398811340332,214.43373107910156,14.643555957454513,-0.06273103,2.4151813983917236,1006,6
117,10.83584976196289,215.13409423828125,14.667450161438465,-0.13900936,3.570807456970215,1006,7
144,6.4769697189331055,152.8878173828125,12.364781331783126,0.83490264,-2.537036180496216,1007,1
143,9.960465431213379,333.01080322265625,18.248583594971315,0.640621,-3.962188482284546,1007,2
142,10.840807914733887,376.2705993652344,19.397695723080986,0.5943703,-4.423070907592773,1007,3
141,12.57180404663086,480.0644836425781,21.910373881852816,0.4838112,-5.435257911682129,1007,4
140,13.730767250061035,533.372314453125,23.0948547181645,0.42845434,-3.5560460090637207,1007,5
139,15.872992515563965,676.4547119140625,26.008742989888276,0.27754402,-4.643139839172363,1007,6
138,16.474332809448242,732.9508056640625,27.073064208989393,0.22055429,-5.517868518829346,1007,7
144,7.145914554595947,149.13140869140625,12.211937139185013,0.8348088,-0.6090263724327087,1008,1
143,9.77407455444336,284.4376220703125,16.865278594506304,0.68506956,-1.6004143953323364,1008,2
142,11.315489768981934,398.2250061035156,19.955575814882305,0.55957687,-4.4578423500061035,1008,3
141,13.516033172607422,578.9049682617188,24.060444057866405,0.3615762,-5.997917652130127,1008,4
140,13.816374778747559,586.061279296875,24.208702552943127,0.35583168,-5.454070568084717,1008,5
139,14.753303527832031,669.529052734375,25.87525947182704,0.26646358,-5.909034729003906,1008,6
138,15.898402214050293,680.595703125,26.088229206387314,0.2573679,-5.284181118011475,1008,7
144,7.920260906219482,270.84478759765625,16.457362716962162,0.8012731,-4.139626979827881,1009,1
143,11.282541275024414,427.7175598144531,20.681333608219106,0.6870361,-4.991475582122803,1009,2
142,12.92603588104248,481.8858947753906,21.95189957100275,0.6486511,-4.838446617126465,1009,3
141,12.984238624572754,478.53302001953125,21.875397596833096,0.6526095,-3.9819207191467285,1009,4
140,14.228443145751953,616.2789306640625,24.82496587437861,0.5547906,-5.444496154785156,1009,5
139,14.961838722229004,688.7742919921875,26.24450974951118,0.5047834,-5.30937385559082,1009,6
138,16.94464111328125,841.2265625,29.003905986952862,0.3984825,-4.8330159187316895,1009,7
144,5.949105262756348,104.17269134521484,10.206502405095236,0.8790936,0.07767263799905777,1010,1
143,10.362911224365234,201.1409454345703,14.18241676987989,0.76655215,6.286014080047607,1010,2
142,11.033567428588867,323.6585998535156,17.990514163122622,0.624736,0.19913235306739807,1010,3
141,14.10639476776123,438.97552490234375,20.95174276527716,0.4923607,2.2261388301849365,1010,4
140,14.09410572052002,496.986328125,22.293190173795224,0.42735708,0.8850605487823486,1010,5
139,14.771590232849121,538.7957153320312,23.211973533761217,0.3812452,-0.3404940664768219,1010,6
138,15.174715995788574,644.6004638671875,25.388983119990993,0.26303434,-5.140994071960449,1010,7
144,4.80908203125,56.18429946899414,7.495618684871459,0.89327985,-0.05158180743455887,1011,1
143,8.069364547729492,126.98394012451172,11.26871510530423,0.7576001,1.1187182664871216,1011,2
142,8.979652404785156,160.6358642578125,12.674220459571172,0.6927726,0.11083962768316269,1011,3
141,11.330604553222656,232.16395568847656,15.236927370322292,0.5562803,0.9429219365119934,1011,4
140,11.72598934173584,244.05250549316406,15.622179921290245,0.5343399,0.03343571349978447,1011,5
139,11.808189392089844,255.03164672851562,15.969710289435923,0.5138941,-0.22446732223033905,1011,6
138,12.64633560180664,293.0477600097656,17.118637796558627,0.44318014,0.21745742857456207,1011,7
129,5.8638811111450195,61.58054733276367,7.847327400635433,0.8972691,1.7431674003601074,1012,1
127,8.664484024047852,131.7645721435547,11.478875038241103,0.7789874,0.6312339901924133,1012,2
126,10.288993835449219,195.66078186035156,13.987879820056776,0.67273235,-0.527266263961792,1012,3
125,12.298347473144531,282.888427734375,16.819287372964855,0.5289918,0.30271923542022705,1012,4
124,12.324904441833496,262.8917541503906,16.213937034242814,0.56482875,0.870624840259552,1012,5
123,11.913054466247559,234.2740478515625,15.306013453919427,0.61422575,1.2831875085830688,1012,6
122,11.509744644165039,228.5653076171875,15.11837648747998,0.6243571,0.6056355834007263,1012,7
144,4.9352192878723145,52.191219329833984,7.224349059246375,0.8839171,0.9608188271522522,1014,1
143,6.85943078994751,94.94932556152344,9.744194454213414,0.7873279,1.5038844347000122,1014,2
142,8.977731704711914,160.2633514404297,12.659516240379396,0.6391156,1.4995983839035034,1014,3
141,11.374834060668945,234.89585876464844,15.326312627786516,0.4697644,3.1789896488189697,1014,4
140,12.54649829864502,296.90045166015625,17.230799507282192,0.33047736,2.5812220573425293,1014,5
139,12.984055519104004,323.447265625,17.984639713516643,0.27141958,1.2706196308135986,1014,6
138,13.823358535766602,357.88330078125,18.917803804386228,0.19531912,1.4714857339859009,1014,7
144,6.338481903076172,121.32492065429688,11.014759219079501,0.8979576,-0.5885608196258545,1015,1
143,8.643158912658691,204.44766235351562,14.29851958608008,0.8283031,-1.5665218830108643,1015,2
142,9.905562400817871,252.3487091064453,15.88548737390343,0.788523,-2.815814256668091,1015,3
141,11.624821662902832,362.0053405761719,19.026437937148717,0.6974548,-2.545342206954956,1015,4
140,13.930315017700195,579.865478515625,24.080396145321718,0.51695263,-5.015872001647949,1015,5
139,15.716104507446289,696.53125,26.39187848562508,0.42163545,-4.4747772216796875,1015,6
138,17.046966552734375,789.7254638671875,28.102054442107743,0.34697634,-4.422581672668457,1015,7
144,5.011435508728027,59.92624282836914,7.741204223398912,0.8604506,-1.5878901481628418,1016,1
143,6.152259349822998,82.42656707763672,9.078907813037684,0.80661047,-0.21992745995521545,1016,2
142,8.07514762878418,133.8273468017578,11.56837701675381,0.68425703,0.11216160655021667,1016,3
141,10.013635635375977,192.30308532714844,13.86733879759013,0.5451938,2.9074325561523438,1016,4
140,12.565730094909668,286.9822082519531,16.940549231118602,0.32199043,0.5746405720710754,1016,5
139,13.184893608093262,317.9646911621094,17.83156446199013,0.24955809,2.0344250202178955,1016,6
138,13.307958602905273,351.2702331542969,18.742204596959688,0.17244881,0.5663330554962158,1016,7
144,4.961899757385254,62.28643035888672,7.892175261541442,0.9277425,-0.761692464351654,1017,1
143,8.804059028625488,191.0447540283203,13.821894010168082,0.7782086,-2.6858625411987305,1017,2
142,11.096257209777832,324.8040466308594,18.022320789256288,0.622842,-3.7101011276245117,1017,3
141,12.806892395019531,447.97802734375,21.16549142693715,0.48070598,-4.814236640930176,1017,4
140,14.922270774841309,589.512939453125,24.279887550257,0.3186434,-6.124120235443115,1017,5
139,15.720100402832031,646.3370971679688,25.423160644734335,0.2550941,-5.378678321838379,1017,6
138,16.44953155517578,675.3811645507812,25.98809659345565,0.22449744,-6.202610015869141,1017,7
144,5.605800151824951,65.35780334472656,8.08441731633929,0.8827133,3.9768078327178955,1018,1
143,7.96144437789917,118.88848114013672,10.903599457983438,0.78676355,5.599071502685547,1018,2
142,9.095623970031738,156.5696258544922,12.512778502574566,0.7194631,3.964787483215332,1018,3
141,10.098851203918457,221.8787078857422,14.89559357278998,0.6039063,2.3890113830566406,1018,4
140,11.706558227539062,275.87689208984375,16.609542199887503,0.5090271,1.2734549045562744,1018,5
139,12.44260025024414,327.9148254394531,18.108418634421206,0.41797256,0.7776287198066711,1018,6
138,13.8717622756958,372.8853759765625,19.310240184331278,0.34016085,1.0753297805786133,1018,7
144,5.067836761474609,89.04881286621094,9.436567854162387,0.93919116,-0.9854352474212646,1019,1
143,8.102072715759277,229.4747314453125,15.148423398007877,0.8437241,-3.7946884632110596,1019,2
142,10.002655029296875,308.42236328125,17.561957843055257,0.7906118,-4.6215925216674805,1019,3
141,12.585298538208008,513.5955200195312,22.662645918328497,0.6527093,-5.073513984680176,1019,4
140,13.013629913330078,546.5731811523438,23.378904618316568,0.6319679,-6.172014236450195,1019,5
139,14.71724796295166,655.3128662109375,25.599079401629613,0.5605787,-6.246568202972412,1019,6
138,15.097295761108398,657.7139892578125,25.645935141027955,0.56107366,-4.262722015380859,1019,7
144,5.094545841217041,66.18669128417969,8.13552034501664,0.87893236,-0.9418847560882568,1020,1
143,8.524370193481445,177.7578582763672,13.332586331104974,0.6746546,0.13317081332206726,1020,2
142,9.862442970275879,211.854736328125,14.555230548779535,0.6122014,-0.012118272483348846,1020,3
141,12.81961441040039,332.8118591308594,18.24313183449759,0.39301503,0.44503653049468994,1020,4
140,13.554365158081055,344.689697265625,18.565820673097782,0.3729496,0.3976438343524933,1020,5
139,13.168715476989746,394.1731262207031,19.85379374882048,0.28443396,-0.9308135509490967,1020,6
138,13.629623413085938,433.0071716308594,20.80882436926362,0.21590215,-1.2354916334152222,1020,7
144,5.79996919631958,114.94062042236328,10.721036350202498,0.89832765,-1.9144796133041382,1021,1
143,8.682888984680176,236.45156860351562,15.376981778083618,0.7912005,-2.722541332244873,1021,2
142,10.039856910705566,322.08612060546875,17.946757941351656,0.7162058,-3.184882402420044,1021,3
141,11.198902130126953,380.1960754394531,19.498617269936172,0.6661781,-2.3591065406799316,1021,4
140,13.136338233947754,556.96337890625,23.600071586888248,0.5128495,-4.016302108764648,1021,5
139,13.769165992736816,599.3433837890625,24.481490636582212,0.47774363,-4.579875469207764,1021,6
138,15.446949005126953,673.076904296875,25.943725721200394,0.4161166,-5.178642749786377,1021,7
144,4.542951583862305,57.67636489868164,7.59449569745626,0.88002306,-2.0341806411743164,1022,1
143,7.206705093383789,127.58834075927734,11.295500907851645,0.73388225,-2.545293092727661,1022,2
142,8.196261405944824,154.4803924560547,12.429014138541104,0.6775317,-2.285059928894043,1022,3
141,9.212194442749023,184.30641174316406,13.575949754737753,0.61585367,-1.530324101448059,1022,4
140,9.600627899169922,217.1796112060547,14.737015003251326,0.5485759,-1.7957288026809692,1022,5
139,10.58740520477295,244.69171142578125,15.642624825322036,0.4926353,-1.6144591569900513,1022,6
138,10.61591911315918,255.67068481445312,15.989705588735934,0.4720288,-1.7285627126693726,1022,7
144,7.660218238830566,292.7830810546875,17.11090532539665,0.7864634,-4.386474609375,1023,1
143,11.226473808288574,547.103759765625,23.390249245478874,0.602669,-5.625115394592285,1023,2
142,12.445036888122559,620.182861328125,24.903470869100254,0.5515846,-6.0544915199279785,1023,3
141,13.442763328552246,696.2474365234375,26.386501028431894,0.49871755,-5.76861047744751,1023,4
140,14.605311393737793,724.4256591796875,26.91515668131411,0.48083913,-6.080862045288086,1023,5
139,15.341314315795898,790.7943725585938,28.121066348177372,0.43582606,-6.405608177185059,1023,6
138,15.905128479003906,840.6025390625,28.99314641535996,0.40311092,-5.617070198059082,1023,7
144,7.174622535705566,203.0170440673828,14.248404965728017,0.8000884,-3.1073408126831055,1024,1
143,10.732278823852539,428.5986022949219,20.702623077642162,0.5783851,-5.760929107666016,1024,2
142,12.620280265808105,519.8698120117188,22.80065376281388,0.48944265,-6.030158996582031,1024,3
141,13.07349681854248,465.9721374511719,21.58638778145088,0.5435703,-4.367159843444824,1024,4
140,14.163528442382812,507.9195251464844,22.537070021333395,0.5042634,-5.415677547454834,1024,5
139,15.314546585083008,607.956298828125,24.65676983767592,0.40862596,-4.473005771636963,1024,6
138,15.453340530395508,608.9640502929688,24.677196969934993,0.41025603,-3.7538070678710938,1024,7
144,2.8662796020507812,15.13333511352539,3.8901587517125042,0.34961754,1.0212476253509521,1025,1
143,4.104957103729248,27.62626838684082,5.2560696710413595,-0.20995021,1.7623480558395386,1025,2
142,4.574296951293945,32.519718170166016,5.70260626119023,-0.44544554,1.8954561948776245,1025,3
141,4.71584939956665,33.86427307128906,5.819301768364403,-0.50135314,1.7541030645370483,1025,4
140,4.919010639190674,37.51070785522461,6.1245985872728514,-0.67461574,2.008450508117676,1025,5
139,5.303955078125,42.57357406616211,6.524842838426234,-0.89009094,2.3942973613739014,1025,6
138,5.294168949127197,41.119842529296875,6.412475538300078,-0.8149253,1.679586410522461,1025,7
129,5.666348934173584,63.61797332763672,7.9760875952835875,0.9012885,-0.6235548853874207,1026,1
127,8.523332595825195,128.91790771484375,11.354202205124047,0.8002984,-1.1931710243225098,1026,2
125,10.154509544372559,199.05174255371094,14.108569826658936,0.6916946,-1.9801204204559326,1026,3
123,12.073668479919434,306.96575927734375,17.520438330057377,0.5263237,-4.396166801452637,1026,4
121,13.484707832336426,375.932373046875,19.388975554342085,0.4217602,-5.853063106536865,1026,5
119,15.475914001464844,500.53265380859375,22.37258710584437,0.23347765,-6.428709030151367,1026,6
117,15.557525634765625,523.3585205078125,22.877030412792053,0.20366675,-4.831499099731445,1026,7
129,4.850740432739258,54.702842712402344,7.396137012819756,0.92102027,-0.30108848214149475,1027,1
127,6.9755473136901855,113.05952453613281,10.632945242788228,0.8376944,-0.5559135675430298,1027,2
125,9.031960487365723,213.9647979736328,14.627535608352927,0.6948575,-2.4964327812194824,1027,3
123,11.467650413513184,299.07672119140625,17.293834774028756,0.5771608,0.07058139145374298,1027,4
121,12.77857494354248,397.00830078125,19.925067146216847,0.4446972,-4.033359527587891,1027,5
119,12.974404335021973,414.80731201171875,20.36681889770022,0.42544067,-5.107949256896973,1027,6
117,15.148539543151855,551.572509765625,23.48558089052994,0.24286175,-8.477845191955566,1027,7
144,4.1830596923828125,36.23466491699219,6.019523645355352,0.9237317,0.2972162067890167,1028,1
143,7.147329807281494,109.8905258178711,10.48286820569023,0.76730174,-0.28194645047187805,1028,2
142,8.306746482849121,160.9114990234375,12.68508963403245,0.6580858,0.007919687777757645,1028,3
141,10.051602363586426,235.12266540527344,15.333710099166263,0.5002384,-1.1164439916610718,1028,4
140,11.727300643920898,318.052001953125,17.834012502886864,0.3251338,-1.6010740995407104,1028,5
139,12.332942008972168,349.275390625,18.688910899916024,0.25967753,-1.8525408506393433,1028,6
138,13.634769439697266,400.0449523925781,20.001123778242516,0.15446162,-2.693814277648926,1028,7
144,4.356592178344727,41.68428039550781,6.456336453090701,0.92346007,0.18242014944553375,1029,1
143,6.903944492340088,112.00260162353516,10.583128158703133,0.793421,-0.8063932657241821,1029,2
142,8.201005935668945,157.95919799804688,12.56818196868771,0.70790476,-0.6199073195457458,1029,3
141,10.052517890930176,247.18991088867188,15.722274354834031,0.5430521,-0.7366142272949219,1029,4
140,11.146486282348633,287.838623046875,16.965807468165934,0.46894383,-0.28001075983047485,1029,5
139,11.527541160583496,317.2103576660156,17.810400266866985,0.4154917,-1.723463773727417,1029,6
138,12.071341514587402,320.0999755859375,17.891338004351088,0.4118511,-3.45713472366333,1029,7
144,3.8278727531433105,26.40205955505371,5.1382934477366815,0.9046851,0.69161057472229,1031,1
143,5.710842609405518,56.94093322753906,7.545921628770011,0.792735,1.4736294746398926,1031,2
142,6.910529613494873,81.68597412109375,9.038029327297725,0.70124507,1.8745895624160767,1031,3
141,7.981564044952393,108.85781860351562,10.433495032994248,0.60119843,2.1026175022125244,1031,4
140,8.479619026184082,141.6156005859375,11.900235316410239,0.48170567,-0.11794324964284897,1031,5
139,8.767783164978027,144.48683166503906,12.02026753716568,0.4715132,0.053087521344423294,1031,6
138,9.711756706237793,171.48326110839844,13.09516174426259,0.37474775,-0.37759265303611755,1031,7
144,4.141684055328369,30.02668571472168,5.479661094878193,0.8009562,0.32596349716186523,1032,1
143,6.854474067687988,79.66297149658203,8.92541155894685,0.45838988,1.7195460796356201,1032,2
142,7.484374046325684,97.58999633789062,9.87876491965927,0.32606846,0.65794837474823,1032,3
141,9.643535614013672,139.46066284179688,11.809346418908918,0.03143692,5.096560955047607,1032,4
140,7.9456787109375,109.3238754272461,10.45580582390693,0.2397719,-1.1409475803375244,1032,5
139,8.274518013000488,109.4186782836914,10.460338344608715,0.23733145,-0.6816638708114624,1032,6
138,8.265904426574707,124.61164093017578,11.16295843090781,0.13355732,-1.7935289144515991,1032,7
144,3.496724843978882,19.309255599975586,4.394229807369613,0.8451545,0.11064299196004868,1033,1
143,5.550209999084473,52.46227264404297,7.243084470309798,0.56971526,0.9754388928413391,1033,2
142,6.679760456085205,74.97933959960938,8.659061126912627,0.37664562,-0.6206885576248169,1033,3
141,7.860450267791748,95.80240631103516,9.787870366480911,0.19886327,0.7954835295677185,1033,4
140,8.44857120513916,107.223388671875,10.354872701867222,0.10185188,0.04628508538007736,1033,5
139,8.813159942626953,111.43389129638672,10.556225238994605,0.064765036,0.499973863363266,1033,6
138,8.597260475158691,104.27325439453125,10.211427637433037,0.12723565,1.8102577924728394,1033,7
121,4.150217533111572,28.968425750732422,5.382232413295846,0.8700526,0.12293501943349838,1034,1
119,5.826147079467773,57.91450119018555,7.610157763817091,0.74123037,1.7956819534301758,1034,2
117,7.58087158203125,92.9936752319336,9.643322831469119,0.58736295,0.7001521587371826,1034,3
115,8.723077774047852,115.814453125,10.761712369553463,0.4900074,2.1951277256011963,1034,4
113,10.069154739379883,143.57861328125,11.98242935640557,0.3732227,3.0290915966033936,1034,5
111,9.365676879882812,132.1962432861328,11.4976625140127,0.4309904,2.089965581893921,1034,6
109,9.563830375671387,126.33073425292969,11.23969458005553,0.46464658,2.9674415588378906,1034,7
142,3.4401612281799316,21.44931411743164,4.631340423401377,0.90963084,0.8637489676475525,1035,1
141,5.5895676612854,52.921634674072266,7.274725745625897,0.7745516,0.40863004326820374,1035,2
140,6.652917861938477,82.52983093261719,9.084593052669844,0.64638484,-0.38014426827430725,1035,3
139,7.6123223304748535,101.54782104492188,10.077093878937612,0.56414527,-0.7617433667182922,1035,4
138,8.3314790725708,130.2784423828125,11.413958225909735,0.44133192,-0.19113534688949585,1035,5
137,8.783198356628418,148.1708221435547,12.172543782774195,0.3646292,-0.5460970401763916,1035,6
136,8.619582176208496,146.6855926513672,12.111382772060637,0.37286025,-1.5838203430175781,1035,7
144,5.2351298332214355,43.60929489135742,6.603733405533375,0.7530407,-0.11955907940864563,1036,1
143,9.272969245910645,123.52108764648438,11.114004123019047,0.29424143,1.8992655277252197,1036,2
142,8.783506393432617,122.5481948852539,11.070148819471846,0.29921883,-0.2614685297012329,1036,3
141,9.919624328613281,147.9684600830078,12.164228708923876,0.15391225,3.1987287998199463,1036,4
140,9.737658500671387,144.72891235351562,12.030333010915186,0.17453158,2.0166192054748535,1036,5
139,9.609840393066406,136.6984100341797,11.69180952779251,0.22176403,-0.3985233008861542,1036,6
138,9.577483177185059,140.4812469482422,11.85247851498758,0.2052548,-1.4853273630142212,1036,7
144,5.157918930053711,44.121910095214844,6.642432543520095,0.72241974,0.7857745289802551,1037,1
143,7.815152168273926,99.30457305908203,9.96516798950635,0.36222386,2.631844997406006,1037,2
142,9.836708068847656,142.31137084960938,11.92943296429505,0.07891846,3.2148094177246094,1037,3
141,12.367317199707031,238.8624267578125,15.455174756624801,-0.538651,6.2893524169921875,1037,4
140,13.714754104614258,277.83404541015625,16.668354610163423,-0.7778628,6.783424377441406,1037,5
139,15.835234642028809,385.1080322265625,19.624169593299037,-1.4474754,9.957199096679688,1037,6
138,16.339723587036133,414.3529357910156,20.355661025646295,-1.6156163,11.325616836547852,1037,7
129,3.9899892807006836,32.8172607421875,5.728635155269316,0.87197995,1.382503867149353,1038,1
127,6.149045944213867,68.33284759521484,8.266368464762193,0.7308598,2.200470447540283,1038,2
125,7.577541351318359,110.55416870117188,10.514474247491972,0.56335455,0.906284511089325,1038,3
123,9.279351234436035,153.36741638183594,12.384159898105157,0.39715028,0.8335310220718384,1038,4
121,10.535149574279785,187.71485900878906,13.700907233055373,0.2679459,0.3390868604183197,1038,5
119,11.40628719329834,226.38511657714844,15.046099713119956,0.121144295,0.2979887127876282,1038,6
117,11.078642845153809,211.20384216308594,14.532853889139805,0.1866206,-0.539619505405426,1038,7
144,4.015005111694336,23.67111587524414,4.86529710040858,0.75850004,1.6817822456359863,1039,1
143,6.058028697967529,55.53478240966797,7.452166289721934,0.42204678,2.0594167709350586,1039,2
142,6.748885154724121,72.95709991455078,8.5414928387578,0.23258948,1.9579815864562988,1039,3
141,7.685976982116699,87.25994110107422,9.34130296591831,0.07778102,2.260810375213623,1039,4
140,8.856297492980957,112.87422943115234,10.62422841580283,-0.19493234,4.113280296325684,1039,5
139,9.045013427734375,113.87651824951172,10.671294122528518,-0.2072674,3.8288140296936035,1039,6
138,8.781377792358398,112.36711120605469,10.600335428940665,-0.18491328,3.1754977703094482,1039,7
144,4.143157958984375,26.929405212402344,5.189354990015844,0.7463013,1.2438688278198242,1040,1
143,5.814657211303711,51.821556091308594,7.198719059062424,0.5050694,1.6218010187149048,1040,2
142,7.2080230712890625,79.53532409667969,8.918257907051112,0.23533225,0.50925612449646,1040,3
141,8.007791519165039,98.41752624511719,9.920560782794347,0.050595164,1.4119571447372437,1040,4
140,8.53547191619873,109.4074478149414,10.459801518907584,-0.056776166,1.4839054346084595,1040,5
139,9.036499977111816,122.7885971069336,11.081001629227098,-0.18596911,1.5328865051269531,1040,6
138,8.466623306274414,115.09686279296875,10.728320595180252,-0.105070114,0.23189765214920044,1040,7
114,4.989859104156494,40.01520919799805,6.325757598738513,0.56939185,2.0677664279937744,1041,1
111,7.507378101348877,85.55317687988281,9.249496033832482,0.05776286,4.4806365966796875,1041,2
108,6.776828289031982,74.92243194580078,8.65577448561368,0.17368084,1.5481725931167603,1041,3
105,7.092980861663818,84.0569076538086,9.168255431313451,0.073132455,0.7702929377555847,1041,4
103,8.253949165344238,103.69277954101562,10.18296516448012,-0.13124228,1.9418737888336182,1041,5
101,8.501458168029785,112.21451568603516,10.593135309531128,-0.21837032,2.701702833175659,1041,6
99,8.322649002075195,110.40348052978516,10.507306054826097,-0.19776428,0.9821344017982483,1041,7
144,3.8939335346221924,23.636709213256836,4.861759888482445,0.8060665,-0.06978549063205719,1042,1
143,5.761263847351074,53.97855758666992,7.347010112057144,0.55059326,0.19672681391239166,1042,2
142,6.397833824157715,68.48531341552734,8.275585382045632,0.42588615,0.5017708539962769,1042,3
141,7.166731834411621,82.28645324707031,9.071188083546184,0.308542,0.377128541469574,1042,4
140,7.8246870040893555,92.78871154785156,9.63268973588642,0.22111923,-1.4554580450057983,1042,5
139,8.08680534362793,101.1405029296875,10.056863473752017,0.15147787,-2.6043436527252197,1042,6
138,8.828999519348145,121.09239196777344,11.00419883352593,-0.01076746,-3.2674171924591064,1042,7
144,8.028494834899902,96.56588745117188,9.82679436292283,0.7830448,3.7148938179016113,1043,1
143,11.503207206726074,191.4197998046875,13.835454448795222,0.5717628,3.618962526321411,1043,2
142,12.34238338470459,232.138427734375,15.236089647096955,0.4836918,-0.6536446213722229,1043,3
141,14.47027587890625,314.6642150878906,17.738777158752814,0.3048762,0.34943026304244995,1043,4
140,13.305950164794922,271.9273376464844,16.490219454163864,0.40354466,-0.690197765827179,1043,5
139,14.715394973754883,318.8186340332031,17.855493105294045,0.30568552,0.04686050862073898,1043,6
138,14.187982559204102,283.1972961425781,16.828466838740187,0.38736808,1.2492613792419434,1043,7
114,6.600604057312012,68.1088638305664,8.252809450760777,0.55767775,1.0056318044662476,1045,1
111,9.716660499572754,156.32786560058594,12.503114236084782,-0.05541265,2.0114896297454834,1045,2
108,10.514307975769043,178.03236389160156,13.342876897116362,-0.23090923,1.7786848545074463,1045,3
105,11.190580368041992,211.62034606933594,14.547176566926517,-0.5744406,1.0629009008407593,1045,4
103,10.610674858093262,198.96844482421875,14.105617491773224,-0.4628054,1.3313307762145996,1045,5
101,11.745866775512695,207.0382537841797,14.388823919423702,-0.49987316,2.378034830093384,1045,6
99,10.10315990447998,173.7561492919922,13.181659580340868,-0.25046444,0.7776759266853333,1045,7
144,4.777364730834961,36.20686721801758,6.017214240661336,0.8067726,0.945246160030365,1046,1
143,6.909971237182617,80.0163345336914,8.945184991585775,0.5681224,0.8684606552124023,1046,2
142,7.619983196258545,93.13480377197266,9.650637480082477,0.49454618,0.739608645439148,1046,3
141,9.721393585205078,142.81446838378906,11.950500758704175,0.22485554,1.9946540594100952,1046,4
140,8.386927604675293,116.01372528076172,10.770966775585268,0.372948,-0.39553549885749817,1046,5
139,9.437623023986816,138.977294921875,11.788863173430888,0.25133342,0.8972309827804565,1046,6
138,10.29819107055664,162.44656372070312,12.745452668332463,0.12882525,2.5627198219299316,1046,7
117,5.034440994262695,38.74702072143555,6.224710492981625,0.82962924,1.5695871114730835,1047,1
115,8.417218208312988,107.3373031616211,10.360371767539093,0.5354795,1.2014521360397339,1047,2
113,8.795188903808594,119.642578125,10.938124982143878,0.48952717,2.3436312675476074,1047,3
111,11.213495254516602,196.73028564453125,14.026057380623083,0.1704107,7.556733131408691,1047,4
109,11.309732437133789,184.5739288330078,13.58579879259986,0.22747344,5.928653717041016,1047,5
107,12.402706146240234,216.7669219970703,14.72300655426976,0.09221375,7.825462341308594,1047,6
105,9.188862800598145,151.05958557128906,12.290629990821833,0.36435413,-0.540341317653656,1047,7
144,8.538416862487793,108.55223083496094,10.41884018665038,0.80274373,1.6348363161087036,1048,1
143,11.867325782775879,215.4951171875,14.679751945707393,0.6103082,0.9851654767990112,1048,2
142,13.021003723144531,273.89239501953125,16.549694710765248,0.50767565,-0.6290420889854431,1048,3
141,14.902167320251465,333.4750671386719,18.261299711101394,0.40467024,0.42378029227256775,1048,4
140,14.980748176574707,333.702392578125,18.267522891134554,0.40847993,0.6475799679756165,1048,5
139,15.834927558898926,363.27349853515625,19.059735006950024,0.3606609,0.051668453961610794,1048,6
138,16.168426513671875,388.95159912109375,19.721855874158845,0.3200159,-1.3990305662155151,1048,7
144,5.645395278930664,49.85578918457031,7.060863203927004,0.78527844,1.2009258270263672,1049,1
143,7.837068557739258,98.61306762695312,9.93041125165283,0.5725845,0.9002054929733276,1049,2
142,8.940549850463867,117.87425994873047,10.856991293573486,0.48857957,-0.12718287110328674,1049,3
141,8.921656608581543,123.99246215820312,11.135190261428097,0.46396166,-0.7752877473831177,1049,4
140,8.663960456848145,110.751953125,10.523875385284644,0.5235139,-0.3196396827697754,1049,5
139,8.996373176574707,124.16224670410156,11.142811436262464,0.46766424,0.8970820903778076,1049,6
138,9.216097831726074,131.07302856445312,11.448712965414634,0.44100696,-0.3936939537525177,1049,7
129,5.426095485687256,42.249507904052734,6.499962146355372,0.7282249,-0.005090417806059122,1050,1
127,7.877991676330566,85.06394958496094,9.2230119584093,0.44745755,-0.6670173406600952,1050,2
125,8.768586158752441,112.96759033203125,10.628621280863818,0.2589051,-2.807983875274658,1050,3
123,8.05696964263916,98.75393676757812,9.93750153547551,0.3477462,-3.4987292289733887,1050,4
121,9.025076866149902,126.43032836914062,11.244124170834322,0.16804856,-5.054042339324951,1050,5
119,9.453248023986816,135.58221435546875,11.643977600264815,0.118133485,-5.223052024841309,1050,6
117,9.827027320861816,143.86666870117188,11.994443242650819,0.07545,-4.595504283905029,1050,7
144,4.817142009735107,36.28202438354492,6.023456182586948,0.6906687,0.09506750106811523,1051,1
143,7.5808634757995605,85.6092529296875,9.25252684025761,0.26388943,-0.42138758301734924,1051,2
142,7.937083721160889,93.55650329589844,9.672461077507545,0.1949696,-1.7741663455963135,1051,3
141,8.017964363098145,93.76525115966797,9.683245899989732,0.19428396,-2.1130998134613037,1051,4
140,7.691229343414307,86.50100708007812,9.300591759671969,0.2598279,-1.3517831563949585,1051,5
139,8.218611717224121,91.38386535644531,9.55949085236475,0.22068936,-1.6698684692382812,1051,6
138,8.144922256469727,97.4471206665039,9.871530816773248,0.17469949,-2.245345115661621,1051,7
144,5.424057960510254,45.893550872802734,6.774477904075172,0.66273963,1.1737842559814453,1052,1
143,7.768199443817139,90.97431182861328,9.53804549310881,0.33024967,1.6313786506652832,1052,2
142,8.394845962524414,107.40979766845703,10.363869821087924,0.21209449,0.31804272532463074,1052,3
141,8.629379272460938,108.61287689208984,10.42175018373065,0.20642895,-0.5461347699165344,1052,4
140,8.769845962524414,113.05228424072266,10.632604772148857,0.17818522,-1.077302098274231,1052,5
139,9.007282257080078,121.68631744384766,11.031152135830947,0.11861819,-1.2985252141952515,1052,6
138,9.239116668701172,128.77777099609375,11.348029388228326,0.073777735,-1.3542908430099487,1052,7
129,7.151710033416748,72.39883422851562,8.508750450478356,0.61010647,2.1282808780670166,1053,1
127,9.945218086242676,135.10894775390625,11.62363745795206,0.28071266,2.0814716815948486,1053,2
125,11.019516944885254,162.2838897705078,12.739069423254895,0.1445514,2.4926719665527344,1053,3
123,12.155403137207031,203.13938903808594,14.252697605649463,-0.06296444,3.162757396697998,1053,4
121,11.717147827148438,183.5770721435547,13.549061670224795,0.05284345,1.800384283065796,1053,5
119,11.22842025756836,169.60279846191406,13.023163919029587,0.13017529,2.507526159286499,1053,6
117,11.540604591369629,173.583740234375,13.175118224683033,0.105220795,1.0270402431488037,1053,7
144,4.611470699310303,33.59043884277344,5.795725911632937,0.6703832,0.101441890001297,1054,1
143,7.0488972663879395,76.46643829345703,8.744509036730252,0.24357754,0.5645363330841064,1054,2
142,7.678767681121826,91.2377700805664,9.551846422580631,0.0984568,0.4974110424518585,1054,3
141,8.127530097961426,102.2909927368164,10.113900965345488,-0.008533716,0.5598621964454651,1054,4
140,8.795328140258789,118.03501892089844,10.864392248114868,-0.1572944,-1.2630091905593872,1054,5
139,8.51898193359375,120.17207336425781,10.962302375151754,-0.17484677,-1.3021912574768066,1054,6
138,8.772605895996094,127.63911437988281,11.29774819952555,-0.24140215,-1.0288316011428833,1054,7
144,5.451768398284912,51.72785949707031,7.192208249006025,0.67677546,-1.2016863822937012,1055,1
143,8.669469833374023,122.45569610595703,11.065970183673777,0.23183984,-2.9575719833374023,1055,2
142,9.513320922851562,149.04441833496094,12.20837492604814,0.06785262,-3.0840110778808594,1055,3
141,10.128572463989258,164.12380981445312,12.811081523995275,-0.022408605,-3.175633192062378,1055,4
140,10.669793128967285,177.6750030517578,13.329478723932073,-0.09925294,-4.154181957244873,1055,5
139,10.180614471435547,161.82278442382812,12.720958471114828,0.0027532578,-3.948319911956787,1055,6
138,11.000277519226074,199.08291625976562,14.10967456250376,-0.22644305,-7.06370210647583,1055,7
144,5.779712677001953,59.30683135986328,7.701092867889809,0.6118574,0.7921679019927979,1056,1
143,8.236719131469727,109.54093933105469,10.46618074232691,0.2797383,0.042921748012304306,1056,2
142,8.96474838256836,131.06568908691406,11.448392423694868,0.14046419,-0.16900764405727386,1056,3
141,9.432449340820312,145.23870849609375,12.051502333572099,0.051127613,-1.2029825448989868,1056,4
140,10.148433685302734,156.26588439941406,12.500635359829278,-0.014165401,-1.0340746641159058,1056,5
139,9.221085548400879,137.97372436523438,11.74622170594589,0.108008206,-0.015134742483496666,1056,6
138,9.33627700805664,145.53250122070312,12.063685225531339,0.059346855,-1.0989216566085815,1056,7
144,4.508676528930664,31.352970123291016,5.599372297257168,0.6755932,-0.3239561915397644,1057,1
143,6.843667984008789,80.68456268310547,8.98245861015265,0.1555137,1.5897247791290283,1057,2
142,7.553342819213867,97.1946029663086,9.858732320451175,-0.017110825,1.538148045539856,1057,3
141,8.048900604248047,101.96394348144531,10.097719716918533,-0.06541741,0.6295629739761353,1057,4
140,8.168682098388672,108.26313781738281,10.40495736739862,-0.12412882,-0.2006150335073471,1057,5
139,8.795645713806152,121.52442169189453,11.023811577303675,-0.2613256,-0.07150653004646301,1057,6
138,8.319610595703125,105.85799407958984,10.288731412549842,-0.09201312,-0.8797941207885742,1057,7
135,5.2023606300354,41.83753967285156,6.468194467766995,0.43781787,1.612036108970642,1058,1
134,7.4225006103515625,85.61817169189453,9.25300879130105,-0.14454854,3.25335693359375,1058,2
133,6.872800350189209,75.35124206542969,8.680509320623399,-0.011751652,2.2170217037200928,1058,3
132,6.590221881866455,71.47273254394531,8.454154750413865,0.030420542,1.8064576387405396,1058,4
131,6.970501899719238,75.5247802734375,8.690499426007547,-0.04436934,2.645937442779541,1058,5
130,6.6822967529296875,69.37344360351562,8.329072193438812,0.03750062,3.1442201137542725,1058,6
129,6.59123420715332,71.15544128417969,8.435368473527383,0.013711631,2.0451674461364746,1058,7
129,7.437343597412109,89.58384704589844,9.464874380883163,0.26677543,-5.131006240844727,1059,1
127,8.391522407531738,104.16720581054688,10.206233674110488,0.11716068,-3.566786050796509,1059,2
125,8.869815826416016,117.30896759033203,10.830926441922317,-0.018563867,-3.821018695831299,1059,3
123,9.423583030700684,135.51853942871094,11.641243036235904,-0.19555748,-1.0876843929290771,1059,4
121,9.853020668029785,145.2523193359375,12.052067015078265,-0.30021572,-3.4233927726745605,1059,5
119,9.503686904907227,134.42869567871094,11.594338949621532,-0.20993173,-4.347244739532471,1059,6
117,10.230456352233887,151.8955535888672,12.32459141671103,-0.35316002,-4.935166358947754,1059,7
144,4.391804218292236,32.74899673461914,5.722673914755159,0.5397944,1.2174019813537598,1061,1
143,7.512762069702148,81.1865463256836,9.010357724623567,-0.16920543,4.626494884490967,1061,2
142,9.061731338500977,114.16638946533203,10.684867311545428,-0.66535974,5.580861568450928,1061,3
141,8.447408676147461,103.84244537353516,10.19031134821381,-0.5278474,4.911880970001221,1061,4
140,8.523656845092773,107.39242553710938,10.363031676932643,-0.5854796,4.496628284454346,1061,5
139,8.344874382019043,105.72747802734375,10.282386786507486,-0.5668534,3.4473912715911865,1061,6
138,8.269777297973633,100.47063446044922,10.02350410088454,-0.48317266,2.6392507553100586,1061,7
144,4.813586235046387,36.613224029541016,6.0508862185254335,0.62682366,1.1950467824935913,1062,1
143,6.9572014808654785,74.95943450927734,8.657911671371876,0.22603393,3.143653631210327,1062,2
142,6.5095930099487305,67.52005767822266,8.217058943333841,0.2993874,0.4640572667121887,1062,3
141,7.712617874145508,89.17072296142578,9.443025095880333,0.07210523,0.8992176055908203,1062,4
140,7.832847595214844,91.28275299072266,9.554200803349417,0.05144894,0.9400187730789185,1062,5
139,8.404019355773926,106.33920288085938,10.312090131532957,-0.1035682,2.162454128265381,1062,6
138,8.739185333251953,108.81591033935547,10.431486487522067,-0.12268698,1.445708155632019,1062,7
129,5.174253463745117,43.97291946411133,6.63120799433341,0.5649487,1.6952499151229858,1063,1
127,8.414671897888184,109.67920684814453,10.47278410204968,-0.08562195,4.428932189941406,1063,2
125,8.254059791564941,104.24248504638672,10.209920912837019,-0.029676199,4.181970119476318,1063,3
123,11.372442245483398,195.2462615966797,13.973054841253564,-0.9272647,8.903043746948242,1063,4
121,10.689959526062012,166.1334991455078,12.889278457132805,-0.61939216,7.05607271194458,1063,5
119,10.862176895141602,172.9862823486328,13.152424960767988,-0.67190456,6.872786521911621,1063,6
117,11.187545776367188,177.27554321289062,13.314486216632266,-0.7433107,5.404799938201904,1063,7
144,4.319131851196289,30.546579360961914,5.526895996937333,0.5757285,1.3989194631576538,1064,1
143,6.262570858001709,66.7889633178711,8.17245148764256,0.045214117,3.6394593715667725,1064,2
142,6.865877628326416,73.69300842285156,8.584463199458169,-0.07176709,3.824075937271118,1064,3
141,7.193410396575928,79.38845825195312,8.910020103902859,-0.16854644,2.987049102783203,1064,4
140,7.666053771972656,85.4764404296875,9.245346961022474,-0.26374328,2.8345324993133545,1064,5
139,7.306910514831543,76.02481079101562,8.719220767420426,-0.13000381,1.5362857580184937,1064,6
138,8.074358940124512,94.30970001220703,9.711318139789626,-0.39817095,1.828819751739502,1064,7
144,4.545121192932129,33.90047836303711,5.822411730806841,0.59506536,0.13693921267986298,1065,1
143,6.545711517333984,63.972900390625,7.998306095081945,0.2229104,1.0726404190063477,1065,2
142,6.447135925292969,67.94808197021484,8.243062657181179,0.17024958,0.21689319610595703,1065,3
141,6.487822532653809,71.98358917236328,8.484314301837438,0.120212436,-0.3937148153781891,1065,4
140,6.8065385818481445,76.5936050415039,8.751777250450557,0.0659861,-0.07932493835687637,1065,5
139,6.338089942932129,64.82597351074219,8.051457850025807,0.20798713,-0.0888039693236351,1065,6
138,7.522579669952393,89.9507064819336,9.484234628157065,-0.09230518,-0.021210823208093643,1065,7
144,4.650728702545166,35.05113220214844,5.920399665744572,0.66078484,0.4642716646194458,1066,1
143,7.265081882476807,81.75259399414062,9.041714107078404,0.19931847,1.927488088607788,1066,2
142,7.55462646484375,87.6952133178711,9.364572244254997,0.13875777,1.6402332782745361,1066,3
141,7.9166579246521,98.76078796386719,9.937846243722388,0.030092955,2.9805986881256104,1066,4
140,7.548514366149902,89.69468688964844,9.470727896505549,0.121650934,1.872435450553894,1066,5
139,7.230599403381348,82.1495361328125,9.063638128964136,0.19620615,0.8370142579078674,1066,6
138,8.365374565124512,112.97960662841797,10.629186545941225,-0.09870219,0.6608473062515259,1066,7
144,5.804532527923584,56.61065673828125,7.524005365380945,0.35322106,2.78802490234375,1068,1
143,7.8234639167785645,91.70319366455078,9.576178447823056,-0.062508464,4.085362434387207,1068,2
142,8.683358192443848,117.24360656738281,10.827908688541052,-0.3631798,4.608579158782959,1068,3
141,8.57314682006836,108.8277816772461,10.432055486683634,-0.26575947,4.193981170654297,1068,4
140,8.550082206726074,112.07449340820312,10.586524141955334,-0.29985297,4.698909282684326,1068,5
139,7.952208042144775,97.2030029296875,9.85915832765087,-0.12703967,3.1345887184143066,1068,6
138,8.403637886047363,112.02356719970703,10.584118631218521,-0.29099572,3.299884796142578,1068,7
129,5.775967121124268,53.27703857421875,7.299112177122554,0.51280487,1.9502476453781128,1069,1
127,8.65208911895752,125.99559020996094,11.224775730942731,-0.15960681,3.750392198562622,1069,2
125,8.143765449523926,116.7344970703125,10.80437397863997,-0.07219398,1.4666128158569336,1069,3
123,9.268600463867188,136.39183044433594,11.67869129844333,-0.2463206,4.547752380371094,1069,4
121,9.12368392944336,140.03746032714844,11.83374244806555,-0.2752571,3.9753623008728027,1069,5
119,8.969430923461914,135.8917694091797,11.657262517811791,-0.24041378,3.0319888591766357,1069,6
117,9.055185317993164,125.72168731689453,11.212568274793002,-0.13153577,2.3310604095458984,1069,7
129,4.2361578941345215,26.103595733642578,5.109167812241303,0.5418219,0.5146702527999878,1070,1
127,5.134642601013184,38.21649932861328,6.181949476387953,0.26591897,0.4295746088027954,1070,2
125,5.359846591949463,41.74694061279297,6.461187244833025,0.13697386,1.3786933422088623,1070,3
123,5.5159382820129395,46.50977325439453,6.819807420623733,0.030990422,-0.2725948691368103,1070,4
121,5.693897724151611,49.751564025878906,7.053478859816545,-0.03443408,1.5724049806594849,1070,5
119,6.617709159851074,68.97003173828125,8.30481978963308,-0.44313097,4.674687385559082,1070,6
117,6.202962398529053,60.368438720703125,7.769712911086427,-0.27500677,3.0621981620788574,1070,7
140,6.9383721351623535,79.32268524169922,8.906328381645222,0.55669236,2.298220157623291,1071,1
139,11.671748161315918,222.24595642089844,14.907915897968381,-0.23680985,6.42618465423584,1071,2
138,11.676469802856445,208.60792541503906,14.44326574618909,-0.15280676,5.9247941970825195,1071,3
137,12.642348289489746,253.85609436035156,15.932862089416062,-0.39470184,6.712290287017822,1071,4
136,11.639325141906738,199.6875,14.13108276106258,-0.08969915,4.989420413970947,1071,5
135,10.857247352600098,161.5537109375,12.710378080037588,0.124593735,3.456958055496216,1071,6
134,11.79926586151123,191.5155792236328,13.83891539188071,-0.03154242,4.987451076507568,1071,7
129,6.579219818115234,71.84521484375,8.476155664200014,0.46099806,-3.0129754543304443,1072,1
127,8.095513343811035,96.85663604736328,9.841576908573305,0.27437824,1.1696124076843262,1072,2
125,8.825860977172852,110.5660171508789,10.515037667592015,0.17910516,0.5916927456855774,1072,3
123,8.665152549743652,107.02418518066406,10.345249401569015,0.21292615,1.1398952007293701,1072,4
121,8.788456916809082,120.64129638671875,10.983683188562877,0.12473744,-1.0958759784698486,1072,5
119,8.506361961364746,108.72974395751953,10.427355559177961,0.22087944,-1.2085367441177368,1072,6
117,8.969701766967773,116.25579833984375,10.782198214642678,0.17795956,0.6421799063682556,1072,7
144,4.368922233581543,29.976139068603516,5.475046946703153,0.6049342,0.8075621128082275,1073,1
143,6.11114501953125,56.42116165161133,7.51140210956725,0.2594322,1.6807469129562378,1073,2
142,6.684854030609131,65.52719116210938,8.094886729418107,0.14448029,2.3841018676757812,1073,3
141,7.1195807456970215,73.40515899658203,8.567681074630523,0.04768181,2.9802145957946777,1073,4
140,7.619536399841309,82.45922088623047,9.080705968493335,-0.062977076,3.328782796859741,1073,5
139,7.145555019378662,73.96522521972656,8.60030378647909,0.050803244,2.2522432804107666,1073,6
138,7.121673107147217,75.7613525390625,8.704099754659438,0.03471774,1.9179824590682983,1073,7
129,4.864443778991699,38.20428466796875,6.18096146792461,0.6107638,0.1845485419034958,1074,1
127,6.750710964202881,65.7785873413086,8.110399949528297,0.33207572,2.0134897232055664,1074,2
125,7.769473075866699,82.11487579345703,9.06172587278257,0.17275423,3.001819133758545,1074,3
123,8.409497261047363,106.49717712402344,10.319746950580884,-0.06319237,4.019770622253418,1074,4
121,8.691757202148438,104.94165802001953,10.244103573276655,-0.03913462,4.5365400314331055,1074,5
119,9.388165473937988,119.9942398071289,10.95418823131723,-0.20871758,4.56152868270874,1074,6
117,10.085124969482422,141.79283142089844,11.907679514535921,-0.52300715,4.727775573730469,1074,7
144,4.746468544006348,36.2052001953125,6.017075717930804,0.63466144,-0.5038086175918579,1075,1
143,6.443366050720215,63.35373306274414,7.95950583031033,0.35784733,-0.009467304684221745,1075,2
142,7.539011001586914,83.75556945800781,9.151806895799748,0.15217036,1.303523302078247,1075,3
141,7.521274089813232,85.14398956298828,9.227350083474034,0.14092672,1.7599037885665894,1075,4
140,7.040885925292969,75.8801498413086,8.710921296929998,0.23822397,-0.25316449999809265,1075,5
139,7.8167924880981445,88.43688201904297,9.404088579923254,0.115413666,1.6366267204284668,1075,6
138,8.247138977050781,99.01807403564453,9.950782584080738,0.016456008,2.5022835731506348,1075,7
129,5.126335144042969,42.05629348754883,6.485082380937719,0.62896395,0.26970022916793823,1076,1
127,7.192447662353516,79.73141479492188,8.929244917400457,0.29276937,1.01938796043396,1076,2
125,7.737173557281494,91.3934555053711,9.559992442746546,0.19616282,0.6194687485694885,1076,3
123,7.412585735321045,85.18790435791016,9.229729376201133,0.25940073,-0.8568403124809265,1076,4
122,8.06114387512207,97.43739318847656,9.871038100852239,0.15840697,0.9977294206619263,1076,5
121,8.266427993774414,102.1680908203125,10.10782324837116,0.12388021,1.3693782091140747,1076,6
120,8.664725303649902,109.1976547241211,10.449768166046608,0.06913185,2.4462428092956543,1076,7
144,4.850730895996094,39.12556076049805,6.2550428264319695,0.6440208,0.23413307964801788,1077,1
143,7.113207817077637,76.27364349365234,8.733478315863179,0.30096555,1.0732975006103516,1077,2
142,7.748271465301514,87.50394439697266,9.35435430144554,0.19793808,1.0259791612625122,1077,3
141,8.345393180847168,104.56621551513672,10.225762343959335,0.044071615,0.3940146267414093,1077,4
140,8.270544052124023,110.1631851196289,10.495865143933058,-0.0020754337,-2.4369919300079346,1077,5
139,7.848273754119873,103.233154296875,10.16037175977705,0.06432104,-2.607300281524658,1077,6
138,8.555207252502441,107.80256652832031,10.382801477844037,0.029515266,0.05451357364654541,1077,7
144,3.2554125785827637,19.35803985595703,4.3997772507204305,0.20992947,0.977056622505188,1078,1
143,4.509643077850342,32.58637619018555,5.708447791666798,-0.3562044,1.4481415748596191,1078,2
142,5.40900182723999,48.43159484863281,6.959281202008783,-1.0286016,2.05086088180542,1078,3
141,5.204261779785156,43.982845306396484,6.631956370965997,-0.83652985,2.1700949668884277,1078,4
140,5.796840667724609,56.14950942993164,7.493297633881337,-1.3460016,2.9573543071746826,1078,5
139,5.283370018005371,47.56743621826172,6.896914978326304,-0.977142,2.6821863651275635,1078,6
138,5.1781086921691895,43.59869384765625,6.602930701412537,-0.8021647,2.5097033977508545,1078,7
144,2.450281858444214,12.51736068725586,3.5379882259916946,0.42572945,0.3400067090988159,1079,1
143,3.4222686290740967,20.050193786621094,4.477744274366402,0.058951795,0.27887630462646484,1079,2
142,3.896611213684082,23.906627655029297,4.8894404235075095,-0.13118947,-0.05071944370865822,1079,3
141,3.7723095417022705,23.03173065185547,4.7991385322634175,-0.08493602,-0.14172857999801636,1079,4
140,4.109710216522217,27.748512268066406,5.267685665267662,-0.3026749,0.6024419069290161,1079,5
139,4.2650980949401855,28.364030838012695,5.325789222078987,-0.32299805,0.7866172790527344,1079,6
138,4.312539100646973,29.131567001342773,5.397366672863979,-0.34921908,0.5469817519187927,1079,7
144,2.709794759750366,12.970527648925781,3.6014618766447857,0.43787307,0.38419967889785767,1080,1
143,3.3687808513641357,19.05077362060547,4.36471919149508,0.1583147,-0.09925425797700882,1080,2
142,3.8904874324798584,23.72701644897461,4.871038539056595,-0.057679653,0.2546849250793457,1080,3
141,4.129590034484863,26.866151809692383,5.183256872825462,-0.19560814,0.22694824635982513,1080,4
140,4.454750061035156,30.372663497924805,5.511139945412818,-0.34585977,0.9212237596511841,1080,5
139,4.479990005493164,29.962236404418945,5.473777160646836,-0.31942344,0.5950362682342529,1080,6
138,4.534326553344727,29.254161834716797,5.408711661266183,-0.2812673,0.8087390065193176,1080,7
144,5.514711856842041,48.02460479736328,6.929978701075731,0.550785,0.41001880168914795,1082,1
143,7.215303897857666,86.28607177734375,9.289029646703888,0.18573791,0.2125224471092224,1082,2
142,7.8047871589660645,97.71537017822266,9.8851085061431,0.076681495,-0.035196587443351746,1082,3
141,8.70241641998291,120.66073608398438,10.98456808818555,-0.13584566,-0.18750666081905365,1082,4
140,8.548444747924805,112.6307601928711,10.612764022292737,-0.05415976,0.5611985921859741,1082,5
139,8.033407211303711,98.62995910644531,9.931261707680717,0.079737425,-1.051255226135254,1082,6
138,8.60713005065918,111.52835083007812,10.560698406359219,-0.036443353,-0.2022482305765152,1082,7
144,2.661189317703247,13.481414794921875,3.6717046170575696,0.1932503,0.11645735800266266,1083,1
143,3.3830881118774414,19.94084358215332,4.4655171684983275,-0.22064602,0.24336248636245728,1083,2
142,3.904989004135132,25.02488899230957,5.002488280077182,-0.55131614,0.7594645619392395,1083,3
141,4.483146667480469,30.217540740966797,5.497048366256822,-0.86144114,1.6519064903259277,1083,4
140,4.254549503326416,27.89588737487793,5.281655741798961,-0.70668817,1.3184784650802612,1083,5
139,4.3764729499816895,28.516517639160156,5.3400859205784466,-0.7325736,1.6513108015060425,1083,6
138,4.3191938400268555,27.812437057495117,5.273749809907095,-0.6777046,1.6229424476623535,1083,7
144,3.220006227493286,18.772457122802734,4.3327193681108325,0.28713804,0.132990300655365,1084,1
143,3.9243898391723633,25.165502548217773,5.01652295402082,0.029664218,0.2171308845281601,1084,2
142,3.9148130416870117,25.656213760375977,5.065196320023142,0.010101378,-0.7426545023918152,1084,3
141,4.182262420654297,27.316551208496094,5.226523816887864,-0.049224734,0.034693699330091476,1084,4
140,4.083446979522705,27.126245498657227,5.208286234324802,-0.044777513,-0.3931503891944885,1084,5
139,4.205524921417236,27.011730194091797,5.1972810385904475,-0.040388107,0.3368084728717804,1084,6
138,4.155998706817627,27.434850692749023,5.237828814761802,-0.04930377,0.07205156236886978,1084,7
144,2.8561558723449707,15.231059074401855,3.9026989474467353,0.29906023,0.4397134780883789,1085,1
143,3.8794403076171875,24.672096252441406,4.967101393412602,-0.15598142,1.3958091735839844,1085,2
142,4.258248329162598,28.265972137451172,5.316575226351187,-0.34214652,1.2631943225860596,1085,3
141,4.633335590362549,33.96904754638672,5.828297139507106,-0.6044309,1.4685275554656982,1085,4
140,4.166884899139404,27.91131591796875,5.28311611816064,-0.31034243,0.6748138666152954,1085,5
139,3.9791030883789062,24.324390411376953,4.9319763190202925,-0.13391626,0.03793708235025406,1085,6
138,4.070425033569336,25.8630428314209,5.085572025979073,-0.20200408,0.9929234385490417,1085,7
144,2.33359956741333,10.504526138305664,3.241068672260072,0.33601308,-0.408803254365921,1086,1
143,2.7808518409729004,14.562925338745117,3.816140109946845,0.06920117,-0.6160661578178406,1086,2
142,2.996129035949707,17.176586151123047,4.1444645192259815,-0.11086857,-0.8273965716362,1086,3
141,2.9294681549072266,17.324918746948242,4.1623213171196,-0.12634838,-1.4545973539352417,1086,4
140,2.922062873840332,16.768112182617188,4.094888543369305,-0.08538234,-1.305786371231079,1086,5
139,2.923698663711548,16.460451126098633,4.057148151854777,-0.057893515,-0.8913991451263428,1086,6
138,2.9490904808044434,15.867707252502441,3.983429082147998,-0.014106989,-0.6170404553413391,1086,7
144,2.4337282180786133,11.824654579162598,3.4386995476724334,0.32041484,0.01205404568463564,1087,1
143,3.1334125995635986,17.247900009155273,4.153059114575095,-0.0011503696,-0.0021175704896450043,1087,2
142,3.302607536315918,17.881502151489258,4.228652521961252,-0.04063034,0.27053892612457275,1087,3
141,3.3943772315979004,18.74312973022461,4.329333635817943,-0.093225,0.33018553256988525,1087,4
140,3.6374752521514893,21.252958297729492,4.610093089920148,-0.24901891,0.8689553737640381,1087,5
139,3.437572479248047,20.496706008911133,4.527328793992229,-0.20065987,0.6186478137969971,1087,6
138,3.32053542137146,18.18453025817871,4.264332334396407,-0.06059146,0.2749924063682556,1087,7
114,3.022118091583252,17.715641021728516,4.2089952508560184,0.13403124,-1.6065762042999268,1088,1
111,3.196671485900879,20.516355514526367,4.5294983733882015,-0.0685451,-1.6289710998535156,1088,2
108,3.2594573497772217,20.46013069152832,4.523287597702397,-0.11420286,-1.3188905715942383,1088,3
105,3.3096764087677,20.24700355529785,4.499667049382415,-0.20569634,-1.8030270338058472,1088,4
102,3.3734397888183594,21.312488555908203,4.616545088690048,-0.31438684,-1.2947242259979248,1088,5
99,3.401850461959839,19.49892807006836,4.415759059331516,-0.24761009,-0.7954266667366028,1088,6
96,3.994828224182129,27.56207847595215,5.249959854699096,-0.72047234,-1.9665905237197876,1088,7
144,3.0961339473724365,16.34842300415039,4.043318315956634,0.4425186,0.09483657777309418,1089,1
143,3.973576545715332,27.202953338623047,5.215645054892352,0.059676588,-0.013572579249739647,1089,2
142,4.4023332595825195,30.934356689453125,5.561866295539036,-0.08385944,0.5294535756111145,1089,3
141,4.6641058921813965,34.790828704833984,5.898375090212048,-0.21567011,0.13264717161655426,1089,4
140,4.987850189208984,39.512115478515625,6.285866326809346,-0.3881774,1.0031169652938843,1089,5
139,5.269077301025391,43.805564880371094,6.6185772549975646,-0.53013635,1.6944023370742798,1089,6
138,5.00266695022583,38.37993240356445,6.195153945106163,-0.34025598,0.6323632597923279,1089,7
144,5.176102638244629,44.43666076660156,6.666082865266645,0.6655351,1.7080843448638916,1090,1
143,7.486949443817139,84.60588073730469,9.198145505334468,0.35893917,2.9863901138305664,1090,2
142,7.845295429229736,88.69193267822266,9.417639442993273,0.32753587,1.531254768371582,1090,3
141,9.308914184570312,123.56912231445312,11.116164910366034,0.06403077,3.4295220375061035,1090,4
140,8.79096508026123,117.92931365966797,10.859526401260231,0.110168695,1.8526033163070679,1090,5
139,8.733821868896484,111.53630828857422,10.561075148325298,0.16118723,1.2695915699005127,1090,6
138,8.878643989562988,119.03936004638672,10.910516030252039,0.110456824,0.018487432971596718,1090,7
129,4.459776401519775,31.44573402404785,5.607649598900403,0.21669167,-2.552266836166382,1091,1
127,5.1185688972473145,41.71379852294922,6.458622029732752,-0.061380148,-2.540696382522583,1091,2
125,5.462210178375244,44.278533935546875,6.654211744117171,-0.13119328,-0.40631103515625,1091,3
123,6.348050594329834,57.00531005859375,7.550186094302163,-0.4513564,2.3128979206085205,1091,4
121,5.481440544128418,44.00901794433594,6.633929299015474,-0.11024761,0.12439262866973877,1091,5
119,5.493710994720459,44.27081298828125,6.65363156391164,-0.10234618,-0.46851658821105957,1091,6
117,5.9364399909973145,50.18341064453125,7.0840250313315,-0.24382603,1.0193848609924316,1091,7
144,6.526585578918457,60.60069274902344,7.784644677120687,-2.0485153,-6.410501480102539,3901,1
143,6.690526008605957,63.076751708984375,7.94208736472877,-2.2460518,-6.608753681182861,3901,2
142,6.7573065757751465,64.10896301269531,8.006807292091855,-2.4036655,-6.7283782958984375,3901,3
141,6.7649922370910645,64.2108154296875,8.013165131811991,-2.4053273,-6.736130714416504,3901,4
140,6.79938268661499,64.4681396484375,8.0292054182489,-2.452279,-6.769110202789307,3901,5
139,6.81525993347168,64.65510559082031,8.040839856061076,-2.4713476,-6.7838029861450195,3901,6
138,6.857797145843506,65.25936889648438,8.078327110020018,-2.5028746,-6.825249671936035,3901,7
129,4.327486991882324,30.64285659790039,5.535599027919236,-0.6121726,-3.8661739826202393,3902,1
127,6.22657585144043,56.45155715942383,7.513425128356829,-1.9863281,-6.128309726715088,3902,2
125,6.272862911224365,56.950469970703125,7.546553516056394,-2.0087361,-6.169097423553467,3902,3
123,6.3410258293151855,57.80356979370117,7.60286589344447,-2.0449011,-6.242382049560547,3902,4
121,6.455200672149658,59.45915222167969,7.7109760874794375,-2.1613865,-6.37773323059082,3902,5
119,6.357686996459961,57.99488830566406,7.61543749929471,-2.0994575,-6.290770053863525,3902,6
117,6.503284931182861,60.5383415222168,7.780638889076963,-2.1817958,-6.432390213012695,3902,7
129,5.403026103973389,44.81301498413086,6.694252384257025,-1.3756397,-5.244132041931152,3903,1
127,6.206538200378418,55.976768493652344,7.48176239222099,-1.9750533,-6.096549034118652,3903,2
125,6.233381271362305,56.0318603515625,7.485443230134238,-1.9674938,-6.1067728996276855,3903,3
123,6.224547863006592,55.69942092895508,7.463204467851265,-1.9319727,-6.0543317794799805,3903,4
121,5.780374050140381,50.058082580566406,7.075173678473654,-1.6474354,-5.624879360198975,3903,5
119,5.539114475250244,46.6654052734375,6.831208185485017,-1.4787815,-5.2679853439331055,3903,6
117,5.624417304992676,47.675994873046875,6.904780581093571,-1.4913008,-5.248425006866455,3903,7
144,4.771415710449219,35.87344741821289,5.989444666929722,-0.7567601,-4.327005863189697,3904,1
143,6.019994735717773,54.104244232177734,7.355558730115458,-1.6778326,-5.825620174407959,3904,2
142,6.014754295349121,53.92327880859375,7.343247156986734,-1.6635795,-5.8050665855407715,3904,3
141,6.04450798034668,54.63338851928711,7.391440219557154,-1.6799092,-5.846781253814697,3904,4
140,5.91068696975708,52.716400146484375,7.260606045398991,-1.5690198,-5.678133010864258,3904,5
139,5.983128547668457,53.90963363647461,7.342318001590138,-1.6152418,-5.771880626678467,3904,6
138,5.963542461395264,53.75289535522461,7.331636608235886,-1.5974433,-5.753178119659424,3904,7
129,6.408087730407715,58.77632522583008,7.66657193443263,-2.0220158,-6.272188186645508,3905,1
127,6.43381929397583,59.22725296020508,7.695924438311819,-2.0856178,-6.328859806060791,3905,2
125,6.55051851272583,60.92644119262695,7.805539135295329,-2.2476878,-6.494199275970459,3905,3
123,6.608102798461914,61.59048843383789,7.847960781874352,-2.2874131,-6.555028915405273,3905,4
121,6.739865303039551,63.1356086730957,7.945791884582411,-2.4791834,-6.706447124481201,3905,5
119,6.811370372772217,63.94474792480469,7.9965459996679,-2.5502877,-6.777193069458008,3905,6
117,6.88677453994751,65.03712463378906,8.064559791692853,-2.6039355,-6.85098123550415,3905,7
129,5.223560810089111,42.71442794799805,6.53562758639123,-1.1175163,-4.947237014770508,3906,1
127,7.292545795440674,72.1546859741211,8.49439144224712,-2.6371083,-7.233999729156494,3906,2
125,7.464764595031738,74.9045181274414,8.65473963371755,-2.8829205,-7.453025817871094,3906,3
123,6.413109302520752,58.98760223388672,7.680338679634298,-2.0710938,-6.259389877319336,3906,4
121,7.431897163391113,73.53170776367188,8.575063134675561,-2.9446383,-7.4147443771362305,3906,5
119,7.503121852874756,74.5234603881836,8.632697167640227,-3.0370407,-7.486506938934326,3906,6
117,7.239317417144775,70.87277221679688,8.41859680806706,-2.8227139,-7.216065406799316,3906,7
129,5.404429912567139,44.34880447387695,6.659489805824238,-1.3695078,-5.172698497772217,3907,1
127,6.097340106964111,54.30414581298828,7.369134671926432,-1.9277234,-5.981818199157715,3907,2
125,6.13987398147583,54.82944107055664,7.4046904777010525,-1.9919126,-6.040256023406982,3907,3
123,6.129579067230225,54.559818267822266,7.386461823351033,-1.9775989,-6.025949478149414,3907,4
121,6.205564022064209,55.357452392578125,7.440258892846278,-2.1148283,-6.137864112854004,3907,5
119,6.671872615814209,61.50010299682617,7.842200137514101,-2.4766726,-6.660229682922363,3907,6
117,6.489395618438721,59.286346435546875,7.699762751900014,-2.3222826,-6.431827068328857,3907,7
114,6.515257358551025,61.85587692260742,7.864850724750434,-1.8973496,-6.374951362609863,3908,1
111,6.685546398162842,64.1405258178711,8.008778047734317,-2.109482,-6.5955634117126465,3908,2
108,6.784242630004883,65.48678588867188,8.092390616416875,-2.274187,-6.741942405700684,3908,3
105,6.8195624351501465,66.05091857910156,8.12717162234818,-2.2505972,-6.773152828216553,3908,4
102,6.827589988708496,66.25537872314453,8.139740703679973,-2.2785528,-6.787275791168213,3908,5
99,6.8280158042907715,65.19957733154297,8.074625522681716,-2.4165583,-6.793144226074219,3908,6
97,6.834344387054443,64.71350860595703,8.044470685256863,-2.5065165,-6.802148342132568,3908,7
129,5.813589572906494,49.9815673828125,7.069764308858712,-1.7234206,-5.6565470695495605,3909,1
127,5.873907089233398,50.93085479736328,7.136585654033957,-1.7989564,-5.730077743530273,3909,2
125,6.183058261871338,54.93215560913086,7.411623007758211,-2.0534613,-6.081315517425537,3909,3
123,6.279259204864502,56.45649719238281,7.513753868232763,-2.1372898,-6.2054362297058105,3909,4
121,6.342325210571289,56.73418045043945,7.532209533094486,-2.25098,-6.272549629211426,3909,5
119,6.661448955535889,61.675601959228516,7.853381562055197,-2.552933,-6.597837924957275,3909,6
117,6.620631217956543,60.477901458740234,7.776753915274691,-2.4507055,-6.576569080352783,3909,7
123,5.915452480316162,51.69275665283203,7.1897674964377,-1.8317871,-5.785176753997803,3910,1
121,5.930897235870361,51.76418685913086,7.19473327227152,-1.9060814,-5.827855110168457,3910,2
119,5.9419732093811035,50.88973617553711,7.133704239421277,-2.0625207,-5.855922698974609,3910,3
117,5.981281280517578,51.39797592163086,7.169238168845478,-2.121839,-5.911882400512695,3910,4
115,6.616615295410156,58.74856948852539,7.664761541530525,-2.6526325,-6.581903457641602,3910,5
113,6.324120998382568,55.15091323852539,7.426366085679145,-2.4394958,-6.276697158813477,3910,6
111,6.5995707511901855,58.05781173706055,7.619567687018769,-2.577832,-6.552898406982422,3910,7
129,6.455689430236816,66.25674438476562,8.139824591768893,-1.3089297,-6.268004894256592,3911,1
127,6.9444146156311035,74.59596252441406,8.63689542164394,-1.6395595,-6.811427593231201,3911,2
125,7.097973823547363,76.1220932006836,8.724797602276146,-1.6930206,-6.929698467254639,3911,3
123,7.018275737762451,75.76673126220703,8.704408725594579,-1.7067432,-6.909517288208008,3911,4
121,7.198465824127197,78.46485900878906,8.858039230483746,-1.8430886,-7.147697448730469,3911,5
119,7.607306957244873,83.81658172607422,9.15513963443891,-2.0424652,-7.577377796173096,3911,6
117,7.084690093994141,76.2588119506836,8.7326291545378,-1.7229187,-7.044548511505127,3911,7
129,7.6545209884643555,90.0062484741211,9.487162298291365,-1.6175807,-7.495395660400391,3912,1
127,7.787418842315674,92.4988784790039,9.617633725558688,-1.7477467,-7.668600082397461,3912,2
125,7.990352630615234,95.41582489013672,9.768102420129342,-1.8392966,-7.868526458740234,3912,3
123,7.88868522644043,93.16038513183594,9.651962760591026,-1.8011165,-7.708866119384766,3912,4
121,8.140701293945312,98.63713073730469,9.931622764548838,-1.9993067,-8.098642349243164,3912,5
119,8.11894702911377,98.12171936035156,9.905640784944282,-1.984935,-8.07612133026123,3912,6
117,8.361066818237305,101.97216033935547,10.098126575724601,-2.0500991,-8.327322959899902,3912,7
144,5.64660120010376,50.91785430908203,7.135674762002682,-1.0864999,-5.367823123931885,3913,1
143,6.459416389465332,63.484073638916016,7.9676893538162,-1.6320648,-6.276760578155518,3913,2
142,6.67703914642334,65.73690795898438,8.107830040089912,-1.7267296,-6.459312915802002,3913,3
141,7.069725513458252,71.40088653564453,8.449904528197022,-1.9408193,-6.932805061340332,3913,4
140,6.706012725830078,66.03372955322266,8.126114049976326,-1.708749,-6.590734004974365,3913,5
139,6.839452743530273,69.296142578125,8.324430465691032,-1.8261867,-6.772970199584961,3913,6
138,6.980049133300781,71.38499450683594,8.44896410850679,-1.8928368,-6.920838356018066,3913,7
114,7.0738139152526855,74.98299407958984,8.659272144908591,-1.5624266,-6.8914875984191895,3914,1
111,7.716602802276611,85.82259368896484,9.264048450270801,-2.024372,-7.581821918487549,3914,2
108,7.404531002044678,79.75152587890625,8.93037098215445,-1.8364317,-7.17392635345459,3914,3
105,7.808962821960449,87.2955093383789,9.343206587589664,-2.1509068,-7.671154975891113,3914,4
102,7.936963081359863,91.3501205444336,9.557725699371876,-2.3506668,-7.842580795288086,3914,5
99,8.05822467803955,94.95748138427734,9.744612941737469,-2.486574,-7.9249444007873535,3914,6
96,8.274749755859375,96.58032989501953,9.827529185661039,-2.4736464,-8.246703147888184,3914,7
114,5.580326080322266,47.0351448059082,6.858217319822128,-1.6388893,-5.406091690063477,3915,1
111,5.5301713943481445,46.35123825073242,6.808174369883047,-1.6592522,-5.376969814300537,3915,2
108,5.527622699737549,46.33988571166992,6.807340575560321,-1.6725655,-5.390771389007568,3915,3
105,5.597053050994873,47.39370346069336,6.884308495462225,-1.6798863,-5.47176456451416,3915,4
102,5.70634126663208,48.46037673950195,6.961348773011014,-1.7529545,-5.570059299468994,3915,5
99,5.6925177574157715,48.41383743286133,6.958005276863573,-1.7596943,-5.597522258758545,3915,6
96,5.810874938964844,50.14066696166992,7.081007482108031,-1.8763494,-5.730210781097412,3915,7
144,6.5079345703125,60.45330810546875,7.775172545060897,-2.1116168,-6.409351348876953,3916,1
143,6.631303787231445,62.107887268066406,7.880855744655298,-2.2667801,-6.565353870391846,3916,2
142,6.670845031738281,62.68304443359375,7.917262433037934,-2.3963346,-6.65163516998291,3916,3
141,6.453250408172607,59.688018798828125,7.725802145979932,-2.223121,-6.42458438873291,3916,4
140,6.749362468719482,63.62153244018555,7.976310703588818,-2.4646895,-6.73090124130249,3916,5
139,6.754695415496826,63.70899963378906,7.981791755852132,-2.4708998,-6.734182834625244,3916,6
138,6.634408950805664,61.8917350769043,7.8671300406758435,-2.3686385,-6.610421180725098,3916,7
129,4.906345367431641,37.5548095703125,6.12819790560916,-0.9998623,-4.683040618896484,3917,1
127,7.278221607208252,70.61087799072266,8.403027906101626,-2.8596458,-7.233916759490967,3917,2
125,7.403922080993652,72.44316864013672,8.511355276343288,-3.0648456,-7.393222332000732,3917,3
123,7.374341011047363,71.74759674072266,8.47039531195107,-3.083261,-7.362550735473633,3917,4
121,7.640444755554199,75.34550476074219,8.680178843822413,-3.403596,-7.627306938171387,3917,5
119,7.759334564208984,76.87094116210938,8.767607493615882,-3.567803,-7.748879432678223,3917,6
117,7.727945804595947,76.64791870117188,8.754879707978395,-3.4960585,-7.71541166305542,3917,7
129,5.271121978759766,42.272315979003906,6.5017163871553105,-1.3742378,-5.049449920654297,3918,1
127,6.080743789672852,53.46592712402344,7.3120398743458335,-2.0537987,-5.998828887939453,3918,2
125,6.142733573913574,54.378578186035156,7.374183221620897,-2.1582284,-6.095383644104004,3918,3
123,6.179573059082031,54.55305480957031,7.386003981150451,-2.1850772,-6.1330084800720215,3918,4
121,6.280921936035156,55.850868225097656,7.473343844966432,-2.3398743,-6.254757881164551,3918,5
119,6.3528547286987305,56.71839141845703,7.531161359209948,-2.4265056,-6.339199066162109,3918,6
117,6.351461410522461,56.72371292114258,7.531514649865761,-2.3905888,-6.337711811065674,3918,7
144,4.473057746887207,30.95050048828125,5.563317399563075,-0.90430963,-4.094465255737305,3919,1
143,5.261358737945557,41.41374969482422,6.435351559536139,-1.6054559,-5.070123195648193,3919,2
142,5.7726287841796875,47.501502990722656,6.892133413589921,-2.0434048,-5.703636169433594,3919,3
141,5.38756799697876,42.733612060546875,6.537095078132708,-1.7206175,-5.255425453186035,3919,4
140,5.231189727783203,41.21890640258789,6.420195199726243,-1.6301136,-5.090399265289307,3919,5
139,5.7477498054504395,47.61790084838867,6.900572501494979,-2.0182588,-5.676474571228027,3919,6
138,5.701915740966797,47.38020706176758,6.883328196575228,-1.9889336,-5.613347053527832,3919,7
119,6.118463039398193,55.34365463256836,7.4393315985085895,-1.672724,-5.923482418060303,3920,1
117,6.613925457000732,62.915122985839844,7.9319053818007585,-2.0805943,-6.519637107849121,3920,2
115,6.562564849853516,61.41261291503906,7.836619993022442,-2.021263,-6.4488654136657715,3920,3
113,5.915469169616699,51.19915771484375,7.155358671292708,-1.5422242,-5.733730316162109,3920,4
111,6.706384181976318,63.760746002197266,7.985032623740323,-2.2160773,-6.626747131347656,3920,5
109,6.767807483673096,64.50788116455078,8.031679846990341,-2.300918,-6.7149786949157715,3920,6
107,6.820407867431641,66.12731170654297,8.131870123565855,-2.350174,-6.786780834197998,3920,7
144,5.99517297744751,57.54977798461914,7.586156997098013,-1.0918691,-5.72194242477417,3921,1
143,6.935776710510254,73.06864929199219,8.548020197214802,-1.6908727,-6.777776718139648,3921,2
142,6.891451358795166,72.11360931396484,8.491973228523795,-1.652312,-6.71824312210083,3921,3
141,6.699779033660889,69.56493377685547,8.34055956017673,-1.5410118,-6.4894022941589355,3921,4
140,6.921029567718506,72.50259399414062,8.51484550618158,-1.6327777,-6.745239734649658,3921,5
139,7.193354606628418,76.82653045654297,8.765074469537778,-1.771589,-7.067392826080322,3921,6
138,6.711937427520752,70.42642211914062,8.39204516903601,-1.5249791,-6.511173248291016,3921,7
129,3.995718002319336,24.561735153198242,4.955979736964049,-0.6132066,-3.453472375869751,3922,1
127,5.961596965789795,49.56604766845703,7.040315878457232,-2.3218586,-5.893132209777832,3922,2
125,6.194369316101074,52.65986633300781,7.256711812729496,-2.6263254,-6.178532123565674,3922,3
123,6.216195106506348,52.85652160644531,7.270249074580961,-2.6704247,-6.200277328491211,3922,4
121,6.286365985870361,53.4368782043457,7.310053228557622,-2.801948,-6.274904251098633,3922,5
119,6.488835334777832,55.80177688598633,7.470058693610535,-3.024837,-6.4785380363464355,3922,6
117,6.541250705718994,56.677513122558594,7.5284469263294005,-3.0303588,-6.528447151184082,3922,7
129,5.257443904876709,42.513633728027344,6.5202479805623454,-1.159138,-4.92641544342041,3923,1
127,5.233992099761963,43.34528732299805,6.583713794128512,-1.2333989,-4.868713855743408,3923,2
125,5.439131259918213,46.14399337768555,6.792937021472048,-1.432713,-5.156167030334473,3923,3
123,5.9988532066345215,54.090919494628906,7.354652914626829,-1.8594704,-5.911858558654785,3923,4
121,6.413280010223389,58.492332458496094,7.648028011095154,-2.1791437,-6.381914138793945,3923,5
119,5.961525917053223,52.166290283203125,7.222623504184828,-1.8578997,-5.861640453338623,3923,6
117,6.005270481109619,52.42710876464844,7.2406566528629455,-1.8564763,-5.856639385223389,3923,7
144,4.720348834991455,34.98658752441406,5.914946113399011,-1.0828512,-4.429234981536865,3924,1
143,6.828591823577881,62.36640167236328,7.897240130093758,-2.8093479,-6.784572601318359,3924,2
142,6.25351095199585,54.78705978393555,7.401828137962644,-2.4535446,-6.227322101593018,3924,3
141,5.73258113861084,48.20167922973633,6.942742918309472,-2.0325038,-5.555596351623535,3924,4
140,5.517062664031982,45.40192794799805,6.738095275966202,-1.8746033,-5.340317726135254,3924,5
139,5.251176834106445,42.92695999145508,6.551866908863082,-1.7225924,-4.941934108734131,3924,6
138,5.760577201843262,48.93787384033203,6.995561009692649,-2.087713,-5.664180755615234,3924,7
129,4.187862873077393,28.358304977416992,5.325251635126456,-0.7739322,-3.814046859741211,3925,1
127,5.575347423553467,45.19527053833008,6.722742783888886,-1.8907502,-5.444106101989746,3925,2
125,6.363146781921387,55.535125732421875,7.4521893247838165,-2.658402,-6.334810256958008,3925,3
123,5.324862003326416,42.757293701171875,6.538906154791631,-1.8528006,-5.153676986694336,3925,4
121,5.762369632720947,46.99760055541992,6.855479600685857,-2.213658,-5.694747447967529,3925,5
119,5.724071979522705,46.52814483642578,6.821154215851287,-2.2369306,-5.669757843017578,3925,6
117,5.224513053894043,41.46864318847656,6.439615142885215,-1.8421922,-5.052264213562012,3925,7
144,4.453675270080566,33.032936096191406,5.747428650813458,-0.6547898,-3.9230422973632812,3926,1
143,5.023188591003418,39.81566619873047,6.309965625796266,-1.0178142,-4.5510783195495605,3926,2
142,4.924318790435791,38.28377914428711,6.187388717729565,-0.9501741,-4.395724296569824,3926,3
141,5.822920799255371,51.21365737915039,7.156371802746864,-1.5904644,-5.6502156257629395,3926,4
140,6.088499069213867,54.156578063964844,7.359115304434687,-1.741745,-5.921138286590576,3926,5
139,6.012077808380127,53.24336624145508,7.296805207860155,-1.6794147,-5.871625900268555,3926,6
138,6.395333290100098,58.190208435058594,7.628250679877962,-1.9078395,-6.313632488250732,3926,7
129,5.727461338043213,50.504783630371094,7.106671768864177,-1.4374816,-5.535613059997559,3927,1
127,5.689540386199951,49.562225341796875,7.040044413339796,-1.4236746,-5.47578239440918,3927,2
125,6.033563613891602,54.13421630859375,7.357595823949135,-1.6495781,-5.911726951599121,3927,3
123,6.837531089782715,65.73776245117188,8.10788273541076,-2.2248025,-6.737059593200684,3927,4
121,6.4917073249816895,60.240814208984375,7.761495616759979,-2.0193098,-6.433155059814453,3927,5
119,6.649888515472412,62.64230728149414,7.91468933575375,-2.166954,-6.60504150390625,3927,6
117,6.560424327850342,62.395599365234375,7.899088514837289,-2.1027005,-6.508901596069336,3927,7
129,5.504778861999512,48.08961868286133,6.934667885548762,-1.0142787,-5.1421918869018555,3928,1
127,6.296475410461426,59.13569641113281,7.689973758806516,-1.5229704,-5.993041038513184,3928,2
125,6.184269905090332,57.494544982910156,7.582515742345027,-1.4492757,-5.771697044372559,3928,3
123,5.530516147613525,49.122596740722656,7.008751439502093,-1.10485,-4.87388801574707,3928,4
121,6.198696136474609,58.58411407470703,7.654026004313484,-1.5584569,-5.932952404022217,3928,5
119,6.294092178344727,59.559364318847656,7.717471368190987,-1.6178257,-6.154181003570557,3928,6
117,6.5553388595581055,64.26373291015625,8.016466360570364,-1.7808573,-6.473665714263916,3928,7
114,5.3585205078125,44.81195068359375,6.694172890177976,-0.9253471,-4.815430164337158,3929,1
111,5.750060558319092,49.590023040771484,7.0420183925328885,-1.1735451,-5.154386043548584,3929,2
108,6.371914863586426,59.23750686645508,7.696590600158948,-1.631316,-5.993549823760986,3929,3
105,6.03817081451416,54.40802764892578,7.376179746245734,-1.3501418,-5.668741226196289,3929,4
102,6.382302284240723,59.62662124633789,7.721827584603135,-1.555264,-6.009439468383789,3929,5
99,6.574803829193115,61.58038330078125,7.8473169491732175,-1.6100404,-6.298086643218994,3929,6
96,7.464383602142334,76.69757843017578,8.75771536590313,-2.2376895,-7.350606918334961,3929,7
129,4.046026706695557,27.094045639038086,5.205194101956053,-0.40988672,-3.006192207336426,3930,1
127,4.763119697570801,35.25659942626953,5.93772678945988,-0.8425821,-4.0270304679870605,3930,2
125,4.900384902954102,36.76462173461914,6.063383686904461,-0.9125155,-4.2222394943237305,3930,3
123,5.674022197723389,47.3505744934082,6.88117537150509,-1.4679911,-5.283873558044434,3930,4
121,5.298772811889648,41.996849060058594,6.480497593553954,-1.2155104,-4.527010917663574,3930,5
119,4.761834144592285,36.139808654785156,6.011639431534892,-0.92702377,-3.967458724975586,3930,6
117,6.482037544250488,59.97159957885742,7.7441332361251005,-2.146258,-6.3000640869140625,3930,7
129,5.304102897644043,45.52820587158203,6.747459215999903,-0.9232211,-4.927536487579346,3931,1
127,5.7805914878845215,52.10103988647461,7.218105006611819,-1.2211559,-5.190201759338379,3931,2
125,5.6810479164123535,50.91152572631836,7.135231301528939,-1.1703527,-5.211489200592041,3931,3
123,5.831228256225586,53.12677001953125,7.288811289883368,-1.2813444,-5.243134498596191,3931,4
121,6.296044826507568,60.21492385864258,7.759827566295695,-1.6183717,-6.123486518859863,3931,5
119,7.169710636138916,73.30535888671875,8.561854874191617,-2.219039,-7.077826499938965,3931,6
117,7.5673933029174805,79.99490356445312,8.94398700605346,-2.476703,-7.510758876800537,3931,7
129,4.974661827087402,39.81910705566406,6.310238272495268,-0.94587183,-4.547321796417236,3932,1
127,5.4300031661987305,44.53251266479492,6.6732685143634765,-1.1966145,-5.005700588226318,3932,2
125,5.543035507202148,47.384849548339844,6.883665415194135,-1.3263705,-5.082199573516846,3932,3
123,5.487892150878906,46.48462677001953,6.8179635353982,-1.2874515,-5.17291784286499,3932,4
121,5.642035961151123,48.9512825012207,6.996519313288623,-1.4458025,-5.22862434387207,3932,5
119,5.378843307495117,45.69650650024414,6.759919119356691,-1.3079586,-4.943173408508301,3932,6
117,6.021410942077637,54.68406295776367,7.394867338753527,-1.717423,-5.9150543212890625,3932,7
129,5.510712623596191,51.28872299194336,7.161614552036667,-0.77525485,-5.038876056671143,3933,1
127,6.429015159606934,64.17144012451172,8.010707841664912,-1.2460482,-6.040034294128418,3933,2
125,5.815200328826904,54.994712829589844,7.415842017572236,-0.9293479,-5.347507953643799,3933,3
123,5.965974807739258,60.467933654785156,7.7761130171046995,-1.1422415,-5.515466690063477,3933,4
121,7.2673773765563965,79.08018493652344,8.89270402838886,-1.827174,-7.132344722747803,3933,5
119,7.615033149719238,85.24657440185547,9.232907147906095,-2.0617242,-7.468239784240723,3933,6
117,9.51766300201416,120.0732192993164,10.957792628961199,-3.2849479,-9.488150596618652,3933,7
144,6.179527282714844,62.50581741333008,7.906062067384121,-1.1128335,-5.932534217834473,3934,1
143,6.078912258148193,60.51731872558594,7.779287803236613,-1.0709565,-5.671493053436279,3934,2
142,6.372668743133545,65.92503356933594,8.11942322885905,-1.2556646,-6.074542045593262,3934,3
141,6.715538024902344,71.43633270263672,8.452001697978812,-1.4276288,-6.532903671264648,3934,4
140,6.399380683898926,65.74381256103516,8.108255827305596,-1.222151,-6.126453399658203,3934,5
139,6.254167079925537,63.309913635253906,7.956752706679648,-1.1255741,-5.9013590812683105,3934,6
138,6.568685531616211,68.1138916015625,8.253114054801527,-1.2718778,-6.344020843505859,3934,7
129,6.204108238220215,65.37486267089844,8.08547232206619,-0.8726895,-5.918030738830566,3935,1
127,6.429832935333252,70.96832275390625,8.424269864736424,-1.0829895,-6.0557355880737305,3935,2
125,6.95958137512207,79.36248016357422,8.9085621827304,-1.332859,-6.683742523193359,3935,3
123,7.86085319519043,93.1688003540039,9.652398683954363,-1.7702568,-7.73616361618042,3935,4
121,7.810790061950684,91.64305877685547,9.573038116337752,-1.7589777,-7.760653018951416,3935,5
119,7.639704704284668,87.64608001708984,9.361948516045677,-1.6387682,-7.576684474945068,3935,6
117,7.737366199493408,91.0765380859375,9.543402856734986,-1.6960797,-7.674261569976807,3935,7
144,5.824583053588867,60.61476135253906,7.785548237121074,-0.6974349,-5.262821674346924,3936,1
143,6.612523555755615,74.0535659790039,8.605438163103836,-1.1030581,-6.086062431335449,3936,2
142,6.763141632080078,76.406494140625,8.741080833662677,-1.1726494,-6.11669921875,3936,3
141,7.300640106201172,87.09317016601562,9.332372161782642,-1.4613495,-6.222119331359863,3936,4
140,7.200309753417969,85.13777160644531,9.227013146541264,-1.3913047,-6.9639692306518555,3936,5
139,7.487797260284424,88.95465850830078,9.431577731657667,-1.4806838,-7.22036600112915,3936,6
138,7.660743713378906,89.9329833984375,9.48330023770404,-1.4901605,-7.459184169769287,3936,7
129,7.108304500579834,78.770751953125,8.875288837729451,-1.2678919,-6.964907169342041,3937,1
127,8.254907608032227,100.79502868652344,10.039672738019075,-1.9750183,-8.180472373962402,3937,2
125,7.731557846069336,90.24842834472656,9.49991728094127,-1.6491911,-7.615958213806152,3937,3
123,7.266457557678223,83.86466979980469,9.157765546234774,-1.4476056,-7.115268707275391,3937,4
121,8.00334644317627,93.53678131103516,9.671441532214066,-1.8695538,-7.92365026473999,3937,5
119,8.228915214538574,97.79776000976562,9.889274999198152,-1.9992836,-8.162538528442383,3937,6
117,8.414082527160645,101.09969329833984,10.054834324758406,-2.1406143,-8.390833854675293,3937,7
129,5.140381336212158,41.79015350341797,6.464530416311611,-0.8567343,-4.778797149658203,3938,1
127,6.396062850952148,60.80693817138672,7.797880364008332,-1.7220459,-6.246966361999512,3938,2
125,6.1664042472839355,57.4655876159668,7.580606019044045,-1.5663965,-5.972217559814453,3938,3
123,6.195535659790039,57.82759094238281,7.604445472378825,-1.5999393,-6.031364917755127,3938,4
121,6.488725185394287,61.944644927978516,7.870492038492798,-1.8246062,-6.403248310089111,3938,5
119,6.4766716957092285,61.86592483520508,7.865489484781293,-1.8392854,-6.408840656280518,3938,6
117,6.527658939361572,62.705875396728516,7.918704148831961,-1.8372474,-6.454227924346924,3938,7
144,8.823978424072266,113.30886840820312,10.6446638466512,-1.9107137,-8.626473426818848,3939,1
143,8.889228820800781,114.73800659179688,10.711582823831261,-2.0253372,-8.763846397399902,3939,2
142,8.92822265625,115.05533599853516,10.7263850387041,-2.0578814,-8.80331802368164,3939,3
141,8.872424125671387,113.96239471435547,10.675317077930542,-2.0403538,-8.755050659179688,3939,4
140,9.045999526977539,116.9987564086914,10.81659634121064,-2.117477,-8.928789138793945,3939,5
139,8.886418342590332,113.55815124511719,10.65636670001165,-2.0117328,-8.720327377319336,3939,6
138,8.945239067077637,114.72824096679688,10.71112696996898,-2.0463,-8.82007884979248,3939,7
