n,mae,mse,rmse,r2,bias,station_id,horizon
144,4.694840431213379,45.47442626953125,6.743472864150285,0.9189615,2.948237180709839,1,1
143,6.4592719078063965,76.26728820800781,8.733114462092422,0.86417454,3.9106991291046143,1,2
142,7.38469934463501,107.22637176513672,10.355016743836618,0.8092505,1.781862497329712,1,3
141,9.884963035583496,190.41241455078125,13.799000491005907,0.66252387,0.8164194822311401,1,4
140,12.240077018737793,327.4656677246094,18.096012481334373,0.42145598,-0.6622591018676758,1,5
139,13.357519149780273,406.76934814453125,20.168523697696152,0.2833091,-0.7970673441886902,1,6
138,14.520298957824707,452.55902099609375,21.273434630921585,0.20512503,-0.77753746509552,1,7
144,3.8028652667999268,25.34060287475586,5.033945060760582,0.80292505,1.2660574913024902,2,1
143,5.6311187744140625,51.06545639038086,7.146009822997787,0.5909984,1.664536714553833,2,2
142,6.854554176330566,76.1858901977539,8.728452909751757,0.3772102,2.386643886566162,2,3
141,8.329634666442871,114.26288604736328,10.689381930091342,0.057619333,1.888935923576355,2,4
140,9.367450714111328,131.1414031982422,11.451698703609093,-0.085109115,1.9863402843475342,2,5
139,9.928621292114258,146.38194274902344,12.098840553913563,-0.2150476,2.813526153564453,2,6
138,10.097831726074219,145.13877868652344,12.04735567195239,-0.20252645,2.3884689807891846,2,7
144,7.26942777633667,96.96123504638672,9.84688961278569,0.66608095,1.153174638748169,3,1
143,10.889300346374512,219.44776916503906,14.813769579855057,0.22974467,2.3622844219207764,3,2
142,12.555363655090332,283.9434509277344,16.85062167778193,-0.010774732,3.615534782409668,3,3
141,14.55258560180664,347.2013854980469,18.633340696129796,-0.24111998,6.958308219909668,3,4
140,15.727596282958984,402.1802978515625,20.054433371490767,-0.43919182,7.873991012573242,3,5
139,17.42231559753418,455.5765686035156,21.344239705445485,-0.63257587,8.911172866821289,3,6
138,18.305078506469727,489.1473693847656,22.116676273454058,-0.74966323,9.652758598327637,3,7
144,6.124971389770508,60.90818405151367,7.8043695486255436,0.66730815,1.689771056175232,4,1
143,7.769944190979004,97.74099731445312,9.886404670781644,0.45420617,1.6204229593276978,4,2
142,8.53680419921875,121.83967590332031,11.038101100430287,0.30421978,0.20943063497543335,4,3
141,8.97188663482666,129.7790069580078,11.392058942878053,0.2493084,1.2316124439239502,4,4
140,9.188693046569824,144.8072052001953,12.033586547667129,0.15526909,-0.470944881439209,4,5
139,9.713836669921875,150.4661102294922,12.26646282468961,0.11449295,-1.8149172067642212,4,6
138,10.549198150634766,169.65631103515625,13.025218272073458,-0.002186656,-1.4376344680786133,4,7
144,5.7186102867126465,52.19841003417969,7.224846713542073,0.6498523,3.332843780517578,5,1
143,9.717995643615723,139.46771240234375,11.80964488891786,0.04420644,5.5226874351501465,5,2
142,11.459219932556152,193.68446350097656,13.917056567427487,-0.35481858,7.173702716827393,5,3
141,12.620882034301758,223.24925231933594,14.941527777283552,-0.5611304,8.264355659484863,5,4
140,12.991950988769531,252.68679809570312,15.896125254152444,-0.7603452,7.520521640777588,5,5
139,13.90603256225586,277.4073486328125,16.65555008496605,-0.925128,8.550259590148926,5,6
138,13.812898635864258,277.395751953125,16.655201948734366,-0.91522527,7.168362617492676,5,7
129,5.0966877937316895,41.9947395324707,6.480334831817775,0.8199862,1.892979383468628,7,1
127,7.775580406188965,87.35910034179688,9.346609029043467,0.62328684,3.5479347705841064,7,2
125,8.401976585388184,103.61292266845703,10.179043308113835,0.5517031,3.5013253688812256,7,3
123,10.310311317443848,157.57635498046875,12.552942084645684,0.31720674,4.932271480560303,7,4
121,10.712897300720215,177.52313232421875,13.323780706849643,0.22844142,3.4090969562530518,7,5
119,10.286696434020996,176.5440216064453,13.286986927307685,0.22455364,2.4426114559173584,7,6
117,10.448031425476074,177.7123260498047,13.330878667582445,0.20571923,0.2243388295173645,7,7
144,4.218664169311523,29.605398178100586,5.441084283311607,0.7360182,2.0084564685821533,8,1
143,6.406872272491455,64.21119689941406,8.01318893446386,0.41581059,4.447375774383545,8,2
142,7.954747200012207,96.66865539550781,9.832021938315018,0.10946649,4.848438739776611,8,3
141,8.919005393981934,123.09823608398438,11.094964447170815,-0.14331806,4.668004512786865,8,4
140,9.259852409362793,122.72755432128906,11.07824689746934,-0.14366376,4.599855899810791,8,5
139,9.836784362792969,136.9092254638672,11.70082157217463,-0.2815951,3.7396087646484375,8,6
138,9.188608169555664,122.13423156738281,11.051435724256953,-0.14238322,3.3514904975891113,8,7
144,5.56151008605957,56.57533645629883,7.5216578263238505,0.9038292,0.7695440649986267,9,1
143,8.376696586608887,149.7273712158203,12.236313628532914,0.7451855,-0.22454577684402466,9,2
142,8.672812461853027,155.8195343017578,12.482769496460223,0.7346525,0.2586424946784973,9,3
141,10.840921401977539,251.50128173828125,15.85879193817364,0.5729938,-0.679629921913147,9,4
140,13.702729225158691,402.11376953125,20.05277460929659,0.31895745,-2.0525195598602295,9,5
139,14.614916801452637,476.7301025390625,21.834149915649625,0.1939283,-3.075028419494629,9,6
138,16.093374252319336,544.3761596679688,23.331870042239835,0.08250749,-2.3652727603912354,9,7
144,6.211203575134277,95.72877502441406,9.78410828969171,0.933619,-2.2549328804016113,10,1
143,9.561689376831055,219.607177734375,14.819149021936955,0.8481314,-4.479808807373047,10,2
142,11.455849647521973,382.5068054199219,19.557781198794558,0.7362877,-4.187432765960693,10,3
141,12.995115280151367,509.42791748046875,22.570509907409463,0.6500678,-5.771371841430664,10,4
140,13.552286148071289,579.5286254882812,24.07340078776327,0.6034126,-6.469897270202637,10,5
139,14.616660118103027,658.7642822265625,25.666403764971875,0.55106926,-6.666378974914551,10,6
138,17.37159538269043,804.2271728515625,28.358899358958954,0.45468813,-4.202484130859375,10,7
144,3.848170757293701,31.325286865234375,5.596899754795897,0.9710423,0.9229206442832947,11,1
143,5.507557392120361,66.91547393798828,8.180187891362172,0.93842304,0.6100044846534729,11,2
142,6.818686008453369,116.52439880371094,10.794646766046165,0.89328897,0.28884565830230713,11,3
141,10.24730396270752,284.4571838378906,16.865858526558636,0.74091095,-0.189477801322937,11,4
140,11.016867637634277,382.8637390136719,19.566904175512075,0.65314114,-2.580904722213745,11,5
139,12.32825756072998,448.4653625488281,21.17700079210529,0.59589076,-1.9441008567810059,11,6
138,10.979625701904297,352.7369689941406,18.781293059694814,0.683938,-2.033277988433838,11,7
144,5.477631568908691,101.93936157226562,10.096502442542448,0.88868403,-0.09410444647073746,12,1
143,7.493503093719482,182.56869506835938,13.511798365441937,0.80131984,-0.9680047631263733,12,2
142,8.694476127624512,212.67431640625,14.583357514860904,0.7695212,-1.6460895538330078,12,3
141,10.70276927947998,305.8441467285156,17.48840034790248,0.67018723,-1.946982502937317,12,4
140,11.107047080993652,329.154296875,18.142609979685943,0.6469577,-1.756511926651001,12,5
139,11.451085090637207,379.27117919921875,19.47488585843878,0.5953338,-1.8591423034667969,12,6
138,11.893442153930664,423.4203186035156,20.577179559004573,0.5509349,-1.5574493408203125,12,7
144,5.6667890548706055,55.25686264038086,7.433495990473181,0.9418339,3.159575939178467,14,1
143,7.692101955413818,99.63352966308594,9.98165966475946,0.89507246,3.448000907897949,14,2
142,10.93065357208252,214.4302978515625,14.643438730419932,0.77418256,2.373462438583374,14,3
141,14.630863189697266,381.89874267578125,19.54222972630762,0.5984593,2.6554431915283203,14,4
140,16.550094604492188,480.3901672363281,21.91780479966751,0.49638873,2.0926108360290527,14,5
139,16.304841995239258,497.409912109375,22.30268845026032,0.48009247,0.9125186204910278,14,6
138,18.04779815673828,653.1128540039062,25.55607274218608,0.319834,-0.9927436709403992,14,7
144,5.388730525970459,46.80117416381836,6.841138367539306,0.6885952,1.273357629776001,15,1
143,9.067869186401367,117.43817138671875,10.836889377802043,0.1997158,3.4341487884521484,15,2
142,10.592159271240234,176.88473510742188,13.2998020702348,-0.2178576,3.950183391571045,15,3
141,12.246270179748535,226.84002685546875,15.061209342395742,-0.5563259,5.653543472290039,15,4
140,15.326150894165039,339.9479675292969,18.43767793213931,-1.3187425,8.88811206817627,15,5
139,16.732864379882812,389.3958435058594,19.733115402942826,-1.640059,8.70376968383789,15,6
138,15.626924514770508,335.9652099609375,18.329353779141737,-1.2615077,6.136446952819824,15,7
144,4.599602699279785,47.2069091796875,6.8707284315192885,0.9237243,1.0392310619354248,16,1
143,8.087125778198242,124.6592025756836,11.16508856103182,0.7981299,3.287541151046753,16,2
142,8.988350868225098,184.7471923828125,13.592173938808042,0.7005047,1.39710533618927,16,3
141,11.47719669342041,295.9705810546875,17.203795542108942,0.52095747,1.1868703365325928,16,4
140,12.536985397338867,348.7336120605469,18.674410621504148,0.4368723,0.46105629205703735,16,5
139,13.272162437438965,410.68096923828125,20.265265091734705,0.33797812,-0.9410178661346436,16,6
138,14.236936569213867,495.0250244140625,22.249157836063425,0.20455927,-2.8325226306915283,16,7
103,4.6288228034973145,34.460262298583984,5.870286389826648,0.8156556,1.302946925163269,17,1
101,6.856610298156738,69.54586791992188,8.339416521551245,0.6291734,1.7022169828414917,17,2
100,8.284391403198242,102.99299621582031,10.148546507545813,0.45504206,1.349869966506958,17,3
99,9.457369804382324,126.79364776611328,11.260268547690737,0.33013707,1.7716976404190063,17,4
98,10.602168083190918,170.57701110839844,13.060513432036217,0.09752303,1.148405909538269,17,5
97,10.885538101196289,189.11143493652344,13.751779337108468,-0.0014288425,-0.45513275265693665,17,6
96,10.731644630432129,184.18128967285156,13.571340747061491,0.0254488,0.27169549465179443,17,7
144,4.823150634765625,44.38325500488281,6.662075878049034,0.75539136,1.915487289428711,18,1
143,6.499661445617676,75.50605010986328,8.689421736218312,0.5751102,2.56528377532959,18,2
142,7.877861022949219,99.67693328857422,9.983833596799089,0.43259156,1.9140379428863525,18,3
141,8.25970458984375,102.58622741699219,10.128485939023275,0.41415972,2.087366819381714,18,4
140,8.565874099731445,113.50406646728516,10.653828723387905,0.3526811,2.8463451862335205,18,5
139,8.8624906539917,112.53734588623047,10.608362073677089,0.35751724,2.0690131187438965,18,6
138,9.615591049194336,136.6716766357422,11.690666218643923,0.2207191,3.256571054458618,18,7
144,4.503764629364014,38.66725158691406,6.218299734406027,0.9190924,0.33350393176078796,19,1
143,7.5037150382995605,99.88924407958984,9.994460669770522,0.7896762,-0.13757841289043427,19,2
142,8.858111381530762,178.06063842773438,13.343936391774895,0.62374914,-1.0125614404678345,19,3
141,11.011075973510742,272.1585693359375,16.497229141159963,0.42480588,-1.6725783348083496,19,4
140,13.353785514831543,382.7239074707031,19.563330684489877,0.19243342,-1.6154736280441284,19,5
139,13.917731285095215,388.7410583496094,19.716517399115123,0.18078923,-1.797298789024353,19,6
138,14.512175559997559,403.4590148925781,20.086289226548992,0.15230954,-0.9755071997642517,19,7
144,5.239614486694336,55.81174850463867,7.470726102905839,0.9091171,1.0282087326049805,20,1
143,8.67449951171875,150.07046508789062,12.250325101314276,0.7550434,1.2471978664398193,20,2
142,11.013185501098633,264.76129150390625,16.271487071067174,0.56717485,0.5310477614402771,20,3
141,12.916402816772461,386.5920104980469,19.661943202492647,0.36815518,-0.6466047167778015,20,4
140,13.47161865234375,409.48883056640625,20.2358303651322,0.33220452,-0.36360734701156616,20,5
139,13.420637130737305,427.5635681152344,20.677610309589316,0.30360502,-2.9207491874694824,20,6
138,14.555380821228027,466.0873107910156,21.589055347351714,0.24344426,-3.6403799057006836,20,7
144,6.227936744689941,63.51060485839844,7.969354105471687,0.556477,3.5703134536743164,21,1
143,8.673773765563965,116.73284149169922,10.804297362239677,0.1737721,3.788409948348999,21,2
142,9.756574630737305,156.30030822753906,12.502012167148898,-0.11213863,4.675006866455078,21,3
141,10.13406753540039,175.8591766357422,13.261190619086289,-0.25747097,4.934779644012451,21,4
140,10.959554672241211,185.2288818359375,13.60988177156354,-0.32226467,3.4099225997924805,21,5
139,9.449074745178223,139.35482788085938,11.804864585452023,0.007373333,2.192638874053955,21,6
138,10.089282989501953,156.32666015625,12.503066030228345,-0.10791874,2.9544742107391357,21,7
143,5.213718891143799,42.773094177246094,6.540114232736772,0.5348123,2.6824498176574707,22,1
142,7.773000717163086,97.10572814941406,9.8542238735181,-0.06485987,3.9854736328125,22,2
141,7.272457599639893,85.8473129272461,9.265382503018754,0.053419888,2.411773443222046,22,3
140,8.359463691711426,112.21438598632812,10.593129187654048,-0.23747861,3.305311441421509,22,4
139,8.04153060913086,94.7573471069336,9.734338555183582,-0.04687798,3.5097007751464844,22,5
138,9.115531921386719,123.5309066772461,11.11444585560819,-0.3565998,5.09399938583374,22,6
137,9.078524589538574,118.96105194091797,10.90692678718061,-0.2971884,4.210109710693359,22,7
144,4.664542198181152,35.28968811035156,5.940512445096934,0.59787726,2.0254929065704346,23,1
143,7.041408538818359,79.13233947753906,8.895635979374328,0.06270933,2.539238691329956,23,2
142,7.597804069519043,96.41741943359375,9.819237212410837,-0.17967772,0.751814067363739,23,3
141,8.512959480285645,111.50727844238281,10.559700679582864,-0.40215325,-0.3479372262954712,23,4
140,8.567914009094238,114.33618927001953,10.692810167117882,-0.44316816,0.6417328119277954,23,5
139,8.276780128479004,115.4782485961914,10.746080615563583,-0.46581936,0.15906596183776855,23,6
138,8.9736909866333,139.34326171875,11.804374685630323,-0.7682507,1.7446415424346924,23,7
144,5.224798202514648,43.39992904663086,6.587862251643613,0.55526006,2.861941337585449,24,1
143,8.025077819824219,102.01693725585938,10.100343422669319,-0.066313505,4.846899032592773,24,2
142,8.937180519104004,128.8184814453125,11.349822969778538,-0.36112893,3.7091424465179443,24,3
141,10.051647186279297,158.3397674560547,12.583313055632633,-0.6860131,4.103921890258789,24,4
140,8.482966423034668,116.18551635742188,10.778938554302176,-0.23679554,2.278409957885742,24,5
139,9.044633865356445,117.57605743408203,10.843249394627149,-0.25326872,2.927255868911743,24,6
138,9.332059860229492,125.64476013183594,11.209137350029927,-0.33195174,2.8662948608398438,24,7
144,5.322393417358398,48.98811340332031,6.9991509058828205,0.5772803,0.9321167469024658,25,1
143,10.360991477966309,152.44967651367188,12.347051328704836,-0.34217477,6.617236614227295,25,2
142,7.810894966125488,111.2137680053711,10.545793853730078,0.0052633286,-2.0931758880615234,25,3
141,7.921788215637207,114.70866394042969,10.710213066994964,-0.03619039,-1.7326956987380981,25,4
140,8.135028839111328,112.04621124267578,10.585188295097815,-0.011651993,0.2301277220249176,25,5
139,9.171683311462402,126.9955062866211,11.269228291530041,-0.14746523,3.0079195499420166,25,6
138,12.612561225891113,228.9745635986328,15.131905484724415,-1.0584252,7.815927028656006,25,7
144,5.41247034072876,46.79506301879883,6.840691706165308,0.6982604,1.9815245866775513,26,1
143,8.663613319396973,112.37377166748047,10.600649587052695,0.26693916,2.0619099140167236,26,2
142,8.709256172180176,115.70067596435547,10.756424869088962,0.2420538,1.5859249830245972,26,3
141,8.758305549621582,121.57029724121094,11.025892129039306,0.20137197,-1.2495143413543701,26,4
140,9.736265182495117,141.36634826660156,11.889758124814884,0.071546495,1.641032338142395,26,5
139,9.375328063964844,128.12290954589844,11.319139081480465,0.1594544,0.47070103883743286,26,6
138,8.774250030517578,114.87781524658203,10.718106887253086,0.25079393,0.566973865032196,26,7
144,5.597359657287598,52.10051345825195,7.218068540700618,0.65686095,2.06020450592041,28,1
143,7.325156211853027,80.55752563476562,8.975384428244041,0.4665904,0.6263628602027893,28,2
142,8.6522855758667,107.31172943115234,10.359137484904442,0.28858835,1.4852238893508911,28,3
141,9.49521541595459,124.30397033691406,11.14916904244052,0.17666745,3.1596105098724365,28,4
140,8.665672302246094,114.53929901123047,10.70230344417642,0.24425036,1.2804380655288696,28,5
139,8.484841346740723,129.2884063720703,11.370505985754122,0.14965707,-3.8057992458343506,28,6
138,9.189484596252441,130.91168212890625,11.441664307648002,0.14435142,-1.170660376548767,28,7
79,5.331099510192871,47.67048645019531,6.904381684857473,0.5479131,-0.8363420367240906,29,1
74,7.737164497375488,99.53241729736328,9.976593471589553,0.07028371,0.26292887330055237,29,2
69,7.354119300842285,97.07273864746094,9.852549855111667,0.13768089,0.4356597363948822,29,3
64,8.330741882324219,104.32688903808594,10.214053506717397,0.11294812,2.6052603721618652,29,4
59,7.812714099884033,96.79257202148438,9.838321605918582,0.18084222,1.1814056634902954,29,5
55,8.483674049377441,104.67298126220703,10.230981441787833,0.05866891,1.8430095911026,29,6
51,9.332353591918945,127.66165924072266,11.298745914512931,-0.31039214,4.376144886016846,29,7
144,4.926289081573486,38.708351135253906,6.221603582297244,0.4917708,2.4628310203552246,30,1
143,7.71340274810791,92.04957580566406,9.594247016085424,-0.234187,5.149959564208984,30,2
142,7.876138210296631,94.24012756347656,9.707735449808908,-0.27673542,5.260082721710205,30,3
141,8.199703216552734,98.81629943847656,9.940638784226925,-0.348014,4.905126094818115,30,4
140,8.955018997192383,116.78404235839844,10.80666657015004,-0.5976318,5.380661487579346,30,5
139,8.561957359313965,104.4321060180664,10.219202807365475,-0.4321282,4.158473968505859,30,6
138,8.04714298248291,95.67367553710938,9.781292120017138,-0.3064698,2.4851560592651367,30,7
144,5.546586990356445,47.41297912597656,6.885708324201408,0.500759,3.9391491413116455,31,1
143,6.73953914642334,73.75218200683594,8.5879090590688,0.22100294,4.093349456787109,31,2
142,7.347866058349609,83.89753723144531,9.159559881972786,0.110302866,3.3574512004852295,31,3
141,7.649332523345947,89.42698669433594,9.456584303771416,0.047495723,3.0817553997039795,31,4
140,7.954459190368652,92.64278411865234,9.625112161354398,0.015313029,2.4243836402893066,31,5
139,8.01097583770752,92.14911651611328,9.599433135144663,0.021475613,2.7985188961029053,31,6
138,7.963497638702393,96.32019805908203,9.814285407459986,-0.01760006,0.5857912302017212,31,7
144,6.160017013549805,62.86907958984375,7.929002433461838,0.59786403,2.2255146503448486,32,1
143,9.830219268798828,134.71839904785156,11.606825537064454,0.13139755,4.856538772583008,32,2
142,10.19461441040039,145.67459106445312,12.069572944576503,0.060649514,3.828042507171631,32,3
141,10.671660423278809,161.15904235839844,12.69484314036209,-0.036818147,4.308141708374023,32,4
140,11.918009757995605,213.13833618164062,14.599258069560953,-0.3650012,4.283693790435791,32,5
139,11.07916259765625,174.6581268310547,13.215828647158478,-0.113847256,3.1252670288085938,32,6
138,11.018829345703125,174.64382934570312,13.21528771331533,-0.10623729,3.199476718902588,32,7
144,6.027193546295166,59.738037109375,7.729038563066884,0.65754247,2.0664525032043457,33,1
143,8.259200096130371,100.61711883544922,10.030808483639253,0.42153817,1.2627636194229126,33,2
142,9.298810958862305,124.93675994873047,11.177511348629016,0.28278494,1.0444597005844116,33,3
141,9.61999225616455,137.5540771484375,11.728345030243505,0.2125256,0.9180102944374084,33,4
140,8.54948902130127,120.70915222167969,10.986771692434484,0.31218863,-0.49033039808273315,33,5
139,9.654267311096191,141.40481567382812,11.891375684664416,0.19697678,1.1820883750915527,33,6
138,9.412755012512207,135.1773681640625,11.6265802437373,0.2375052,-0.2599923312664032,33,7
144,5.446778774261475,47.00363540649414,6.855919734542852,0.61718,0.8105638027191162,34,1
143,7.509291648864746,90.82231903076172,9.53007445043121,0.25257975,0.8616539835929871,34,2
142,7.557330131530762,96.08744049072266,9.802420134371035,0.20769417,-0.16346192359924316,34,3
141,8.325566291809082,106.72039794921875,10.330556516917119,0.12174243,1.975867509841919,34,4
140,8.115487098693848,109.25399780273438,10.452463719273766,0.10447502,1.930336594581604,34,5
139,8.683547973632812,110.51722717285156,10.512717401930463,0.09667808,1.5718342065811157,34,6
138,9.325634002685547,124.41712188720703,11.154242326899977,-0.010714412,1.0647801160812378,34,7
144,5.45723295211792,50.50802993774414,7.106900163766489,0.6574372,-0.4782383143901825,35,1
143,7.845314025878906,98.96784973144531,9.94825862809393,0.32728362,-0.6192461848258972,35,2
142,8.175055503845215,110.89915466308594,10.530866757446223,0.24773431,-2.0516481399536133,35,3
141,8.905485153198242,126.41146087646484,11.243285146097863,0.14765012,-1.3682998418807983,35,4
140,9.587565422058105,149.9441375732422,12.245167927523173,-0.00397861,-2.0573246479034424,35,5
139,9.789471626281738,156.22723388671875,12.499089322295395,-0.039331317,-3.303215742111206,35,6
138,9.998706817626953,178.52450561523438,13.36130628401409,-0.17944336,-5.3289971351623535,35,7
129,6.198909282684326,66.96096801757812,8.182968166721542,0.6147078,-2.1262288093566895,36,1
127,9.290755271911621,153.099609375,12.373342692053752,0.118175626,-4.98006534576416,36,2
125,8.764701843261719,133.09422302246094,11.536646957520237,0.23389232,-2.392571449279785,36,3
123,9.264752388000488,149.15673828125,12.21297417835844,0.14125198,-2.254356622695923,36,4
121,9.348457336425781,159.96096801757812,12.647567671990458,0.078992784,-3.3004262447357178,36,5
119,9.045973777770996,154.4200439453125,12.426586174219873,0.11372399,-3.4211251735687256,36,6
117,9.527496337890625,160.35508728027344,12.663138918936072,0.08018249,-2.591466188430786,36,7
144,6.579995155334473,74.03709411621094,8.604481048628728,0.5803039,4.146431922912598,37,1
143,10.570470809936523,174.10650634765625,13.194942453366602,0.011955619,7.122374057769775,37,2
142,10.607418060302734,163.67636108398438,12.793606257970595,0.0746547,5.8396172523498535,37,3
141,9.47366714477539,140.34768676757812,11.846842902966939,0.2098862,1.7507997751235962,37,4
140,11.856021881103516,217.98846435546875,14.764432408848934,-0.22048175,6.142914295196533,37,5
139,11.57901382446289,186.8897705078125,13.670763347663234,-0.04166305,4.38176155090332,37,6
138,11.872381210327148,202.45556640625,14.22868814776155,-0.12058592,3.789454698562622,37,7
144,5.0128912925720215,41.02577590942383,6.405136681556751,0.75026995,-1.010844349861145,38,1
143,7.929886341094971,104.74287414550781,10.234396618536328,0.35698986,-1.8021886348724365,38,2
142,8.04328727722168,121.38121795654297,11.017314462088434,0.2532003,-1.7557225227355957,38,3
141,9.16471004486084,130.82852172851562,11.43802962614259,0.19685787,-1.398485541343689,38,4
140,7.8378801345825195,116.31119537353516,10.784766820545318,0.28814894,-0.9621734619140625,38,5
139,8.247451782226562,117.17105865478516,10.824558127461147,0.2818755,-0.6646749973297119,38,6
138,8.52735424041748,123.54264068603516,11.114973715040227,0.24669927,-2.93570876121521,38,7
144,4.224187850952148,28.91963768005371,5.377698176734514,0.7087951,-0.10478176176548004,39,1
143,6.554835319519043,73.65647888183594,8.58233528136928,0.2517767,-1.0943641662597656,39,2
142,6.448477745056152,77.30644226074219,8.79240821736242,0.21521342,-1.7981494665145874,39,3
141,6.913424968719482,77.59619903564453,8.80887047445043,0.21478546,-1.1139576435089111,39,4
140,7.754846096038818,89.34197235107422,9.45208825345353,0.10043758,0.42614397406578064,39,5
139,7.453808307647705,80.69160461425781,8.982850583988236,0.18975598,0.001871671644039452,39,6
138,8.410197257995605,101.63841247558594,10.081587795361697,-0.013808727,1.2886662483215332,39,7
144,4.043509006500244,32.886016845703125,5.734633104715865,0.45669347,1.0753403902053833,40,1
143,5.996364116668701,60.37386703491211,7.770062228509635,-0.010693669,0.5189655423164368,40,2
142,7.05653715133667,78.30855560302734,8.849212145893404,-0.310768,1.4985095262527466,40,3
141,6.864959239959717,75.79531860351562,8.70605068923422,-0.26374555,1.1819558143615723,40,4
140,6.836136817932129,74.01053619384766,8.60293764907358,-0.22661483,0.711270272731781,40,5
139,6.942063808441162,76.47895050048828,8.745224439686398,-0.263394,0.7606427073478699,40,6
138,7.856863021850586,94.34615325927734,9.713194801880448,-0.5551796,1.2032079696655273,40,7
144,4.318920135498047,31.465938568115234,5.609450825893319,0.5197793,0.05023834481835365,41,1
143,6.3592000007629395,63.36620330810547,7.960289147267545,0.020307302,1.0288501977920532,41,2
142,6.770514488220215,75.69032287597656,8.700018556070818,-0.16974247,1.7427387237548828,41,3
141,7.806641578674316,94.61051940917969,9.726793891574946,-0.45643663,2.28421688079834,41,4
140,7.403542518615723,82.17672729492188,9.0651380185258,-0.25737894,1.4591038227081299,41,5
139,7.298750877380371,82.2669448852539,9.07011272726276,-0.25544846,1.6322546005249023,41,6
138,7.89807653427124,89.02547454833984,9.435331183818608,-0.35485387,2.251816511154175,41,7
144,5.7987060546875,53.17579650878906,7.292173647739682,0.5094017,1.1381583213806152,43,1
143,7.504332065582275,86.52752685546875,9.30201735407265,0.19096309,0.9195552468299866,43,2
142,8.515888214111328,107.27368927001953,10.357301254188734,-0.01177609,1.800699234008789,43,3
141,8.919577598571777,123.22418212890625,11.100638816253156,-0.16069186,1.609858512878418,43,4
140,9.80280590057373,133.80323791503906,11.567334953006204,-0.25447237,3.1173765659332275,43,5
139,8.935599327087402,110.93889617919922,10.532753494656523,-0.039140105,2.145364999771118,43,6
138,9.809564590454102,131.5895233154297,11.47124767910752,-0.23040998,3.111621856689453,43,7
144,5.202892303466797,44.05144119262695,6.637125973840406,0.697798,-0.3313380479812622,44,1
143,7.358944892883301,95.9644546508789,9.79614488719307,0.33772492,-0.6774988770484924,44,2
142,7.9844865798950195,111.64973449707031,10.566443796144014,0.22914451,-0.6549086570739746,44,3
141,9.250164031982422,136.1466827392578,11.668191065424743,0.06367928,2.2157962322235107,44,4
140,8.89643383026123,139.61917114257812,11.816055650790501,0.04511094,-2.4771230220794678,44,5
139,9.225619316101074,134.74305725097656,11.607887717021411,0.082365334,-1.0993130207061768,44,6
138,8.828338623046875,131.861328125,11.48308878851853,0.10764748,-2.1410586833953857,44,7
144,5.096065998077393,41.84693145751953,6.468920424423192,0.38961595,1.6146035194396973,45,1
143,7.325973987579346,89.47620391845703,9.459186218616114,-0.32751966,3.2053205966949463,45,2
142,7.455347061157227,91.93873596191406,9.588468906030517,-0.37096703,2.297653913497925,45,3
141,8.222823143005371,114.517578125,10.701288619834529,-0.7137791,3.7409703731536865,45,4
140,8.244656562805176,105.67147064208984,10.27966296344826,-0.5836319,3.2335636615753174,45,5
139,8.256662368774414,113.23844909667969,10.641355604277102,-0.70420253,3.238482713699341,45,6
138,6.958797931671143,75.1175308227539,8.667037026732602,-0.12544239,1.1538094282150269,45,7
144,3.021103620529175,15.400288581848145,3.924320142629567,0.28257102,0.8113654255867004,48,1
143,4.204932689666748,28.138442993164062,5.30456812503752,-0.34465384,1.7370834350585938,48,2
142,5.036405086517334,38.633609771728516,6.215594080353745,-0.87438273,2.4015417098999023,48,3
141,5.044483661651611,40.07786178588867,6.330707842405039,-0.937183,2.3825178146362305,48,4
140,5.292823791503906,42.6893424987793,6.533708173677433,-1.0534601,2.629312753677368,48,5
139,5.0348286628723145,36.85197067260742,6.070582399787307,-0.7616763,1.9566760063171387,48,6
138,4.567681789398193,30.74707794189453,5.54500477383875,-0.46071327,1.2419151067733765,48,7
144,3.7238316535949707,24.443519592285156,4.94403879356596,0.12204105,0.23524294793605804,50,1
143,4.769155025482178,36.814056396484375,6.067458808799972,-0.35127187,0.6205427050590515,50,2
142,5.029958724975586,40.88842010498047,6.394405375402819,-0.5055175,1.3824273347854614,50,3
141,5.334986209869385,44.198707580566406,6.648210855603664,-0.6189102,2.5542235374450684,50,4
140,5.166516304016113,42.51207733154297,6.520128628450743,-0.5503682,1.8123971223831177,50,5
139,5.416468620300293,45.71622085571289,6.76137714195214,-0.65547466,2.1740269660949707,50,6
138,6.314511775970459,61.428245544433594,7.837617338479443,-1.2091637,3.185471534729004,50,7
144,3.3092150688171387,18.05248260498047,4.2488213194932625,0.15260875,0.9837167263031006,51,1
143,4.313302040100098,30.56580924987793,5.528635387677318,-0.4498483,1.5736677646636963,51,2
142,4.600052833557129,32.31865692138672,5.684950036841724,-0.54051054,1.7119113206863403,51,3
141,4.570425033569336,31.157514572143555,5.581891666105994,-0.4751315,1.685132622718811,51,4
140,5.058483123779297,35.48168182373047,5.956650218346757,-0.66877496,2.0735955238342285,51,5
139,4.680730819702148,30.657569885253906,5.5369278381837255,-0.43957603,1.980875849723816,51,6
138,4.686686038970947,30.683225631713867,5.539244139024192,-0.43102348,2.2979979515075684,51,7
144,2.85017728805542,12.598090171813965,3.5493788430955022,0.2767113,1.1345356702804565,52,1
143,3.7533175945281982,21.70456314086914,4.658815637140961,-0.26643503,1.8882811069488525,52,2
142,4.0525898933410645,23.911123275756836,4.889900129425635,-0.40304112,1.831120491027832,52,3
141,4.220573902130127,26.760873794555664,5.173091318984778,-0.5592536,2.1297800540924072,52,4
140,3.788398027420044,22.10883140563965,4.702002914252569,-0.2982092,1.6862579584121704,52,5
139,3.947983503341675,22.84039306640625,4.779162381255344,-0.34501505,1.6493884325027466,52,6
138,4.3803486824035645,29.602890014648438,5.440853794639995,-0.7482556,2.4064316749572754,52,7
72,2.9024546146392822,13.3136568069458,3.648788402599663,0.13817734,0.4708693325519562,53,1
67,3.631359815597534,20.67884635925293,4.547399955936681,-0.34598207,0.9529520273208618,53,2
62,3.55981183052063,20.946523666381836,4.57673722933509,-0.5345255,1.2875727415084839,53,3
58,4.918340682983398,34.693172454833984,5.890091039604904,-1.4583702,2.9553334712982178,53,4
54,4.635721683502197,30.595483779907227,5.53131844860764,-1.0513029,2.447465658187866,53,5
51,4.386430263519287,30.397714614868164,5.513412247861406,-0.97010267,2.376232385635376,53,6
48,4.446830749511719,29.865514755249023,5.464935018392169,-0.8434646,2.4777889251708984,53,7
144,3.3582096099853516,19.570735931396484,4.423882449997568,0.3760233,0.5304009914398193,54,1
143,4.395217418670654,31.217647552490234,5.5872755035428705,-0.018553615,1.1997874975204468,54,2
142,5.515082359313965,46.920284271240234,6.849838266064406,-0.5672332,2.22119402885437,54,3
141,5.930916786193848,55.640193939208984,7.459235479538703,-0.8761678,2.6083734035491943,54,4
140,5.447953701019287,46.877586364746094,6.846720847584345,-0.6045015,1.077489972114563,54,5
139,4.964463710784912,42.478797912597656,6.5175760764718085,-0.45262182,0.11451885849237442,54,6
138,5.4552001953125,47.70793533325195,6.907093117459178,-0.6295068,0.7078548073768616,54,7
144,2.5011301040649414,10.056690216064453,3.1712285026570464,0.38920003,0.7543274760246277,55,1
143,3.4077205657958984,17.97426986694336,4.239607277442494,-0.11696184,1.1909865140914917,55,2
142,3.809783935546875,21.347700119018555,4.620357141933787,-0.35037315,1.1452730894088745,55,3
141,4.023957252502441,24.139860153198242,4.913233166988744,-0.52498174,1.0792453289031982,55,4
140,3.8114023208618164,22.049358367919922,4.695674431635984,-0.39458513,1.0158443450927734,55,5
139,4.298527717590332,26.925233840942383,5.188953058271233,-0.69091594,2.0128612518310547,55,6
138,4.308477878570557,27.484983444213867,5.242612272924049,-0.71476734,1.8808006048202515,55,7
144,5.420270919799805,43.311309814453125,6.581132867102223,0.44271803,3.002814769744873,56,1
143,8.552361488342285,108.35430908203125,10.409337590933982,-0.4205855,5.426942348480225,56,2
142,8.803126335144043,113.40949249267578,10.649389301395447,-0.4973042,5.4658613204956055,56,3
141,8.96768856048584,116.47051239013672,10.792150498864288,-0.5460483,4.723795413970947,56,4
140,8.709092140197754,112.87893676757812,10.624449951295272,-0.5014088,4.560032367706299,56,5
139,8.463896751403809,102.93980407714844,10.145925491405327,-0.37461865,4.078760623931885,56,6
138,7.110223293304443,77.9373779296875,8.828214877861067,-0.03568721,0.6282146573066711,56,7
144,4.937805652618408,38.17090606689453,6.178260763912004,0.53231287,1.5749626159667969,57,1
143,7.125543594360352,81.61354064941406,9.034021288961746,-0.019309402,3.4718055725097656,57,2
142,8.093705177307129,99.96996307373047,9.998498040892466,-0.25619757,4.310719013214111,57,3
141,7.685281276702881,93.55659484863281,9.672465810155796,-0.18130696,3.5608465671539307,57,4
140,8.230016708374023,105.0155029296875,10.24770720354985,-0.3248173,3.975963830947876,57,5
139,7.499538898468018,85.53746032714844,9.248646405131318,-0.0801785,3.0192697048187256,57,6
138,8.152353286743164,98.31422424316406,9.915352956055779,-0.23312747,3.007887125015259,57,7
144,4.205118179321289,27.943763732910156,5.286186123559229,0.5924264,1.2183351516723633,58,1
143,6.125511169433594,60.478858947753906,7.776815476000052,0.098429024,1.4361190795898438,58,2
142,6.741464138031006,79.99225616455078,8.943839005961074,-0.2005068,1.7260063886642456,58,3
141,6.941675186157227,79.2046890258789,8.899701625665823,-0.19208264,1.959564447402954,58,4
140,7.174967288970947,82.27424621582031,9.070515212258911,-0.23502696,1.3076519966125488,58,5
139,7.245791435241699,78.4647445678711,8.858032770760735,-0.18179047,0.5888949632644653,58,6
138,7.077136993408203,80.56915283203125,8.976032131851538,-0.20497382,-0.8897217512130737,58,7
144,5.581432342529297,52.31941223144531,7.233215898301759,0.6887187,0.530420184135437,59,1
143,8.671513557434082,118.74832153320312,10.89717034524115,0.29106218,0.6890096664428711,59,2
142,9.675580024719238,143.7884063720703,11.991180357749203,0.14423859,0.9483748078346252,59,3
141,10.012887954711914,154.64898681640625,12.435794579213917,0.08340728,0.6525300145149231,59,4
140,9.944504737854004,150.26358032226562,12.25820461251425,0.115442514,0.03479984775185585,59,5
139,9.79259204864502,151.0779571533203,12.291377349724494,0.11435515,-0.02588527277112007,59,6
138,9.801840782165527,156.13516235351562,12.495405649818482,0.084573686,-2.2606613636016846,59,7
144,4.957418441772461,39.48283004760742,6.283536428445961,0.71325403,0.5664687752723694,60,1
143,7.552785396575928,86.62222290039062,9.307106043254832,0.36570722,-1.2509994506835938,60,2
142,8.748085975646973,120.253173828125,10.966000812881832,0.11989272,-2.127174139022827,60,3
141,9.198898315429688,132.82159423828125,11.524825128316753,0.028978944,-2.2748372554779053,60,4
140,9.159964561462402,122.12600708007812,11.051063617592568,0.10941255,-2.840909957885742,60,5
139,9.10820198059082,127.0985107421875,11.27379752976731,0.07468891,-2.40763783454895,60,6
138,8.995719909667969,121.64826965332031,11.02942743995899,0.12053776,-2.1797454357147217,60,7
144,5.191877365112305,42.90096664428711,6.549882948899706,0.71851003,0.5874955654144287,61,1
143,7.806870460510254,100.8169937133789,10.040766589926235,0.33325064,0.49977922439575195,61,2
142,8.6735258102417,127.92009735107422,11.310176716173546,0.15461773,0.30505871772766113,61,3
141,8.766493797302246,133.671142578125,11.56162369990154,0.117587864,-0.14146926999092102,61,4
140,9.753973960876465,153.50717163085938,12.389801113450504,-0.011164069,0.5766506195068359,61,5
139,8.569899559020996,121.82416534423828,11.03739848624839,0.19884562,-0.27278658747673035,61,6
138,9.256013870239258,131.67852783203125,11.475126484358734,0.13992018,0.13118907809257507,61,7
129,5.125669479370117,40.00319290161133,6.324807736335653,0.62616765,2.2147634029388428,62,1
127,8.182943344116211,111.40131378173828,10.554682078667186,-0.057154775,3.709129571914673,62,2
125,8.668710708618164,125.78467559814453,11.215376747936046,-0.18896687,3.3134946823120117,62,3
123,8.01901626586914,105.807861328125,10.286294829924184,0.0038062334,1.7401689291000366,62,4
122,8.421853065490723,106.62337493896484,10.325859525432488,0.0021692514,2.8097758293151855,62,5
121,8.785189628601074,107.88628387451172,10.386832234830392,-0.0047849417,2.1673548221588135,62,6
120,8.616827964782715,108.32495880126953,10.407927690048078,-0.007106781,0.9967483282089233,62,7
144,3.4665682315826416,19.424739837646484,4.407350659710035,0.1631614,1.1508406400680542,63,1
143,4.857466220855713,34.0726318359375,5.837176700763607,-0.47873402,2.768303394317627,63,2
142,5.315308570861816,39.23640441894531,6.263896903601249,-0.71266186,3.2056634426116943,63,3
141,5.593953609466553,41.2670783996582,6.423945703355392,-0.78864944,3.6381380558013916,63,4
140,5.337403297424316,39.45718765258789,6.281495654108812,-0.6981015,3.3266396522521973,63,5
139,5.174610614776611,39.693702697753906,6.300293858047726,-0.6999365,3.005716562271118,63,6
138,5.324404716491699,41.58984375,6.44901882071994,-0.7683921,3.2098867893218994,63,7
144,3.642104148864746,24.831247329711914,4.983096158987093,0.31010616,0.18249495327472687,64,1
143,4.753436088562012,39.140316009521484,6.256222183516302,-0.10527384,-0.37115025520324707,64,2
142,4.917342185974121,42.695106506347656,6.5341492565098065,-0.21011436,-0.9803351759910583,64,3
141,5.392017841339111,48.94044876098633,6.995745046882878,-0.3858658,-0.07883042097091675,64,4
140,5.1762824058532715,44.09151840209961,6.640144456418069,-0.2449491,-0.46518582105636597,64,5
139,5.2701334953308105,44.19730758666992,6.648105563742947,-0.24258578,0.08344576507806778,64,6
138,4.9395952224731445,40.32468795776367,6.350172277801892,-0.1266129,0.12127381563186646,64,7
129,3.242060661315918,20.7556095123291,4.555832471934092,0.03316039,-2.3880794048309326,65,1
127,3.8279731273651123,29.390209197998047,5.421273761580211,-0.38532805,-3.061161994934082,65,2
125,4.215636253356934,33.7136116027832,5.806342360107885,-0.5888933,-3.626598834991455,65,3
123,4.21535587310791,33.56148147583008,5.793227207337036,-0.57777107,-3.623408317565918,65,4
121,4.329759120941162,35.17457962036133,5.930816100703286,-0.67227745,-3.8766705989837646,65,5
119,4.362499713897705,35.150325775146484,5.9287710172637365,-0.6565449,-3.8170721530914307,65,6
117,4.781294822692871,40.212791442871094,6.341355647089279,-0.87372506,-4.403514385223389,65,7
144,3.0726842880249023,16.824377059936523,4.101752925267016,0.23652029,0.4632479250431061,67,1
143,3.7606072425842285,24.511754989624023,4.950934759176698,-0.1311537,1.045548439025879,67,2
142,4.0668816566467285,27.220735549926758,5.217349475540886,-0.27334917,1.1780065298080444,67,3
141,4.840706825256348,36.27131652832031,6.02256727055168,-0.68777966,2.758861780166626,67,4
140,4.391698360443115,29.84326934814453,5.4628993536531985,-0.38080978,1.4820798635482788,67,5
139,4.2428507804870605,29.069002151489258,5.3915676895954165,-0.3354838,1.310292363166809,67,6
138,4.354043960571289,32.51370620727539,5.702079112681215,-0.49155307,1.0601028203964233,67,7
144,2.958373546600342,15.600926399230957,3.9498008050066216,0.174878,0.6617951989173889,68,1
143,3.865229368209839,24.56447410583496,4.956256057331477,-0.31838214,1.3077284097671509,68,2
142,4.035491466522217,25.45522117614746,5.045316756770328,-0.38901818,1.2189847230911255,68,3
141,4.4599761962890625,30.702646255493164,5.540996864779221,-0.6694869,1.2128146886825562,68,4
140,3.995684862136841,25.42097282409668,5.041921540850936,-0.37279344,1.2637684345245361,68,5
139,4.143024444580078,26.57463264465332,5.15505893706884,-0.424855,1.6316020488739014,68,6
138,4.245301246643066,28.11728858947754,5.302573770300375,-0.49762142,1.586962342262268,68,7
144,2.3039464950561523,9.60860824584961,3.099775515396173,0.22099978,0.9605820775032043,69,1
143,2.8425188064575195,13.495857238769531,3.6736708125211126,-0.11977303,1.3002287149429321,69,2
142,3.059000015258789,15.878706932067871,3.9848095226833453,-0.33614886,1.1538335084915161,69,3
141,3.1324379444122314,16.018754959106445,4.0023436832818895,-0.3427186,1.5934427976608276,69,4
140,3.3096933364868164,17.130903244018555,4.138949533881581,-0.4339049,1.6573585271835327,69,5
139,3.3897080421447754,18.218461990356445,4.268309031731002,-0.51422846,1.7681670188903809,69,6
138,3.31837797164917,17.90062141418457,4.2309125982682,-0.4784212,1.6057305335998535,69,7
144,5.852373123168945,51.23630142211914,7.157953717517258,0.6354072,1.9309052228927612,70,1
143,7.741786479949951,94.18284606933594,9.704784699792981,0.3229404,1.54964017868042,70,2
142,8.513948440551758,118.35987091064453,10.879332282389601,0.15043795,0.08206886053085327,70,3
141,9.741347312927246,144.8150177001953,12.033911155571795,-0.036293387,-1.0725113153457642,70,4
140,9.520715713500977,137.2209930419922,11.714136461642923,0.021487355,0.0429820753633976,70,5
139,9.25294303894043,132.1315460205078,11.49484867323219,0.057729065,-0.724436342716217,70,6
138,9.308917045593262,136.7965087890625,11.696003966700015,0.031260073,-1.800424575805664,70,7
144,6.3054704666137695,64.49140167236328,8.030653875766486,0.70371926,1.3511229753494263,71,1
143,9.85619068145752,131.00277709960938,11.445644459776364,0.39725417,1.0470942258834839,71,2
142,11.146111488342285,175.94131469726562,13.264287191450041,0.19419712,0.08477922528982162,71,3
141,11.429730415344238,188.8440704345703,13.74205481121984,0.13930374,0.027788635343313217,71,4
140,11.491436004638672,192.66943359375,13.880541545406288,0.12731534,0.19782540202140808,71,5
139,11.729650497436523,189.0986328125,13.751313857682836,0.14810175,-0.6192418336868286,71,6
138,11.86329174041748,189.3121337890625,13.759074597844961,0.15205187,-0.3288573622703552,71,7
144,6.501156806945801,65.78614807128906,8.110866049398735,0.6874023,1.7246413230895996,72,1
143,10.512263298034668,154.75933837890625,12.44023064010094,0.26384026,1.8418959379196167,72,2
142,10.70578670501709,161.43650817871094,12.705766729273403,0.23570198,0.5256921648979187,72,3
141,11.454257011413574,189.34507751464844,13.760271709332212,0.10801482,0.27556416392326355,72,4
140,10.905906677246094,167.4849853515625,12.941599026069479,0.21590883,0.21672047674655914,72,5
139,10.965813636779785,168.82806396484375,12.993385392762109,0.2138415,-0.21967211365699768,72,6
138,11.607495307922363,196.80650329589844,14.028774119498056,0.08889067,-1.1844907999038696,72,7
144,6.038219928741455,51.89939880371094,7.204123736007797,0.6840348,2.405747175216675,73,1
143,8.470723152160645,103.20567321777344,10.159019303937434,0.37449783,3.1423287391662598,73,2
142,9.216314315795898,127.8775863647461,11.308297235426123,0.22965515,3.3430299758911133,73,3
141,9.581254005432129,141.20899963378906,11.883139300445361,0.15356809,2.645458698272705,73,4
140,9.230864524841309,130.2703399658203,11.413603285808575,0.2243393,2.6447997093200684,73,5
139,10.082298278808594,152.29994201660156,12.340986265959522,0.09963393,2.4545600414276123,73,6
138,11.103642463684082,191.81382751464844,13.849686910347412,-0.1289072,3.9741945266723633,73,7
144,6.5294342041015625,70.98393249511719,8.425196288224814,0.7308861,1.2908140420913696,74,1
143,10.061827659606934,159.2558135986328,12.619659805186224,0.3938952,1.228452444076538,74,2
142,11.897133827209473,213.53306579589844,14.612770640638223,0.18799973,1.227932095527649,74,3
141,11.996689796447754,221.19049072265625,14.872474263640743,0.16177994,0.7705071568489075,74,4
140,12.70367431640625,260.4944763183594,16.139841273022462,0.017527044,-0.21654966473579407,74,5
139,11.953863143920898,221.92291259765625,14.897077317301413,0.16663605,0.3669235408306122,74,6
138,10.968683242797852,189.60113525390625,13.769572805788357,0.29267442,-0.5486770272254944,74,7
144,6.273309230804443,63.30654525756836,7.956541036001031,0.7905154,1.7484629154205322,75,1
143,11.220561027526855,201.2155303955078,14.18504601316146,0.331645,1.7357016801834106,75,2
142,11.975494384765625,218.98709106445312,14.79821242800809,0.27305782,1.3954393863677979,75,3
141,12.151857376098633,215.94456481933594,14.695052392534569,0.28560436,3.5283775329589844,75,4
140,13.768499374389648,306.16094970703125,17.497455520933073,-0.008110285,3.1680777072906494,75,5
139,13.054841041564941,288.1288757324219,16.974359361472878,0.05534953,2.53543758392334,75,6
138,13.283635139465332,282.2784118652344,16.80114317138076,0.08056742,0.6909175515174866,75,7
144,5.721918106079102,53.00172424316406,7.280228309824086,0.70963687,2.066805601119995,76,1
143,9.236634254455566,138.576416015625,11.771848453646735,0.23727405,0.40193137526512146,76,2
142,10.425924301147461,187.41554260253906,13.689979642152105,-0.033874154,-0.4156985580921173,76,3
141,10.000371932983398,174.44265747070312,13.20767418854293,0.038585544,-1.667804479598999,76,4
140,10.34633731842041,173.76417541503906,13.181964019638313,0.046937108,-2.4373464584350586,76,5
139,10.396883964538574,174.95907592773438,13.227209680342048,0.043060303,-0.7822067141532898,76,6
138,10.189045906066895,173.11993408203125,13.157504857762024,0.059437275,-1.4632673263549805,76,7
144,4.670139312744141,34.645774841308594,5.886066160119897,0.84590983,0.03517792001366615,77,1
143,7.153708457946777,84.90882873535156,9.214598674676589,0.6198746,-0.370352566242218,77,2
142,9.140162467956543,132.2749481201172,11.501084649724007,0.4071588,-1.211092472076416,77,3
141,10.268669128417969,161.32708740234375,12.701460050023531,0.27949882,-0.9772363901138306,77,4
140,9.621374130249023,152.7564239501953,12.359466976783235,0.3209988,-0.9057561159133911,77,5
139,10.275700569152832,157.23016357421875,12.539145248948142,0.30351496,1.8674254417419434,77,6
138,10.459136009216309,161.68264770507812,12.715449174334273,0.2875815,2.1144258975982666,77,7
129,10.013738632202148,170.29818725585938,13.049834759714752,0.318698,-7.85448694229126,78,1
127,8.65140438079834,117.19857788085938,10.82582920061366,0.5313686,-2.9289157390594482,78,2
125,9.140807151794434,127.01880645751953,11.270262040321846,0.49464285,2.2709646224975586,78,3
123,9.514436721801758,141.96072387695312,11.914727184327518,0.4358557,0.699670672416687,78,4
121,10.308666229248047,163.811279296875,12.798878048363262,0.3545671,0.30830129981040955,78,5
119,13.383597373962402,280.9764099121094,16.762350966141636,-0.09997809,8.888786315917969,78,6
117,12.77538013458252,254.6610870361328,15.95810411784974,0.01092118,9.225007057189941,78,7
144,5.424283981323242,47.68759536743164,6.905620563528787,0.7582269,3.0968375205993652,79,1
143,7.783213138580322,86.03651428222656,9.275587004725176,0.56295526,2.6740188598632812,79,2
142,8.136982917785645,96.68355560302734,9.832779647842585,0.5073608,1.7968565225601196,79,3
141,8.68542766571045,117.05274963378906,10.819091904304587,0.40276664,-0.8929974436759949,79,4
140,9.32468032836914,134.8319549560547,11.61171627951935,0.31412607,0.40356358885765076,79,5
139,9.762161254882812,141.20516967773438,11.882978148500248,0.2852674,0.8457744717597961,79,6
138,9.433701515197754,139.39707946777344,11.806654033542841,0.29878533,-0.35651126503944397,79,7
144,5.093915939331055,43.43795394897461,6.59074760167423,0.7467332,1.4398573637008667,80,1
143,7.895748615264893,89.16423797607422,9.442681715279521,0.47784144,0.9981676936149597,80,2
142,8.315411567687988,102.50904846191406,10.124675227478365,0.39684635,0.04881872236728668,80,3
141,8.653613090515137,107.21517944335938,10.354476299811564,0.36945677,1.4333398342132568,80,4
140,9.309017181396484,128.148193359375,11.3202558875396,0.25087154,-0.24230776727199554,80,5
139,9.885332107543945,147.49984741210938,12.144951519545451,0.14370823,1.3853788375854492,80,6
138,9.5695161819458,138.15110778808594,11.753769939389061,0.20353335,1.5271055698394775,80,7
116,9.532970428466797,143.12840270996094,11.963628325468864,0.6030545,2.760684013366699,81,1
114,13.963353157043457,289.87725830078125,17.025782164140985,0.18615001,0.8476285338401794,81,2
112,15.602910041809082,362.8249816894531,19.04796529001072,-0.017907858,1.2589998245239258,81,3
110,15.622962951660156,370.476318359375,19.24776138566184,-0.026651382,1.4744548797607422,81,4
108,16.448326110839844,408.5029296875,20.21145540745396,-0.11198211,2.9515180587768555,81,5
107,15.54904842376709,352.1146545410156,18.764718344302842,0.031242311,0.6780403852462769,81,6
106,15.470852851867676,353.131591796875,18.79179586406991,0.030942917,0.9474591016769409,81,7
144,5.866911888122559,49.21183776855469,7.015114950487603,0.72646976,3.0481221675872803,82,1
143,8.607508659362793,105.86748504638672,10.289192633359855,0.40986747,4.302364349365234,82,2
142,9.204681396484375,118.07097625732422,10.866046947134189,0.34548992,2.6225273609161377,82,3
141,9.486832618713379,132.52859497070312,11.51210645237018,0.26918364,2.0636861324310303,82,4
140,9.385952949523926,121.56608581542969,11.025701148472585,0.3343894,2.454348564147949,82,5
139,8.971504211425781,118.55052947998047,10.888091177060398,0.3553077,2.0231666564941406,82,6
138,8.74317741394043,114.87354278564453,10.71790757497211,0.37977177,2.585663318634033,82,7
144,5.693490982055664,49.135345458984375,7.009660866189203,0.71570003,2.6051406860351562,83,1
143,8.83557415008545,107.89947509765625,10.38746721283183,0.37366056,3.7344651222229004,83,2
142,9.139138221740723,121.53784942626953,11.024420593676092,0.2982428,2.4782321453094482,83,3
141,10.595418930053711,151.9428253173828,12.326509048282194,0.12710279,2.2510735988616943,83,4
140,11.043282508850098,173.66233825683594,13.17810070749332,0.009365261,3.9642159938812256,83,5
139,10.54771614074707,162.85533142089844,12.761478418306337,0.0771873,3.448199510574341,83,6
138,10.47111701965332,159.1399383544922,12.615067909230302,0.10469377,1.653522253036499,83,7
144,3.450014352798462,19.70448112487793,4.4389729808682015,0.40121228,-0.22841590642929077,85,1
143,4.351470947265625,30.111608505249023,5.48740453267745,0.07249403,0.17748311161994934,85,2
142,4.667277812957764,35.692535400390625,5.974323007704775,-0.09981418,0.1880895346403122,85,3
141,5.029740333557129,39.58720397949219,6.291836296304298,-0.2119844,0.46036297082901,85,4
140,4.948766708374023,39.23855209350586,6.264068334038659,-0.19422245,0.7962594628334045,85,5
139,5.627592086791992,49.37949752807617,7.027054683726047,-0.49229145,1.6734306812286377,85,6
138,4.995114326477051,40.56254196166992,6.368872895706894,-0.21735561,1.1408385038375854,85,7
144,3.246621608734131,15.94704818725586,3.993375537969834,0.33617002,0.5189781785011292,86,1
143,4.10264253616333,27.706897735595703,5.263734200697799,-0.16711795,1.4983593225479126,86,2
142,4.576424598693848,31.637094497680664,5.624686168816947,-0.33189726,1.4029006958007812,86,3
141,4.704361915588379,32.27122497558594,5.680776793325534,-0.34902608,2.0069780349731445,86,4
140,4.787877082824707,31.864198684692383,5.6448382337045215,-0.32601678,1.1993365287780762,86,5
139,4.847239017486572,32.39531707763672,5.691688420639057,-0.34094405,1.6659996509552002,86,6
138,5.122195720672607,38.08736801147461,6.171496415900653,-0.5669577,2.545586585998535,86,7
144,2.585758686065674,12.114238739013672,3.4805514992618156,0.47498357,0.11992117017507553,88,1
143,3.3433315753936768,18.591691970825195,4.31180843392018,0.17859745,-0.10339082032442093,88,2
142,3.82263445854187,23.429683685302734,4.840421849932373,-0.04442537,0.4113331735134125,88,3
141,4.241697788238525,29.06667709350586,5.391352065438303,-0.29353678,0.1816655695438385,88,4
140,4.306631565093994,29.605085372924805,5.441055538489274,-0.3118472,0.380598783493042,88,5
139,4.507035732269287,30.329544067382812,5.5072265313297954,-0.33559823,0.925620973110199,88,6
138,4.447092056274414,30.98486328125,5.5664048793857965,-0.35706818,0.8225706219673157,88,7
129,2.4246716499328613,9.783834457397461,3.127912156278923,0.38564426,0.6878986358642578,89,1
127,3.6688101291656494,20.719926834106445,4.551914633877314,-0.31957293,1.4235539436340332,89,2
125,4.187954902648926,25.507808685302734,5.050525585055751,-0.65889156,1.8629529476165771,89,3
123,4.190469264984131,25.036075592041016,5.0036062586939245,-0.6578232,1.8549901247024536,89,4
121,4.830502033233643,33.844146728515625,5.817572236639235,-1.2759967,2.6539769172668457,89,5
119,4.326514720916748,26.30803871154785,5.129136253946453,-0.84544706,1.8131378889083862,89,6
117,4.08999490737915,23.42720603942871,4.840165910320504,-0.7043091,1.6383110284805298,89,7
129,2.2267589569091797,9.055898666381836,3.0093020231246044,0.36880058,0.6702644228935242,90,1
127,3.256963014602661,17.581605911254883,4.193042560153055,-0.24810863,1.2452589273452759,90,2
125,3.857388496398926,22.272979736328125,4.7194257845979655,-0.61500263,1.8877027034759521,90,3
123,4.155971527099609,24.502460479736328,4.9499960080525645,-0.7963605,2.172015905380249,90,4
121,4.139551639556885,24.813812255859375,4.9813464300186325,-0.8471956,2.4874095916748047,90,5
119,3.7769997119903564,20.975515365600586,4.579903423173963,-0.5608591,1.9001598358154297,90,6
118,3.662620782852173,19.92702293395996,4.463969414541274,-0.48320448,1.7352994680404663,90,7
144,2.3249762058258057,10.07420825958252,3.173989328838791,0.38314384,-1.1191515922546387,91,1
143,3.243870973587036,17.15462875366211,4.141814669159173,-0.07443547,-1.7929296493530273,91,2
142,3.6594419479370117,22.28573989868164,4.720777467608661,-0.42155063,-2.733950138092041,91,3
141,3.8114326000213623,24.882341384887695,4.988220262266663,-0.58423793,-3.0316712856292725,91,4
140,4.086703777313232,28.444040298461914,5.3332954445128875,-0.79819095,-3.612987518310547,91,5
139,3.8553221225738525,24.637474060058594,4.96361501932398,-0.5469619,-2.9233293533325195,91,6
138,4.367593288421631,30.502031326293945,5.522864413173108,-0.9019352,-3.841010570526123,91,7
144,5.860482692718506,60.37594985961914,7.770196256184212,0.8914094,1.943692922592163,95,1
143,8.180871963500977,116.57770538330078,10.79711560479468,0.7888868,2.1231884956359863,95,2
142,10.098603248596191,190.66903686523438,13.80829594357082,0.65354204,-0.04215896129608154,95,3
141,11.515473365783691,258.33453369140625,16.072788609678355,0.5303134,-0.608695387840271,95,4
140,13.637438774108887,348.5923156738281,18.670627083036823,0.36650926,0.2229790836572647,95,5
139,12.814379692077637,328.01690673828125,18.111237029487558,0.40358436,0.3563258647918701,95,6
138,12.676006317138672,284.8027648925781,16.87610040538329,0.48328644,0.8770433664321899,95,7
144,4.941087245941162,51.77450180053711,7.195450076300794,0.9326316,-0.295672208070755,96,1
143,9.662592887878418,199.92706298828125,14.139556675804275,0.7398266,-0.8248967528343201,96,2
142,13.418845176696777,410.14129638671875,20.25194549633982,0.46709925,-1.3885297775268555,96,3
141,15.258840560913086,541.2725830078125,23.26526559074305,0.29871267,-2.3650991916656494,96,4
140,14.423945426940918,471.9356994628906,21.724081095937997,0.39042473,-2.3711342811584473,96,5
139,14.00873851776123,419.8669128417969,20.4906542804713,0.45925057,-1.4762531518936157,96,6
138,14.665438652038574,433.6712951660156,20.824775993177347,0.44375902,-0.9223122000694275,96,7
144,5.019414901733398,37.349220275878906,6.1114008439865,0.6375892,1.6353991031646729,97,1
143,7.740896701812744,89.19344329833984,9.444228041419787,0.1281454,2.070253610610962,97,2
142,9.010689735412598,121.73682403564453,11.033441169265576,-0.192011,2.5389482975006104,97,3
141,8.941433906555176,129.4855499267578,11.37917175926077,-0.2684728,2.1839311122894287,97,4
140,10.224541664123535,148.21438598632812,12.174333081788427,-0.45111668,2.898763418197632,97,5
139,10.107071876525879,148.56539916992188,12.188740672026864,-0.45044327,2.0187227725982666,97,6
138,9.199238777160645,124.20524597167969,11.144740731469696,-0.20400882,-0.09919114410877228,97,7
144,5.240391254425049,42.96426010131836,6.554712816082667,0.5027685,2.5405633449554443,98,1
143,7.199957847595215,83.39325714111328,9.13199086405113,0.0130569935,3.25909686088562,98,2
142,6.915138244628906,77.552001953125,8.80636144801728,0.072142184,1.417641043663025,98,3
141,7.598338603973389,91.37435150146484,9.55899322635312,-0.10037017,1.578355312347412,98,4
140,7.628443241119385,87.44709014892578,9.351314888769695,-0.05424738,1.8570199012756348,98,5
139,8.209736824035645,109.26070404052734,10.452784511340859,-0.32095957,1.7276175022125244,98,6
138,7.560113430023193,90.7288818359375,9.525170960982145,-0.09116697,-0.09843527525663376,98,7
144,5.537024974822998,48.43950653076172,6.959849605470057,0.69397426,1.4940749406814575,100,1
143,8.359602928161621,103.77874755859375,10.187185458142682,0.3477071,2.3589136600494385,100,2
142,8.799532890319824,119.34107971191406,10.9243342914758,0.2548126,1.658327579498291,100,3
141,9.12294864654541,131.79867553710938,11.480360427142928,0.18165714,1.933255672454834,100,4
140,9.53057861328125,143.72874450683594,11.98869236017156,0.11352211,1.507910132408142,100,5
139,9.456360816955566,148.06593322753906,12.168234597818168,0.09323466,1.6916582584381104,100,6
138,10.648106575012207,182.53274536132812,13.510467991943436,-0.11491251,2.567936897277832,100,7
144,6.64687967300415,102.28678894042969,10.113693140511517,0.8011073,-2.496392250061035,101,1
143,9.425521850585938,211.67767333984375,14.549146825152455,0.5878843,-3.2637948989868164,101,2
142,9.3512544631958,194.60667419433594,13.95014961189793,0.6214775,-4.163360118865967,101,3
141,9.876850128173828,210.23492431640625,14.49948013952246,0.59172845,-3.9519739151000977,101,4
140,10.748958587646484,295.27130126953125,17.183460107601473,0.42985892,-6.057302474975586,101,5
139,11.009431838989258,300.07586669921875,17.32269802020513,0.42233998,-6.275001525878906,101,6
138,11.63331127166748,319.52301025390625,17.87520657933514,0.3864063,-7.007532119750977,101,7
144,3.1743545532226562,16.104238510131836,4.0130086606101205,-0.07972443,2.012716054916382,103,1
143,4.953356742858887,38.281009674072266,6.187164914084016,-1.6079516,3.8875656127929688,103,2
142,5.006415843963623,36.39820861816406,6.033092790448698,-1.4810798,3.6266489028930664,103,3
141,6.479129314422607,58.43446731567383,7.6442440643711675,-2.955369,5.39726448059082,103,4
140,6.764776229858398,64.15096282958984,8.00942961949163,-3.355956,5.713232517242432,103,5
139,7.066332817077637,70.52120208740234,8.397690282893407,-3.7778716,5.957370281219482,103,6
138,5.614041328430176,45.998111724853516,6.782190776205983,-2.106121,4.144834041595459,103,7
144,6.76871395111084,69.5133056640625,8.337463982774528,0.60536766,3.6275155544281006,104,1
143,9.291008949279785,135.0930938720703,11.622955470622363,0.2319684,4.302000522613525,104,2
142,9.514984130859375,140.52296447753906,11.854238249568763,0.20372427,4.275358200073242,104,3
141,10.725646018981934,177.03469848632812,13.3054386807173,0.000728786,5.1822686195373535,104,4
140,10.74708080291748,179.85560607910156,13.411025541661665,-0.009780645,4.970856666564941,104,5
139,11.563875198364258,197.37925720214844,14.049172829819856,-0.10315943,5.175473213195801,104,6
138,10.697500228881836,156.3763427734375,12.505052689750551,0.13209158,2.038844347000122,104,7
144,6.280141830444336,65.49147033691406,8.09268004661707,0.6978782,-1.016318678855896,105,1
143,8.964104652404785,121.1988754272461,11.009036080749581,0.4368053,-0.7331803441047668,105,2
142,10.509246826171875,166.8839874267578,12.918358542274548,0.22519648,1.5873500108718872,105,3
141,11.494473457336426,208.8480987548828,14.451577725455543,0.03371674,2.545217275619507,105,4
140,11.839618682861328,213.56285095214844,14.613789753248417,0.017831028,1.5766342878341675,105,5
139,12.2275390625,218.57872009277344,14.784408006165599,0.00070768595,1.0038577318191528,105,6
138,12.367661476135254,233.4525909423828,15.279155439433909,-0.059631348,0.9554559588432312,105,7
144,5.589658737182617,53.41004943847656,7.308217938627485,0.7202752,-0.10072445869445801,106,1
143,8.656181335449219,125.4544906616211,11.200646885855347,0.34305072,-3.0632174015045166,106,2
142,8.93626594543457,137.40834045410156,11.722130371826683,0.28381324,-2.730678081512451,106,3
141,9.454447746276855,156.938720703125,12.527518537329131,0.18634266,-1.4055092334747314,106,4
140,10.129962921142578,162.9979705810547,12.767065856376503,0.16038013,-0.7661358118057251,106,5
139,10.472249984741211,165.1190643310547,12.849866315688063,0.15421474,-0.15762707591056824,106,6
138,10.630081176757812,176.8970184326172,13.300263848233131,0.10039151,-1.1269770860671997,106,7
144,5.71316385269165,53.56591796875,7.318874091603845,0.50850546,3.5117573738098145,107,1
143,10.519204139709473,167.09608459472656,12.926565073318068,-0.56750286,7.293412685394287,107,2
142,10.803582191467285,177.0323028564453,13.305348655952061,-0.6896763,6.768535614013672,107,3
141,10.957857131958008,176.89915466308594,13.300344155813637,-0.70909333,5.968441009521484,107,4
140,10.272581100463867,155.198486328125,12.45786845042622,-0.50033176,4.137223243713379,107,5
139,10.576278686523438,163.378173828125,12.781947184530415,-0.57986796,4.528069019317627,107,6
138,10.090337753295898,158.46633911132812,12.588341396360686,-0.52585983,4.205533027648926,107,7
129,4.445041656494141,31.398483276367188,5.603434953344885,0.7358366,-1.0313571691513062,108,1
127,7.504207611083984,83.88756561279297,9.15901553731584,0.2770428,-2.197868585586548,108,2
125,8.143473625183105,100.14221954345703,10.007108450669305,0.13261151,-2.758967399597168,108,3
123,8.908111572265625,123.91438293457031,11.131683742119622,-0.06465387,-2.5973429679870605,108,4
121,8.323257446289062,100.2792739868164,10.013953963685694,0.14755106,-2.187035322189331,108,5
119,8.856070518493652,115.54154205322266,10.74902516757788,0.024978459,-2.7914435863494873,108,6
117,9.541879653930664,134.13099670410156,11.58149371644701,-0.11728227,-3.5480053424835205,108,7
144,6.831733226776123,68.1558837890625,8.255657683616885,0.49842006,3.338721513748169,109,1
143,9.472164154052734,130.0077667236328,11.402094839266722,0.04979539,4.060206890106201,109,2
142,9.644142150878906,133.0000762939453,11.532565902432351,0.033580005,3.7295072078704834,109,3
141,10.399052619934082,156.6079864501953,12.514311265514987,-0.13000977,4.884365081787109,109,4
140,10.48674488067627,166.38755798339844,12.899130125066513,-0.19226563,3.8688886165618896,109,5
139,10.923120498657227,183.67999267578125,13.552859206668579,-0.30697203,5.436986923217773,109,6
138,12.565049171447754,235.99440002441406,15.36210923097522,-0.6869956,7.60961389541626,109,7
144,3.706669330596924,25.035358428955078,5.003534593560344,0.88969237,-0.013109896332025528,1001,1
143,6.396355628967285,69.1883316040039,8.317952368462079,0.6907338,0.5328578948974609,1001,2
142,7.613481521606445,104.65585327148438,10.230144342651494,0.52786326,0.8226987719535828,1001,3
141,8.574288368225098,134.08126831054688,11.579346627100636,0.39294833,0.3816772401332855,1001,4
140,9.866144180297852,173.16868591308594,13.159357351827099,0.21588504,-0.21609649062156677,1001,5
139,10.078330993652344,178.96864318847656,13.377916249867786,0.18919516,-0.5030770897865295,1001,6
138,11.728277206420898,214.7415008544922,14.654060899781063,0.029355824,-0.9324148297309875,1001,7
144,7.044378280639648,102.32784271240234,10.115722550189005,0.6089121,-2.7397282123565674,1002,1
143,8.926200866699219,164.87478637695312,12.840357719976229,0.35665798,-1.6263903379440308,1002,2
142,10.462940216064453,222.24366760253906,14.907839132568444,0.119215965,-1.6971288919448853,1002,3
141,11.556289672851562,250.26535034179688,15.819777190017465,0.0042225122,1.1445475816726685,1002,4
140,12.375290870666504,287.3560791015625,16.95158043079059,-0.14424765,0.46511557698249817,1002,5
139,12.362441062927246,270.54852294921875,16.448359278335904,-0.07848072,0.27272921800613403,1002,6
138,12.718908309936523,308.44622802734375,17.56263727426333,-0.2267201,-3.794832468032837,1002,7
144,4.4837870597839355,31.84214210510254,5.642884200929746,0.39379257,1.1553912162780762,1003,1
143,6.037477493286133,58.78266906738281,7.666985657178629,-0.143386,1.7624958753585815,1003,2
142,5.783283233642578,51.823219299316406,7.19883457924381,-0.015466809,-0.3987363576889038,1003,3
141,5.842373847961426,52.756629943847656,7.263375932983757,-0.036059856,-1.5257022380828857,1003,4
140,6.6675004959106445,67.78207397460938,8.232986941238847,-0.32982457,-1.170080542564392,1003,5
139,6.919850826263428,75.86226654052734,8.709894749107324,-0.49264133,1.4771802425384521,1003,6
138,6.7942795753479,68.74381256103516,8.291188850884724,-0.34435153,-0.020967593416571617,1003,7
144,7.782631874084473,225.231689453125,15.007720994645556,0.76412016,-3.8362061977386475,1004,1
143,10.471780776977539,335.13677978515625,18.306741375382902,0.6493474,-3.7397003173828125,1004,2
142,12.41714096069336,469.5114440917969,21.668212757211816,0.50950503,-4.35819673538208,1004,3
141,13.076169967651367,481.3892822265625,21.940585275387768,0.4983887,-3.895848512649536,1004,4
140,14.847954750061035,518.5631103515625,22.771980817477484,0.4617594,-1.8657479286193848,1004,5
139,14.322364807128906,524.6832885742188,22.905966222236046,0.45723486,-3.523927688598633,1004,6
138,16.97411346435547,671.7877197265625,25.918868025563203,0.3082099,-3.113372564315796,1004,7
144,6.1874213218688965,132.86412048339844,11.526669965059225,0.85475653,-1.9444830417633057,1005,1
143,9.843674659729004,294.7209167480469,17.167437687320927,0.6780583,-3.550572395324707,1005,2
142,10.885336875915527,341.5904235839844,18.482165013438884,0.62734115,-3.140812873840332,1005,3
141,13.113069534301758,450.8412780761719,21.233023291000553,0.5093732,-3.6481311321258545,1005,4
140,14.172186851501465,492.983154296875,22.20322396177805,0.46554434,-2.457597017288208,1005,5
139,14.891966819763184,509.2164306640625,22.565824395843872,0.44978625,-1.4851511716842651,1005,6
138,17.703588485717773,767.77880859375,27.70882185502931,0.17409414,-1.604483962059021,1005,7
129,5.5819573402404785,57.291259765625,7.569099006197831,0.86437994,1.749620795249939,1006,1
127,7.894746780395508,101.25042724609375,10.06232712875574,0.6496774,3.5577378273010254,1006,2
125,8.309113502502441,115.20719909667969,10.73346165487536,0.54307675,2.503493547439575,1006,3
123,9.292071342468262,151.1715545654297,12.295184202175651,0.3274228,3.1571505069732666,1006,4
121,10.48855209350586,202.01795959472656,14.213302205846697,0.042033017,2.2262654304504395,1006,5
119,10.436068534851074,206.14988708496094,14.357920708966216,-0.021676421,2.1714611053466797,1006,6
117,11.503540992736816,243.70416259765625,15.611026955253656,-0.29027116,3.4662811756134033,1006,7
144,6.395455360412598,148.323486328125,12.178813009818526,0.8398315,-2.457185745239258,1007,1
143,9.920890808105469,316.2758483886719,17.78414598423753,0.65868104,-3.4578351974487305,1007,2
142,10.836798667907715,364.86590576171875,19.101463445550937,0.6066649,-4.087352275848389,1007,3
141,12.669607162475586,495.9862060546875,22.270747765952706,0.46669143,-4.510767459869385,1007,4
140,13.844589233398438,544.1260986328125,23.326510639888095,0.4169309,-3.8876891136169434,1007,5
139,15.494894027709961,640.7110595703125,25.312270928747434,0.31571835,-4.224290370941162,1007,6
138,15.581563949584961,673.9714965820312,25.960961010371538,0.28327495,-4.371338844299316,1007,7
144,7.457629680633545,169.2129364013672,13.008187283452187,0.81256473,-1.2691887617111206,1008,1
143,10.140618324279785,283.92962646484375,16.850211466472572,0.685632,-1.0930391550064087,1008,2
142,12.140167236328125,455.0838928222656,21.33269539515027,0.4966929,-4.53615665435791,1008,3
141,13.453195571899414,547.106689453125,23.390311871651583,0.3966437,-4.732965469360352,1008,4
140,14.299030303955078,602.9308471679688,24.554650214734657,0.3372895,-4.516618728637695,1008,5
139,14.971734046936035,685.1188354492188,26.17477479271252,0.24938345,-6.026555061340332,1008,6
138,15.385004043579102,676.6502685546875,26.01250215866762,0.26167297,-4.827382564544678,1008,7
144,7.841577529907227,273.6020202636719,16.54091957128357,0.79925007,-3.97333025932312,1009,1
143,11.150774955749512,424.1392517089844,20.59464133479834,0.68965435,-4.847467422485352,1009,2
142,12.25517749786377,462.3701171875,21.502793241518646,0.6628803,-4.772468090057373,1009,3
141,12.488897323608398,481.4618225097656,21.9422383204122,0.65048337,-4.316789150238037,1009,4
140,13.977413177490234,595.8140258789062,24.409302035881858,0.5695748,-4.586695194244385,1009,5
139,14.436318397521973,643.2617797851562,25.362605934429457,0.53750604,-4.811436176300049,1009,6
138,16.757415771484375,861.0697021484375,29.34398919963742,0.38429374,-4.855154991149902,1009,7
144,6.049632549285889,106.23807525634766,10.307185612782359,0.8766964,0.15358956158161163,1010,1
143,10.568306922912598,213.17178344726562,14.600403537137788,0.7525889,6.481691837310791,1010,2
142,11.618979454040527,318.2040710449219,17.838275450416216,0.63106024,2.617499351501465,1010,3
141,13.269400596618652,453.6338195800781,21.298681169971022,0.47540957,0.15137064456939697,1010,4
140,14.508087158203125,521.7921752929688,22.84277074465724,0.39877504,1.2224318981170654,1010,5
139,14.910219192504883,542.9692993164062,23.301701639931927,0.3764522,-0.3334561288356781,1010,6
138,15.454029083251953,706.2169189453125,26.57474212377822,0.1925888,-6.021191596984863,1010,7
144,4.924491882324219,59.12261962890625,7.689123462977184,0.8876986,-0.1853569895029068,1011,1
143,7.919403076171875,123.53577423095703,11.114664827648067,0.7641823,1.1044000387191772,1011,2
142,9.498205184936523,173.97845458984375,13.190089256325892,0.667254,0.848879337310791,1011,3
141,11.106800079345703,236.82574462890625,15.389143726306095,0.54737055,-0.17638814449310303,1011,4
140,11.611281394958496,242.5496368408203,15.574005163759908,0.5372075,0.3470456898212433,1011,5
139,11.758509635925293,265.1560974121094,16.283614384162668,0.49459618,-0.9819855093955994,1011,6
138,12.89091682434082,270.1042175292969,16.434847657623628,0.48677516,0.9085509777069092,1011,7
129,5.974154949188232,63.54045486450195,7.9712266850530575,0.8939996,1.7356233596801758,1012,1
127,8.630511283874512,131.42974853515625,11.464281422538276,0.77954906,0.34022653102874756,1012,2
126,9.989757537841797,186.8243408203125,13.668370086455536,0.68751246,-0.3376973271369934,1012,3
125,11.413363456726074,233.19277954101562,15.270650920671837,0.61173487,0.897445559501648,1012,4
124,12.369521141052246,272.1424560546875,16.49674077067005,0.54951584,0.07528255879878998,1012,5
123,12.24024486541748,260.8883056640625,16.152037198572273,0.5704006,0.9865415692329407,1012,6
122,11.099802017211914,217.8423309326172,14.759482746106558,0.64198005,-0.24861614406108856,1012,7
144,5.057245254516602,53.8361930847168,7.337315114176084,0.8802584,0.9180890321731567,1014,1
143,6.686390399932861,93.66986846923828,9.678319506465897,0.7901937,1.1086039543151855,1014,2
142,9.285866737365723,170.70291137695312,13.0653324250458,0.6156076,2.302246570587158,1014,3
141,10.734175682067871,217.75088500976562,14.756384550755161,0.5084661,2.2427186965942383,1014,4
140,12.120407104492188,285.58343505859375,16.8992140367117,0.35599768,1.2628613710403442,1014,5
139,13.001718521118164,326.0030212402344,18.055553750584178,0.2656626,1.0526994466781616,1014,6
138,12.916241645812988,322.8302307128906,17.967477026919795,0.27413404,0.4630313813686371,1014,7
144,6.493648052215576,133.555419921875,11.556618014015822,0.887671,-0.72422856092453,1015,1
143,8.729514122009277,203.56808471679688,14.267728786208297,0.8290418,-1.3786953687667847,1015,2
142,9.732263565063477,239.246337890625,15.467589918620968,0.79950327,-2.89255952835083,1015,3
141,11.307485580444336,327.40216064453125,18.094257670447032,0.7263744,-2.9527955055236816,1015,4
140,14.004352569580078,584.5382690429688,24.17722624791704,0.51306,-4.916665077209473,1015,5
139,15.773781776428223,709.9940795898438,26.64571409419991,0.4104566,-4.243083477020264,1015,6
138,15.7843599319458,717.2113647460938,26.780802167711364,0.4069382,-4.045156478881836,1015,7
144,4.769192218780518,56.42575454711914,7.511707831586579,0.86860216,-1.4306219816207886,1016,1
143,6.1362152099609375,82.55545806884766,9.08600341563042,0.80630803,-0.36984556913375854,1016,2
142,8.092073440551758,132.19158935546875,11.497460126283054,0.6881163,0.5878157019615173,1016,3
141,9.717148780822754,177.92799377441406,13.338965243766626,0.57919157,2.6808829307556152,1016,4
140,12.146605491638184,269.5426940917969,16.41775545230824,0.36319214,0.6705673336982727,1016,5
139,12.952446937561035,310.0498962402344,17.60823376265304,0.2682382,1.7972155809402466,1016,6
138,13.387018203735352,368.72052001953125,19.20209676101887,0.131338,0.15557175874710083,1016,7
144,4.873153209686279,59.26698303222656,7.698505246619408,0.9312453,-0.45237064361572266,1017,1
143,8.569313049316406,172.71295166015625,13.142029967252252,0.79949075,-2.2975053787231445,1017,2
142,11.321566581726074,329.83837890625,18.161453105581888,0.6169962,-4.038111686706543,1017,3
141,12.729694366455078,391.2618713378906,19.78034052633803,0.5464511,-4.210518836975098,1017,4
140,15.183492660522461,597.9599609375,24.453219848058865,0.30888033,-5.488302230834961,1017,5
139,15.880898475646973,669.6163330078125,25.876945975284883,0.22826469,-5.941601276397705,1017,6
138,16.839641571044922,736.6546020507812,27.141381727000955,0.15414053,-6.190913677215576,1017,7
144,5.5133748054504395,60.97795104980469,7.808838008936073,0.8905731,3.8317980766296387,1018,1
143,7.959593772888184,120.58567810058594,10.981151037144782,0.7837195,5.784023761749268,1018,2
142,8.915444374084473,154.0763702392578,12.412750309228725,0.7239304,3.7506284713745117,1018,3
141,10.051896095275879,202.03225708007812,14.213805158369032,0.6393358,3.0266735553741455,1018,4
140,11.363310813903809,263.56689453125,16.234743439033767,0.53093505,1.647204875946045,1018,5
139,12.753396034240723,338.9709777832031,18.41116448742999,0.39834863,0.3685537576675415,1018,6
138,14.597196578979492,422.0075378417969,20.5428220515536,0.25323683,1.3005707263946533,1018,7
144,5.082431316375732,83.70782470703125,9.149198036277893,0.9428384,-0.9839268922805786,1019,1
143,7.96840238571167,214.46212768554688,14.644525519304027,0.8539479,-3.6395959854125977,1019,2
142,10.56154727935791,343.0462646484375,18.5215081634417,0.7671056,-4.805339336395264,1019,3
141,12.439132690429688,500.6514892578125,22.3752427753938,0.661462,-6.066286563873291,1019,4
140,14.465391159057617,705.69287109375,26.56488040804532,0.5248256,-7.571593284606934,1019,5
139,15.256739616394043,698.7279052734375,26.433461848071236,0.5314666,-6.26857328414917,1019,6
138,15.514408111572266,678.6526489257812,26.050962533576016,0.54710025,-4.88153600692749,1019,7
144,5.111356735229492,64.70158386230469,8.043729474709147,0.8816489,-0.7613800764083862,1020,1
143,8.219347953796387,167.720703125,12.950702804288268,0.6930253,0.05453725904226303,1020,2
142,10.432571411132812,243.5091094970703,15.604778418711055,0.55425835,-0.9617797136306763,1020,3
141,12.83760929107666,327.0572509765625,18.084724243862897,0.4035104,1.4322397708892822,1020,4
140,13.712597846984863,364.49591064453125,19.091775995033338,0.3369187,0.2662310004234314,1020,5
139,13.481795310974121,407.96466064453125,20.198135078381153,0.25939733,-1.1122984886169434,1020,6
138,13.518487930297852,422.4072570800781,20.55254867601773,0.23509663,-1.105123519897461,1020,7
144,5.870389938354492,117.93174743652344,10.859638457910256,0.89568186,-1.8871514797210693,1021,1
143,8.853153228759766,247.34927368164062,15.727341596138892,0.7815772,-2.726062297821045,1021,2
142,9.927886962890625,302.72637939453125,17.39903386382506,0.7332639,-2.853400707244873,1021,3
141,11.158976554870605,359.7395324707031,18.966800796937346,0.6841395,-1.9889332056045532,1021,4
140,13.337478637695312,555.666748046875,23.572584670478438,0.5139836,-4.341011047363281,1021,5
139,13.444565773010254,553.8954467773438,23.534983466689408,0.51734614,-4.039538383483887,1021,6
138,14.84373950958252,672.4558715820312,25.931754116951502,0.41665536,-6.338376045227051,1021,7
144,4.589659690856934,57.05302047729492,7.55334498598435,0.8813197,-1.9294471740722656,1022,1
143,7.156373977661133,130.4451446533203,11.421258453135552,0.72792363,-2.7781763076782227,1022,2
142,8.180272102355957,162.07212829589844,12.730755213101006,0.66168445,-2.6102347373962402,1022,3
141,8.924870491027832,177.04566955566406,13.305850951955838,0.6309871,-1.4692338705062866,1022,4
140,9.631793022155762,209.6536407470703,14.479421284950249,0.5642192,-2.210968017578125,1022,5
139,10.518558502197266,236.6973419189453,15.38497130055644,0.50921154,-1.2364963293075562,1022,6
138,11.161651611328125,251.66476440429688,15.863945423642155,0.4803012,-0.05378922075033188,1022,7
144,7.514426231384277,267.7984619140625,16.364548937079277,0.8046855,-4.000921249389648,1023,1
143,10.9401273727417,514.3756713867188,22.679851661479596,0.62643754,-5.403161525726318,1023,2
142,12.185385704040527,577.96044921875,24.04080799845858,0.58211297,-5.709779739379883,1023,3
141,13.945518493652344,725.3508911132812,26.932339131855613,0.4777637,-5.318014144897461,1023,4
140,14.551883697509766,746.6836547851562,27.32551289152971,0.46488792,-6.743968963623047,1023,5
139,15.062097549438477,746.9845581054688,27.331018241285282,0.4670812,-5.616698265075684,1023,6
138,15.486607551574707,803.8724365234375,28.352644259811772,0.42919195,-5.50280237197876,1023,7
144,7.178709030151367,199.80760192871094,14.135331687962294,0.80324876,-3.053305149078369,1024,1
143,10.60563850402832,413.271484375,20.329079771967052,0.59346247,-5.763553142547607,1024,2
142,12.18269157409668,468.90289306640625,21.65416572085857,0.53949654,-5.53375244140625,1024,3
141,12.547491073608398,432.16815185546875,20.788654402232694,0.57668203,-4.7399749755859375,1024,4
140,14.10770320892334,527.4422607421875,22.966111136676744,0.48520893,-4.97318696975708,1024,5
139,15.317543983459473,624.873779296875,24.9974754584713,0.3921699,-4.544145584106445,1024,6
138,16.747926712036133,723.9261474609375,26.905875705149192,0.29892242,-5.0724287033081055,1024,7
144,2.894563913345337,15.232903480529785,3.9029352390899064,0.3453384,0.9835662841796875,1025,1
143,4.0999321937561035,27.273540496826172,5.222407538370227,-0.19450164,1.6229979991912842,1025,2
142,4.617198467254639,32.43837356567383,5.695469564985299,-0.44183004,1.688498854637146,1025,3
141,4.8021111488342285,35.03750991821289,5.9192491008752866,-0.5533681,1.949010968208313,1025,4
140,4.784486770629883,35.8253059387207,5.98542445769059,-0.59937334,1.6787891387939453,1025,5
139,5.1607489585876465,39.487327575683594,6.283894300167978,-0.7530743,2.319340229034424,1025,6
138,5.398458957672119,43.0948600769043,6.564667552656745,-0.9020977,1.9278770685195923,1025,7
129,5.805626392364502,68.03307342529297,8.248216378423457,0.8944379,-0.8382201790809631,1026,1
127,8.44731616973877,127.62010955810547,11.296907079289689,0.80230874,-1.1342591047286987,1026,2
125,10.237728118896484,198.00640869140625,14.071475000560753,0.6933137,-2.2241504192352295,1026,3
123,12.274453163146973,327.5666198730469,18.098801614279516,0.49453467,-4.969715595245361,1026,4
121,13.75854778289795,375.82781982421875,19.386279163991702,0.421921,-4.242560386657715,1026,5
119,15.152612686157227,476.79595947265625,21.835657981216325,0.26982832,-5.590824127197266,1026,6
117,15.977739334106445,519.826171875,22.79969674962805,0.2090416,-5.213143825531006,1026,7
129,4.782891273498535,49.44933319091797,7.032021984530337,0.92860526,0.14514988660812378,1027,1
127,7.109059810638428,119.10843658447266,10.913681165604604,0.8290107,-0.371604323387146,1027,2
125,9.598040580749512,233.2428741455078,15.272291057516806,0.6673643,-2.748061180114746,1027,3
123,10.97750186920166,290.70074462890625,17.049948522764115,0.58900285,-0.987328052520752,1027,4
121,12.736227035522461,387.3637390136719,19.681558348201797,0.45818722,-2.7454357147216797,1027,5
119,13.88332748413086,472.4115905761719,21.73503141419795,0.34565163,-5.847856044769287,1027,6
117,14.304672241210938,464.22503662109375,21.545882126779905,0.36276275,-4.772664546966553,1027,7
144,4.17293119430542,35.504051208496094,5.958527604072678,0.92526954,0.26995551586151123,1028,1
143,7.105572700500488,107.2504653930664,10.356180057968595,0.77289224,-0.12022511661052704,1028,2
142,8.370226860046387,165.02481079101562,12.846198301093427,0.64934564,-0.6618024706840515,1028,3
141,9.69415283203125,218.94639587402344,14.796837360531589,0.5346217,0.008582311682403088,1028,4
140,11.374159812927246,288.66961669921875,16.990280065355567,0.38747954,-0.6785440444946289,1028,5
139,12.553529739379883,361.09796142578125,19.00257775739337,0.23461843,-1.4067223072052002,1028,6
138,13.471185684204102,376.1471252441406,19.394512761194612,0.20497227,-1.620172381401062,1028,7
144,4.400848865509033,43.44790267944336,6.591502308233181,0.92022175,-0.03837151080369949,1029,1
143,7.008967876434326,114.59590911865234,10.704947880239882,0.7886379,-0.8734926581382751,1029,2
142,8.084895133972168,152.02554321289062,12.32986387649477,0.7188772,-0.13426649570465088,1029,3
141,9.71623420715332,229.94424438476562,15.16391256848857,0.57493186,-0.5641466379165649,1029,4
140,10.819002151489258,280.39874267578125,16.745111008165377,0.48267025,-0.8520088195800781,1029,5
139,11.096965789794922,289.7890625,17.023191901050755,0.46601957,-1.2826803922653198,1029,6
138,12.929486274719238,361.7605285644531,19.020003379717185,0.33530438,-2.596811294555664,1029,7
144,3.7878329753875732,26.103118896484375,5.109121147172415,0.9057643,0.6967489123344421,1031,1
143,5.992217540740967,64.76239013671875,8.04750831852436,0.7642649,1.0547096729278564,1031,2
142,7.304367542266846,92.68810272216797,9.627466059258166,0.66100633,1.4926400184631348,1031,3
141,8.412469863891602,129.14479064941406,11.364188956956587,0.5268769,2.116816997528076,1031,4
140,8.724971771240234,152.6713104248047,12.356023244750096,0.44124317,-0.21516984701156616,1031,5
139,9.230559349060059,159.6007537841797,12.63331919109858,0.41623133,0.5672239661216736,1031,6
138,9.388721466064453,158.88429260253906,12.604931281151003,0.42068535,-0.009813612326979637,1031,7
144,4.128381729125977,29.91205596923828,5.469191527935211,0.8017161,0.3068501055240631,1032,1
143,7.096020698547363,82.47351837158203,9.081493179625365,0.43928158,2.157418727874756,1032,2
142,8.020404815673828,106.68461608886719,10.328824525998455,0.2632633,1.9738686084747314,1032,3
141,8.614028930664062,113.88111114501953,10.671509318977309,0.2090885,1.1682356595993042,1032,4
140,8.68717098236084,122.75592803955078,11.079527428530099,0.14636666,-0.4337821900844574,1032,5
139,8.875934600830078,122.48006439208984,11.067071174980752,0.14629114,-0.6100051403045654,1032,6
138,8.747052192687988,129.78439331054688,11.392295348635711,0.09759045,-2.0683600902557373,1032,7
144,3.5086469650268555,19.69706916809082,4.438138029409497,0.84204453,0.08153590559959412,1033,1
143,5.491199970245361,51.446510314941406,7.1726222760536755,0.5780463,1.0250725746154785,1033,2
142,6.828507423400879,77.07923889160156,8.77947828128765,0.35918778,-0.10858745127916336,1033,3
141,8.632929801940918,115.66630554199219,10.754827080989829,0.032753706,0.7845993638038635,1033,4
140,8.512016296386719,109.80709075927734,10.47888785889406,0.08020973,-0.45897746086120605,1033,5
139,8.598576545715332,103.50547790527344,10.173764195482095,0.13130605,1.0806450843811035,1033,6
138,9.2160062789917,119.29417419433594,10.922187244061325,0.0015109777,0.8745471835136414,1033,7
121,4.159242153167725,30.40605926513672,5.514168955077158,0.8636036,0.1075148805975914,1034,1
119,5.92379903793335,57.46703338623047,7.580701378251914,0.74322975,1.7020474672317505,1034,2
117,7.831868648529053,98.16947174072266,9.908050854770712,0.5643966,1.8874452114105225,1034,3
115,8.922696113586426,125.14816284179688,11.186963968914752,0.44890612,2.4502687454223633,1034,4
113,10.012078285217285,143.0266571044922,11.959375280694731,0.37563223,3.171236991882324,1034,5
111,9.525634765625,131.7560577392578,11.478504159482533,0.43288505,2.600336790084839,1034,6
109,9.103134155273438,122.35281372070312,11.061320613774068,0.48150384,3.187959671020508,1034,7
142,3.266805410385132,19.988479614257812,4.470847751182969,0.91578555,0.6372447609901428,1035,1
141,5.5136590003967285,51.39351272583008,7.168926888023763,0.7810614,0.24306730926036835,1035,2
140,6.893572807312012,85.15277862548828,9.227826321809935,0.6351463,-0.051774922758340836,1035,3
139,8.492846488952637,133.10000610351562,11.536897594393201,0.42871976,-0.5107287764549255,1035,4
138,8.197343826293945,121.57014465332031,11.025885209511312,0.47867543,-0.4508461356163025,1035,5
137,8.573781967163086,141.22787475585938,11.883933471534556,0.3944012,-0.6693060398101807,1035,6
136,8.592342376708984,127.83770751953125,11.30653384196639,0.4534425,-0.7554678320884705,1035,7
144,5.231425762176514,43.49594497680664,6.595145561457051,0.75368255,-0.2401915192604065,1036,1
143,9.637055397033691,132.8373260498047,11.52550762655618,0.2410115,2.627610445022583,1036,2
142,8.854704856872559,124.46258544921875,11.156280090120486,0.28827155,-0.6495044231414795,1036,3
141,9.664834976196289,141.40359497070312,11.891324357307857,0.19145036,1.8461145162582397,1036,4
140,10.068984985351562,152.01756286621094,12.329540253643318,0.13296032,2.1447126865386963,1036,5
139,9.516270637512207,139.25694274902344,11.800717891256593,0.20719802,-0.7512139678001404,1036,6
138,9.520657539367676,142.257080078125,11.927157250498754,0.19520837,-2.2491703033447266,1036,7
144,5.287245750427246,46.69013977050781,6.833018349932028,0.70626247,0.9628689885139465,1037,1
143,7.9924092292785645,103.3451919555664,10.165883727230328,0.3362733,2.8308777809143066,1037,2
142,10.134821891784668,157.2601776123047,12.540342005396212,-0.017834663,3.1487371921539307,1037,3
141,13.372133255004883,284.6164245605469,16.870578667032937,-0.83337915,6.804771900177002,1037,4
140,13.650108337402344,272.8939208984375,16.519501230316777,-0.74625087,5.959194183349609,1037,5
139,16.181203842163086,408.70458984375,20.21644355082639,-1.5974386,9.964468002319336,1037,6
138,15.812334060668945,382.5546875,19.559005278899026,-1.4148889,9.301898956298828,1037,7
129,4.135665416717529,34.20587158203125,5.848578595011889,0.866563,1.6592504978179932,1038,1
127,6.221572399139404,68.18885803222656,8.257654511556327,0.73142695,1.9663364887237549,1038,2
125,7.867153644561768,117.95533752441406,10.86072453956982,0.5341229,1.3402040004730225,1038,3
123,8.91840934753418,146.5368194580078,12.105239339145998,0.4239996,0.7314878702163696,1038,4
121,10.183155059814453,186.26620483398438,13.647937750223818,0.2735954,-0.2511780858039856,1038,5
119,11.495841979980469,236.56576538085938,15.380694567569417,0.08162171,0.1052754819393158,1038,6
117,11.190356254577637,215.32968139648438,14.674116034585674,0.17073137,0.1925407499074936,1038,7
144,4.014875411987305,24.139604568481445,4.913207157090106,0.7537204,1.745285987854004,1039,1
143,6.165686130523682,57.06177520751953,7.553924490456569,0.4061553,2.0403707027435303,1039,2
142,6.93768835067749,77.20809173583984,8.786813514342947,0.1878748,2.209864854812622,1039,3
141,7.9245710372924805,93.68384552001953,9.679041559990303,0.009889066,1.5021944046020508,1039,4
140,8.594038009643555,107.64116668701172,10.375026105365313,-0.13953304,3.7202017307281494,1039,5
139,8.794021606445312,108.4424057006836,10.413568346185835,-0.14965737,4.1320109367370605,1039,6
138,8.881763458251953,114.06352233886719,10.680052543825203,-0.20280194,4.053708076477051,1039,7
144,4.04907751083374,25.949289321899414,5.0940444954769895,0.7555349,1.0784364938735962,1040,1
143,5.822991371154785,52.41022491455078,7.2394906529776515,0.49944717,1.5874617099761963,1040,2
142,7.134444236755371,76.20658111572266,8.72963808618219,0.2673354,0.21518799662590027,1040,3
141,7.716240882873535,92.08109283447266,9.595889371729577,0.1117208,0.8837178945541382,1040,4
140,8.671229362487793,113.87540435791016,10.671241931373787,-0.09993243,1.3238931894302368,1040,5
139,9.121705055236816,125.168701171875,11.187881889431752,-0.20895767,2.4085135459899902,1040,6
138,8.736282348632812,115.0799331665039,10.727531550478139,-0.10490763,0.6650893688201904,1040,7
114,5.138421535491943,42.829925537109375,6.544457619780983,0.53910244,2.341553211212158,1041,1
111,7.615245342254639,86.89872741699219,9.321948692038172,0.042943656,4.250068187713623,1041,2
108,6.903087615966797,75.83223724365234,8.708170717415475,0.1636467,1.7574104070663452,1041,3
105,8.300745010375977,109.20478057861328,10.450109118024237,-0.20416474,2.5132999420166016,1041,4
103,7.760288238525391,95.65379333496094,9.78027572898438,-0.043540478,2.4071362018585205,1041,5
101,8.844614028930664,121.97248077392578,11.044115210098353,-0.32431757,2.7459776401519775,1041,6
99,8.9608736038208,127.00434112548828,11.269620274236763,-0.37786663,-0.5283308029174805,1041,7
144,3.802690267562866,22.663169860839844,4.760585033463833,0.8140542,0.11253224313259125,1042,1
143,5.837606430053711,55.90508270263672,7.476970155259195,0.53455365,0.15191619098186493,1042,2
142,6.546745300292969,69.95703887939453,8.364032453272436,0.41354865,-0.06918249279260635,1042,3
141,6.975134372711182,78.17636108398438,8.841739709128763,0.34307933,0.5295071005821228,1042,4
140,7.503949165344238,88.01017761230469,9.381373972521546,0.2612309,-2.0709335803985596,1042,5
139,7.927581787109375,99.00557708740234,9.950154626306183,0.16938889,-2.8938159942626953,1042,6
138,8.152300834655762,110.7227554321289,10.522488081824036,0.07578868,-3.5106890201568604,1042,7
144,8.153786659240723,97.24786376953125,9.86143314987894,0.7815126,3.7841694355010986,1043,1
143,11.543298721313477,190.49420166015625,13.80196368855375,0.5738336,3.5319201946258545,1043,2
142,12.634847640991211,238.19773864746094,15.433656036320782,0.47021508,0.5601516366004944,1043,3
141,14.839639663696289,345.15301513671875,18.578294193405345,0.2375235,-0.015382157638669014,1043,4
140,13.616328239440918,284.4374694824219,16.865274070776966,0.37610453,-0.5832685232162476,1043,5
139,14.747495651245117,336.89703369140625,18.354755070319143,0.26631486,-0.5086110234260559,1043,6
138,15.037569046020508,337.3100891113281,18.366003623851547,0.2703076,-0.7541598081588745,1043,7
114,6.617293834686279,67.44197082519531,8.212306060126798,0.56200874,0.8549609780311584,1045,1
111,9.845128059387207,160.96376037597656,12.687149418840175,-0.08671093,2.203582286834717,1045,2
108,10.390052795410156,174.7976531982422,13.221106353034234,-0.2085445,1.6234732866287231,1045,3
105,10.963099479675293,211.7581329345703,14.551911659110988,-0.5754657,0.921795666217804,1045,4
103,10.583544731140137,191.0308380126953,13.821390596198897,-0.4044485,1.0159920454025269,1045,5
101,10.67519474029541,186.5482635498047,13.658267223546503,-0.35143495,0.29662367701530457,1045,6
99,10.020359992980957,165.65106201171875,12.870550182945513,-0.19213474,0.942537248134613,1045,7
144,4.687469482421875,35.15663528442383,5.929303102762063,0.81237745,0.8504307866096497,1046,1
143,6.921473026275635,78.40296936035156,8.85454512441783,0.5768303,0.8749874234199524,1046,2
142,7.887653827667236,98.95877075195312,9.947802307643288,0.4629388,1.033505916595459,1046,3
141,9.389120101928711,137.52667236328125,11.727176657801367,0.25355572,0.7934525609016418,1046,4
140,8.676345825195312,122.5926513671875,11.072156581587324,0.33738905,0.1258641928434372,1046,5
139,9.704185485839844,141.3221435546875,11.887899038715272,0.23870182,1.3668657541275024,1046,6
138,10.18614673614502,153.2220916748047,12.37829114517851,0.1782946,2.1820218563079834,1046,7
117,5.15954065322876,41.09640884399414,6.41064808299396,0.819299,1.4726996421813965,1047,1
115,8.325703620910645,103.55409240722656,10.176153124203005,0.551852,1.395641803741455,1047,2
113,8.847125053405762,116.72455596923828,10.803913919003532,0.5019773,2.695575475692749,1047,3
111,10.686417579650879,181.2904052734375,13.464412548397256,0.23551893,4.717284679412842,1047,4
109,13.012398719787598,238.72171020507812,15.450621676977212,0.0008401871,9.179778099060059,1047,5
107,12.92070484161377,232.60488891601562,15.251389737201512,0.025886834,8.655597686767578,1047,6
105,9.964987754821777,155.57192993164062,12.472847707385856,0.34536654,1.3198254108428955,1047,7
144,8.252405166625977,102.88861846923828,10.143402706648212,0.8130354,1.3200758695602417,1048,1
143,11.481188774108887,202.93356323242188,14.245475184507601,0.633024,1.3376730680465698,1048,2
142,12.960502624511719,273.0119323730469,16.523072727947635,0.5092583,-0.8109943270683289,1048,3
141,15.371914863586426,349.1548156738281,18.685684779365946,0.3766783,-0.448125422000885,1048,4
140,15.258443832397461,347.0134582519531,18.628297245104104,0.38488477,0.42646461725234985,1048,5
139,15.228901863098145,335.4052429199219,18.314072264789225,0.40970737,0.23806411027908325,1048,6
138,15.972691535949707,364.54058837890625,19.092946037186252,0.36269242,-0.5175040364265442,1048,7
144,5.511167049407959,46.35314178466797,6.808314166125706,0.80036384,1.1277626752853394,1049,1
143,7.838761329650879,98.52706909179688,9.926080248103824,0.5729573,0.7737856507301331,1049,2
142,8.445412635803223,106.03772735595703,10.297462180360608,0.5399347,0.4903748631477356,1049,3
141,9.003421783447266,121.32771301269531,11.014885973658343,0.4754818,-0.40448927879333496,1049,4
140,8.104584693908691,99.24796295166016,9.962327185535525,0.5730073,-0.39451587200164795,1049,5
139,9.16148853302002,126.55615234375,11.249717878406996,0.45740056,0.2107100933790207,1049,6
138,8.97734260559082,126.07569122314453,11.228343209180263,0.4623193,-0.2533774673938751,1049,7
129,5.473695278167725,43.2064323425293,6.573159996723745,0.7220694,-0.14311367273330688,1050,1
127,7.804832458496094,84.16217041015625,9.173994245156045,0.4533152,-0.6912205815315247,1050,2
125,8.473722457885742,105.53865051269531,10.273200597316073,0.3076408,-2.463244676589966,1050,3
123,8.680377960205078,110.84435272216797,10.528264468665668,0.26789093,-3.928966760635376,1050,4
121,8.892763137817383,121.36731719970703,11.016683584441692,0.20136476,-4.561591148376465,1050,5
119,9.232856750488281,126.09593200683594,11.229244498488576,0.17983502,-4.7718892097473145,1050,6
117,9.87343978881836,142.207763671875,11.925089671439583,0.08611083,-4.45119047164917,1050,7
144,4.718081951141357,34.94116973876953,5.911105627441412,0.7021005,0.19122187793254852,1051,1
143,7.678261756896973,86.8532943725586,9.31951148787095,0.25319248,-0.37399739027023315,1051,2
142,8.04716682434082,96.080322265625,9.80205704256127,0.17325276,-1.8057971000671387,1051,3
141,8.046873092651367,95.22423553466797,9.758290605155596,0.18174702,-1.4925652742385864,1051,4
140,7.306307792663574,84.0313491821289,9.166861468470488,0.28096026,-1.2855089902877808,1051,5
139,8.029875755310059,90.91212463378906,9.534784980994017,0.22471231,-1.4973434209823608,1051,6
138,8.526154518127441,107.20803833007812,10.354131461888926,0.092032194,-2.4288649559020996,1051,7
144,5.4973931312561035,47.24775695800781,6.87370038320029,0.6527879,1.2155002355575562,1052,1
143,7.809284210205078,90.78239440917969,9.52797955545559,0.33166248,1.549076795578003,1052,2
142,8.582880973815918,111.50373077392578,10.55953269675916,0.18206346,0.10711076110601425,1052,3
141,8.770668983459473,114.41761016845703,10.696616762717875,0.1640172,-1.2171542644500732,1052,4
140,8.768997192382812,112.5560073852539,10.609241602737393,0.1817928,-1.4252517223358154,1052,5
139,8.912357330322266,120.45947265625,10.9754030748875,0.12750429,-0.8681500554084778,1052,6
138,9.10013484954834,122.98922729492188,11.090050824722216,0.11541128,-1.0899122953414917,1052,7
129,7.0375776290893555,70.2820816040039,8.383440916712177,0.62150586,2.1933512687683105,1053,1
127,10.02558708190918,138.8863067626953,11.785003468930135,0.2606029,2.5847411155700684,1053,2
125,11.031197547912598,163.54251098632812,12.78837405561505,0.1379168,2.427432060241699,1053,3
123,11.744619369506836,187.8346710205078,13.705278947197966,0.017120421,2.620506763458252,1053,4
121,11.854680061340332,192.05349731445312,13.85833674415704,0.009109795,1.3760982751846313,1053,5
119,11.634442329406738,181.6787872314453,13.47882736856012,0.06824243,2.7629239559173584,1053,6
117,11.176803588867188,169.18319702148438,13.007044130834814,0.12790442,2.403820276260376,1053,7
144,4.486094951629639,32.35890197753906,5.6884885494777135,0.68246806,-0.13827848434448242,1054,1
143,6.942101955413818,72.53663635253906,8.516844271943633,0.28245193,0.3575969636440277,1054,2
142,7.859817028045654,93.79595184326172,9.684831017795908,0.07317877,0.5401782393455505,1054,3
141,8.510392189025879,104.17498016357422,10.206614529978793,-0.027108788,0.01178603433072567,1054,4
140,8.327313423156738,110.87346649169922,10.529647025978564,-0.08707774,-1.1919734477996826,1054,5
139,8.21245002746582,110.97593688964844,10.534511706275163,-0.084941864,-1.60863196849823,1054,6
138,9.259031295776367,138.99227905273438,11.78949867690456,-0.35182166,-0.16992807388305664,1054,7
144,5.5181427001953125,52.60638427734375,7.253025870444952,0.671286,-1.0970075130462646,1055,1
143,8.715816497802734,123.4779281616211,11.112062282115822,0.22542739,-3.048347234725952,1055,2
142,9.805623054504395,157.40614318847656,12.546160495883854,0.015557051,-3.3502330780029297,1055,3
141,10.299713134765625,173.98764038085938,13.190437459798646,-0.08385539,-3.674260139465332,1055,4
140,10.624773025512695,180.46875,13.433865787627923,-0.11653745,-4.2612175941467285,1055,5
139,9.844122886657715,149.5027313232422,12.227130952240685,0.0786767,-3.1925652027130127,1055,6
138,10.939787864685059,196.217529296875,14.0077667490887,-0.20879102,-6.903167247772217,1055,7
144,5.86810827255249,60.20198440551758,7.758993775324065,0.6059989,0.9910517930984497,1056,1
143,8.11327838897705,107.9517593383789,10.389983606261316,0.2901876,-0.04254838451743126,1056,2
142,8.950011253356934,131.07614135742188,11.448848909712359,0.14039558,0.05204063653945923,1056,3
141,9.620240211486816,143.94740295410156,11.99780825626504,0.059563994,-1.2775952816009521,1056,4
140,9.531384468078613,142.8231658935547,11.9508646504575,0.07307786,-1.2089241743087769,1056,5
139,9.716798782348633,148.99923706054688,12.206524364476026,0.03672892,-0.04098774120211601,1056,6
138,9.094330787658691,132.54954528808594,11.513016341866537,0.1432625,-1.321160078048706,1056,7
144,4.583785533905029,31.85734748840332,5.644231346109346,0.6703744,-0.47900062799453735,1057,1
143,6.796013355255127,78.28305053710938,8.847770936066857,0.18064916,1.100095272064209,1057,2
142,7.408166885375977,90.72640991210938,9.525041202646284,0.050576746,1.0989629030227661,1057,3
141,7.715487957000732,95.25077056884766,9.759650125329681,0.0047283173,0.4976094663143158,1057,4
140,8.28913402557373,108.18347930908203,10.401128751682773,-0.123301744,-0.26722216606140137,1057,5
139,8.456250190734863,114.175048828125,10.685272520068217,-0.18504512,-0.6429746747016907,1057,6
138,8.663411140441895,120.3522720336914,10.970518311989247,-0.24153364,-0.9250132441520691,1057,7
135,5.20991849899292,42.20918655395508,6.49685974559672,0.43282396,1.77913498878479,1058,1
134,7.331149578094482,84.6017837524414,9.197922795525162,-0.13096142,3.239234685897827,1058,2
133,6.901704788208008,75.76141357421875,8.704103260774124,-0.017259002,2.556096076965332,1058,3
132,6.463994026184082,68.1500473022461,8.255304191987483,0.075495064,2.0221970081329346,1058,4
131,7.041010856628418,79.72205352783203,8.928720710596341,-0.10240996,3.052271604537964,1058,5
130,6.555348873138428,66.1971206665039,8.136161297965025,0.08156943,2.8771812915802,1058,6
129,6.892345428466797,76.25126647949219,8.732197116390134,-0.05692184,2.43170166015625,1058,7
129,7.125285625457764,83.41979217529297,9.133443609903823,0.3172269,-4.6142048835754395,1059,1
127,8.150787353515625,97.70657348632812,9.884663549475427,0.17191595,-3.638768434524536,1059,2
125,8.948261260986328,117.82909393310547,10.854911051367738,-0.023079991,-3.374443769454956,1059,3
123,8.646200180053711,114.38111877441406,10.694910882023004,-0.009081125,-3.561204195022583,1059,4
121,9.985474586486816,146.0720977783203,12.086029032660823,-0.3075539,-2.935789108276367,1059,5
119,9.596384048461914,138.7410430908203,11.778838783633143,-0.24874508,-4.210035800933838,1059,6
117,9.916776657104492,144.05006408691406,12.002085822344133,-0.28326857,-4.2007880210876465,1059,7
144,4.423287391662598,32.29764938354492,5.683102091599703,0.546137,1.0224746465682983,1061,1
143,7.4278411865234375,78.0720443725586,8.835838634366214,-0.1243521,4.36924409866333,1061,2
142,8.722305297851562,108.73788452148438,10.427745898394551,-0.58617353,5.401449680328369,1061,3
141,8.419902801513672,105.42440795898438,10.267638869719969,-0.551123,5.021153450012207,1061,4
140,8.701956748962402,109.20126342773438,10.449940833695393,-0.6121843,4.458455562591553,1061,5
139,9.296222686767578,127.55724334716797,11.294124284209376,-0.89036477,4.906289100646973,1061,6
138,8.08426284790039,96.58854675292969,9.827947229860857,-0.42586434,2.912647008895874,1061,7
144,4.7642822265625,35.99510955810547,5.999592449333994,0.63312376,1.2097222805023193,1062,1
143,7.05476188659668,77.59439086914062,8.808767840574562,0.19882768,3.3397321701049805,1062,2
142,6.536427021026611,68.76673889160156,8.292571307598239,0.28645134,0.0769026055932045,1062,3
141,7.961611270904541,91.77497863769531,9.579925815876411,0.045005858,1.217499017715454,1062,4
140,7.602852821350098,89.36921691894531,9.45352933665228,0.07133317,-0.04961308091878891,1062,5
139,9.013830184936523,119.92266082763672,10.95092054704246,-0.24453473,3.519831657409668,1062,6
138,8.043295860290527,93.49042510986328,9.669044684448577,0.03543067,0.13982954621315002,1062,7
129,5.2253522872924805,44.256282806396484,6.652539575710653,0.56214523,1.6230742931365967,1063,1
127,8.405510902404785,108.91897583007812,10.436425433551381,-0.078097105,4.561637878417969,1063,2
125,8.575960159301758,114.90997314453125,10.71960694916242,-0.1350466,4.410412788391113,1063,3
123,11.244091987609863,193.70359802246094,13.91774399902732,-0.91203713,7.797617435455322,1063,4
121,9.347997665405273,124.6590347290039,11.165081044444053,-0.21511829,4.773622035980225,1063,5
119,11.044637680053711,176.5223388671875,13.286170963343332,-0.70608044,7.139444351196289,1063,6
117,9.655613899230957,130.25962829589844,11.41313402602013,-0.28096068,2.9205217361450195,1063,7
144,4.372893810272217,31.05485725402832,5.572688512202016,0.56866884,1.6214433908462524,1064,1
143,6.524384021759033,71.2603530883789,8.44158474981913,-0.018706918,3.9213175773620605,1064,2
142,6.625677108764648,70.05479431152344,8.369874211212702,-0.018854141,3.6265370845794678,1064,3
141,7.469546318054199,86.95419311523438,9.324923223020894,-0.27990913,3.384524345397949,1064,4
140,7.507286071777344,83.90180969238281,9.159793103142823,-0.2404629,1.7606056928634644,1064,5
139,7.256922721862793,75.5163803100586,8.690016128296804,-0.12244654,1.1422209739685059,1064,6
138,7.7546210289001465,85.20977020263672,9.23091383356148,-0.26326168,0.6169487833976746,1064,7
144,4.543035507202148,34.444339752197266,5.868930034699448,0.58856905,0.31826698780059814,1065,1
143,6.630204200744629,66.03086853027344,8.125938009256128,0.19791192,1.1249240636825562,1065,2
142,6.466869354248047,69.47888946533203,8.335399778374882,0.15155613,0.24376501142978668,1065,3
141,6.306788444519043,69.68269348144531,8.34761603581797,0.14833415,-0.8427621722221375,1065,4
140,6.819606781005859,78.30601501464844,8.849068595883322,0.045104265,0.5314000844955444,1065,5
139,6.430634021759033,68.20177459716797,8.25843657099623,0.16674322,-0.35674551129341125,1065,6
138,7.215928077697754,80.52294158935547,8.973457616178697,0.022179663,-0.4241830110549927,1065,7
144,4.583828926086426,34.122283935546875,5.841428244491827,0.66977406,0.36011961102485657,1066,1
143,7.3434271812438965,82.80326843261719,9.099630126143435,0.18902826,2.2283077239990234,1066,2
142,7.4407219886779785,84.79358673095703,9.208343321735839,0.16725427,1.4281822443008423,1066,3
141,7.7818827629089355,99.65796661376953,9.982883682271847,0.021282017,2.5490944385528564,1066,4
140,7.533916473388672,92.3592758178711,9.610373344354063,0.09555751,1.3954343795776367,1066,5
139,7.213897705078125,82.7262954711914,9.09539968727001,0.19056278,0.9881970286369324,1066,6
138,8.235193252563477,108.85480499267578,10.43335061198826,-0.05858946,0.574228048324585,1066,7
144,5.990304946899414,59.90864944458008,7.740067793280629,0.3155414,3.0267724990844727,1068,1
143,7.658454895019531,88.4640884399414,9.405534989565528,-0.024978995,4.099721908569336,1068,2
142,8.979487419128418,122.34705352783203,11.061060235250146,-0.42251706,4.959928035736084,1068,3
141,9.193479537963867,122.71315002441406,11.077596762132753,-0.42725813,4.384024620056152,1068,4
140,8.585147857666016,112.98021697998047,10.629215257015941,-0.3103577,4.319294452667236,1068,5
139,7.835020542144775,98.54490661621094,9.92697872548395,-0.14259863,3.4479143619537354,1068,6
138,8.05427360534668,99.82843780517578,9.991418207901008,-0.15045512,1.3396979570388794,1068,7
129,5.840882778167725,55.519283294677734,7.451126310476674,0.49230057,2.5814359188079834,1069,1
127,8.361705780029297,115.38780212402344,10.741871444214151,-0.061977506,3.152223587036133,1069,2
125,8.195131301879883,119.40499877929688,10.92725943589228,-0.096722245,1.5493898391723633,1069,3
123,8.1043701171875,101.36003875732422,10.067772283744016,0.073792696,2.5108249187469482,1069,4
121,9.099119186401367,142.6575469970703,11.943933480937941,-0.29911697,3.6769983768463135,1069,5
119,8.649776458740234,125.7442626953125,11.213574929312797,-0.14778781,2.633150100708008,1069,6
117,8.221833229064941,112.274658203125,10.595973678861467,-0.01050818,0.7676439881324768,1069,7
129,4.231394290924072,26.311119079589844,5.129436526519248,0.5381794,0.6661164164543152,1070,1
127,5.150274276733398,37.90843200683594,6.156982378311305,0.27183646,0.8527617454528809,1070,2
125,5.064762592315674,41.252742767333984,6.422829809930665,0.14719033,-0.5862025022506714,1070,3
123,5.263296127319336,45.672340393066406,6.7581314276260125,0.048438013,0.1437814086675644,1070,4
121,5.51951265335083,48.19031524658203,6.941924462753972,-0.001972556,0.6564800143241882,1070,5
119,5.2954254150390625,43.87144088745117,6.623551984203881,0.08203268,0.649914562702179,1070,6
117,7.183690547943115,77.66356658935547,8.812693492307302,-0.64028716,5.016902923583984,1070,7
140,7.014223575592041,82.78646850585938,9.09870696889725,0.53733444,2.3181183338165283,1071,1
139,11.140923500061035,204.61709594726562,14.304443223951976,-0.13870442,6.218724727630615,1071,2
138,11.984490394592285,218.33541870117188,14.7761774049032,-0.20656264,6.1921844482421875,1071,3
137,14.377897262573242,329.42291259765625,18.15001136632306,-0.8098707,9.213117599487305,1071,4
136,12.078133583068848,216.53472900390625,14.715119061832501,-0.1816349,5.331140995025635,1071,5
135,11.150973320007324,173.0143585205078,13.153492255690418,0.06249225,4.076122283935547,1071,6
134,11.757331848144531,199.16192626953125,14.112474137072184,-0.0727272,4.343974590301514,1071,7
129,6.554538726806641,72.26847076416016,8.501086446105589,0.45782268,-3.162670135498047,1072,1
127,8.159653663635254,97.98954010009766,9.898966617788831,0.26589084,1.3653080463409424,1072,2
125,8.655791282653809,108.21067810058594,10.402436161812576,0.19659233,1.426910161972046,1072,3
123,9.167282104492188,116.85323333740234,10.809867406097188,0.14064169,2.0271053314208984,1072,4
121,8.60987377166748,111.7923355102539,10.573189467244683,0.1889373,-0.7774485349655151,1072,5
119,8.82636547088623,119.3922119140625,10.926674330008307,0.14447588,-1.7630354166030884,1072,6
117,8.230486869812012,103.86013793945312,10.191179418470323,0.26560885,-0.6574937701225281,1072,7
144,4.295138835906982,28.90085220336914,5.3759512835747625,0.61910576,0.8962426781654358,1073,1
143,5.853205680847168,51.62574005126953,7.185105430769234,0.32237548,1.4718561172485352,1073,2
142,7.128702640533447,72.6609115600586,8.524136997963993,0.051342785,3.106940269470215,1073,3
141,7.414452075958252,78.36051940917969,8.852147728612513,-0.01660633,3.390120267868042,1073,4
140,7.40265417098999,79.0168685913086,8.889143299064797,-0.018601894,3.0785348415374756,1073,5
139,7.077163219451904,73.28993225097656,8.560953933468896,0.059469283,2.5608890056610107,1073,6
138,6.798477649688721,70.0074691772461,8.367046622150859,0.10802841,1.695200800895691,1073,7
129,4.733137607574463,35.708377838134766,5.9756487378471945,0.6361928,0.32166555523872375,1074,1
127,6.517264366149902,62.48016357421875,7.904439485138636,0.36556834,1.8545387983322144,1074,2
125,7.778875827789307,82.11309051513672,9.061627365718406,0.17277223,2.8533694744110107,1074,3
123,8.818889617919922,113.45402526855469,10.651479956726892,-0.13264465,4.967984676361084,1074,4
121,8.735411643981934,107.3863525390625,10.362738660173887,-0.063342094,4.086822986602783,1074,5
119,8.985844612121582,111.11478424072266,10.541099764290378,-0.11927366,3.5780839920043945,1074,6
117,9.621491432189941,134.76161193847656,11.608686917066743,-0.44748425,4.686883449554443,1074,7
144,4.730249881744385,36.57932662963867,6.0480845422033145,0.6308862,-0.6497794985771179,1075,1
143,6.602026462554932,63.6366081237793,7.977255676219692,0.3549801,0.3993902802467346,1075,2
142,7.325296878814697,79.0649642944336,8.891848193397905,0.19965184,0.7787725925445557,1075,3
141,7.311986446380615,82.44970703125,9.080182103418961,0.16811103,0.8002477288246155,1075,4
140,7.729443550109863,86.12300872802734,9.28024831176555,0.1353938,1.45294189453125,1075,5
139,7.4110307693481445,80.32882690429688,8.962635042458043,0.19651413,0.33480703830718994,1075,6
138,7.470190048217773,84.31352996826172,9.182239921079264,0.16251582,0.5355144143104553,1075,7
129,5.049440383911133,41.1385498046875,6.413934034949806,0.63706064,0.12809552252292633,1076,1
127,7.1880974769592285,81.7595443725586,9.042098449616581,0.27477956,1.3317159414291382,1076,2
125,7.510132789611816,87.51950073242188,9.355185766857966,0.23023558,0.20417430996894836,1076,3
123,7.949836254119873,94.70840454101562,9.731824317208753,0.17663223,0.2514094412326813,1076,4
122,8.008774757385254,96.26541900634766,9.81149422903299,0.16852969,1.0209304094314575,1076,5
121,8.391057968139648,103.11426544189453,10.154519458935244,0.115766466,1.5813779830932617,1076,6
120,9.03473949432373,124.25545501708984,11.14699309307626,-0.05923009,3.4246485233306885,1076,7
144,4.88497257232666,39.813663482666016,6.3098069291117,0.63776016,0.47984108328819275,1077,1
143,7.113023281097412,76.46427154541016,8.744385143931513,0.29921848,0.9705476760864258,1077,2
142,7.457108497619629,81.12892150878906,9.007159458385816,0.25637156,0.161285862326622,1077,3
141,8.222278594970703,101.56360626220703,10.077877071199422,0.071521044,0.9413837194442749,1077,4
140,7.978250503540039,105.87371826171875,10.28949552999168,0.03694272,-2.6583988666534424,1077,5
139,7.795826435089111,102.47831726074219,10.123157474856459,0.07116264,-2.793442964553833,1077,6
138,8.041979789733887,106.12483215332031,10.301690742461663,0.044618964,-1.7245759963989258,1077,7
144,3.2628679275512695,19.554473876953125,4.422044083560579,0.20191234,0.9958354234695435,1078,1
143,4.528804779052734,32.377628326416016,5.690134297748694,-0.34751666,1.578197717666626,1078,2
142,5.331171035766602,46.43082046508789,6.814016470855342,-0.9447973,2.0246262550354004,1078,3
141,5.353170871734619,46.04325866699219,6.785518304963313,-0.9225637,2.513828754425049,1078,4
140,5.759220600128174,57.35918426513672,7.5735846377482785,-1.3965435,3.4022722244262695,1078,5
139,5.293523788452148,47.95958709716797,6.925286066089109,-0.9934418,2.6102497577667236,1078,6
138,5.5295867919921875,49.89971923828125,7.0639733322175875,-1.0626194,2.8649024963378906,1078,7
144,2.5056161880493164,12.849309921264648,3.5845934108716775,0.41050035,0.36559221148490906,1079,1
143,3.492626190185547,20.67876625061035,4.547391147747283,0.02945,0.3866407871246338,1079,2
142,3.8187685012817383,23.253210067749023,4.82215823752695,-0.1002717,0.026179661974310875,1079,3
141,3.794604539871216,22.97588348388672,4.7933165432596585,-0.08230519,0.038784705102443695,1079,4
140,4.1966657638549805,28.81671142578125,5.368119915368998,-0.3528223,0.8949517607688904,1079,5
139,4.211476802825928,27.684492111206055,5.261605468980552,-0.29130185,0.6665864586830139,1079,6
138,4.35469388961792,29.17656707763672,5.401533770850342,-0.35130322,0.6715600490570068,1079,7
144,2.682546854019165,12.579788208007812,3.5467997135456932,0.45480722,0.43922021985054016,1080,1
143,3.4287049770355225,19.377744674682617,4.4020159784674355,0.14386874,-0.14186351001262665,1080,2
142,3.8734943866729736,23.39755630493164,4.8371020564932925,-0.042993307,0.19037702679634094,1080,3
141,4.272106170654297,28.35431480407715,5.3248769754875225,-0.26183498,0.6701639294624329,1080,4
140,4.3384690284729,28.61712646484375,5.3494977768799705,-0.26806915,0.7619017958641052,1080,5
139,4.562313556671143,30.50448226928711,5.523086299279336,-0.34330177,0.9387534260749817,1080,6
138,4.56469202041626,31.362512588500977,5.600224333765655,-0.37360847,0.9028247594833374,1080,7
144,5.44140100479126,46.9287109375,6.8504533381010635,0.5610358,0.639546811580658,1082,1
143,7.631173610687256,92.42130279541016,9.613599887420433,0.12784111,0.9947955012321472,1082,2
142,7.937647819519043,99.32221984863281,9.966053373759987,0.061498225,0.34392258524894714,1082,3
141,8.595444679260254,119.23046875,10.919270522795925,-0.12238181,-0.8998374938964844,1082,4
140,8.363306045532227,107.04295349121094,10.346156459826563,-0.0018610954,0.6455883979797363,1082,5
139,8.035538673400879,100.04408264160156,10.002203889223692,0.06654298,-1.1294515132904053,1082,6
138,8.366693496704102,103.87232208251953,10.191777179791536,0.034704804,-0.7217929363250732,1082,7
144,2.7639589309692383,13.940929412841797,3.7337554034566587,0.16575223,0.2931067943572998,1083,1
143,3.4475979804992676,20.495920181274414,4.527242006042356,-0.25462413,0.15644657611846924,1083,2
142,3.97556734085083,26.076751708984375,5.106540091782731,-0.6165221,0.9035021066665649,1083,3
141,4.249683856964111,28.319704055786133,5.321626072525778,-0.74453187,1.268693447113037,1083,4
140,4.656589031219482,32.85133361816406,5.731608292457193,-1.0098655,1.8143113851547241,1083,5
139,4.539836883544922,29.74317169189453,5.453730071418509,-0.80710125,1.838786005973816,1083,6
138,4.787466526031494,33.59101104736328,5.795775275781772,-1.0262804,2.293196201324463,1083,7
144,3.132510185241699,18.135026931762695,4.25852403207528,0.31134373,0.136190727353096,1084,1
143,3.8133840560913086,23.903032302856445,4.889072744688551,0.078342795,0.1029256284236908,1084,2
142,4.070838451385498,27.191282272338867,5.214526083196715,-0.049126506,-0.6102863550186157,1084,3
141,4.2032084465026855,27.736831665039062,5.2665768450711,-0.06536758,-0.08120264858007431,1084,4
140,4.166332244873047,26.73423194885254,5.170515636651004,-0.02967894,0.10502085089683533,1084,5
139,4.302382946014404,27.655302047729492,5.258830863198539,-0.06517601,0.7931883335113525,1084,6
138,4.093794345855713,26.484901428222656,5.146348358615326,-0.012970924,0.305959016084671,1084,7
144,2.9248666763305664,15.64698314666748,3.9556267703952406,0.2799192,0.42561113834381104,1085,1
143,3.9082560539245605,25.009910583496094,5.000990960149408,-0.17180932,1.3476566076278687,1085,2
142,4.172122955322266,27.645164489746094,5.257866914419392,-0.3126688,0.8385031223297119,1085,3
141,4.428704738616943,30.14931297302246,5.4908390044712165,-0.4240167,1.1817971467971802,1085,4
140,3.892082929611206,24.915313720703125,4.9915241881316295,-0.16969013,0.015412194654345512,1085,5
139,3.939729690551758,24.364246368408203,4.93601523178446,-0.13577414,0.3045613467693329,1085,6
138,4.004936695098877,24.754018783569336,4.975341072084339,-0.15046144,0.26533055305480957,1085,7
144,2.359177350997925,10.955446243286133,3.309901243736153,0.30751055,-0.7122901082038879,1086,1
143,2.8695828914642334,14.931958198547363,3.864189203254334,0.045614183,-0.4229714572429657,1086,2
142,3.0457684993743896,17.34596061706543,4.164848210567275,-0.121822596,-0.5085305571556091,1086,3
141,2.8411154747009277,16.17170524597168,4.021405879287949,-0.051374316,-0.998289942741394,1086,4
140,2.9513893127441406,17.33021354675293,4.162957307822521,-0.12176657,-1.454163908958435,1086,5
139,2.9424245357513428,15.409000396728516,3.925429963294278,0.0096818805,-0.03956092149019241,1086,6
138,2.9527604579925537,16.066194534301758,4.008265776405272,-0.026792288,-0.6985204815864563,1086,7
144,2.439000368118286,11.765609741210938,3.4301034592575976,0.32380825,-0.013582388870418072,1087,1
143,3.153327226638794,17.55731964111328,4.19014553937131,-0.01911056,0.1666889488697052,1087,2
142,3.23268461227417,17.34084701538086,4.164234265189803,-0.009166479,0.15674161911010742,1087,3
141,3.5979413986206055,20.07798194885254,4.480846119747088,-0.1710825,1.2989648580551147,1087,4
140,3.561129331588745,21.380876541137695,4.62394599245468,-0.2565366,0.6380633115768433,1087,5
139,3.4116158485412598,20.67034149169922,4.546464724563386,-0.21083117,0.5059137940406799,1087,6
138,3.3432846069335938,19.4289493560791,4.4078281903993375,-0.13317084,0.4807710647583008,1087,7
114,2.9675354957580566,17.16509437561035,4.143077886741975,0.16094285,-1.506091833114624,1088,1
111,3.2991740703582764,21.498964309692383,4.636697565044801,-0.11972201,-1.7093032598495483,1088,2
108,3.2963671684265137,20.687524795532227,4.5483540754356655,-0.12658608,-1.2264519929885864,1088,3
105,3.189819574356079,18.143898010253906,4.25956547199992,-0.08045781,-0.9830166101455688,1088,4
102,3.265770673751831,19.954315185546875,4.4670253173165335,-0.23062539,-0.9329261779785156,1088,5
99,3.582721710205078,21.985435485839844,4.688862920350716,-0.40670562,-1.2483553886413574,1088,6
96,3.5440053939819336,21.385324478149414,4.624426935107681,-0.33490884,-1.4069875478744507,1088,7
144,3.0499086380004883,16.19061851501465,4.023756766383208,0.44789976,0.07889298349618912,1089,1
143,3.9860007762908936,26.443988800048828,5.142371904097255,0.08591169,0.11861176788806915,1089,2
142,4.433891296386719,32.07912826538086,5.663843947830912,-0.12396932,0.32909634709358215,1089,3
141,4.723144054412842,36.48594665527344,6.040359811739151,-0.2749014,0.6714779138565063,1089,4
140,5.084754467010498,41.86477279663086,6.470299281843991,-0.47083318,1.1342942714691162,1089,5
139,5.1725969314575195,42.04403305053711,6.484137032060405,-0.46860564,1.5170114040374756,1089,6
138,5.108702182769775,39.9492073059082,6.320538529738443,-0.39505625,1.4304343461990356,1089,7
144,5.264952659606934,46.56809997558594,6.82408235410344,0.64949214,1.835286021232605,1090,1
143,7.268214702606201,78.43870544433594,8.856562845954176,0.40566802,1.9368548393249512,1090,2
142,7.8948974609375,90.99441528320312,9.539099290981467,0.31007832,2.0061159133911133,1090,3
141,9.22107219696045,118.7630615234375,10.897846646169944,0.100434065,2.9710657596588135,1090,4
140,8.544588088989258,109.51909637451172,10.465137188518444,0.17362767,1.9204882383346558,1090,5
139,8.475953102111816,109.7800064086914,10.477595449753316,0.17439556,0.42098334431648254,1090,6
138,9.025833129882812,116.6526870727539,10.800587348508131,0.12829173,1.525131344795227,1090,7
129,4.235540866851807,28.816308975219727,5.368082429994879,0.28219026,-2.2133283615112305,1091,1
127,5.089901924133301,41.18403625488281,6.417478964116891,-0.047900677,-2.3609235286712646,1091,2
125,5.262795925140381,42.77040100097656,6.539908332765572,-0.0926646,-1.10281240940094,1091,3
123,7.051029205322266,70.9234390258789,8.421605489802934,-0.80571234,2.447399854660034,1091,4
121,5.613450527191162,46.38701248168945,6.810801162982917,-0.17023897,0.5190374255180359,1091,5
119,5.600666522979736,45.335330963134766,6.7331516367251645,-0.12885273,-0.08940839022397995,1091,6
117,5.636672019958496,47.9850959777832,6.92712754161371,-0.18933952,-1.1850640773773193,1091,7
144,6.56585693359375,61.17182159423828,7.821241691332539,-2.0772457,-6.449948787689209,3901,1
143,6.718109130859375,63.49454879760742,7.968346679055036,-2.2675524,-6.6381731033325195,3901,2
142,6.758670806884766,64.10943603515625,8.006836830806298,-2.4036908,-6.729555606842041,3901,3
141,6.737760066986084,63.80754852294922,7.987962726687527,-2.3839407,-6.703537940979004,3901,4
140,6.666965961456299,62.61155700683594,7.9127464894836566,-2.3528585,-6.629014015197754,3901,5
139,6.782703399658203,64.19761657714844,8.012341516507421,-2.446785,-6.747193336486816,3901,6
138,6.6511406898498535,62.23552322387695,7.888949437274709,-2.340566,-6.6058430671691895,3901,7
129,4.377580642700195,31.3087158203125,5.595419181822976,-0.64720464,-3.9320623874664307,3902,1
127,6.207890510559082,56.1628532409668,7.494187964080351,-1.9710553,-6.107509613037109,3902,2
125,6.311641693115234,57.539100646972656,7.5854532262069,-2.039834,-6.2145304679870605,3902,3
123,6.429101943969727,59.13740158081055,7.690084627675469,-2.115163,-6.343356609344482,3902,4
121,6.341206073760986,57.7408561706543,7.59874043316748,-2.0700262,-6.2501325607299805,3902,5
119,6.4763407707214355,59.71359634399414,7.727457301337494,-2.1913116,-6.403910160064697,3902,6
117,6.477685451507568,59.962642669677734,7.743554911646054,-2.1515381,-6.407618522644043,3902,7
129,5.492152214050293,45.97447204589844,6.780447776209064,-1.4372113,-5.349071979522705,3903,1
127,6.2020182609558105,55.87916564941406,7.475236828985023,-1.9698658,-6.0900444984436035,3903,2
125,6.301172256469727,57.21826171875,7.564275359791577,-2.0303266,-6.19193696975708,3903,3
123,5.749288082122803,48.657474517822266,6.975490987580893,-1.5612903,-5.447218418121338,3903,4
121,5.668389797210693,48.83427429199219,6.98815242335141,-1.5827117,-5.481325149536133,3903,5
119,6.5367326736450195,60.51405715942383,7.779078169000735,-2.2143967,-6.455402851104736,3903,6
117,5.389926910400391,44.65887451171875,6.682729570446401,-1.3336418,-5.012628555297852,3903,7
144,4.782211780548096,36.12228775024414,6.010182006415791,-0.7689462,-4.340322494506836,3904,1
143,5.9887285232543945,53.64154815673828,7.324039060295779,-1.6549318,-5.785165786743164,3904,2
142,6.017465114593506,53.96000671386719,7.345747525872856,-1.6653936,-5.812680244445801,3904,3
141,6.083770751953125,55.14579772949219,7.426021662336583,-1.7050443,-5.89441442489624,3904,4
140,5.891647815704346,52.44339370727539,7.241781114289177,-1.5557156,-5.652257442474365,3904,5
139,5.9255595207214355,52.938720703125,7.275899992655548,-1.5681412,-5.70925760269165,3904,6
138,5.756203651428223,51.14407730102539,7.151508742987412,-1.4713805,-5.496680736541748,3904,7
129,6.284417629241943,56.979644775390625,7.548486257216783,-1.9296384,-6.144537925720215,3905,1
127,6.458037853240967,59.55788040161133,7.7173752274728304,-2.1028426,-6.354093551635742,3905,2
125,6.444090843200684,59.47595977783203,7.712065856684059,-2.1703699,-6.381113052368164,3905,3
123,6.2216081619262695,56.404869079589844,7.510317508573778,-2.010629,-6.128114223480225,3905,4
121,6.664856433868408,62.22977828979492,7.8885853161257575,-2.4292665,-6.632405757904053,3905,5
119,6.738395690917969,62.945404052734375,7.933813966355297,-2.4948032,-6.70341682434082,3905,6
117,6.881108283996582,64.91679382324219,8.057095867820005,-2.5972674,-6.848849296569824,3905,7
129,5.260457515716553,43.25608825683594,6.576936084290004,-1.1443684,-4.962962627410889,3906,1
127,6.518996715545654,61.56514358520508,7.846345874686196,-2.1033201,-6.412182331085205,3906,2
125,7.466986656188965,74.84313201904297,8.651192520054272,-2.8797386,-7.453304290771484,3906,3
123,6.379289150238037,58.51527404785156,7.649527700966352,-2.046503,-6.226372718811035,3906,4
121,7.35823917388916,72.33838653564453,8.505197618847227,-2.880622,-7.340309143066406,3906,5
119,6.4173197746276855,58.86228942871094,7.672176316320614,-2.1886528,-6.354534149169922,3906,6
117,7.674039840698242,77.27688598632812,8.790727272889777,-3.168137,-7.657380104064941,3906,7
129,5.703617095947266,48.39893341064453,6.956934196227857,-1.5859017,-5.514037609100342,3907,1
127,6.106078147888184,54.40686798095703,7.376101136844385,-1.9332616,-5.9896440505981445,3907,2
125,6.129822731018066,54.63274383544922,7.3913966092646675,-1.9811792,-6.026810646057129,3907,3
123,6.226377964019775,55.77745056152344,7.468430260872993,-2.0440514,-6.121309757232666,3907,4
121,6.2411723136901855,56.02939224243164,7.4852783677316665,-2.1526368,-6.16847562789917,3907,5
119,6.732415199279785,62.4605827331543,7.903200790385772,-2.5309699,-6.723850727081299,3907,6
117,6.47152853012085,58.97777557373047,7.679698924679956,-2.304991,-6.41905403137207,3907,7
114,6.488408088684082,61.435054779052734,7.838051720871248,-1.8776383,-6.341527462005615,3908,1
111,6.694474697113037,64.22858428955078,8.014273784289552,-2.1137514,-6.60459041595459,3908,2
108,6.728628158569336,64.59410095214844,8.03704553627441,-2.2295547,-6.678449630737305,3908,3
105,6.409364700317383,60.36247634887695,7.769329208424428,-1.970649,-6.3205389976501465,3908,4
102,6.799995422363281,65.8577880859375,8.115281146450657,-2.2588782,-6.761051177978516,3908,5
99,6.77689790725708,64.4068832397461,8.025389912007148,-2.3750203,-6.735881328582764,3908,6
97,6.726482391357422,62.54248046875,7.908380394793235,-2.3888786,-6.704966068267822,3908,7
129,5.657050132751465,47.797996520996094,6.91360951464545,-1.6044412,-5.480797290802002,3909,1
127,5.727408409118652,48.89139938354492,6.992238510201502,-1.6868758,-5.560816764831543,3909,2
125,6.043604373931885,52.905914306640625,7.273645187018722,-1.9408305,-5.93575382232666,3909,3
123,6.225333213806152,55.58338165283203,7.455426322674783,-2.0887709,-6.130040645599365,3909,4
121,6.317591190338135,56.39207458496094,7.5094656657422,-2.2313764,-6.226558685302734,3909,5
119,6.616873264312744,60.88473129272461,7.802866863706225,-2.5073736,-6.565217971801758,3909,6
117,6.82612943649292,63.37983322143555,7.961145220471458,-2.616282,-6.787652492523193,3909,7
123,5.580998420715332,47.18925094604492,6.869443277736917,-1.5850801,-5.450141429901123,3910,1
121,5.929990291595459,51.741451263427734,7.193153082162769,-1.904805,-5.826998233795166,3910,2
119,5.9341864585876465,50.7795524597168,7.125977298568723,-2.05589,-5.846195220947266,3910,3
117,5.986636638641357,51.72114944458008,7.191741753190257,-2.1414683,-5.904391765594482,3910,4
115,6.373872756958008,55.29710388183594,7.436202248583341,-2.4380412,-6.321468353271484,3910,5
113,6.58899450302124,58.46550750732422,7.64627409313348,-2.6462111,-6.561587810516357,3910,6
111,5.949704170227051,50.111385345458984,7.0789395636252594,-2.088131,-5.8596882820129395,3910,7
129,6.727262020111084,71.01366424560547,8.42696055797139,-1.4747,-6.549197673797607,3911,1
127,6.961572170257568,74.80458068847656,8.648964139622533,-1.6469414,-6.827388286590576,3911,2
125,6.963088512420654,73.88114929199219,8.595414433987008,-1.6137412,-6.721478462219238,3911,3
123,7.334012508392334,79.0259780883789,8.889655678842624,-1.823179,-7.216460704803467,3911,4
121,7.201631546020508,78.55113983154297,8.862908091114505,-1.8462148,-7.150863170623779,3911,5
119,7.284083843231201,79.74398803710938,8.929948938102019,-1.8946338,-7.2459611892700195,3911,6
117,7.1999616622924805,79.11967468261719,8.894924096506793,-1.8250694,-7.155398845672607,3911,7
129,7.679111957550049,90.66470336914062,9.521801477091435,-1.6367302,-7.523331165313721,3912,1
127,7.79043436050415,92.3511962890625,9.609952980585415,-1.7433596,-7.674309253692627,3912,2
125,7.924493312835693,94.46941375732422,9.719537733726035,-1.8111341,-7.797467231750488,3912,3
123,8.254987716674805,99.7845687866211,9.989222631747733,-2.0002904,-8.100861549377441,3912,4
121,8.16930866241455,98.78553771972656,9.939091393066398,-2.0038192,-8.128808975219727,3912,5
119,8.129980087280273,98.26809692382812,9.91302662781797,-1.989388,-8.088411331176758,3912,6
117,7.589714050292969,88.80205535888672,9.423484247288087,-1.656167,-7.51125955581665,3912,7
144,5.58954381942749,49.96116638183594,7.068321327007986,-1.047297,-5.274569511413574,3913,1
143,6.454607009887695,63.41427993774414,7.963308353802717,-1.6291711,-6.2711358070373535,3913,2
142,6.6566290855407715,65.6014404296875,8.099471614228147,-1.7211106,-6.463304042816162,3913,3
141,7.205983638763428,73.3907470703125,8.566839969925462,-2.0227766,-7.116235256195068,3913,4
140,6.620875835418701,65.160888671875,8.072229473440098,-1.6729445,-6.519651412963867,3913,5
139,6.813880443572998,68.59503936767578,8.282212226674451,-1.7975926,-6.7348456382751465,3913,6
138,6.466493129730225,64.33499145507812,8.020909640126744,-1.6071393,-6.392794609069824,3913,7
114,6.727374076843262,68.71324920654297,8.289345523413955,-1.3481677,-6.534926414489746,3914,1
111,7.6563029289245605,84.82789611816406,9.210206084456745,-1.9893193,-7.515931606292725,3914,2
108,7.409000396728516,78.96601867675781,8.886282612924136,-1.8084946,-7.186794281005859,3914,3
105,7.701770782470703,87.20668029785156,9.338451707743182,-2.1477003,-7.445667266845703,3914,4
102,7.951470851898193,92.11358642578125,9.597582321906973,-2.3786705,-7.819348335266113,3914,5
99,8.134054183959961,95.3128662109375,9.762830850267637,-2.4996226,-8.041459083557129,3914,6
96,8.35315227508545,96.95369720458984,9.846506852919457,-2.4870749,-8.327407836914062,3914,7
114,5.5779218673706055,46.974464416503906,6.853791973535811,-1.6354849,-5.40147066116333,3915,1
111,5.5328874588012695,46.35923767089844,6.8087618309717985,-1.6597114,-5.376392364501953,3915,2
108,5.526533126831055,46.344207763671875,6.807658023408041,-1.6728148,-5.389458656311035,3915,3
105,5.6141533851623535,47.63499069213867,6.901810682142671,-1.6935298,-5.485774517059326,3915,4
102,5.76951265335083,49.37123107910156,7.0264664717837775,-1.8046987,-5.639210224151611,3915,5
99,5.820584297180176,50.2989501953125,7.092175279511393,-1.8671501,-5.744540691375732,3915,6
96,5.8077392578125,50.1720085144043,7.083220207956569,-1.8781474,-5.742023944854736,3915,7
144,6.506711959838867,60.35997009277344,7.769167915084179,-2.1068127,-6.408019065856934,3916,1
143,6.5960164070129395,61.60934829711914,7.849162267218021,-2.2405577,-6.5283732414245605,3916,2
142,6.650876998901367,62.439762115478516,7.901883453675998,-2.383153,-6.629307746887207,3916,3
141,6.366380214691162,58.90005874633789,7.674637369044735,-2.1805713,-6.335657119750977,3916,4
140,6.790406227111816,64.26791381835938,8.016727126350215,-2.4998899,-6.772756576538086,3916,5
139,6.73531436920166,63.41347122192383,7.96325757601271,-2.4547994,-6.715986251831055,3916,6
138,6.637577533721924,61.818382263183594,7.862466678033274,-2.364646,-6.612326622009277,3916,7
129,4.711727619171143,35.21846389770508,5.934514630338784,-0.87544763,-4.447288513183594,3917,1
127,7.3560357093811035,71.76860809326172,8.471635502856678,-2.9229286,-7.312160491943359,3917,2
125,7.426876544952393,72.8266372680664,8.533852428303785,-3.0863624,-7.416116714477539,3917,3
123,7.431457996368408,72.63613891601562,8.522683785992275,-3.1338296,-7.420713901519775,3917,4
121,7.686980247497559,76.00738525390625,8.718221450152907,-3.4422798,-7.676608085632324,3917,5
119,7.774501800537109,77.03795623779297,8.77712687830095,-3.5777273,-7.762946605682373,3917,6
117,7.773161888122559,77.37928771972656,8.796549762249207,-3.53896,-7.760794639587402,3917,7
129,5.466856479644775,44.95945358276367,6.70518109992293,-1.5251615,-5.286236763000488,3918,1
127,6.083055019378662,53.47422409057617,7.3126072019886434,-2.0542727,-6.0008697509765625,3918,2
125,6.133396148681641,54.26088333129883,7.3661987029470515,-2.1513927,-6.085139274597168,3918,3
123,6.175938129425049,54.62751770019531,7.3910430725436385,-2.1894245,-6.132288932800293,3918,4
121,6.283733367919922,55.93370056152344,7.478883644069042,-2.3448274,-6.258334636688232,3918,5
119,6.322732448577881,56.32313919067383,7.50487436208454,-2.4026275,-6.307487964630127,3918,6
117,6.3242387771606445,56.53363800048828,7.518885422753048,-2.3792272,-6.308747291564941,3918,7
144,4.680760383605957,33.598594665527344,5.796429475593345,-1.0672405,-4.351343631744385,3919,1
143,5.392398834228516,43.14238739013672,6.568286488128903,-1.7142093,-5.23234748840332,3919,2
142,5.778267860412598,47.605709075927734,6.899689056466801,-2.0500813,-5.710972785949707,3919,3
141,5.225862979888916,41.0650749206543,6.4082037202834226,-1.6143909,-5.0833282470703125,3919,4
140,5.064479351043701,38.924888610839844,6.238981376061307,-1.4837358,-4.901078224182129,3919,5
139,5.836835861206055,48.4660530090332,6.961756460048944,-2.0720189,-5.768383979797363,3919,6
138,5.7725138664245605,48.5529899597168,6.967997557384532,-2.0629172,-5.691776752471924,3919,7
119,5.644653797149658,48.381046295166016,6.955648517224401,-1.3364773,-5.373143196105957,3920,1
117,6.572378635406494,62.25014877319336,7.889876347142163,-2.0480344,-6.47217321395874,3920,2
115,6.44568395614624,59.877017974853516,7.738024164788678,-1.9457176,-6.321156978607178,3920,3
113,6.1100616455078125,54.09914779663086,7.355212287665861,-1.686219,-5.924688339233398,3920,4
111,6.738895893096924,64.18334197998047,8.011450678870867,-2.237393,-6.662923336029053,3920,5
109,6.775306701660156,64.70372009277344,8.04386226217067,-2.310939,-6.727612018585205,3920,6
107,6.655085563659668,63.50144958496094,7.968779679785415,-2.2171414,-6.600940704345703,3920,7
144,5.8002800941467285,54.725460052490234,7.39766585163795,-0.98920834,-5.478565692901611,3921,1
143,6.770587921142578,70.14128112792969,8.37503917172509,-1.5830677,-6.579402923583984,3921,2
142,6.980310440063477,73.76449584960938,8.588625958185009,-1.7130308,-6.81782865524292,3921,3
141,6.7526068687438965,69.95025634765625,8.363626985205418,-1.5550866,-6.545862674713135,3921,4
140,6.700136661529541,68.62032318115234,8.2837384785586,-1.4918013,-6.455132007598877,3921,5
139,6.950176239013672,72.82144927978516,8.533548457692447,-1.6271019,-6.7498087882995605,3921,6
138,7.053695201873779,75.65120697021484,8.697770229789635,-1.7123017,-6.888848781585693,3921,7
129,4.075969696044922,25.802108764648438,5.079577616755987,-0.6946739,-3.6301238536834717,3922,1
127,6.073094367980957,51.03777313232422,7.144072587279907,-2.420492,-6.0110554695129395,3922,2
125,6.182804584503174,52.5069694519043,7.2461692950071415,-2.6157963,-6.167191505432129,3922,3
123,6.026192665100098,50.7657470703125,7.1250085663325695,-2.5252388,-6.0001678466796875,3922,4
121,6.24572229385376,52.82560729980469,7.268122680569219,-2.758457,-6.232004165649414,3922,5
119,6.4593658447265625,55.44923782348633,7.4464244992805995,-2.9994092,-6.448794364929199,3922,6
117,6.394222736358643,54.80491256713867,7.4030340109402895,-2.8971975,-6.3814191818237305,3922,7
129,5.2093610763549805,41.87163162231445,6.4708292839723764,-1.1265326,-4.867558479309082,3923,1
127,5.247198104858398,43.299293518066406,6.5802198685200795,-1.231029,-4.887577056884766,3923,2
125,5.238738059997559,43.93064498901367,6.628019688339321,-1.3160253,-4.892359256744385,3923,3
123,5.837887287139893,52.28439712524414,7.230795054850064,-1.7639701,-5.725986003875732,3923,4
121,6.290542125701904,56.937538146972656,7.54569666412404,-2.094638,-6.228023529052734,3923,5
119,5.959928035736084,52.427940368652344,7.240714078642544,-1.8722339,-5.836350917816162,3923,6
117,6.022512912750244,52.66357421875,7.256967287975742,-1.86936,-5.874253273010254,3923,7
144,4.140859603881836,28.33107566833496,5.322694399299565,-0.6866298,-3.6367862224578857,3924,1
143,6.870739936828613,62.983131408691406,7.936191240682863,-2.8470178,-6.827239036560059,3924,2
142,4.59915018081665,34.69508361816406,5.890253272836752,-1.1870313,-3.9202864170074463,3924,3
141,5.574107646942139,46.38423156738281,6.810597005210543,-1.9181633,-5.401219367980957,3924,4
140,5.451000213623047,44.67808532714844,6.684166763864321,-1.8287735,-5.286545276641846,3924,5
139,5.290549278259277,43.749637603759766,6.614350883023954,-1.7747698,-4.984333515167236,3924,6
138,5.589521884918213,46.27769088745117,6.8027708242635345,-1.9198699,-5.453506946563721,3924,7
129,5.595521450042725,45.0355339050293,6.710851950760745,-1.8171635,-5.46113920211792,3925,1
127,4.684592247009277,34.5508918762207,5.878000669974503,-1.2099214,-4.355210781097412,3925,2
125,6.776058197021484,61.009151458740234,7.810835516046938,-3.0190063,-6.766587734222412,3925,3
123,5.221353530883789,42.2027587890625,6.496365044319977,-1.8158019,-5.05289363861084,3925,4
121,5.689027786254883,46.2672119140625,6.802000581745234,-2.1637146,-5.621885299682617,3925,5
119,5.702451705932617,46.22378158569336,6.798807364949632,-2.2157562,-5.661506175994873,3925,6
117,5.0234270095825195,38.81943893432617,6.230524771985596,-1.6606205,-4.820526599884033,3925,7
144,4.52831506729126,34.07044982910156,5.836989791759239,-0.70676434,-4.051968574523926,3926,1
143,4.982878684997559,39.43964385986328,6.280099032647756,-0.99875784,-4.476210117340088,3926,2
142,5.023053169250488,39.404048919677734,6.2772644455748186,-1.0072405,-4.567680358886719,3926,3
141,5.763815402984619,50.27968978881836,7.090817286379502,-1.5432229,-5.563018798828125,3926,4
140,5.9791436195373535,52.626373291015625,7.254403717123526,-1.6642766,-5.779414653778076,3926,5
139,5.958955764770508,52.44589614868164,7.24195389026205,-1.639283,-5.806675910949707,3926,6
138,6.601133346557617,60.765865325927734,7.795246328752397,-2.0365484,-6.536980152130127,3926,7
129,5.810863018035889,51.68404769897461,7.189161821726828,-1.4943957,-5.601595401763916,3927,1
127,5.729647636413574,49.96937942504883,7.068902278646156,-1.4435849,-5.519566535949707,3927,2
125,6.137297630310059,55.488319396972656,7.449048220878467,-1.7158544,-6.014291286468506,3927,3
123,6.792834281921387,65.0168685913086,8.063303826057195,-2.1894386,-6.697780132293701,3927,4
121,6.528475284576416,60.767662048339844,7.795361572649459,-2.0457158,-6.468729019165039,3927,5
119,6.741294860839844,63.928611755371094,7.995536989806944,-2.2319846,-6.697274208068848,3927,6
117,6.824453830718994,65.43086242675781,8.088934566848579,-2.2536328,-6.794440269470215,3927,7
129,5.451701641082764,47.27109909057617,6.875398104151946,-0.97999406,-5.040263652801514,3928,1
127,6.293265342712402,59.330299377441406,7.702616398175454,-1.5312731,-5.988297939300537,3928,2
125,6.336765289306641,60.0617790222168,7.7499534851647205,-1.55864,-5.957362651824951,3928,3
123,5.344802379608154,46.085628509521484,6.788639665612065,-0.97471917,-4.508695602416992,3928,4
121,6.420551776885986,61.82152557373047,7.862666568902084,-1.6998396,-6.191197872161865,3928,5
119,6.274594783782959,59.88111877441406,7.7382891374265705,-1.6319678,-6.135852813720703,3928,6
117,6.40449857711792,62.672889709472656,7.916621104326811,-1.7120173,-6.320322513580322,3928,7
114,5.342245578765869,44.53382873535156,6.673367121277801,-0.91339755,-4.809390068054199,3929,1
111,5.69345760345459,48.9481315612793,6.996294130557927,-1.1454108,-5.083013534545898,3929,2
108,6.389832496643066,59.49221420288086,7.713119615491572,-1.6426299,-6.011036396026611,3929,3
105,6.269674777984619,58.10273361206055,7.622514913862783,-1.5097337,-5.949117183685303,3929,4
102,6.335981845855713,58.8252067565918,7.669759237198505,-1.5209196,-5.969666004180908,3929,5
99,6.61819314956665,62.34431838989258,7.895841841747628,-1.6424191,-6.361732006072998,3929,6
96,7.214714050292969,71.74673461914062,8.470344421517972,-2.028696,-7.0030646324157715,3929,7
129,4.02509880065918,26.78818702697754,5.175730579056211,-0.39397073,-2.9783337116241455,3930,1
127,4.799890518188477,35.67439651489258,5.972804744413849,-0.8644172,-4.0657124519348145,3930,2
125,4.640774726867676,33.81877136230469,5.815390903654258,-0.75927067,-3.868881940841675,3930,3
123,5.565451145172119,45.85707473754883,6.77178519576255,-1.3901477,-5.135904312133789,3930,4
121,5.219102382659912,41.10591506958008,6.411389480415308,-1.16851,-4.486667156219482,3930,5
119,4.595981597900391,34.399620056152344,5.865118929412459,-0.8342345,-3.6900322437286377,3930,6
117,6.725013732910156,64.19780731201172,8.012353419065569,-2.3679752,-6.572622299194336,3930,7
129,5.337316989898682,45.9730339050293,6.780341724797453,-0.9420117,-4.955319881439209,3931,1
127,5.766927719116211,51.967350006103516,7.208838325701549,-1.2154565,-5.1511549949646,3931,2
125,5.627119064331055,50.29414367675781,7.091836410744245,-1.1440337,-5.10950231552124,3931,3
123,5.715143203735352,51.63899612426758,7.1860278404879265,-1.217457,-5.152658939361572,3931,4
121,6.118105888366699,57.78559494018555,7.601683691142743,-1.5127354,-5.898852348327637,3931,5
119,7.154022693634033,73.33731842041016,8.5637210615719,-2.2204423,-7.062987804412842,3931,6
117,7.270458221435547,74.87940979003906,8.653288957965003,-2.2543757,-7.192409038543701,3931,7
129,5.127528667449951,41.307899475097656,6.427122176767582,-1.0186257,-4.7170515060424805,3932,1
127,5.356903553009033,43.78306579589844,6.616877344782691,-1.1596472,-4.89267110824585,3932,2
125,5.52731990814209,47.541358947753906,6.89502421661838,-1.3340545,-5.106322765350342,3932,3
123,6.316162109375,57.73014450073242,7.598035568535622,-1.8408296,-6.173517227172852,3932,4
121,5.766671657562256,50.0588493347168,7.07522786450845,-1.5011411,-5.427371501922607,3932,5
119,5.513104438781738,47.65910720825195,6.903557576224881,-1.4070823,-5.12876558303833,3932,6
117,6.172991752624512,56.53841018676758,7.519202762711455,-1.8095715,-6.060816764831543,3932,7
129,5.422996997833252,50.00108337402344,7.071144417562368,-0.73068583,-4.8907623291015625,3933,1
127,6.278970241546631,61.60884094238281,7.849129948114173,-1.1563551,-5.817466735839844,3933,2
125,5.834693908691406,55.73076629638672,7.465304166367686,-0.9551704,-5.375732898712158,3933,3
123,5.944642066955566,60.012001037597656,7.746741317328058,-1.1260889,-5.505517959594727,3933,4
121,7.022418022155762,74.93080139160156,8.656257932363243,-1.6788306,-6.861848831176758,3933,5
119,7.911160945892334,90.17176818847656,9.495881643558779,-2.2386177,-7.789573669433594,3933,6
117,9.28278923034668,115.59374237060547,10.751453035315993,-3.1250925,-9.26609992980957,3933,7
144,5.90885066986084,58.29829788208008,7.635332205089709,-0.97061014,-5.651708126068115,3934,1
143,6.086729526519775,60.87208938598633,7.802056740756653,-1.083097,-5.68374490737915,3934,2
142,6.331147193908691,64.73273468017578,8.045665583416687,-1.2148695,-6.025902271270752,3934,3
141,6.581907272338867,69.18821716308594,8.317945489307197,-1.3512309,-6.349250793457031,3934,4
140,6.3838701248168945,65.75719451904297,8.109080991027465,-1.2226033,-6.146675109863281,3934,5
139,6.52160120010376,67.48886108398438,8.21516044176767,-1.2658784,-6.256869316101074,3934,6
138,6.724307537078857,70.27088165283203,8.38277290953489,-1.3438222,-6.5365519523620605,3934,7
129,6.220240592956543,65.58458709716797,8.098431150362888,-0.8786973,-5.939435005187988,3935,1
127,6.468288898468018,71.58905029296875,8.461031278335328,-1.1012087,-6.103694438934326,3935,2
125,7.048748970031738,80.8687744140625,8.992706734574552,-1.3771365,-6.790249824523926,3935,3
123,7.833845615386963,92.65858459472656,9.625932920747296,-1.7550862,-7.685866355895996,3935,4
121,7.911013126373291,93.891845703125,9.689780477550821,-1.8266788,-7.871522903442383,3935,5
119,7.9993462562561035,93.35416412353516,9.66199586646233,-1.810622,-7.967670440673828,3935,6
117,8.472602844238281,103.03080749511719,10.150409227963037,-2.0499542,-8.435417175292969,3935,7
144,5.800821304321289,60.27406692504883,7.763637480269724,-0.68789434,-5.245752334594727,3936,1
143,6.629251956939697,74.08936309814453,8.607517824445358,-1.1040747,-6.080803871154785,3936,2
142,6.843459606170654,77.30757904052734,8.792472862655156,-1.198272,-6.204665660858154,3936,3
141,7.723782539367676,94.42765045166016,9.717389075860869,-1.6686301,-6.981110095977783,3936,4
140,7.335936546325684,87.60435485839844,9.359719806618061,-1.4605849,-7.0959601402282715,3936,5
139,7.426980972290039,88.13907623291016,9.388241381265724,-1.4579399,-7.1571125984191895,3936,6
138,7.663610458374023,90.48308563232422,9.512259754249998,-1.5053923,-7.450681686401367,3936,7
129,6.471230983734131,68.75308990478516,8.291748302064237,-0.979473,-6.278100490570068,3937,1
127,8.26510238647461,100.96784210205078,10.048275578528427,-1.980119,-8.192184448242188,3937,2
125,7.662500381469727,89.7853012084961,9.47551060410446,-1.6355963,-7.567679405212402,3937,3
123,7.459279537200928,87.3685531616211,9.347114697146981,-1.5498669,-7.306702613830566,3937,4
121,8.01447868347168,94.26774597167969,9.70915784049676,-1.8919787,-7.937226295471191,3937,5
119,8.186783790588379,97.68678283691406,9.883662420222276,-1.9958801,-8.119877815246582,3937,6
117,8.155447006225586,96.40453338623047,9.818581027125584,-1.9947612,-8.114887237548828,3937,7
129,5.054198265075684,40.674041748046875,6.377620382873762,-0.8071455,-4.650787353515625,3938,1
127,5.851895332336426,52.53722381591797,7.248256605275365,-1.3518491,-5.626084804534912,3938,2
125,5.927678108215332,54.29459762573242,7.368486793482934,-1.4247811,-5.6960601806640625,3938,3
123,6.209839820861816,58.387237548828125,7.64115420265997,-1.6251013,-6.042062759399414,3938,4
121,6.4222564697265625,60.39476776123047,7.7714070644401625,-1.7539337,-6.329769611358643,3938,5
119,6.526907444000244,62.627479553222656,7.913752558250899,-1.8742361,-6.4691243171691895,3938,6
117,6.545314311981201,63.766632080078125,7.985401184666812,-1.8852432,-6.466324329376221,3938,7
144,8.80875015258789,113.06881713867188,10.633382205990335,-1.9045472,-8.612794876098633,3939,1
143,8.848018646240234,113.92765045166016,10.673689636281361,-2.0039701,-8.716636657714844,3939,2
142,8.887454986572266,114.35906982421875,10.69388001729114,-2.0393765,-8.751955032348633,3939,3
141,8.881577491760254,114.17818450927734,10.6854192481754,-2.0461109,-8.735788345336914,3939,4
140,9.013412475585938,116.13997650146484,10.776825901046413,-2.0945942,-8.890996932983398,3939,5
139,7.9506449699401855,95.3825912475586,9.76640114103238,-1.5296896,-7.5195770263671875,3939,6
138,8.968598365783691,114.51858520507812,10.701335673881001,-2.040733,-8.83588981628418,3939,7
