n,mae,mse,rmse,r2,bias,station_id,horizon
144,3.7784255378776126,32.64047588489444,5.713184390941223,0.9418324768307691,-0.587323687142796,1,1
143,5.764627346625695,76.89213765176126,8.768816205837664,0.863061761464062,-2.4394664964475834,1,2
142,8.32404639855237,178.29906990763163,13.352867478846319,0.6828162978489627,-3.9686658902907035,1,3
141,10.42051784704763,260.0218314940684,16.125192448280064,0.5391521060022855,-6.6468550161267,1,4
140,11.770087776865278,363.10498576753264,19.05531384594682,0.3584908575615645,-4.4069663422448295,1,5
139,12.472828076040145,385.5241902311178,19.634769930689735,0.320741131792179,-8.472034372014107,1,6
138,14.026228068531424,474.52519530208775,21.783599227448335,0.16654364539081778,-8.002239773238914,1,7
144,3.899689564274417,24.60841135913445,4.960686581425443,0.8086193288243335,-1.60583665387498,2,1
143,6.311854660927833,63.430120095843144,7.9643028631414525,0.4919654070285743,-3.73026989723419,2,2
142,7.464547679457866,88.57649242535875,9.411508509551417,0.27592188593312994,-4.628208257782627,2,3
141,8.398891648502214,114.14158898949893,10.683706706452538,0.0586197249755368,-5.531304768636717,2,4
140,8.669520193338395,115.21832019967626,10.733979699984356,0.04664393931830457,-3.789932132618768,2,5
139,9.036681036297367,133.5565515900443,11.556666975821546,-0.10859007791896524,-5.027025454335933,2,6
138,9.745522101720175,147.6325439497865,12.150413324236608,-0.22318818817478325,-3.1487441080203955,2,7
144,7.403490709554818,92.67205458148753,9.626632567075962,0.6808521806095837,0.5972059909254313,3,1
143,11.503202241409076,240.86087819536348,15.51969323779834,0.15458531862460423,0.6347804667649569,3,2
142,12.99684905040432,320.04087249209135,17.889686204405358,-0.13927342646854957,-0.4729437471275598,3,3
141,12.039556408604831,247.87322112811196,15.743990000254446,0.11394246372077788,-2.9058951274723026,3,4
140,17.308755098815475,508.4431814275291,22.548684693957853,-0.8194507663628467,5.228690116213901,3,5
139,14.070074347283343,353.16527672471057,18.792692109559784,-0.26558111913169524,0.6086670348970152,3,6
138,15.447290991527447,399.68828920219556,19.992205711281475,-0.4296712246383714,2.328714208326478,3,7
144,5.326616176300579,54.16200265873218,7.3594838581745785,0.7041570541516404,-0.9763496857550409,4,1
143,7.935281305046348,110.63145610395502,10.518148891509144,0.38222476848416276,-3.021123714380331,4,2
142,8.551917705737369,120.46183809928885,10.975510835459499,0.31208810075190707,-3.0570640950135783,4,3
141,9.25954494408682,143.26818692860573,11.969468949314575,0.17128177721500515,-4.467706886589104,4,4
140,9.935141313927515,162.01522506046567,12.728520144167023,0.054886267156280866,-3.91904108439173,4,5
139,10.098691710465246,162.77455761917017,12.758313274848293,0.04205659087819669,-5.449639982456784,4,6
138,10.541646017544512,179.23681103412662,13.387935278978855,-0.05878023235753105,-4.821172289226366,4,7
144,4.659363302505678,38.47655271690717,6.202947099315548,0.7418986865915085,-0.9004543601638741,5,1
143,7.120884241340877,97.4730240286377,9.872842753160697,0.33200247789538706,-2.5278030554731408,5,2
142,8.285578174490324,127.16629993340081,11.276803622188373,0.11047448836444351,-1.3373036073966764,5,3
141,9.292460498234904,151.15737220622717,12.294607444169463,-0.057008519948448244,-3.105653327407566,5,4
140,10.951029799239976,209.97189980519204,14.490407164920937,-0.4627714249872794,0.5388843889747347,5,5
139,11.082869876202919,218.3323189471191,14.776072514275201,-0.5151640961431156,-0.2136534786910462,5,6
138,12.33178593715032,249.95260385122484,15.80988943197342,-0.7257493690363455,2.26155301021493,5,7
129,4.09757293056148,32.32076101370744,5.685135091948778,0.8614545211121617,-1.129024931164675,7,1
127,6.858221035304032,86.61315774674775,9.306619028774508,0.6265035220411579,-3.837248820958175,7,2
125,7.864559512138367,115.69138578363757,10.755993017087617,0.49944377590647704,-4.486451958656311,7,3
123,8.966942306456527,139.87940577629416,11.827062432248093,0.39388931163355645,-5.590566945269825,7,4
121,9.689570040742227,163.2372666386193,12.776434034526977,0.2905312681669353,-4.202552787528551,7,5
119,10.019734741259022,187.86950559630282,13.70654973347789,0.17480792493673003,-6.100408864622357,7,6
117,10.432578777655577,203.58617545119444,14.268362745991372,0.09007671582026866,-4.904207296860524,7,7
144,3.8653724785480232,25.722302630146874,5.071715945333184,0.7706424895544897,-0.8293632869091299,8,1
143,5.385954740997795,45.4036485408262,6.738222951255486,0.586920481955399,-1.6251547961801915,8,2
142,5.992792205911287,58.05779241682344,7.6195664192146415,0.4651585119041217,-1.415290269213663,8,3
141,7.234440918509842,83.22892760359977,9.12298896215488,0.22698217016802003,-2.7503789333586997,8,4
140,7.612650154318128,89.59064050972218,9.465233251733535,0.16512984759226046,-1.5432351350784301,8,5
139,7.721957536052457,93.5691725734222,9.673115970225012,0.12410732141850123,-1.9880291575150524,8,6
138,8.580853169379028,116.34877812626756,10.786509079691518,-0.08826898150884332,-2.275432236816572,8,7
144,4.300206620349652,39.00233220376445,6.245184721348477,0.933701055873512,-0.7069412808244427,9,1
143,7.661004474113038,132.95637307249095,11.530670972345492,0.7737273451320088,-3.231153611536626,9,2
142,9.252189932574689,207.98551576406618,14.421702942581579,0.645818250639655,-4.9472764789218635,9,3
141,12.050584040635021,362.8371145080545,19.04828376804731,0.3839645793934675,-7.841198391948186,9,4
140,13.912052300146648,473.42900775607797,21.758423834369943,0.19817389249431205,-3.4236695638724735,9,5
139,14.620905442203549,557.2954578611805,23.607106088234968,0.05770563816445606,-8.662681251978702,9,6
138,16.259054171866264,639.1586079721972,25.28158634208299,-0.07723895369428613,-5.71579769210539,9,7
144,5.720978134622176,95.6632978149337,9.780761617324783,0.9336644504732944,-2.9862800186706915,10,1
143,9.400840313284547,233.67505414384976,15.286433663345083,0.8384028041849669,-6.483106954114421,10,2
142,13.16159903835243,552.794667820199,23.511585821041486,0.6188858212047463,-9.699716641869344,10,3
141,15.599033452094869,661.2080883699974,25.713966795692908,0.5458081277563087,-9.205511348467347,10,4
140,15.570217650277273,795.7231637976205,28.208565433173316,0.4554647902733636,-9.24355902671814,10,5
139,17.91654185082415,1003.9830392975485,31.685691396867902,0.31581164370744297,-13.957707326189219,10,6
138,21.240110535552535,1267.935396693737,35.60808049718121,0.14026755431334026,-17.39198054438052,10,7
144,3.853186794453197,56.30699444202525,7.50379866747671,0.9479486600789966,-2.2639384584294424,11,1
143,5.408341576169421,117.68050694363812,10.84806466350741,0.8917080675536877,-3.386836020262925,11,2
142,8.970769922498246,270.9466175891832,16.460456178040243,0.7518717859282964,-7.279141735023176,11,3
141,10.340965024122955,364.0065164212916,19.07895480421534,0.668455891615575,-8.19009902291264,11,4
140,12.344606958116804,579.5564984348233,24.07397969665222,0.47494550585369744,-9.998297241755894,11,5
139,12.675122466876353,650.1875338489498,25.49877514409172,0.41412021463769966,-10.524942926365695,11,6
138,12.34149578516034,646.6389142097025,25.429095819743623,0.42059384838469627,-9.239321447800899,11,7
144,4.529056338386403,61.534450590384054,7.844389752580124,0.9328054592676112,-1.393337509284417,12,1
143,7.220176704280027,150.7843419614586,12.279427590953032,0.8359091486450735,-2.6681045143754334,12,2
142,9.37652641450855,291.4672199377036,17.072411075700572,0.6841319186425141,-5.706858603047653,12,3
141,10.657354797877318,379.7353721273414,19.486799945792573,0.590505265074516,-7.557704205208636,12,4
140,11.481098987374986,422.4929800912349,20.554634029610813,0.5468450704615833,-5.885543181215014,12,5
139,13.01364570555927,499.23234451342256,22.343507882904657,0.4673403909564564,-9.604221805394126,12,6
138,14.054809193680251,574.8876548732414,23.976814944300703,0.3902938581403921,-6.718670782835587,12,7
144,4.717831774304311,56.9343403629885,7.545484766599724,0.9400681159950239,-0.6184719763696194,14,1
143,8.875730093542513,204.8881949844207,14.313916130270593,0.7842250734850001,-4.455652552884775,14,2
142,13.756357711805425,585.1673190040221,24.190231892316,0.38375774299287513,-9.2943274152111,14,3
141,14.344453950300284,558.999957209352,23.643179930147976,0.4122493714758907,-10.57723081534636,14,4
140,15.463577367578234,624.2901857105642,24.98579968123022,0.3455328910228508,-8.010621312686375,14,5
139,16.70634115857186,783.3075573377876,27.987632220996964,0.18126378662877418,-13.106497934396318,14,6
138,16.998730897903442,732.0515514367697,27.05645119812962,0.2376255036233923,-9.523045014644016,14,7
144,4.897468323094977,42.40076351484683,6.511586866106205,0.7178745755269719,-0.6808575362794929,15,1
143,7.392211395126957,95.60602805541406,9.77783350520012,0.3484912357577783,-1.1408595617834505,15,2
142,8.575493447377648,119.22766830185532,10.91914228782899,0.1791133361928089,-2.736142317174186,15,3
141,10.064929257047938,159.01908119932335,12.610276808988903,-0.09101346385765319,-3.249765749518753,15,4
140,13.472981377158845,255.81322299892938,15.994162153702499,-0.7448699584774736,2.305655277626855,15,5
139,10.743476903695854,179.4709050083329,13.396675147525706,-0.21679200494478068,-2.6091302984910048,15,6
138,11.713191838368125,213.19156522626014,14.601080960883003,-0.4350723956865159,-1.1195625610973523,15,7
144,4.562247143437465,56.23188201972531,7.498792037370106,0.9091419635264192,-1.5434613770080938,16,1
143,7.8137723065756415,149.71660043581377,12.23587350522282,0.7575525899501805,-4.014262674571751,16,2
142,10.263281551884933,273.1538632422889,16.52736709951978,0.5571879064105998,-5.602202971216658,16,3
141,11.629879283566847,306.26670420507736,17.50047725649439,0.5042926783045321,-6.715961941590546,16,4
140,12.987027142729078,394.6738161282408,19.866399173686226,0.36268901924902364,-4.718187504155296,16,5
139,14.967839839647143,564.3684487197992,23.75644015251021,0.0902323860700055,-9.428673378855205,16,6
138,15.032339676566746,511.60479099388647,22.618682344333997,0.17791770922479078,-7.000393038210661,16,7
103,4.037111336166419,28.296454904041656,5.319441221034561,0.8486287504776966,-0.30351128219400797,17,1
101,5.674358484768631,50.007388690199576,7.071590251859873,0.7333548406642253,-1.245707364365606,17,2
100,6.675352911949158,75.44968603353905,8.686177872547802,0.6007795936784879,-1.921897530555725,17,3
99,7.605830202198992,97.01053833683828,9.84939279026064,0.48748410868850056,-3.3779031676475446,17,4
98,8.54966579651346,114.60568309688304,10.705404387358893,0.39365224614367456,-1.8793521997879963,17,5
97,9.42798183382172,157.44707706701394,12.547791720737715,0.1662478987647149,-5.270573778250783,17,6
96,9.681645048161348,158.94229475823644,12.6072318435982,0.1589949197400834,-3.822257749736309,17,7
144,4.575877946698004,43.120253940186714,6.566601399520662,0.7623521259337711,-0.6852757603757911,18,1
143,7.881995417021371,121.38803418248497,11.017623799281084,0.3169218417624301,-2.2252969249978767,18,2
142,8.004806474900581,109.3477738093548,10.456948589782527,0.3775405833067518,-3.4315353934194,18,3
141,8.97786567904425,135.2505241697756,11.629725885410007,0.2276233920440638,-4.230994170439159,18,4
140,9.328297664437976,144.94167129058889,12.039172367342735,0.17339097816711901,-2.379476399081094,18,5
139,9.40635873945497,146.3471563074422,12.097402874478563,0.16449497043004113,-4.156773412827965,18,6
138,10.485001111376112,182.69369764438605,13.516423256334718,-0.04169135245518807,-4.046612805214481,18,7
144,4.235188658866617,36.273551798836266,6.022752842250482,0.9241010036832623,-1.6273613166477945,19,1
143,7.798697034795802,125.19584160827799,11.18909476268201,0.7363913318690446,-4.376397106197331,19,2
142,9.778356720863933,203.75115327331267,14.274142820965212,0.5694638182322407,-5.412910821572156,19,3
141,11.892732856966925,290.5445649768683,17.04536784516158,0.3859479662294377,-8.119715433594182,19,4
140,12.910128595147814,342.7384929865181,18.513197805525607,0.2768046644445511,-6.593601552077702,19,5
139,13.61337570320788,410.4398593388955,20.25931537191954,0.13506242644137156,-8.32799614933755,19,6
138,14.203722148701765,414.22314341281157,20.352472660903185,0.12969346673446136,-7.775947836862094,19,7
144,4.96142307213611,57.768975093921505,7.600590443769583,0.9059299881103698,-1.0583085620568857,20,1
143,8.305072147529442,160.0376566951851,12.65059906467615,0.7387741916020243,-3.651871267732207,20,2
142,10.150270028013578,269.9641448428782,16.430585651244396,0.5586693405051276,-6.020993198307467,20,3
141,12.000471253767081,317.00198117795065,17.80454945169775,0.481892926868284,-7.723435702898824,20,4
140,13.477870212282454,452.6214456606901,21.274901777932843,0.26186374295787496,-5.681013688019344,20,5
139,13.908935917367181,468.85664110649697,21.65309772541788,0.23634887160352835,-9.269688431307566,20,6
138,14.622664826503698,476.9347097068683,21.83883489810911,0.22583673471479926,-7.555512979410697,20,7
144,4.820199891459197,37.137919508037044,6.094088898927964,0.740649283176628,0.02991574200698071,21,1
143,7.13121097508844,88.42548006736645,9.403482337270935,0.3741298963905759,-0.537448838457361,21,2
142,8.115853116545878,116.16846416934938,10.778147529578048,0.1734153657510321,0.5869885128988347,21,3
141,8.018356539256184,118.78087711912936,10.898664006158247,0.15066413570546477,0.8505450761910026,21,4
140,9.771675716127667,152.26315354570607,12.339495676311333,-0.08693736366566385,0.8175180665084294,21,5
139,9.671550700990416,150.0598077480262,12.24989011167146,-0.06887845000447168,-0.08329255203548953,21,6
138,10.184904703195544,159.7133554484053,12.63777494056629,-0.13192100586633448,0.9110381948775139,21,7
143,4.356323045242083,30.59203686200091,5.5310068578877125,0.6672899169173065,0.06441467145939807,22,1
142,6.391751973142086,61.84789675664743,7.864343377335925,0.32177697595998056,0.24679887672545206,22,2
141,7.604603937120302,94.42684766351844,9.71734776899121,-0.04118084935988664,1.0052990704140765,22,3
140,7.744825612221446,102.79304635060628,10.138690563904506,-0.13358194553596214,0.2097734693969999,22,4
139,8.632438738676283,107.914009335939,10.388166793806258,-0.19223266229372826,2.2796614164714333,22,5
138,9.422962911319042,129.97992561864643,11.400873897146939,-0.42742196380894293,1.639793659897818,22,6
137,9.33710692790303,124.79197825790725,11.171032998693866,-0.36077058381105975,2.526280796875919,22,7
144,4.0155458023978605,26.911164309622734,5.187597161463362,0.693349783645467,-0.9060698470307721,23,1
143,6.036152381997009,61.06772773943011,7.8145842972886355,0.27667739875566455,-2.2542899096762383,23,2
142,6.970318122648857,76.0005882830003,8.717831627360114,0.07012447899059437,-2.637574529983628,23,3
141,8.42029433639337,113.16652845364877,10.637975768615417,-0.4230175409296373,-2.4182602556039257,23,4
140,8.082278821510927,103.88127254357211,10.192216272409652,-0.3112047117382357,-1.988938386312553,23,5
139,8.178587097058193,110.92827595509542,10.532249330275818,-0.40806444745118564,-3.445961626313573,23,6
138,9.293664718451707,135.23152096189816,11.628908846572758,-0.716073114334528,-0.8945883991925613,23,7
144,4.12264076123635,28.135521460317275,5.304292738934879,0.7116817679148295,-0.3287902575814062,24,1
143,6.259310939512052,60.44108702773204,7.774386601380976,0.3682505375882251,-0.6809703482614531,24,2
142,7.116972254694137,82.9905419495116,9.109914486399507,0.12310079668413842,-0.13102904095930953,24,3
141,7.960448298893922,102.84615632760583,10.141309399067056,-0.09511326446952628,-0.32257855361235055,24,4
140,8.365938186964819,112.12701712499495,10.58900453890709,-0.19359276785891888,0.7561412354665143,24,5
139,8.306473564329766,109.12648922238529,10.446362487602338,-0.16320293310875744,-1.1373973308707312,24,6
138,9.01749132854351,128.28191273966934,11.326160547143473,-0.3599080079963226,0.7048296792351681,24,7
144,4.693297379546696,38.89393157553374,6.236499945925899,0.6643832282188469,-1.1850432521767087,25,1
143,7.193469598576739,90.47219617723187,9.511687346482319,0.20347814913242124,-1.9803240824412633,25,2
142,7.597384198660582,102.7891437109861,10.13849809937281,0.08061630002359199,-1.7824655928662125,25,3
141,8.199820904021568,125.27976822157095,11.19284450984516,-0.13168163143939893,-0.6958938355141497,25,4
140,8.568809794847454,130.2656295092916,11.413396931207274,-0.17615298503565158,-0.7724388560014112,25,5
139,8.862549039957335,139.94706250127606,11.829922337077114,-0.2644888239251819,-2.726295070682498,25,6
138,9.545601724282555,159.63335162633393,12.634609278736479,-0.43506463453679145,-0.6172137428884921,25,7
144,5.18130198897173,40.78675538554312,6.38645092250329,0.737002650060484,-0.2708004471949405,26,1
143,7.252945296414248,82.70099862770118,9.094008941479064,0.4605070049447939,-1.125537147055139,26,2
142,8.233949473206426,107.28060011731337,10.357634870824196,0.2972130870926396,-1.7600527791909768,26,3
141,8.645808224136948,125.78196633023411,11.215255963652105,0.17370438530829746,-2.9469075608760753,26,4
140,9.359761784757886,133.82636420456032,11.568334547572539,0.12106692834441746,1.7686046617371696,26,5
139,9.540058560079808,140.9061276204953,11.870388688686454,0.07559057666352686,1.1549757980614257,26,6
138,10.333026491213536,158.518576431692,12.590416054749422,-0.03382081064210163,1.0471284640008125,26,7
144,4.876300725361539,42.44215814613598,6.514764627071034,0.7204718431772992,0.291045388724241,28,1
143,7.57534962194366,88.4376689650611,9.404130420462122,0.41441223643826663,0.9108271674884783,28,2
142,8.828025214269127,120.59449629841737,10.981552544991867,0.2005316481971653,0.6997686213170978,28,3
141,9.312836411996937,129.8834547518977,11.396642257783547,0.13971145630500825,0.8896624314869549,28,4
140,9.828978149380003,138.8591507171409,11.78385126845807,0.08378386546982863,2.7288365781307222,28,5
139,9.638621105993394,138.83724670462124,11.78292182375073,0.0868533407037555,1.6822518800660002,28,6
138,10.287239754545515,156.2416567818148,12.49966626681748,-0.02120713698873855,1.304786249347355,28,7
79,5.105925689015208,42.85174377071482,6.546124332054411,0.5936120576053696,-0.36635631511483013,29,1
74,8.280174363303828,109.19734421345152,10.4497533087366,-0.019994796209808596,-0.2693547864218016,29,2
69,9.441872259305008,145.1809446154143,12.04910555250531,-0.2896751759548799,1.1180287259428396,29,3
64,9.449313736055046,147.06526849979824,12.127046981841797,-0.25044006875201297,-0.27595930453389883,29,4
59,8.924173191442328,131.13701174639036,11.451506963993445,-0.10981558600299768,1.323427467022912,29,5
55,8.671084510196339,127.98794163592427,11.31317557699536,-0.15100405509295145,-1.2376437295566907,29,6
51,7.700806405030045,99.80852753933542,9.990421789861298,-0.024491673836951833,0.8094024517956901,29,7
144,4.365158932593961,31.985978708964744,5.655614794959496,0.580033538685989,-0.028366718130807083,30,1
143,6.339135857520404,61.64191850098726,7.851236749773074,0.17351438552710263,0.10224355246637251,30,2
142,7.158685691234931,79.79906732653545,8.933032370171702,-0.08109257104287448,0.741580756617264,30,3
141,8.260938770804845,103.0448673334687,10.151101779288231,-0.40569841708319254,0.26461820357234767,30,4
140,8.27035243404763,97.33121745043438,9.865658490462478,-0.331512802516706,1.0125159054994584,30,5
139,8.367014697344183,104.75539698750262,10.235008401926333,-0.4365616572735711,-0.5710187929568531,30,6
138,8.550719143039938,112.3573997448323,10.599877345744728,-0.5342940710049466,0.9467587341432986,30,7
144,3.7758955653342934,24.671818789656534,4.96707346328364,0.7402149348069694,0.5403668257511325,31,1
143,5.366673601257218,45.005856665603304,6.70864044837725,0.5246319957083476,1.2550990239723578,31,2
142,6.404990014895587,63.79467298689467,7.987156752367808,0.3234850607670021,2.3008099592907327,31,3
141,6.6812490994203175,67.8672688262434,8.238159310564672,0.27713248219022224,2.7647891467344676,31,4
140,7.686324053151267,84.6476532176123,9.200415926337913,0.10029215528801594,3.7542588523456026,31,5
139,7.470296012411873,83.20805052546656,9.121844688738488,0.11642012728198303,3.290680631459188,31,6
138,8.03744736875313,95.99462635990349,9.797684744872305,-0.014160411969112108,2.4179126499355705,31,7
144,5.219128034181065,45.399210902192486,6.737893654710832,0.7096083451166222,-0.3582266422195567,32,1
143,7.416979178265258,84.38477120608216,9.18611839712956,0.4559256770927421,0.04014404086799888,32,2
142,8.838222593069077,115.55138010359411,10.749482783073525,0.2548923707342514,0.49531272473469584,32,3
141,9.349090434135274,127.10685717058536,11.274167693031062,0.18225689042262516,0.8055112742363139,32,4
140,10.118895854268755,139.31341869686526,11.8031105517514,0.10779546703066378,2.106121291433062,32,5
139,10.060997132345927,142.1757730967678,11.923748282179048,0.09330247138729997,1.1899001268174152,32,6
138,13.518476951813351,265.80048196006544,16.30338866493912,-0.683646105944667,2.9986856476120325,32,7
144,5.526557594007398,50.0356224426468,7.073586250456469,0.7131630270911298,1.0180367291775636,33,1
143,8.214676459352454,101.61178776377716,10.080267246644663,0.4158196926144804,1.091402274328512,33,2
142,9.136688054447443,129.6184129875271,11.385008255927051,0.2559092931780278,1.3980849385261536,33,3
141,10.739178544663368,178.35699302820774,13.355036242115098,-0.021064337835389857,3.189674677155542,33,4
140,11.05840994289943,172.71139277886968,13.14197065811934,0.015875261919729655,4.1029725790023805,33,5
139,10.813877500218453,170.73002561902658,13.066370024571729,0.030441997331403847,2.6050300666754196,33,6
138,11.521369787230007,197.86404775022606,14.066415597096016,-0.11609145936151699,3.5361639537673066,33,7
144,5.286717935775717,44.41900275949394,6.664758267146224,0.6382304946545282,-0.7444021805293031,34,1
143,7.415705714505036,87.23768322583699,9.34011152105996,0.2820794385729697,-0.10411088074837531,34,2
142,8.295703368497566,110.25318521323419,10.500151675725174,0.09088802311304878,0.6659384732934791,34,3
141,10.005031102726646,160.10786006315067,12.65337346572647,-0.31761069829268407,1.9188211203044188,34,4
140,9.73111057324069,139.27170043568387,11.801343162355879,-0.14157183720876576,2.374789737377848,34,5
139,9.465404445104461,134.30643817220158,11.589065457240354,-0.09776506890883341,1.6997478520698686,34,6
138,9.870064680990966,144.11674208145146,12.004863267919859,-0.17074619309993722,1.8166504381359487,34,7
144,4.902280241664913,37.97438486549539,6.162335990961171,0.7424446568192378,-1.008682558933894,35,1
143,7.476047409581137,87.31658706079484,9.344334489988832,0.4064809968858768,-1.6907197849733846,35,2
142,8.518016414743075,112.6730157942983,10.614754627135678,0.2357016330499423,-0.33705113303493445,35,3
141,8.661716104821956,117.02484004447847,10.81780199691594,0.21094094458635482,0.05072092544947956,35,4
140,9.620001065890705,134.31285708642727,11.589342392320079,0.10068358037164149,1.553789370773094,35,5
139,9.707081917378542,143.20532438250783,11.966842707352171,0.04729940827496382,0.6370297490264014,35,6
138,10.56098688426225,171.7112071484242,13.103862298895857,-0.13443052669020972,0.25753826248473016,35,7
129,5.630535580853159,55.366828386666825,7.440888951373137,0.6814202806527443,-0.6653189460436503,36,1
127,7.725228920226961,99.69374385325871,9.984675450572178,0.4257831665467775,-1.2649102018574092,36,2
125,8.866205507278442,130.4465687160642,11.421320795602592,0.24913256486343816,-0.702853304862976,36,3
123,9.431090097601821,142.29043672271138,11.928555517023483,0.18078372415522337,-2.0794566157387524,36,4
121,9.860611285844987,148.17907557086326,12.172882796234557,0.14682941395517946,0.24651155683927792,36,5
119,10.123691990220246,165.29503343027696,12.856711610294328,0.05130820473160924,-2.6419937321368385,36,6
117,11.152014548961933,207.24020222549532,14.39583975409199,-0.18875662271553528,-5.239525003310962,36,7
144,5.390289423418128,48.69551122990083,6.978216909060712,0.7239584265684895,1.4078553583369486,37,1
143,8.36149691357896,101.37552138692382,10.068541174714628,0.42469976668333786,2.205989310270423,37,2
142,9.799936623640463,145.89045775452993,12.078512232660525,0.17520738434936278,2.584500256558539,37,3
141,10.801096952553337,179.26973574671658,13.38916486367677,-0.009232836594206928,4.843605103222191,37,4
140,12.32203066604478,216.49191841719934,14.713664343636474,-0.21210285301217469,3.6616309089320045,37,5
139,11.516281677664614,185.83602541229197,13.632168771413152,-0.035789870687543024,4.058993064242301,37,6
138,12.031224652476933,209.38370028576247,14.470096761451268,-0.1589329391778851,5.007477251515872,37,7
144,5.010997523036268,40.01079209266048,6.32540845263454,0.7564483038568733,-1.3951342610849276,38,1
143,6.968893574667978,76.21589715151988,8.730171656475026,0.5321152220103584,-2.9314782569458435,38,2
142,7.373406949177594,92.42691080981713,9.6138915538827,0.4313420854863952,-2.285870395915609,38,3
141,7.574893344378641,95.4361952935506,9.76914506461802,0.4141275617080523,-1.747675709690608,38,4
140,8.272824220146452,102.68796219381306,10.133506905006433,0.3715262600256285,-1.6849783684526172,38,5
139,8.52912595718027,116.12574192547572,10.776165455554017,0.2882821118722586,-2.110586057463996,38,6
138,10.752715217894401,178.38118150983314,13.355941805422527,-0.08767849179136822,-4.763625578603882,38,7
144,4.875973457806847,37.64410477472498,6.135479180530644,0.6209444623361896,-0.6638612318007896,39,1
143,6.322599474627238,65.37784168989366,8.085656540435888,0.3358734508651585,-1.068004699176425,39,2
142,6.790668624597536,76.33765835642004,8.737142459432606,0.22504817038484126,-0.3607524954517123,39,3
141,7.242843967380253,90.39242177046481,9.50749292771048,0.08529744084482371,-1.4025231747762532,39,4
140,8.040037136844226,98.45749254748519,9.92257489503028,0.008655636388191223,0.7420909017324447,39,5
139,8.101228093929429,99.75359448394231,9.987672125372473,-0.0016501162892754717,1.068230625536802,39,6
138,8.725462194370186,111.58290277277193,10.563280871621844,-0.1130016293122238,1.0805452202541241,39,7
144,4.082407816002767,29.579474361991792,5.4387015327182455,0.5113205310805031,-0.977835312899616,40,1
143,5.768942444474547,54.289022086059035,7.368108446952925,0.09117015425684383,-1.201658267241258,40,2
142,6.573210314965584,71.50100133556445,8.455826472649758,-0.19681976745370777,-0.3804587495159095,40,3
141,9.056390991447666,138.83051435397587,11.782636137722996,-1.3147399556593786,1.4793039306681206,40,4
140,6.838058429956436,78.79330840592267,8.87655949148783,-0.3058822916163473,0.33161789434296746,40,5
139,6.533790931427221,66.83203726147593,8.175086376392358,-0.10403176415535187,0.21229740870084693,40,6
138,6.918050612228504,75.95561379319506,8.715251791726677,-0.2520343057512109,-0.57277444480122,40,7
144,4.092874721934398,28.561452758767473,5.34429160495266,0.5641064186797313,-1.0279777037600677,41,1
143,5.4597899822088385,52.72218528969635,7.261004427053901,0.18487243119587748,-1.404069914684429,41,2
142,6.351938826937071,65.86846191135861,8.115938757245438,-0.01795230995439745,-0.9125180479506372,41,3
141,6.366108831784404,69.77659094693246,8.353238350899156,-0.07414252045605219,-1.0711240751523499,41,4
140,6.677870985014098,71.23932147293816,8.440338943012783,-0.09002660650617655,-0.1696174830198288,41,5
139,6.5788730057023415,71.65351910037761,8.464840169806966,-0.09348051788995759,-0.3983690318443792,41,6
138,7.497971371464107,82.67178485380337,9.0924025897341,-0.2581587990078906,0.16399590433507727,41,7
144,5.265347832399938,46.445116045569115,6.8150653735359805,0.5714987613730438,-0.15625554219716126,43,1
143,7.625378428639232,90.51804192244414,9.514097010354906,0.15365158101155407,0.398331924751922,43,2
142,8.37857997459425,110.38862604843193,10.5065991666396,-0.04115530710712112,2.113779001672503,43,3
141,9.97372165280031,147.89412655183568,12.161172910202193,-0.3930667436342685,2.902869167268699,43,4
140,11.268428983539343,189.8587262299535,13.77892326090662,-0.7800206993698828,3.928587220928499,43,5
139,10.581170262299853,161.89607537785406,12.723838861674336,-0.516444758337828,1.829440556948991,43,6
138,12.064591116582355,229.91830280703962,15.163057172187923,-1.1498198971208735,5.741270368000952,43,7
144,5.514257843864875,51.52235577602059,7.177907478925915,0.6465460212791774,-0.3767046196282738,44,1
143,7.467678946110752,90.42915649424764,9.509424614257565,0.3759253981084859,-0.5158723593800218,44,2
142,8.541957898563902,125.06161250477616,11.183094943027898,0.13654586079072284,-0.7743913493525814,44,3
141,9.066226688471247,130.17531205836184,11.409439603169028,0.10474611322030414,0.6638497215636233,44,4
140,9.4887886009046,133.88411231672623,11.57083023454783,0.08433436378052228,1.4369082455124174,44,5
139,10.502223609323552,174.95090281024085,13.226900725802732,-0.19146033426205178,1.5688347054792822,44,6
138,10.65502628316914,165.71494906123726,12.873031851946816,-0.12145203160233176,2.1181043146745018,44,7
144,4.7068301336839795,34.62157475241961,5.884010091121497,0.4950058147510702,0.1733256954078873,45,1
143,6.107517914338545,57.17124246149873,7.561166739432396,0.15177506194765167,-0.5880303674644524,45,2
142,6.70141926827565,66.56084477065701,8.158482994445537,0.007461685240882754,1.0304481005164938,45,3
141,6.602553084387002,71.04673941533926,8.428922790922886,-0.06322903071361496,0.5228561112221252,45,4
140,7.127484888264111,75.56762786705977,8.692964273886082,-0.1324845096078766,1.5418740169810397,45,5
139,6.872286121193453,76.35628462800098,8.738208319100718,-0.14913772534830683,-0.31253712082938323,45,6
138,7.587427404479704,89.30548303014093,9.450157830964567,-0.33801213207320036,0.5810202152832694,45,7
144,2.741957652899954,12.463985674684595,3.53043703734886,0.419359958560946,-1.3015432341231241,48,1
143,3.8146883841161126,22.63391460510828,4.757511387806474,-0.08160858551803973,-1.941315382510632,48,2
142,3.841374540832681,24.500919537571594,4.949840354756059,-0.18870846751501835,-0.9217432846485729,48,3
141,4.10830025300912,27.993382041922935,5.290877246915008,-0.353073785650871,-0.7546596628554324,48,4
140,4.313475453002113,29.442713882273008,5.426114068306434,-0.41626540213169516,-0.773481662784304,48,5
139,4.299836367154293,29.173111674046275,5.401213907451386,-0.39459514158081843,-0.7700535333413872,48,6
138,4.528694475906483,32.617491619383784,5.7111725257939625,-0.5495717388742349,-0.9183195207429968,48,7
144,3.376976872483889,19.54775129873546,4.4212838970977035,0.29788654923306535,-0.7427985096971194,50,1
143,4.216184190103224,29.231668388344378,5.406631889480213,-0.07295779689912663,-1.1582583272373759,50,2
142,4.420886357485409,32.6693071834367,5.715707058924267,-0.20288855573254816,-1.1950117857523368,50,3
141,4.6378929192292775,33.72622337588016,5.807428292788483,-0.23532406900045877,-1.0756216252103765,50,4
140,4.643331746544157,34.56080312978506,5.878843689858156,-0.26039404935560917,-0.9383340401308877,50,5
139,4.656181161352198,33.634507954870514,5.7995265285082125,-0.21797194377558982,-0.3842682349596092,50,6
138,4.766466689282569,37.759981229819,6.144915071001307,-0.3579743369025783,-0.8354114959205406,50,7
144,3.098149547146426,16.587772914707045,4.072808971055117,0.22136288409368732,-0.885101355612278,51,1
143,3.9615780923750017,26.450643466738942,5.143018905928593,-0.2546509205947305,-1.6749117757890608,51,2
142,3.9023792978743432,26.53996409101908,5.151695263796092,-0.2650616615269461,-1.1839588057826942,51,3
141,4.103613001234988,28.655833630556625,5.353114386089337,-0.35669110533518444,-1.672824852855493,51,4
140,4.035471544946943,26.10129920565246,5.108943061500339,-0.22759668214410222,-1.1101885403905596,51,5
139,4.200796923191428,27.277550888214407,5.222791484274899,-0.2808617126568669,-1.2900470795391275,51,6
138,4.348593027695365,30.37155242096183,5.51103914166483,-0.4164874215819674,-1.2441457389057546,51,7
144,2.674879984723197,11.197742927567896,3.3463028744523253,0.3571088210549147,-1.0947083052661684,52,1
143,3.313560060687832,17.9204545090202,4.233255781194918,-0.045636893268989454,-1.6774217082070304,52,2
142,3.4078088394353085,19.282674106858476,4.391204175036555,-0.1314560750326823,-1.3000122946752628,52,3
141,3.5019100659282496,21.07981831087849,4.591276327000858,-0.2282402240501209,-1.6867174172232338,52,4
140,3.639789400781904,20.89472691763631,4.5710750286597035,-0.22691820945949126,-1.0925883940288,52,5
139,3.560452402924462,19.299855360127264,4.393160065388838,-0.1365213712486566,-1.1241412677353235,52,6
138,3.8985702732334966,24.28588734694208,4.928071361794802,-0.4342498204082561,-1.1335965982381848,52,7
72,3.1430213865306644,16.67372170350664,4.083346875236861,-0.0793271403840996,-1.4492446564965777,53,1
67,4.27759380127067,29.429332513303773,5.424880875494297,-0.9155495576036274,-2.9008489117693546,53,2
62,4.051402426535083,26.919973772473362,5.188446180936386,-0.9721356689261802,-2.3371756576722666,53,3
58,3.8100569988119193,24.98942001986704,4.998941890027033,-0.7707588887773829,-3.0563869311891754,53,4
54,4.353788905673557,29.781243886012355,5.457219428061543,-0.9967114642477528,-3.0489401287502713,53,5
51,4.328160762786865,30.38444405840441,5.512208637053247,-0.9692425765143544,-3.357501880795348,53,6
48,5.0628886222839355,39.44632052402121,6.2806305833109795,-1.4348449933125846,-3.461273709932963,53,7
144,3.3385761003527374,21.002897909452088,4.5828918718918175,0.3303614456963786,-0.7199015232423941,54,1
143,4.2171641329785325,30.978661447635083,5.565847774385775,-0.010756109099098632,-1.0910581275299713,54,2
142,5.1059716545360185,43.93250542986909,6.628160033513757,-0.46743531916291947,0.11681863203854628,54,3
141,5.043591362364749,43.600319137592365,6.603053773640827,-0.4701874937059727,-0.390025240309695,54,4
140,5.401113399437496,48.88137614826181,6.99152173337549,-0.6730860893139445,-0.15636285032544817,54,5
139,5.00635998540645,45.83671534784373,6.77028177758088,-0.5674505521244988,-0.3550175831472273,54,6
138,5.656959106956703,57.55117322016422,7.586248955851912,-0.9657112709775517,-0.5990779866342959,54,7
144,2.3809144041604466,10.01179519208763,3.1641420941682803,0.39192679893786964,-1.080664420293437,55,1
143,3.6285032725834347,21.51204300467561,4.638107696536984,-0.3368070572331472,-1.804054717083911,55,2
142,3.753151044039659,24.303158906378062,4.929823415334272,-0.5373240645092845,-1.309538206584017,55,3
141,3.7056616637723665,25.007705142459756,5.000770454885902,-0.579805969105097,-1.4550215589239242,55,4
140,4.2302666766302925,31.21329344165847,5.586885844695457,-0.974188780478147,-1.2328923838479178,55,5
139,4.132604710489726,30.076825420241377,5.484234260153497,-0.888837191393876,-1.9261494883530432,55,6
138,4.861561189527097,43.02707541444467,6.559502680420572,-1.684426775060507,-3.3057115820870884,55,7
144,4.6443155809409085,32.679809669281994,5.716625724086018,0.5795124117836874,-0.5214157787462076,56,1
143,6.468826645320946,63.30341979528481,7.956344625221107,0.17005680202331708,-0.36475511947711864,56,2
142,7.6962584045151585,84.50752856271845,9.19279764613137,-0.11572205798759194,1.7289764442494218,56,3
141,7.56408796010288,85.75043209354266,9.260152919554981,-0.13826500251115958,0.3130103351799309,56,4
140,8.057800219314439,92.87212964340904,9.637018711375891,-0.23529723724587637,1.7284650602510998,56,5
139,7.895464478208007,90.07919511194483,9.491006011585117,-0.20288304331545448,0.7024550821712549,56,6
138,8.639005458441334,103.89440472176327,10.192860477891536,-0.3806225245690291,1.1699072178723156,56,7
144,3.931164925090141,24.49996884812995,4.949744321490752,0.6998153685024693,-0.19041189985970655,57,1
143,5.99455684298402,54.811789205908156,7.4034984437026905,0.3154301145419507,-0.46579334369072545,57,2
142,6.819098684307136,77.71764961616985,8.815761431445944,0.02341940409921439,1.209326175054614,57,3
141,6.792668576781631,77.63284999742447,8.810950572862412,0.01975666208405824,0.44504616826984056,57,4
140,7.7667552956513,93.43082737093074,9.665962309616708,-0.17867146866947103,1.8320174768567086,57,5
139,7.689627074938026,89.87782408064474,9.4803915573485,-0.13498917017439638,-0.8639160510447386,57,6
138,8.098328997799452,95.32881975034229,9.76364787107474,-0.1956823502895071,1.5268990819652875,57,7
144,3.7291442222065396,21.978628507686274,4.6881369975381775,0.6794308233293748,-0.8459185568822755,58,1
143,5.876144943537412,53.03805109187598,7.282722780106076,0.20935065217152993,-1.3796829852190884,58,2
142,6.478374659595355,65.35950690818174,8.084522676582814,0.01909835397101467,-0.8768242375111915,58,3
141,6.8423505691771815,72.42492637288726,8.510283565950505,-0.09004277919123904,-1.137743555907662,58,4
140,7.428778144717216,84.70456818363918,9.203508471427577,-0.2715087616205154,-0.119858175941876,58,5
139,8.130311169212671,99.35414098616252,9.967654738511087,-0.4964143747802525,-3.439625361840502,58,6
138,7.803326526845711,91.85943663578698,9.584332873799145,-0.37382874501530683,-0.7581831903561301,58,7
144,5.595787249919441,53.757871295748274,7.331975947570223,0.6801603471125797,-2.0832828295727572,59,1
143,9.190005971001579,127.58313872732727,11.295270635417607,0.2383175694645584,-3.512930108117057,59,2
142,10.655346096401484,162.3778384839765,12.74275631423502,0.03360291647232938,-2.6280114600356197,59,3
141,10.781430968156098,172.20742110491466,13.122782521436323,-0.02066017350946381,-3.241943061774504,59,4
140,10.544391901152474,176.9866595027779,13.303633319615281,-0.041868437306960216,-3.400948316710336,59,5
139,10.911846654878246,183.7543657730426,13.555602744734097,-0.07719953352840103,-3.9798508959708454,59,6
138,10.349112958147906,174.18283790751647,13.197834591610718,-0.02124053292714212,-2.4006043810775313,59,7
144,4.951857373325361,41.6036616901381,6.450090052870432,0.697851380848564,-0.5074869909634193,60,1
143,7.9651975865130655,100.26562390378237,10.013272387375785,0.2658031397397903,-0.9770554979364355,60,2
142,9.056619036785314,126.94569844011356,11.26701816986702,0.07091160486306913,-0.6823408280459928,60,3
141,9.34089041517136,132.44041784940333,11.508276058967448,0.031765583387549534,-1.6545169260484953,60,4
140,9.817499140862907,147.56533052534692,12.14764711890113,-0.07610031927059135,0.18909316499318396,60,5
139,10.35231200739634,158.75044818138895,12.5996209538775,-0.15574560805316984,-5.947612566913632,60,6
138,10.459033425303472,161.2223843247191,12.697337686488419,-0.1655653362675431,-0.31023933058199676,60,7
144,5.2410599565547376,44.65163198658608,6.682187664723738,0.707023190459657,-0.3884411407634616,61,1
143,8.566481525247747,111.85795809066838,10.576292265754969,0.26023162116120246,-1.2874454693360762,61,2
142,9.743699576128536,142.04467804979106,11.918249789704488,0.061273012129566706,-1.3070466958091294,61,3
141,9.67798620377872,142.17969123331596,11.923912580747812,0.06141978483054222,-0.8546213177924461,61,4
140,10.021105593230043,155.97514135553823,12.489000814938649,-0.027420849338721576,-0.09091570228338242,61,5
139,10.420382409001427,165.6652614876503,12.871101797734735,-0.08946735132577888,-3.754604396845797,61,6
138,10.683960967953654,160.18722207746643,12.656509079421008,-0.04628900031934191,-0.5448193155984947,61,7
129,4.443837753331015,31.743588650142705,5.63414489076583,0.7033542015616665,-0.09952628681826037,62,1
127,6.607146538148715,70.8284213328779,8.415962293931567,0.3278660379836724,-0.3080218363934615,62,2
125,7.63811749124527,99.14577640604669,9.957197216388089,0.06283457209182353,1.6056602849960326,62,3
123,7.671570763052479,102.26828320022173,10.112778213736409,0.03713177852621674,1.2547353896789435,62,4
122,8.22827081992978,110.81551160083572,10.52689467985862,-0.03706267956740228,2.4113019822073762,62,5
121,8.194725358289135,108.83304188408088,10.43230760110537,-0.013602435319276518,1.018175121920168,62,6
120,8.61390015979608,110.20597073735726,10.497903159076925,-0.02459474165217479,1.7301625669002534,62,7
144,3.1503910538223057,17.752541877253154,4.213376541119148,0.23520150900250603,-0.7698584347963333,63,1
143,3.8871169823866625,25.348295341159183,5.034709062215927,-0.1001024757545872,-1.0295755829844442,63,2
142,4.180971336196846,28.114074986248045,5.302270738678669,-0.22717427420044567,-0.4067192623313044,63,3
141,4.481004837556934,31.189215614426338,5.584730576708812,-0.35184202434015277,-0.6092882638281965,63,4
140,4.360873063121523,31.051844388332537,5.57241818139419,-0.336364468096211,-0.697714901821954,63,5
139,4.331051653237652,30.264956089588548,5.50135947649202,-0.29613762645947195,-0.47191874243372633,63,6
138,4.414389027201611,32.25017154992143,5.678923449908568,-0.37127101066906665,-0.6248374028482299,63,7
144,3.5291437825395002,22.35063596184149,4.727645921792525,0.3790257049755982,-1.0158006817930274,64,1
143,4.504026286251895,34.01691386886618,5.832402066804567,0.03940466046974023,-1.3089819037830912,64,2
142,4.97559057323026,41.11042059909386,6.41174083998206,-0.1651994016048366,0.07262082502875529,64,3
141,5.605286099809281,48.220861315483425,6.9441242295543235,-0.36548893414099637,0.301339863462651,64,4
140,5.1263928728444235,41.024843979558305,6.405063932511393,-0.15835979096490926,-0.23144224626677376,64,5
139,5.146980601677791,43.12755663915566,6.567157424575389,-0.21251020360698325,0.09728554641600136,64,6
138,5.045472880204518,44.39604284385924,6.66303555775138,-0.24036058540038474,-0.7322275681772094,64,7
129,3.0410349064095077,17.943875222540793,4.236021154638016,0.16413686435880337,-1.4363356939581937,65,1
127,3.6302013885317823,24.289727328927217,4.928460949315437,-0.14491322065982537,-2.4330075894753764,65,2
125,3.707731885910034,27.04459346095208,5.200441660181573,-0.2745882070952965,-2.1090803546905517,65,3
123,3.9339227114266495,29.647579823758306,5.444959120485507,-0.3937732943881116,-2.2154341965186886,65,4
121,3.906877549226619,30.837350967654224,5.553138839220051,-0.4660759961369758,-2.1467081337920892,65,5
119,4.081321317608617,32.29883642733054,5.683206526893998,-0.5221615257280208,-1.9490643889964128,65,6
117,4.203999441913051,35.02994973623276,5.918610456537308,-0.6322292434304355,-2.0525214896242843,65,7
144,2.9476797671781645,15.626383861951641,3.953022117564186,0.2908844221664728,-1.1311180864771206,67,1
143,3.9610176920057176,26.653512086988762,5.1627039511276225,-0.2299902893940864,-1.9998009021465595,67,2
142,4.071828103401292,26.940861079849114,5.190458657946243,-0.26025705057991155,-0.9581064875696746,67,3
141,4.18749145497667,28.508505091273825,5.33933564137654,-0.3265598670847969,-0.6601931245614451,67,4
140,4.381815152508872,30.996405625737076,5.567441569135421,-0.43416392894403977,-0.3520975913320269,67,5
139,4.265043704629802,29.07654168363947,5.392266840915745,-0.33583016823279155,-0.8329282801785916,67,6
138,4.514747180800507,34.43841700976143,5.868425428491141,-0.579848313264522,-1.037394616914832,67,7
144,2.9665005753437677,16.92528689446361,4.114035354060975,0.10483352276876623,-1.0827168540822134,68,1
143,3.659819274515539,24.355419432441856,4.93512101497439,-0.3071621255424317,-1.6031838013575628,68,2
142,3.88247253525425,24.363629354397634,4.935952730162398,-0.32945315780532947,0.25073377851029516,68,3
141,4.307759350918709,28.754436671238942,5.362316353148044,-0.5635510117974569,0.7150479969403423,68,4
140,4.345476491110666,30.35555002485167,5.509587101122158,-0.639272448630761,-0.28039728232792444,68,5
139,4.002596836295917,26.38695219676329,5.136823161912749,-0.41479210369574426,-0.45225615638623134,68,6
138,4.504509129386017,32.96616017637156,5.741616512479004,-0.7558886836805054,-0.08894616451816283,68,7
144,2.3262681199444666,10.181420234516231,3.190833783592657,0.17456011789034986,-0.5588494092226028,69,1
143,2.801646932855353,14.11848699783041,3.757457517767887,-0.17143368045530494,-0.7164972045204856,69,2
142,2.9935992704310888,16.53499923818899,4.066325028596336,-0.39137406555313836,-1.181139909045797,69,3
141,2.8621250314915434,15.571323489245804,3.9460516328661748,-0.30521414883578823,-0.8236914729395657,69,4
140,3.207471237863813,18.006968399580686,4.243461841419183,-0.5072340758322622,-0.13328531469617572,69,5
139,2.8200540817041193,14.723005243803515,3.8370568465691925,-0.22370341991780496,-0.8499167634428834,69,6
138,3.3765754319619443,21.816349463802407,4.670797519032741,-0.8018232806416064,-1.4371074559032053,69,7
144,5.205713544868761,43.230038477507485,6.574955397377802,0.6923789981025332,-0.7981241523391671,70,1
143,7.893669235122787,96.90628976864848,9.844099236021977,0.3033621294536517,-1.4044526340244534,70,2
142,9.20034334945007,131.63769279242493,11.473347061447454,0.05513256489020135,-1.515430320316637,70,3
141,9.465164043379168,142.83603534141355,11.951403069991972,-0.022131780905148224,-1.9257308295432558,70,4
140,10.056513198784419,152.14006113288445,12.3345069270273,-0.08489934950258204,-0.8278303963797433,70,5
139,9.880640179133243,169.16113467181475,13.006196010817872,-0.20634038337638883,-4.847853765213232,70,6
138,10.182992138724396,150.2444355178784,12.257423690069556,-0.0639729392052526,-0.5711001969765925,70,7
144,6.622703136669265,66.59567529287229,8.16061733527999,0.6940519708989135,-1.0260085231728024,71,1
143,10.907303427482818,161.17371715448766,12.695421109773699,0.25843714672010343,-1.512044112165491,71,2
142,12.385811626911163,202.26949071129184,14.222147893735736,0.07361531442613511,-0.2386958380820046,71,3
141,12.879509000068015,222.00959173195866,14.899986299723858,-0.01185504566569806,-0.9463027106954697,71,4
140,13.170132895452635,232.8710615616574,15.260113419029931,-0.054775494007187175,0.4250996219260352,71,5
139,13.4154643840927,243.4518376694842,15.602943237398648,-0.09676193321897597,-0.8183819835992168,71,6
138,13.608146510694338,250.34076205869243,15.822160473800423,-0.12130156148671545,0.3574837977471559,71,7
144,6.31373321202894,60.0367961560649,7.748341510030705,0.7147216467933072,-1.1998970965958304,72,1
143,10.693163229035331,157.80302420608461,12.561967370045371,0.24936208316266784,-1.5540770208918966,72,2
142,11.927152662629812,187.44245292537505,13.690962454311787,0.1125805774759604,-0.5510845406794213,72,3
141,12.960276865790076,220.64617808844724,14.85416366169591,-0.03944142202380796,-1.3826631518965917,72,4
140,13.007046943051474,226.74444580226424,15.0580359211374,-0.061517908250571685,-0.16897736532347543,72,5
139,13.15079296407082,234.79054790203708,15.3228766196833,-0.09331692900130006,-1.2140636049586235,72,6
138,13.308170268069142,244.2560679991161,15.628693739372977,-0.13077556428815118,-0.1980928351049838,72,7
144,5.375779158539242,48.145937521715254,6.9387273704704135,0.7068860540761084,-0.1863026594122251,73,1
143,8.064733761173862,98.63687118110552,9.931609697380658,0.40218811253054365,-0.43470111510136744,73,2
142,9.16986431454269,123.00443030832315,11.09073623833527,0.25901142066877314,1.2367216592103663,73,3
141,10.500386565289599,166.28229599429366,12.895049282352264,0.0032742872555753255,-2.1485338134968535,73,4
140,10.71268521973065,148.60128528811703,12.19021268428558,0.11519249315281432,1.2729729056358337,73,5
139,10.885556702991183,161.0214235661166,12.689421719137425,0.04807431607458834,0.22744026801568998,73,6
138,11.703362598799277,183.01415517024745,13.528272438498844,-0.07711736343283926,0.10382764840471571,73,7
144,6.2158848866820335,66.40752133260301,8.149081011537621,0.7482361838349665,-0.9342949506309297,74,1
143,10.128178521469756,154.56527173201013,12.432428231524609,0.41174676962078394,-2.590019137709291,74,2
142,11.958552635891337,210.60227201512888,14.512142226946677,0.19914462545669376,-2.8469126795379207,74,3
141,13.329738231415444,272.67768756468314,16.51295514330137,-0.033335115685400485,-4.207143979715117,74,4
140,13.340933036804199,247.55045684112324,15.733736264508924,0.06634632463678058,-3.3162034835134233,74,5
139,13.076797162886146,254.75385184140106,15.961010364052806,0.04334947485679885,-4.34590457669265,74,6
138,13.210443935532501,256.7525334778522,16.02349941423072,0.04215956682640676,-3.1151880440504653,74,7
144,6.138061325997114,64.38992833995309,8.024333513753842,0.7869304406014359,-0.7206978893114461,75,1
143,10.27873336518561,159.84219983337232,12.642871502683729,0.46907014317631035,-2.204661541051798,75,2
142,12.481414155221321,228.37772168813413,15.112171309515192,0.24188500277722824,-1.9934875259936695,75,3
141,13.228516703801798,261.7918226214794,16.179982157637856,0.13393080993452255,-2.788659227655289,75,4
140,14.013477156843457,268.7363753409734,16.393180757283602,0.11511927411291434,-1.9539440393447876,75,5
139,13.561760585085093,276.40657236042415,16.62547961294423,0.09378192494566662,-3.6494168017407973,75,6
138,14.060936561529187,283.60145156572986,16.84047064561231,0.07625807821996478,-2.472437886224277,75,7
144,5.365585629310873,49.2114976498192,7.015090708595236,0.7304011350615425,-1.1867537589536772,76,1
143,8.499564364239886,115.40074840785077,10.742474035707547,0.3648331547856001,-2.2734493442348667,76,2
142,9.437318583609352,153.42908514186976,12.386649471986756,0.1536114716025777,-1.6860791730209135,76,3
141,10.084458662263046,164.15732712653357,12.812389594706117,0.09527158085780818,-2.4740345596421696,76,4
140,10.404931814329965,169.84571739514905,13.032486999615578,0.0684290824461562,-2.747315471512931,76,5
139,10.477015642811068,186.24281144059773,13.64708069297598,-0.018656205524291813,-4.258688436137686,76,6
138,10.795163344645847,183.81468377005265,13.557827398593503,0.0013325477505594652,-2.329599356305772,76,7
144,4.658304810523987,37.554373876048864,6.128162357187419,0.8329735565959622,-1.0256209307246738,77,1
143,7.107855539221863,84.22082573056295,9.177190514016964,0.6229546983552401,-2.8475195136103597,77,2
142,8.819169533084816,119.26328746323306,10.920773208121899,0.4654755625380764,-3.2971315568601582,77,3
141,9.43295814804997,144.98179973111672,12.040838830044887,0.35249831552305844,-4.366801172283524,77,4
140,10.158930937732968,171.161087779246,13.08285472590925,0.23919017959083777,-3.1176374307700567,77,5
139,10.256423965632486,185.67254751103903,13.626171417938313,0.1775232301337233,-4.624815716160287,77,6
138,10.993504183879796,220.95446047862188,14.86453700855233,0.026413442962827993,-2.969877673232037,77,7
129,6.0777128251024,63.767453992039584,7.985452647911675,0.7448892723793017,-3.216346214908038,78,1
127,9.492282760424876,142.05195418613377,11.918555037676915,0.4319897079959114,-6.24592913792828,78,2
125,10.52202431488037,160.78203315702865,12.679985534574898,0.3603124667499418,-6.121058124542237,78,3
123,10.88793251766422,180.92169198858107,13.450713437902879,0.281026926194444,-6.686426391446494,78,4
121,11.093038826934562,193.12375194734716,13.896897205755936,0.23907296966760672,-5.8069241224241654,78,5
119,11.208819229061865,213.1704247360542,14.600357007143838,0.16547159495486707,-5.691902865882681,78,6
117,11.485865605183136,220.93229292157517,14.863791337393538,0.14192056224425809,-1.2282263071109087,78,7
144,4.767471959607469,36.87409825723917,6.072404651967717,0.8130506123005043,0.5134877119627264,79,1
143,7.284722720826422,88.55417385944608,9.410322728761543,0.5501661631639923,-0.24711222498566954,79,2
142,8.610395310630262,116.15381489508754,10.777467925959582,0.4081525082220675,0.07489997232463998,79,3
141,9.50731835297659,141.2708200003022,11.88574019572623,0.2791997926174429,-0.6527517957890288,79,4
140,10.298966536351612,159.82531534110703,12.64220373752563,0.18698790718981917,-0.6833467287676674,79,5
139,10.912837146855086,210.72317954060543,14.516307365876676,-0.06660905075712287,-2.1736770482372036,79,6
138,10.682765495949898,181.2213882632747,13.46184936267208,0.08839486278769382,-1.6000725860181062,79,7
144,5.012249489625295,40.804622998513004,6.3878496380638925,0.7620869771036628,-0.24503370457225376,80,1
143,7.8257763018974895,95.91025252532012,9.793377993589347,0.43833580387567683,-0.7247019697736193,80,2
142,9.258362850672762,126.36868726853803,11.24138280055163,0.2564584831369977,-0.8647570610046387,80,3
141,9.703231186731488,146.37044048992317,12.09836519906401,0.1391807583086645,-1.1595994944268084,80,4
140,10.300735264165061,159.3741342886009,12.624346885625446,0.06833092946018904,-0.723087557724544,80,5
139,10.438214240314291,164.40174721842084,12.82192447405696,0.045586352244747275,-2.8367304047234625,80,6
138,10.866870544958806,193.74969540504995,13.919399965697155,-0.11700269806799168,-1.4375237209209497,80,7
116,8.81351897916917,114.47046952377987,10.699087321999942,0.6825330873734623,0.49064947176596213,81,1
114,13.137969728101764,256.37892184244953,16.01183692904876,0.2801988409884817,-1.5944388257829767,81,2
112,15.212059160428387,332.04974018076416,18.22223203070261,0.06843225286987908,-2.7105802286948477,81,3
110,15.933123262362047,353.82044445253183,18.810115482168946,0.01950476665341483,-4.73994221795689,81,4
108,15.7318543891112,358.74592833589406,18.94058944003312,0.023460959573405327,-1.6236260456067544,81,5
107,15.57876151075987,367.4805278629209,19.169781633156934,-0.011033110113943145,-5.451700199430234,81,6
106,16.484891280813038,388.41950758569834,19.708361362266988,-0.06589349286908397,-3.07964407160597,81,7
144,4.902225472033024,40.16499876093039,6.337586193570103,0.7767540962060386,-0.6719223782420158,82,1
143,7.999345961984221,100.81062924485181,10.040449653519099,0.43805571692140577,-2.145389709439311,82,2
142,9.151816876841263,126.51767937356105,11.248007795763703,0.2986667873501062,-2.1255723876012884,82,3
141,8.94136125145229,121.5031394417554,11.022846249574354,0.3299824663290536,-1.4345171603750675,82,4
140,10.185163174356733,166.50630981632943,12.903732398663939,0.08832827349707384,-2.006419747216361,82,5
139,10.251288434584364,170.1815256277263,13.04536414316313,0.07453197431150071,-3.43572220013296,82,6
138,10.540834343951682,178.24522063192168,13.350850932877712,0.0376137593327186,-2.728236951689789,82,7
144,5.079621013667849,41.69090471807457,6.456849442109872,0.7587739670781185,-0.9979385783274969,83,1
143,8.177332212041309,103.86542538173855,10.191438827846564,0.39707758468346743,-2.2820939175732486,83,2
142,9.401364104848513,128.3605121890556,11.329629834599876,0.2588488985413282,-2.085347974804086,83,3
141,9.811269873422933,137.03188609106033,11.706061937776527,0.21276469220118754,-1.4634782693064805,83,4
140,10.026914834976196,156.29448351710153,12.501779214059955,0.10843795368142661,-2.7927035774503435,83,5
139,10.312084602795059,172.10506451111385,13.118881984037888,0.024774089278626232,-3.3883858893415053,83,6
138,10.435566366582677,174.55585272908965,13.21195870146019,0.017965350996679286,-2.8373678836269653,83,7
144,3.6275735857586064,22.730167234283343,4.767616515019149,0.3092665317777761,-0.9268911054564847,85,1
143,4.547978565409467,33.20231019629401,5.762144583077902,-0.02270659709561129,-1.5375966300497521,85,2
142,5.112208446986239,40.47594655581754,6.362070932944519,-0.24720811144409072,-1.378961445580066,85,3
141,5.33631710634164,45.16105541505367,6.720197572620441,-0.38263093870030995,-1.631655527344832,85,4
140,5.221575156279973,43.69517024356862,6.610232238247656,-0.32985921854212075,-1.4195525884628295,85,5
139,5.323654864331801,45.16228770045791,6.720289257201501,-0.3648437096307855,-1.1799885832148491,85,6
138,5.372046448182369,49.92918716857259,7.066058814400895,-0.49846556588766733,-1.803917886554331,85,7
144,3.3859559893608093,17.839373265762628,4.223668223921314,0.25739793846737513,-1.1724108242326312,86,1
143,4.153456507862865,27.057616214876315,5.201693591021709,-0.13976775811613118,-1.8872548250051646,86,2
142,4.5836978781391196,30.944549783499536,5.562782557632424,-0.3027416830134615,-1.1563328706042868,86,3
141,4.5591837007103235,32.704966046201875,5.718825582775005,-0.3671576962550862,-1.6116170291359544,86,4
140,4.693818623679025,34.09983187926664,5.839506133164571,-0.4190518123921272,-1.3287000417709351,86,5
139,4.862898087330001,35.42223550047078,5.9516582143526,-0.46623762427834126,-1.2516540023062726,86,6
138,4.803909115169359,37.79541239869998,6.1477973615515324,-0.554946362938588,-1.0431886462197788,86,7
144,2.9110842727952533,15.214089969347814,3.900524319799559,0.3406397830591321,-1.5982077734337912,88,1
143,4.118233233898669,28.328386315365954,5.322441762515204,-0.25158093098433887,-2.661098336840009,88,2
142,4.037164387568621,30.03978036829293,5.480855806194223,-0.3390837945991625,-2.103571655045093,88,3
141,4.391948429405266,36.06018343291773,6.00501319173553,-0.6047646034751144,-2.408710161844889,88,4
140,4.602448674610683,39.35639382516119,6.273467448322434,-0.7439427445017359,-2.305869851793562,88,5
139,4.469922683221831,37.252373830356525,6.103472276528872,-0.6404534061322709,-2.2014524336341474,88,6
138,5.09518923966781,47.90783513181112,6.921548607920855,-1.098256760307796,-2.8672794950181157,88,7
129,2.3794661593991657,8.959807328931145,2.993293725802923,0.43738735959221453,-1.421558283096136,89,1
127,3.451520763982938,18.98559944772634,4.357246773792637,-0.20912023428739945,-2.140135391490666,89,2
125,3.3996046237945556,19.883660680315998,4.459109852909659,-0.29312704581428517,-1.625530969619751,89,3
123,3.542145610824833,23.310127287312156,4.828056263892557,-0.5435354059339397,-2.2233471657202495,89,4
121,3.7716615200042725,25.30761402749371,5.030667354088691,-0.7019205655398542,-1.7286247399227679,89,5
119,3.5421427618555663,21.214741595366338,4.605946330057086,-0.48816427606445045,-1.3179485958163477,89,6
117,3.9685202133961215,28.21230345852538,5.31152553025262,-1.0524207565960797,-1.6577766043508155,89,7
129,2.3537028473477033,10.489168263129727,3.238698544651806,0.2689011975995734,-1.3473278358001117,90,1
127,3.4292371348133237,20.436419953254195,4.520665874985033,-0.45077025740802856,-2.2469709632903574,90,2
125,3.237636028289795,19.357795439243397,4.399749474600048,-0.4036240111931748,-1.5479843635559083,90,3
123,3.352004082222295,20.723193834861284,4.552273479796802,-0.5192892401901017,-1.6257172018531862,90,4
121,3.459574129955828,22.404105721329547,4.7332975525873655,-0.6678116914367556,-1.5609735831741458,90,5
119,3.239073342635852,18.547427559007915,4.306672446217371,-0.38017685216836994,-1.418561464598199,90,6
118,3.638988151388653,23.30824714628735,4.827861550033032,-0.7348752198477004,-1.6296208389734819,90,7
144,2.9703379372755685,14.766149304866044,3.8426747591835095,0.09585055957195632,-1.996100644270579,91,1
143,4.273036115653031,31.179670397684106,5.58387592964637,-0.9528573936690001,-3.143740213000691,91,2
142,3.748163773979939,25.77681000317176,5.077086763407905,-0.6442371003402612,-2.377874072168914,91,3
141,3.810066473399494,26.244372714229993,5.1229261866856906,-0.6709573195006813,-1.960470974022615,91,4
140,4.923204544612339,42.212438315024436,6.497109997146765,-1.668609242270088,-3.969968809400286,91,5
139,4.0679240158135945,30.811798572360374,5.550837646009868,-0.9346414937243379,-3.268767120169221,91,6
138,4.409382595532183,35.49658734440175,5.95790125332753,-1.2133676793739587,-2.71396919955378,91,7
144,4.861172480094764,43.069988444644494,6.562772923440555,0.9225354326509816,0.40122308147450286,95,1
143,7.466641832273323,123.3802216846054,11.107664996956174,0.7765679212649177,-1.7106873545196506,95,2
142,8.671236770253786,162.07804651830898,12.730987648973231,0.7054937336450164,-3.7820164208680813,95,3
141,9.8294465457294,204.65964544682802,14.305930429260028,0.6279014499710727,-4.73380653739821,95,4
140,11.510226358260427,291.5425496498255,17.07461711576062,0.47018480306316845,-4.675597516553743,95,5
139,12.092863679789811,309.1857121490713,17.583677435311174,0.43782410992254805,-7.131226124523355,95,6
138,12.830149451675622,329.7228765835029,18.158272951564058,0.4017885572680093,-3.84814125061899,95,7
144,4.131213777957277,37.328617994897435,6.109715050221036,0.9514284109968583,-0.7280348297725949,96,1
143,6.549689234970333,106.58528987902167,10.324015201413724,0.8612961439124384,-2.5647626894337314,96,2
142,9.111380336150317,203.2493325595568,14.256554021205714,0.7359160649170082,-3.669501285317918,96,3
141,10.5437880424743,297.0678131047305,17.235655285040092,0.6151109458855966,-5.2662793947449815,96,4
140,12.15084337762424,386.8208025747933,19.667760487020207,0.5003633280011757,-4.898930496828896,96,5
139,12.774702147614184,439.2006795845032,20.957115249587744,0.4343504897753597,-6.907118557168426,96,6
138,13.836945176988408,490.1726022308068,22.139841964901347,0.3712886162500225,-5.782769180726314,96,7
144,4.429147270818551,33.41492398114136,5.780564330680989,0.6757648497563856,-0.14147229823801252,97,1
143,6.606821025584961,71.78850040314401,8.472809475206203,0.2982765076460865,-1.420057020404122,97,2
142,7.1981806788646,84.5227606666816,9.193626089127271,0.1723781405283512,-0.49759157526660974,97,3
141,7.94507942047525,101.92238658723632,10.095661770643682,0.001542885865286614,-1.799672768471089,97,4
140,8.365984158005034,111.24353161657278,10.547204919625521,-0.08914764382538043,-0.8609053467001234,97,5
139,9.254273446343786,145.47206905916653,12.061180251499707,-0.4202431545036789,-1.239825757287389,97,6
138,13.495175395322883,258.17391673081363,16.06779128352163,-1.5026614276909567,5.228562889755636,97,7
144,4.164648918228017,27.0844695321328,5.204274159970129,0.6865475766433292,-0.15111323239074814,98,1
143,6.038674783873391,56.384235026912435,7.508943669179603,0.33270349632721563,-0.39959453452717175,98,2
142,6.942633064489969,80.13007116065937,8.951540155786565,0.041297268042629676,0.2893728733482495,98,3
141,7.410684814689852,88.54230805730747,9.409692240307727,-0.06626550273639586,-0.6814130172661855,98,4
140,8.026966181610312,99.76949128373833,9.988467914737392,-0.20280414718884332,1.3864188500813075,98,5
139,7.92634263484598,103.3326001087842,10.165264389517088,-0.24928886092065206,-2.19836097140964,98,6
138,8.63481335795444,115.20446936805102,10.733334494370844,-0.3855269467317941,1.0438166701275369,98,7
144,4.881748440778917,40.078291017844634,6.330741743101249,0.746797819025933,-0.7167653412454658,100,1
143,7.8479736772450535,98.00439645786675,9.899716988776333,0.38400134582789447,-1.3901763108226803,100,2
142,9.066888794512815,119.36188856030522,10.925286658038095,0.25468266435758324,0.0687552207792309,100,3
141,9.861034745020223,139.21786790700278,11.799062162180636,0.13559112281611685,-1.6537933417245851,100,4
140,10.434959432908467,147.45169633063088,12.142969008056921,0.09055995478675771,-0.45342261365481784,100,5
139,10.63488840370727,159.09778832327166,12.613397176148528,0.025674862199028925,-1.5233210265207633,100,6
138,10.968152403831482,164.84571000539697,12.839225444137858,-0.006879856378457561,-0.21882175967313242,100,7
144,6.053071219474077,75.49977635610543,8.689060729221854,0.8531936049465045,-2.5199146597749658,101,1
143,10.539746041064495,260.95194968935283,16.154007233171367,0.49195217251078494,-5.8310417912223125,101,2
142,12.434700531019292,393.3846585730178,19.833926957942992,0.23484160833955114,-7.981858097331624,101,3
141,12.127434642602365,316.24266517466725,17.783213016062852,0.3858637592945616,-7.773086426105905,101,4
140,12.879230914797102,419.5864081589844,20.483808438837354,0.18981813127002967,-8.45294884272984,101,5
139,14.340572664205977,548.7460390084592,23.42532900534076,-0.05636165838327978,-11.009521372884297,101,6
138,13.413211356038632,540.4811487774326,23.24825044551595,-0.037909049854829346,-10.37095864959385,101,7
144,2.5181173839502864,10.355966655371917,3.2180687772904912,0.30567406925050855,-1.038717964457141,103,1
143,3.0492244200272993,15.576284689515493,3.9466802112047907,-0.06115786945325663,-1.2116791451727593,103,2
142,3.4329107815111186,18.23674033494053,4.2704496642555725,-0.2431054237554624,-0.6722563589122933,103,3
141,3.510784612479785,19.261199467915826,4.388758305935271,-0.3037708314808105,-0.9713654179945059,103,4
140,3.420205169064658,18.958700548451557,4.354158994392781,-0.2873269886908021,-1.064295358317239,103,5
139,3.396883144653101,17.43616966051812,4.175663978401294,-0.18131532152785335,-0.705315023875065,103,6
138,3.6159845037736753,21.759000090856475,4.664654337767856,-0.46932318784170657,-1.0269122866616733,103,7
144,5.890456880132358,55.24495848497261,7.4326952369226476,0.6863701905494755,1.3750726435747411,104,1
143,8.20563037203742,98.63611261980033,9.93157150806459,0.43923371973873193,1.3928367687272025,104,2
142,9.52585871622596,138.00522833455798,11.747562655059898,0.21799111763308032,2.2631931607152374,104,3
141,10.526830488908375,167.29286899682089,12.934174461357047,0.05571648064994761,5.010129859261479,104,4
140,11.367950820922852,178.2058120637052,13.349374969027771,-0.0005180164487696981,4.930817692620414,104,5
139,11.566200712601916,186.21780856760435,13.646164610160774,-0.04077769313017687,4.6141658017961245,104,6
138,12.931393056676008,225.8778567884829,15.029233406547483,-0.2536505454565845,5.752336819966634,104,7
144,6.133462113483499,59.37518907714567,7.705529772646763,0.7260934832981881,-0.9689797308399446,105,1
143,9.019198094839817,123.52912124378254,11.114365534918425,0.42597699803784106,-1.7137529572823664,105,2
142,10.570875223148876,170.83632187666177,13.07043694283637,0.2068466552857544,-1.051848338628319,105,3
141,11.203467137213295,180.4204929224228,13.43206956959436,0.16524354087858806,-0.6294567760423566,105,4
140,11.904629622186933,202.95382699825277,14.246186401920086,0.0666215803917376,0.14097023010253906,105,5
139,12.367850566510674,218.75702873825963,14.790437070562168,-0.00010755058510070192,-0.1935141742658272,105,6
138,12.962430784667747,239.92035483440313,15.48936263486665,-0.08898829936071895,0.18863151989121368,105,7
144,5.385843761368758,54.021420719545794,7.34992657919423,0.717073278187234,-0.24724916999952662,106,1
143,8.129070660138463,102.90118874258434,10.144022315757411,0.46115233269506717,-0.025991575909661245,106,2
142,9.67052620775263,149.78425340743942,12.238637726783134,0.2193087078565349,0.7874862942057597,106,3
141,10.718105995485969,175.28740911460125,13.239615142238888,0.0912128405917989,1.832412064920926,106,4
140,11.342921127591815,188.62837817921437,13.734204679529658,0.02835521849973699,3.533217120170593,106,5
139,11.389563536472458,187.61849306885279,13.697390009372326,0.03896651982753818,2.9258151809088617,106,6
138,12.280858791392783,217.2091613497379,14.738017551548035,-0.10461560893636879,3.1408093597577964,106,7
144,4.552359663764946,38.78593014425375,6.227835108948675,0.6441193690150938,0.5150223127436928,107,1
143,6.9202581231410685,88.68674982184938,9.417364271485381,0.16804312158970047,0.9422643707765566,107,2
142,7.34687039717822,94.54429320824417,9.72338897752446,0.09762652337225874,0.6133761120514131,107,3
141,8.510353372029378,134.22547964961458,11.585572046714594,-0.29680587495064725,0.45327010771906967,107,4
140,8.199757816961833,122.75396547396231,11.079438860969553,-0.18668462609251302,0.3044947513512203,107,5
139,8.123688961104524,117.08017105270014,10.820359099988325,-0.13216595858120495,-0.9940319305701222,107,6
138,9.101510572260704,140.52563715644487,11.854350979975449,-0.35311022739300535,0.5317325928936834,107,7
129,5.010568134313406,40.26187270757075,6.345224401671761,0.6612666288018891,-1.3936241982981217,108,1
127,8.115639340689802,102.78115114412968,10.1381039225355,0.11421465475820536,-4.3953974157806455,108,2
125,9.034140828609466,129.25086725216613,11.368855142544747,-0.11951500425447126,-5.391297053813934,108,3
123,8.871628252471366,129.95994137997891,11.399997428946154,-0.11659638355970259,-3.235529280290371,108,4
121,9.600278017442088,136.22768060434365,11.671661432904214,-0.1580373040886318,-1.8572225043596315,108,5
119,10.588261005758238,174.01817485647894,13.191594856440934,-0.46848888917358855,-4.898362088103254,108,6
117,10.636032967485933,174.4540829505154,13.20810671332252,-0.4531648333421181,-4.392619537492084,108,7
144,5.870037323691779,51.27809542277658,7.160872532225146,0.6226288435565233,0.31640862363080186,109,1
143,8.446215017692193,103.55797444834523,10.176343864490097,0.24311244390575903,1.0474128389691972,109,2
142,10.094876965796443,149.22484219638372,12.21576203911912,-0.08431425750331689,3.4960727655971553,109,3
141,10.456338553141196,158.1257165067907,12.574804829769356,-0.14096099394040462,3.4165918281737793,109,4
140,11.113753138695444,173.96725038759436,13.189664529001272,-0.24657864966771803,4.700834967834609,109,5
139,10.935045116132112,168.01292131694998,12.961979837854631,-0.19549319218791483,2.80956899851775,109,6
138,11.694481846646987,192.04476841689308,13.858021807490891,-0.37282363997259416,4.3201756922231205,109,7
144,3.9598434360490904,28.70964406952245,5.358138115943117,0.8735032205627155,-1.2870238978001807,1001,1
143,7.032249781635258,85.95429393515478,9.271153862122814,0.6157912646980553,-3.9188630272458482,1001,2
142,8.121310469130394,122.44612590501202,11.065537759413775,0.44760552090248906,-4.933857219319948,1001,3
141,9.355299736591096,170.22821691561782,13.047153594390533,0.22929336067946215,-6.179833290424753,1001,4
140,10.415727548088347,189.90776546461552,13.780702647710513,0.14008977824323865,-4.641530945471355,1001,5
139,10.584117896265264,205.20226982423029,14.324882890419394,0.0703455312804937,-6.343134941814615,1001,6
138,10.970015112904536,214.59094740980055,14.64892308020629,0.030036358260003393,-5.539005474767823,1001,7
144,6.660707157622609,76.630395304832,8.753878871953393,0.7071254633131369,-1.7086714308501945,1002,1
143,9.263642226899421,155.94297090222815,12.487712797074897,0.39150991406288604,-3.038793623864234,1002,2
142,11.026220327112037,201.99011566171143,14.212322669490424,0.19948377450642374,-5.352210649722059,1002,3
141,11.808060402988541,240.8670069767667,15.519890688299538,0.04161743207547952,-4.937676403962128,1002,4
140,12.510720432975463,279.38854410769386,16.714919805601635,-0.1125210121730249,-4.493668503101383,1002,5
139,12.917038208717923,293.43386487464664,17.129911408838243,-0.1697078828170926,-6.284131187758,1002,6
138,13.121202539274657,311.15188123064434,17.639497760158715,-0.23748080125016013,-5.196296779573828,1002,7
144,4.18521999174522,27.02380117852106,5.198442187667481,0.4855236362338229,-0.7357295583933592,1003,1
143,5.517317306328486,43.41163005668844,6.588750265163223,0.15559718981972082,-0.47359165236666484,1003,2
142,5.969106251085308,52.86585253722196,7.270890766420711,-0.03589710260942769,-0.2703942287136132,1003,3
141,6.150861589621145,59.21416786704325,7.695074260008362,-0.16287617169838398,-0.6823611952734332,1003,4
140,6.681397568753788,63.48769835242305,7.967916813849342,-0.24557268856145842,1.1766219262565885,1003,5
139,7.000056578529825,73.7810119106763,8.589587412133152,-0.45169113898910207,-0.08982433903989175,1003,6
138,7.101521317509637,74.10947267857733,8.608685885695756,-0.4492821582352913,0.8919273355732793,1003,7
144,5.802074188159572,97.27537609995274,9.86282799707836,0.8981257927002738,-2.4161404164301024,1004,1
143,8.820340278265359,239.36427196069906,15.47140174517807,0.749553869894664,-4.113858039562519,1004,2
142,12.792143551396652,557.786717891951,23.617508714763947,0.4172844974691903,-8.636496871290072,1004,3
141,13.968631808639419,533.124303521588,23.08948469588674,0.4444804528923665,-10.145511765852042,1004,4
140,14.493280850137984,588.2765314977909,24.254412619104816,0.38940060898015694,-9.302229448727198,1004,5
139,15.964190651186936,711.5445257778007,26.674791953786645,0.2639339500742456,-12.369962023316527,1004,6
138,16.967982879583385,782.7281610244165,27.977279371383066,0.1939662191210202,-11.845885933309361,1004,7
144,5.898029672602813,93.02209804165194,9.644796423027909,0.8983107588985637,-2.0739855907029576,1005,1
143,8.578062962818812,184.16947952481013,13.570905626553083,0.7988204150732396,-4.833203544149866,1005,2
142,11.808078053971412,385.01397448674084,19.621772970013204,0.5799680829037988,-8.30982288508348,1005,3
141,13.61253521966596,515.1554963418504,22.697037171002087,0.4393834327871807,-9.824089456111826,1005,4
140,14.586861154011318,581.4663619831981,24.113613623494885,0.36961742787939644,-9.80274624143328,1005,5
139,15.919510841369629,697.4341275449638,26.40897816169652,0.24641502421826822,-12.63644120333006,1005,6
138,16.534934700399205,743.9756094360428,27.275916289577566,0.19969943233755671,-11.903290175009465,1005,7
129,4.734455790168555,46.318511525454355,6.805770457887509,0.890354670135807,-0.35274015979249346,1006,1
127,7.370249866500614,105.48710732702958,10.270691667411187,0.635018695154832,-1.5221524707914338,1006,2
125,8.36468293762207,156.81992101922665,12.52277609075666,0.37803647143803565,-2.8520726432800294,1006,3
123,8.9762623213171,156.01480269488624,12.490588564790942,0.30587469455446303,-2.5425831670683574,1006,4
121,10.27989209092353,212.29301846343014,14.57027859937586,-0.006691161420394165,-0.988532122501657,1006,5
119,10.373658078057426,216.34512239346674,14.708675072672818,-0.07220392444437018,-4.704315291733301,1006,6
117,11.905987399256128,276.1163524174062,16.61674915311073,-0.4618747516110253,-0.571807533247858,1006,7
144,4.33487889998489,47.291772743782886,6.876901391163239,0.9489315263331535,-1.188235402935081,1007,1
143,7.574407072334023,149.67724510842942,12.234265205088102,0.8384711395416657,-3.990358479373105,1007,2
142,11.231583199030917,402.991242519742,20.074641778117538,0.5655647365721561,-8.164616507543645,1007,3
141,12.492788125437203,412.1418816586582,20.3012778331478,0.5568449239428589,-9.330259607193318,1007,4
140,13.731886185918535,504.4178858501713,22.459249449840733,0.4594810592015328,-8.414959171840122,1007,5
139,15.938917636871338,705.0405143564427,26.552599013212298,0.24701428854234764,-12.738766454106612,1007,6
138,17.839618560196698,830.9879786913322,28.826862102756383,0.11629813441873327,-10.098148586093515,1007,7
144,3.9202106706798077,49.2716059818723,7.019373617486983,0.94542239162126,0.5708812818759017,1008,1
143,7.329237678667882,137.39854106200437,11.721712377549808,0.8478717748553417,-1.6779385888493143,1008,2
142,12.234084471850329,438.6621332457679,20.94426253764424,0.5148548134979221,-9.893949824319758,1008,3
141,12.305976810184776,397.8513737202399,19.946212014320913,0.5612444166342829,-7.082744919661934,1008,4
140,13.154380660397665,502.25572766682205,22.41106261797557,0.4479464209446744,-8.13517131975719,1008,5
139,16.626492088647197,683.0318706749098,26.134878432372894,0.2516698922566253,-14.246849656962663,1008,6
138,17.29059902826945,828.311343516725,28.780398598989642,0.09618796272623775,-11.152096755262734,1008,7
144,6.5871445706321134,146.98228263611114,12.123624979192945,0.892154727109268,-2.768975500845247,1009,1
143,10.292205367054972,288.81639677671654,16.99459904724782,0.7886710249310039,-5.367717931320617,1009,2
142,14.13177905619984,648.8557380784467,25.472646860474605,0.5269113304945244,-9.737287192277506,1009,3
141,15.6493456651133,720.4592325258432,26.84137165880021,0.4769834966265015,-10.996211068850037,1009,4
140,16.348565910543716,814.3804485006734,28.53735181303047,0.411679004820669,-10.841073668003082,1009,5
139,17.40698229151664,913.2701651081829,30.220360108843558,0.34337478295132307,-12.958283973254746,1009,6
138,17.96517945545307,938.0728766871666,30.627975393211457,0.3292327378942921,-11.729961220768915,1009,7
144,4.445426046434376,50.22378258698636,7.086873964378537,0.9417085431666802,-0.9811253079937564,1010,1
143,8.335030802479992,178.09984851316165,13.345405520746144,0.7932940673230287,-3.2426658760417593,1010,2
142,11.663817357009565,363.23673493777125,19.058770551579954,0.5788473627862294,-5.619694926369358,1010,3
141,13.798262702657821,544.9887641633667,23.344994413436186,0.36976504387376785,-7.217323504441174,1010,4
140,13.68971324137279,497.4278400485639,22.303090369914297,0.42684837102611317,-7.052989280223846,1010,5
139,14.32164016902018,571.8335101111326,23.913040586908487,0.3433044628369468,-10.052320641579389,1010,6
138,15.61584444667982,630.9135819411947,25.117993190961627,0.2786824254402055,-8.502678929895595,1010,7
144,3.717640536475099,31.821603182663473,5.641064011572947,0.9395559472841662,-0.4954792475845251,1011,1
143,6.64760579606453,100.9285181116781,10.046318634787477,0.8073373829863135,-2.336625380220113,1011,2
142,7.7437138397928695,128.9955332188422,11.357620050822364,0.7532869608191732,-3.3416707137940636,1011,3
141,9.315458069456385,193.19893156569282,13.899601849178731,0.6307516052283157,-4.98350236263681,1011,4
140,10.766327232973916,253.99185655212432,15.937121965779276,0.5153753569533168,-4.114814453465598,1011,5
139,11.011628740983044,272.4950213846075,16.50742322061828,0.48060777340550154,-6.681396645607708,1011,6
138,12.143832408431647,316.13624094662055,17.780220497694074,0.3993097338267698,-4.709936658973279,1011,7
129,4.851654747255551,45.50697703936763,6.74588593435789,0.9240836367948175,-0.34786608474430186,1012,1
127,7.656961069801661,127.44388906634123,11.289104883308562,0.7862346477162545,-1.9919071155270254,1012,2
126,9.179649683691206,169.5454757457472,13.020962934658375,0.7164135670309626,-3.6948299999274905,1012,3
125,10.412862314224244,223.9899355510997,14.9662933136799,0.6270575874539204,-4.58745034980774,1012,4
124,12.082926548296406,318.45547508320936,17.845320817603962,0.47285272379574395,-5.0852593644972774,1012,5
123,13.274607393799759,386.7054556157982,19.66482788167235,0.36322004777764394,-10.228400208116547,1012,6
122,15.123858318954218,541.855908412433,23.277798616115593,0.10946963128705456,-7.094429578937468,1012,7
144,4.64244835327069,46.613422725990354,6.827402341007183,0.896323162704291,-1.1918477308419015,1014,1
143,7.8747544788814094,128.67086065058592,11.343317885459523,0.71179679136,-3.206249063665217,1014,2
142,9.231224588944878,190.94918246586647,13.818436324919924,0.570016592500084,-4.275643597186451,1014,3
141,10.670683525978252,250.31361609880602,15.82130260436245,0.43496154612163773,-6.102966656921603,1014,4
140,11.894112933533533,303.99723733104935,17.435516549017105,0.31447381441134625,-5.13005331328937,1014,5
139,11.831995909162563,312.34677346628433,17.6733350974366,0.29642400544397784,-7.09199851193874,1014,6
138,12.925676018431567,355.313241031561,18.849754402420235,0.20109776024499015,-5.576034859470699,1014,7
144,5.822661886198653,81.00866561537947,9.000481410201315,0.9318663099758451,-1.80066734759344,1015,1
143,9.528648521516706,232.9101186416055,15.261393076701927,0.804400093358229,-5.432049491188743,1015,2
142,13.690843970003263,605.5842854885481,24.60862217777639,0.49249936958178264,-9.504210994277202,1015,3
141,14.451633380659928,716.6744395777037,26.77077584937918,0.40104092990006246,-10.566699557270564,1015,4
140,15.214114621707372,671.1675269164979,25.906901144608128,0.44089491595966623,-7.128125064713615,1015,5
139,17.270654505105327,977.6037891157463,31.266656186994897,0.18824695698910865,-14.15879808913032,1015,6
138,18.09179643444393,938.3263354474661,30.632112813964795,0.2240983738323722,-9.844244671904523,1015,7
144,4.752659250050783,48.08467291005274,6.934311278710578,0.8880259395862008,-2.2268137050171695,1016,1
143,8.112917360725936,143.31937826784733,11.97160717146396,0.6637434521153105,-4.7160337796578045,1016,2
142,10.330222991150869,258.8623787690105,16.089200687697648,0.3892579437090635,-6.548823485911732,1016,3
141,11.39043060600335,271.7099718445784,16.483627387337364,0.3573926421596494,-8.28398877678188,1016,4
140,11.912762132712773,310.99846453240053,17.635148554304852,0.26525080472085094,-6.732976731232235,1016,5
139,13.062942870229268,386.31891752064223,19.65499726585181,0.08823244156422727,-7.7692414101936835,1016,6
138,13.27403519982877,388.58155045374514,19.712471951882268,0.08454773945698757,-7.633669851482779,1016,7
144,4.182930479447047,45.34378718360129,6.733779561553919,0.9473973826750077,-1.201731035278903,1017,1
143,7.944756273623113,170.53934417956978,13.059071336797643,0.80201416658916,-4.181186016622957,1017,2
142,12.020981969967695,385.33004827532176,19.6298254774545,0.5525600650041792,-8.650738125116053,1017,3
141,14.582290945323647,597.4558159467443,24.442909318384018,0.307432057130519,-11.019610924078219,1017,4
140,14.380972291742053,546.682913677937,23.381251328317248,0.3681461490256467,-8.199456196171896,1017,5
139,16.3613635344471,714.3282276851675,26.72691953228369,0.1767341026639987,-12.55609190549782,1017,6
138,18.124817165775575,902.8416284829818,30.047323150040867,-0.0366827470394806,-10.499948161235753,1017,7
144,4.003262769016954,38.054795489464794,6.168856902981686,0.9317094342674292,0.7869429927733209,1018,1
143,6.646840024661351,102.80765308881007,10.139410884701837,0.8156058566099522,-2.0366731648678544,1018,2
142,8.566198751960002,197.30552907344224,14.046548653439473,0.6464736586249353,-4.010801227999405,1018,3
141,9.315611301584447,207.23215124018705,14.395560122488707,0.6300530563628934,-5.360128717219576,1018,4
140,11.612842897006443,357.5134376613389,18.908025747320604,0.36374011066485856,-3.9702343361718313,1018,5
139,13.027251152683505,410.54992965584063,20.262031725763354,0.2713006297430557,-8.742086830756648,1018,6
138,14.011525910833608,500.0083789724521,22.360867133732807,0.11521045094365012,-8.045499798180401,1018,7
144,5.418496289187008,106.48668838265822,10.31923875015295,0.9272833639757286,-3.0702323789397874,1019,1
143,9.302801858295094,232.83644554158516,15.258979177572305,0.8414346969229137,-6.158084685152227,1019,2
142,13.396497387281606,591.0702693608199,24.31193676696326,0.5987219058503852,-10.17947625106489,1019,3
141,15.38963372149366,772.0393692966942,27.785596435863926,0.47795088440862854,-12.041899750418697,1019,4
140,17.349776569434574,947.6673472704961,30.784206133510995,0.36189335533349043,-12.705803688934871,1019,5
139,19.318980875632747,1156.9129915510482,34.01342369640328,0.22422975111125187,-16.612544848764543,1019,6
138,19.917127099590026,1127.4469526348448,33.577476865226856,0.24759675796069225,-14.882453042527903,1019,7
144,4.507514178752899,52.15497295346262,7.221839997774986,0.9045989358856348,-2.0918569995297327,1020,1
143,7.829136920142007,138.99256426255607,11.789510772824972,0.7456056399029721,-4.899432790862931,1020,2
142,10.226103482112078,252.89599240216532,15.902703933676351,0.5370756830760018,-6.440776111374439,1020,3
141,11.834947095695117,368.54366127136944,19.197491015009472,0.32784708805859664,-8.399524022501412,1020,4
140,11.72621067592076,342.25429258327097,18.50011601540031,0.3773800466617795,-5.906784204074315,1020,5
139,14.168029606771126,493.22100520840934,22.208579540538143,0.10462642027333868,-8.844421077975266,1020,6
138,14.278589905172154,475.45016958511786,21.804819870503813,0.13904552097901512,-9.07900978171307,1020,7
144,4.650008428841829,68.2158452846441,8.259288424836857,0.9396587239739879,-2.244685287690825,1021,1
143,8.444926261901855,205.39680014044677,14.33167122635901,0.8186235498395876,-5.828455468157788,1021,2
142,12.410370650425763,499.44900066424736,22.348355659069135,0.5599290535398544,-9.19456400501896,1021,3
141,13.686857250565332,540.0469376718852,23.238909993196437,0.5258249329755172,-9.958251486433314,1021,4
140,14.570999618938991,625.5759624645299,25.01151659665063,0.4528372262598013,-9.613953113555908,1021,5
139,16.07758777604686,787.028820198848,28.054033938078284,0.31419818031774915,-11.966484443746882,1021,6
138,16.84804566010185,809.4969756666156,28.45166033233589,0.2977743526982809,-11.660025714100271,1021,7
144,3.749141075130966,31.549013037353934,5.616850811384786,0.9343725246790008,-1.6929125988648996,1022,1
143,7.032534390479535,106.96130859278071,10.342210043930683,0.7769051419458012,-3.834498395869782,1022,2
142,8.594323556188126,163.68579177114003,12.793974822983671,0.6583160393213527,-4.079829825481898,1022,3
141,10.481943795021545,227.20223675023408,15.073229141435954,0.5264467413747725,-5.9587297388847835,1022,4
140,11.40315807546888,285.8432558852889,16.906899653256623,0.4058533524196809,-5.226651389258248,1022,5
139,10.67991387072227,241.4943661164433,15.540088999630706,0.4992649496535595,-5.508030592966422,1022,6
138,12.317472488119982,330.38925021675146,18.176612726708775,0.3177316693936729,-5.8620868394340295,1022,7
144,6.194792560405201,181.75690053951936,13.481724687128104,0.8674385243450251,-4.1626269850465984,1023,1
143,9.208553073289512,357.47697018521615,18.907061384181734,0.740384365849478,-6.037151799335346,1023,2
142,11.296909350744436,509.02335387849047,22.56154591065272,0.6319570581917269,-7.878790779852531,1023,3
141,12.970669805580842,592.0961594133634,24.333026104727775,0.5737041209815668,-8.980183457651883,1023,4
140,14.584148572172438,701.6339193101935,26.48837328546609,0.49717287174091784,-9.853117883205414,1023,5
139,16.733169427020943,933.0245198380534,30.54545006769508,0.33435529196692937,-13.022944815724873,1023,6
138,16.693860040194746,937.0326067174599,30.610988332908494,0.33463851181444093,-9.804076198218524,1023,7
144,5.223575852397415,72.05167664383966,8.48832590348884,0.9290504585827635,-2.0384095191127725,1024,1
143,8.995017086709296,216.67609978131523,14.719921867364487,0.786854472362716,-4.897204520819071,1024,2
142,12.42844165882594,455.46996749514625,21.34174237252306,0.5526888829337979,-8.532613744198436,1024,3
141,14.162248388249823,563.2100185436728,23.732046235916382,0.4483237084636228,-10.674043094012754,1024,4
140,14.621580054078784,612.6357187324288,24.75147912211367,0.402058884387253,-9.259760514327459,1024,5
139,16.948633550739974,830.8839727535092,28.825058070253895,0.1917786590357039,-13.27633572996949,1024,6
138,17.526992405670278,798.1289622185542,28.25117629796243,0.22706154994887284,-11.16913067948991,1024,7
144,2.846059668395254,15.174602809631336,3.895459255290875,0.3478439913799233,-1.4358199271890852,1025,1
143,4.122083618924334,28.374526306560696,5.32677447491075,-0.24272167427508595,-2.3958332405223715,1025,2
142,4.164790301255777,30.79490774257481,5.549315970691776,-0.36878075655199893,-1.5154413908300266,1025,3
141,4.379793745406131,34.023790560454785,5.832991561836412,-0.50842531201607,-2.0120938416068435,1025,4
140,4.437657570838928,36.79736901933702,6.066083499205811,-0.6427697427973984,-2.0141308648245677,1025,5
139,4.353463358158688,36.17683879153216,6.014718513075418,-0.6061023509690104,-1.9760444490172022,1025,6
138,4.9422181447347,44.70774033094205,6.6863846980967265,-0.9732860496623195,-2.603184319924617,1025,7
129,5.713888383188913,68.88710543428796,8.299825626739874,0.8931127582096272,-1.725104084772657,1026,1
127,9.796986320826012,192.4465764433167,13.872511540572482,0.7018886465521443,-4.864495245490487,1026,2
125,11.70611137008667,301.8302202176898,17.37326164592273,0.5325041077995365,-6.140300010681153,1026,3
123,13.721417438693162,372.3126910335723,19.295405956692704,0.4254874148812521,-7.97484230801342,1026,4
121,14.424724505952566,387.41284467938345,19.68280581318079,0.4041015235203449,-6.537868887924951,1026,5
119,16.019754195413668,506.12386843211704,22.497196901661262,0.2249151887444737,-11.497026477541242,1026,6
117,17.769222493864532,615.7902377235047,24.815121150691663,0.06302430385288704,-8.071865450622688,1026,7
129,4.8056937086489775,50.59885886755777,7.11328748663779,0.9269455780586128,-1.9152687806491704,1027,1
127,9.179152694274121,228.57828646962562,15.118805722332224,0.6718584473054303,-6.329260641195643,1027,2
125,10.006706604003906,229.80249203107786,15.159237844663492,0.6722707622664051,-6.471159271240234,1027,3
123,13.06502794831749,437.54990733926326,20.91769364292496,0.3813852927345165,-7.127514879877975,1027,4
121,14.94421727401166,546.5353503230294,23.378095523866556,0.23555097150751814,-7.159680009873445,1027,5
119,16.127669282320166,610.2711519541144,24.703666771435255,0.15469913608336794,-11.384925205166601,1027,6
117,17.082775627445972,687.2948013575182,26.216307927652934,0.05655703061750428,-8.645133758202578,1027,7
144,4.070359744959408,34.36403209479223,5.8620842790591325,0.927669093817501,-1.6097355236609776,1028,1
143,8.185987949371338,127.0426417385981,11.271319432018512,0.7309813601365369,-4.372531837516731,1028,2
142,9.406044100371885,188.91041914614118,13.74446867456655,0.5985921202078446,-5.373280941600531,1028,3
141,11.218466261599927,267.7029186189569,16.361629460996753,0.43098796116011096,-7.130694879707715,1028,4
140,12.4805805512837,315.39946558368774,17.75948945166183,0.3307621690688498,-5.656876570837838,1028,5
139,14.068509504949446,437.22879287728387,20.910016568077697,0.07325188089991852,-8.514265833998756,1028,6
138,13.987327821876692,403.90954143231465,20.097500875290805,0.14629341490136893,-7.327766075514365,1028,7
144,4.258657434748279,39.54891267393949,6.288792624497924,0.9273810084688252,-1.8176441366473834,1029,1
143,8.232670768991216,144.82183289422477,12.034194318450437,0.7328887661826067,-4.6428661429798685,1029,2
142,10.0487953122233,233.9158673602564,15.294308332195229,0.5674470778952475,-6.2162203604066875,1029,3
141,12.164662673963722,326.0468138581634,18.05676642863177,0.3972794942127563,-8.113139495781972,1029,4
140,13.300232650552477,389.4595575039602,19.734729729691264,0.2814553187210418,-6.9507795180593215,1029,5
139,14.273023806029943,468.8100959409108,21.65202290643788,0.13614609532361932,-8.75411942193834,1029,6
138,14.845071619835453,483.0173610436722,21.977655949706563,0.11250810927033528,-6.66833988652713,1029,7
144,3.5216883077389665,21.632797600194596,4.651107137036793,0.9219027300420474,-1.1378250333170097,1031,1
143,6.596325290786637,72.85325601355832,8.53541188306448,0.7348141255095788,-2.641491016307911,1031,2
142,7.941380007166258,120.70153547866178,10.986425054523504,0.5585512166290374,-3.672266699898411,1031,3
141,8.95963038789465,152.0552185947211,12.331067212318693,0.44294440995295237,-4.069305267739804,1031,4
140,10.037057775259019,198.29047804765565,14.081565184582844,0.27428310574607606,-3.5957583708422525,1031,5
139,10.377181444236701,215.33663018712403,14.674352803007158,0.21236726221386115,-5.60058801637279,1031,6
138,10.770623462787572,218.11265857007893,14.768637668047752,0.20473032381143308,-5.120775582133859,1031,7
144,3.954781306700574,25.513668865151093,5.051105707184427,0.830872527069041,-0.34668007782763904,1032,1
143,6.661852616530198,76.26201508896605,8.732812553179304,0.48151216001011987,-0.6502218930037705,1032,2
142,7.702246510646712,100.99662825590511,10.049707869182322,0.3025431154783669,-0.7744638290203792,1032,3
141,8.34704263835934,113.18648370210155,10.63891365234729,0.2139127307664298,-1.0391918953428878,1032,4
140,9.465947089876448,142.7022809068901,11.945805996536613,0.00766157062010242,-1.596659255027771,1032,5
139,9.470360339116707,148.40855643222005,12.182305054143901,-0.03443528877854041,-3.70712368951427,1032,6
138,9.961219191551208,167.84723228278295,12.955586913867814,-0.16706597950431612,-2.801779019659844,1032,7
144,3.5743551018337407,20.249676490005033,4.499964054301437,0.8376130249689613,-1.5181293127437432,1033,1
143,6.152998789207085,60.08098293805607,7.751192355893129,0.5072281285620621,-3.4034474529586474,1033,2
142,7.205760992748637,87.31097223263293,9.344034044920477,0.2741243956530477,-3.877077146315239,1033,3
141,8.055305856339475,112.17841595923976,10.591431251688308,0.06192080673653977,-4.515224236968561,1033,4
140,8.5588720032147,123.97934119523967,11.134601079304083,-0.03850303941752786,-3.5014846852847508,1033,5
139,9.001268867108461,139.6710277700403,11.818249776089534,-0.17222177067465805,-5.04214266907397,1033,6
138,9.31830848991007,149.92983489333514,12.24458390037551,-0.2549087133468342,-4.10370908094489,1033,7
121,4.100588137945853,31.155914672796605,5.5817483526935,0.8602398313722959,-1.424918492470891,1034,1
119,7.165659455692067,88.85740459570194,9.426420561151616,0.6029734583556263,-3.734290251210958,1034,2
117,8.614225018737663,128.54988868023614,11.337984330569352,0.4295908007828858,-4.782406344373002,1034,3
115,10.031610223521357,177.11358697847476,13.308402871061379,0.22007471933898315,-6.358965475662895,1034,4
113,10.522840147524809,183.68163512651884,13.552919800785322,0.1981572112511919,-4.326367270630018,1034,5
111,11.081324439864975,212.0903936432073,14.563323578194893,0.08710362985536924,-5.800510247548421,1034,6
109,11.932661100265083,254.2286780223263,15.944550104105362,-0.07734829930840914,-5.287229058939382,1034,7
142,3.3173781683747197,19.30658457844741,4.393925873117047,0.9186584675368048,0.19367223558291582,1035,1
141,5.838022218528369,57.28692091899641,7.568812384978004,0.7559552561546627,-1.3405705580474636,1035,2
140,6.8642439305782315,83.44312208108913,9.134720689823478,0.6424716694402932,-1.1304953106812068,1035,3
139,8.355376365373461,126.41079557764431,11.243255559563,0.45743056407744775,-2.148040910418943,1035,4
138,9.070297094358914,136.54842445804584,11.685393637274093,0.4144446084037158,-1.1291208768236465,1035,5
137,8.856721862389223,141.00096450814493,11.874382700087821,0.3953742270092312,-3.722222897258118,1035,6
136,10.1384996964651,189.31843051432384,13.759303416754928,0.19058772195171048,-3.0760290657772735,1035,7
144,5.233595280390647,40.635162349091395,6.374571542393371,0.7698831507621321,-0.5419420254313283,1036,1
143,7.8708278353397665,95.05699576044697,9.749717727218925,0.4568758337170057,-0.8234095519239252,1036,2
142,9.351731997350571,143.72654787479,11.98860074715936,0.1781123059060692,-0.8198380581509899,1036,3
141,9.473576169698797,145.22985175132425,12.051134873999388,0.16957166293673698,-0.00807310144106547,1036,4
140,9.832728781870433,155.1540078645377,12.456083167052864,0.11507147111149396,0.7017267503908702,1036,5
139,10.515244928570532,170.8913368481826,13.07254133090359,0.02710066906165509,-0.16580262174494834,1036,6
138,11.11957433970942,184.74633548646207,13.59214241709018,-0.04516628421769786,0.9572629265595174,1036,7
144,4.920354932132694,44.007949015336635,6.6338487332269365,0.723136674799806,-0.5006456114351749,1037,1
143,7.415615915418504,99.77976406030159,9.988982133345798,0.3591719895552231,-1.0039664798683219,1037,2
142,8.660636047242393,121.34220254354953,11.015543678981512,0.21463713784156513,-2.667884502612369,1037,3
141,10.063986105276339,159.2578096936824,12.619738891660255,-0.025871674481707352,-3.482249192312254,1037,4
140,10.989873855454581,187.36391519218287,13.688093921075456,-0.19894354212653242,-0.2686030379363469,1037,5
139,10.653209502748448,180.9719446186912,13.452581336631688,-0.1501302309316137,-3.2472938788022927,1037,6
138,11.084654937619748,200.91949745698477,14.17460748863914,-0.2683108661685847,-2.3415277781693833,1037,7
129,3.8157834320567376,28.486734712965454,5.3372965734504065,0.8888733573490413,-1.736200736705647,1038,1
127,7.0663043607877,93.55713685647329,9.672493828195151,0.6315097988730054,-4.657981651035819,1038,2
125,9.0272292137146,154.06648823233124,12.41235224412888,0.3914980377017563,-6.459372562408447,1038,3
123,10.47621034994358,204.1419737463386,14.287826067892155,0.19756788653381063,-8.211165517326293,1038,4
121,10.883342664103862,224.65141427530418,14.988375971909171,0.12390000989032546,-6.701068314639005,1038,5
119,12.067243003043808,277.78639476715176,16.6669251743431,-0.07840200352945659,-5.481852062610018,1038,6
117,12.693200351845505,299.6375172627351,17.310040937638913,-0.15395149279678244,-7.489148078820644,1038,7
144,3.7548206887311406,22.42211935327844,4.735200033079748,0.7712426925298346,-0.5263325969378153,1039,1
143,5.7799306240948765,57.50324474465079,7.583089393159677,0.4015609056753353,-1.6863215294751255,1039,2
142,6.883494108495578,75.76731553031526,8.704442287149433,0.20302982658254132,-1.3158815494725402,1039,3
141,8.224020994301384,115.8735292409247,10.764456755495129,-0.22462576319474725,-1.6464046764035596,1039,4
140,8.401213216355869,104.38391820355514,10.21684482624431,-0.1050504680926263,0.16913593794618334,1039,5
139,9.319205192353229,131.27765263427384,11.457646033731093,-0.3917463182049348,-0.8968819757159665,1039,6
138,9.069340792255126,125.85401106528195,11.218467411606719,-0.32713287249051914,0.034670470417409706,1039,7
144,3.7004898430572615,20.840812107725704,4.565173831052406,0.8036612100519798,-0.7580962454279264,1040,1
143,5.434398634033603,46.226898319750106,6.799036572908702,0.5585020896817081,-1.0718527177830677,1040,2
142,6.240442105162312,60.85988589814644,7.801274632913934,0.4148814531917372,-0.48334064911788616,1040,3
141,6.8853220914272555,77.02732597553508,8.776521291236927,0.2569401046508447,-1.539114699296072,1040,4
140,7.804027573977198,93.89647489733295,9.690019344528315,0.09304575081133692,-0.46611532952104295,1040,5
139,8.0841921490731,102.78706218858146,10.138395444476481,0.00721823192686033,-2.1943526816882675,1040,6
138,9.893000671829002,139.5580483260287,11.813468937023904,-0.33992730361759027,1.067436985347582,1040,7
114,4.153675555137166,27.85198655999234,5.277498134532341,0.700281665838498,-0.20434480905532837,1041,1
111,6.343301976586248,62.68698470687937,7.917511269766489,0.30959890530768885,-0.5577029757671528,1041,2
108,7.246003946772328,89.05022952707799,9.43664291615816,0.017865473442023383,-0.392183357918704,1041,3
105,7.8873444761548726,106.99129536274357,10.34365966970799,-0.17975733717921716,-1.0191902682894751,1041,4
103,8.374835292401823,107.4961504289583,10.368035032201536,-0.17273533278875441,1.1011392187724993,1041,5
101,10.130789833493752,155.02719272153934,12.450991636072178,-0.6832094051708899,-0.7063160308516852,1041,6
99,8.63925868995262,117.2284240196892,10.827207581813937,-0.27180795484517706,1.3630566061145128,1041,7
144,3.6971352882683277,22.478922813594874,4.741194239175914,0.81556588976229,-0.8954717694885201,1042,1
143,6.139631052950879,62.683799811179945,7.917310137362307,0.47811637914845917,-2.9297809817574243,1042,2
142,7.111879662728645,84.9772661366845,9.21831145799948,0.2876337569272567,-2.6678748449809113,1042,3
141,8.799594119930944,129.323917613082,11.3720674291477,-0.0867166491126008,-3.401504694147313,1042,4
140,8.406682426588876,112.87792796520478,10.624402475678563,0.05248770138413272,-2.3476803949901037,1042,5
139,8.803762518244682,130.45027386025285,11.421482997415566,-0.09441756320109485,-3.865779399871826,1042,6
138,8.968401290368343,135.69496854912614,11.64881833273771,-0.13265629478060292,-2.777640242507492,1042,7
144,6.866620517025392,81.73169886976991,9.040558548550521,0.8163728643438105,-0.9530316909982098,1043,1
143,10.723278499983408,186.95646601221117,13.673202478286173,0.5817480161270869,-2.30258453225756,1043,2
142,13.21097814784923,268.8566803354285,16.39684970765508,0.40202532714286787,-3.3329819230966167,1043,3
141,13.987414803910763,321.61049183063295,17.933501939962337,0.2895311823450367,-4.626418981991761,1043,4
140,14.864916550261634,372.31507303572187,19.295467681186736,0.18335058067921184,-4.131848441702979,1043,5
139,15.075522168934775,365.03808638782544,19.10596991486759,0.20503002417898197,-4.586000771831266,1043,6
138,16.186038298019465,423.17528283820474,20.571224631465302,0.08455808294820222,-4.029429251733034,1043,7
114,6.2666766486669845,60.69656188625753,7.790799823269594,0.6058157428191131,-0.5667297097674587,1045,1
111,8.51918805719496,110.46091725613424,10.510038879858353,0.2542477497821479,-1.240247826318483,1045,2
108,10.368869057408086,155.88269080312173,12.485298987333932,-0.07776710996952008,-1.0885899089000843,1045,3
105,9.515553517568678,142.73262669820647,11.94707607317399,-0.06192074209088183,0.2918980394090925,1045,4
103,9.738336965875718,157.46772225588657,12.548614356011049,-0.15769432497713454,-0.07699023404167694,1045,5
101,10.09223969856111,160.52653645842716,12.669906726508572,-0.16292248132183662,-1.4702050874728967,1045,6
99,10.426947767084295,190.34859370865314,13.796687780357036,-0.36987455645985357,-1.578829697888307,1045,7
144,4.700878717005253,36.57110407734976,6.047404739005796,0.8048287694155113,-0.7267979996071922,1046,1
143,7.249385175171432,83.87927419578487,9.158562889219295,0.5472727141729347,-2.5946338160054667,1046,2
142,8.748453617095947,122.37578182317208,11.062358782066873,0.33585185345222013,-3.43135104045062,1046,3
141,9.482451092266867,150.5833379185148,12.271240276292971,0.18268899136772332,-4.723037007852649,1046,4
140,9.74410943729537,157.81145121458644,12.562302783112116,0.14703208830044368,-2.8383979550429754,1046,5
139,10.114256138424222,178.50522584986498,13.3605847869719,0.038397612946896365,-4.65172966607183,1046,6
138,10.890853432641514,199.63386013073622,14.129184694480294,-0.07060426446481527,-3.1565735720205996,1046,7
117,4.577772524621752,33.44375199140872,5.783057322161757,0.8529477206809873,0.5670053530962039,1047,1
115,8.289204003499902,106.67500036031633,10.328359035215437,0.5383457124552744,2.167833621605583,1047,2
113,9.072769262094413,122.31290645933329,11.059516556311731,0.47813383127777276,0.19724520961795233,1047,3
111,9.71593892681706,148.66577671269803,12.192857610613602,0.37309329148084935,-2.0189278211679547,1047,4
109,10.646409314706785,169.75741456399643,13.029098762539043,0.2894873809274612,2.607049858898198,1047,5
107,15.201218083640125,302.8996512040821,17.404012502985687,-0.2684967408642147,11.442301050524845,1047,6
105,10.849201495306833,219.14653555102842,14.80359873649068,0.07784997207455868,-1.1899403685615175,1047,7
144,7.567019689828157,102.56502997423064,10.127439457939536,0.8136234164111027,-0.8813123938937982,1048,1
143,11.694353968113452,226.43231463999237,15.047668079805335,0.5905298551892446,-2.0098977364026585,1048,2
142,14.067256093025208,318.6409813497714,17.850517677360827,0.4272396088107818,-2.5553402548104946,1048,3
141,15.368735654134277,398.52110653595554,19.962993426236345,0.2885481136472944,-3.0179166920641634,1048,4
140,16.287297001055308,451.76522364050214,21.25476943277678,0.19920201375427005,-3.4874209140028274,1048,5
139,16.1990452550298,435.4240497095961,20.866816952031666,0.23368036276250492,-4.379539724734189,1048,6
138,17.0095019703326,491.5675376380205,22.17132241518355,0.14061772393566618,-3.842391119487044,1048,7
144,5.032099162538846,39.64636622578407,6.296536049748629,0.8292489288891063,-1.359999684823884,1049,1
143,7.584390786144283,89.18418116021212,9.443737668964133,0.6134518472245025,-3.43069172155607,1049,2
142,8.918465093827583,121.45685858835719,11.020746734607288,0.47303578367922294,-4.081590138690572,1049,3
141,9.659169614737761,154.23913546317934,12.419304950889133,0.3332006900229899,-5.109716643678381,1049,4
140,10.154067608288356,168.85259090804186,12.994329182687418,0.27354855808804146,-4.381560185977391,1049,5
139,10.24565726561512,179.9270438507875,13.413688674290436,0.22857709321869424,-5.530282023999331,1049,6
138,12.01932326088781,290.12676300827127,17.03310784937004,-0.23731664917127415,-4.502003498699354,1049,7
129,4.720040337059849,34.65430019782709,5.886790313730148,0.7770820123693085,-0.9640489557916804,1050,1
127,8.05668132417784,94.34594468394553,9.713184065173765,0.3871653415052396,-2.935118454647815,1050,2
125,8.98660036277771,110.32594532453679,10.503615821446289,0.27623497593924695,-2.1901375331878663,1050,3
123,10.039739860751764,138.05622193048143,11.749732845068497,0.08816093669503011,-4.272239177207637,1050,4
121,9.928922365519625,146.31999707766994,12.096280299235378,0.037168240231249206,-3.6615912185227577,1050,5
119,10.477340690228118,174.53107081566742,13.211020808993808,-0.13520130532708619,-5.077067150789149,1050,6
117,10.925254039275341,194.00872205551818,13.928701377210949,-0.24678468842487944,-5.168196710765871,1050,7
144,4.7714174100094375,35.406966892212594,5.9503753572537414,0.6981292281488987,-1.332898256679376,1051,1
143,7.312238031333977,79.14832694536256,8.89653454696617,0.3194436269220051,-2.108462428713178,1051,2
142,8.45564910979338,98.53944255665999,9.926703509053748,0.15209265828622587,-1.0626576727544759,1051,3
141,9.17169119449372,119.35085341055839,10.924781618437889,-0.02557075476638171,-2.4587075828660465,1051,4
140,8.783762518848691,111.34014754441829,10.551784092958796,0.0472842444056194,-1.8909004492419106,1051,5
139,9.277588187361793,123.99300772039908,11.135214758611488,-0.057397514688193096,-2.986302271163721,1051,6
138,9.587635544763096,130.79525937035484,11.436575508881793,-0.10773301768024979,-2.180338700612386,1051,7
144,5.0024089817371635,41.34312873781,6.429862264295402,0.6961795417453752,-0.18959195829100078,1052,1
143,8.136447067444141,96.44448559660545,9.82061533696364,0.2899783666206043,-0.8529860802463718,1052,2
142,9.642240029195664,136.63080983424697,11.688918249104447,-0.0022564677755918527,-0.8704085167444927,1052,3
141,10.034725662664318,149.94743593307305,12.245302606839614,-0.09557856032044221,-1.8136855862664838,1052,4
140,10.238499326791082,152.63867919839413,12.354702715905152,-0.10958150775402942,0.3687386780977249,1052,5
139,10.725760041380958,164.4038151027649,12.822005112413771,-0.19078735277181647,-1.7273376502579065,1052,6
138,10.731884620759798,164.79370358642464,12.837199990123416,-0.18526353641812254,-0.11892928636592368,1052,7
129,5.91848201939995,52.14183049752815,7.2209300299565395,0.7191976283897598,0.16930021859647693,1053,1
127,10.082737347272438,136.14029979705356,11.667917543291672,0.2752219552953309,0.45875037514318634,1053,2
125,11.82903657746315,184.50521222399195,13.583269570467632,0.027415949603689316,1.9578292105197908,1053,3
123,12.113340311176408,197.60974241345434,14.05737324017024,-0.034029496188713315,1.725774237053181,1053,4
121,12.778552856327089,215.94595224047495,14.695099599542527,-0.11416210366817103,2.4736220541079184,1053,5
119,12.304398791629728,201.07965064283152,14.180255662111016,-0.03125685640044895,1.7905456133249427,1053,6
117,13.039702156654153,225.27048944078152,15.009013606522633,-0.1612110715639039,2.23753987518577,1053,7
144,4.784524409307374,35.68367490144922,5.973581413310546,0.6498426375546473,-2.1395053449604244,1054,1
143,7.573306540509204,84.14980471234662,9.173320266530904,0.16757195766743738,-3.49139659388082,1054,2
142,8.529987511500506,105.97938133006338,10.29462876115809,-0.047208699291515055,-2.8004631845044416,1054,3
141,9.08276347572922,125.73573840762354,11.213194834997898,-0.23968620602871038,-4.104847099764127,1054,4
140,8.728446526186806,118.53841338840793,10.8875347709391,-0.16223000864762582,-3.2065943803106034,1054,5
139,10.134716720032177,153.8602647858259,12.404042276041544,-0.5041949906097303,-5.979320666772856,1054,6
138,11.012140331924826,184.53110668046514,13.58422271167788,-0.7947266790977003,-3.1996654747188957,1054,7
144,5.576246459450987,52.07266154919618,7.216138964099581,0.6746209730691864,-2.173728513220946,1055,1
143,9.07239648929009,119.48389050028145,10.930868698336901,0.25048182656999907,-3.6100396084618733,1055,2
142,10.675130120465454,163.99502555901657,12.806054254102493,-0.025650905383118427,-3.261840845497561,1055,3
141,10.937246782559875,179.4676341332231,13.39655306910039,-0.1179929551729999,-4.510152424480898,1055,4
140,10.687763868059431,175.84192815107906,13.260540266183693,-0.08791191177604785,-4.058270536150251,1055,5
139,11.10006546802658,188.8442027205672,13.742059624400092,-0.16376850639199603,-5.181388680025828,1055,6
138,10.667206173357757,179.50701486125354,13.398022796713459,-0.10584649811389246,-4.264560080956722,1055,7
144,5.7327306721773414,56.73294816137934,7.532127731350507,0.6287025557910895,-1.3812278612620301,1056,1
143,9.031441545152997,121.1484234760076,11.0067444540158,0.20341590115864128,-3.3229547413912686,1056,2
142,10.165521578049995,148.2144784177035,12.174336877945489,0.028001489518090228,-2.7742369544338175,1056,3
141,10.404316692487567,164.63043740432957,12.830839310206077,-0.07556225270719596,-3.8489687256779233,1056,4
140,10.067054765565056,163.6242359293723,12.791568939319848,-0.06192111133058975,-3.7748643500464305,1056,5
139,10.568311734165219,171.1755638316122,13.083407959381692,-0.10663966462837249,-4.166770809845959,1056,6
138,10.54568120362102,171.4944162369774,13.095587662910642,-0.10845868585207796,-3.3359070377073428,1056,7
144,4.420134320441219,31.858418338531504,5.644326207664783,0.6703633447529753,-1.4355066364838018,1057,1
143,6.937244808757222,74.91046142393974,8.65508298192107,0.2159484645867099,-2.2803001870642174,1057,2
142,7.964201447829394,96.35320810166358,9.81596699778802,-0.008305888460859112,-0.8730491038779138,1057,3
141,8.696518047481565,115.95961206941932,10.768454488431445,-0.21165760319193572,-2.367577037067278,1057,4
140,8.602027375357492,115.04306646072504,10.725813090890828,-0.1945269225864954,-2.598994139262608,1057,5
139,9.203124137233488,131.2283215024687,11.45549307111958,-0.3620443001040563,-2.3336306767497987,1057,6
138,9.779175229694532,149.36085310895425,12.221327796477526,-0.5407812175947675,-0.35705347337584564,1057,7
135,4.7460041634462495,35.662360795759014,5.971797116091522,0.5207954156603889,-0.7204074311035651,1058,1
134,6.57970689081434,68.21196766688205,8.259053678653629,0.0881385724503736,-1.0076064093789059,1058,2
133,7.085172641546206,80.99551464021562,8.99975080989555,-0.0875380770871772,0.20778403425575198,1058,3
132,8.04115860931801,109.56307050795363,10.467237959841825,-0.48630261043670875,-2.300115634094585,1058,4
131,7.480723709664272,86.19164368596988,9.283945480557815,-0.19187251360027324,1.137006832101873,1058,5
130,8.34539864705159,113.66900905374742,10.661566913627068,-0.5770638446845664,-2.0960916821773234,1058,6
129,7.69250419793665,88.44695791016913,9.404624283307076,-0.2259668002936932,0.06124784190987432,1058,7
129,5.776895819708359,50.870013486038395,7.132321745829922,0.583639866138975,-2.715012421903684,1059,1
127,8.081115184806464,96.62116783603129,9.829606697932084,0.18111496328392385,-4.467880533436152,1059,2
125,8.31268163871765,99.94816846404743,9.9974080873018,0.1321755551022542,-4.101046175003051,1059,3
123,8.837515396800468,120.98320298295309,10.999236472726327,-0.06732530600408504,-4.827625297918552,1059,4
121,8.430407280764303,114.67262907155086,10.708530668189304,-0.026483771020289426,-3.144573045170997,1059,5
119,8.754200532656757,122.11929800055677,11.050760064382755,-0.09914037583985658,-3.6038074032599186,1059,6
117,8.944554843454279,121.18571206253195,11.008438220861848,-0.07958177138100031,-0.8699971131789379,1059,7
144,4.534508555817108,33.159298716727264,5.758411127796214,0.534028606337988,-0.4012496019196179,1061,1
143,6.157043122328245,57.72237812815449,7.597524473679205,0.1687129912923675,-0.9120106676241735,1061,2
142,6.675663355370642,71.02046252430226,8.427363913128604,-0.035984628653979334,0.17933663306101946,1061,3
141,7.354649736103436,82.33689045039048,9.073967734700762,-0.21143332672893123,-0.3172029066593089,1061,4
140,7.551503720240934,87.45236590136106,9.351596970644161,-0.291096158896591,0.9031873683844294,1061,5
139,8.62845992698944,112.21580049207441,10.593195952689369,-0.6630086388604228,-1.2191996788807054,1061,6
138,9.32175689080622,132.79993116667063,11.523885246160283,-0.9604258890366386,2.6856625979374824,1061,7
144,4.777265236712992,38.025167039873594,6.166454981581686,0.6124326060431061,-0.14112721683664453,1062,1
143,6.835425748274877,73.87720869845755,8.595185204430301,0.23720808356363876,-0.20272766835206038,1062,2
142,7.567041881907154,91.20894574207334,9.550337467444454,0.05358287500043535,0.6807135060219698,1062,3
141,7.480221013862191,89.929365516675,9.48310948564209,0.06421093421784918,-0.34434647615074265,1062,4
140,8.711328937326158,109.76693490776456,10.476971647750345,-0.14062664047401308,1.313986074924469,1062,5
139,8.697871286462215,114.10270641873335,10.68188683794831,-0.18413636311263404,0.20247843381848266,1062,6
138,9.226798102907512,125.20290642388152,11.189410459174402,-0.29175666985443205,1.5220900588277457,1062,7
129,4.868921559852685,39.79780255941636,6.30854995695654,0.6062557327697972,0.5382502485037775,1063,1
127,7.25501466489683,81.50468337712735,9.027994427176356,0.1932538771360971,1.2524171878151067,1063,2
125,8.902584962368012,116.61175760501875,10.798692402555911,-0.15185624589447566,3.689762144565582,1063,3
123,9.51935330202909,128.8244781383413,11.35008714232368,-0.27161899304353465,4.826891136847861,1063,4
121,10.15016196680463,145.7343153054405,12.07204685649623,-0.42055036658716527,5.371318311730692,1063,5
119,9.325800764961404,124.88167213722222,11.175046851679067,-0.20697570261620268,3.1014749878594854,1063,6
117,9.975321650505066,142.91103473300333,11.954540339678617,-0.40537343886249366,3.524611573952895,1063,7
144,4.14101076953941,28.637294092976756,5.351382446898816,0.6022471787747292,0.358320914208889,1064,1
143,6.424063607112511,62.19058134905381,7.886100516037937,0.11095060457753958,0.4074094649795052,1064,2
142,7.054713035133523,75.57535308899334,8.6934086001403,-0.09914328490953239,1.5937978734432812,1064,3
141,7.213155935419366,79.84937439362373,8.935847715445005,-0.17533086499820416,0.12685225576373702,1064,4
140,7.574201218145234,90.3619684125641,9.50589124767184,-0.33597439900298043,1.3905765673943928,1064,5
139,7.976017197259038,95.10155128841777,9.75200242454942,-0.4135531524713658,-0.43908659674280837,1064,6
138,8.561870356616767,108.55874518214301,10.419152805393681,-0.6094176295671829,1.406082778521206,1064,7
144,4.250060345563623,29.445567881436673,5.426377049324593,0.6482784093742354,-1.0382083306709926,1065,1
143,5.9013776637457465,54.47602786559169,7.380787753728709,0.33827052232737975,-2.015037098964611,1065,2
142,6.194924200504598,67.93574491059955,8.242314293364428,0.17040026303237055,-1.4086023791575095,1065,3
141,6.521220327269101,72.10056239411425,8.491205002478402,0.1187828122656861,-1.871404933591261,1065,4
140,6.934648285593306,79.50383554038977,8.916492333893961,0.030497523386987746,-0.39172331605638777,1065,5
139,7.37005502028431,89.06050342681873,9.437187262464315,-0.08809874890556535,-1.4196469766630544,1065,6
138,8.37047091525966,103.35185322026977,10.166211350363998,-0.25504036897798255,-0.7787563195047171,1065,7
144,4.80349529037873,39.00228990280431,6.245181334661493,0.622546668586518,-0.5457539951635731,1066,1
143,6.657849533991381,67.56525701599335,8.219808818700916,0.33826867843722985,-1.3825011640995533,1066,2
142,7.300730457398253,88.3059878550554,9.397126574387269,0.13275947185956372,-0.5940194307288653,1066,3
141,7.6978594785463725,94.0482029555315,9.69784527384983,0.07637421773512987,-0.7497435776477165,1066,4
140,8.29185032589095,105.37328410873721,10.265149005676303,-0.03188419050679214,0.9021733982222421,1066,5
139,8.289204127282547,107.53752239893764,10.370030009548557,-0.05220318693822401,0.09403215638167567,1066,6
138,9.035367266639419,125.16616985906373,11.187768761422616,-0.21721393775042896,0.014174649896829025,1066,7
144,4.772905631404784,35.92605607144689,5.993834838519233,0.5895434335959728,0.11086336688862906,1068,1
143,6.477745176195265,62.652421349203784,7.915328252776621,0.27408492997651035,0.2824376700641392,1068,2
142,6.960925544179242,78.19024460072266,8.84252478654839,0.0908897698574479,0.5722112154561869,1068,3
141,7.681636921955762,93.92213472323265,9.691343287864312,-0.0923941767357741,0.9890244649128711,1068,4
140,8.074721158828055,94.95381251206975,9.744424688613984,-0.10128535230817715,2.623350809727396,1068,5
139,8.212813762559307,100.03089073726291,10.00154441760186,-0.15982813751005032,1.5973404702737177,1068,6
138,11.351667371780977,201.47206906162666,14.194085707139669,-1.3218292370197506,4.6107163718645126,1068,7
129,4.819139459798502,38.340816146075774,6.191996135825327,0.6493900684130774,0.5049863850423532,1069,1
127,7.268812559721038,79.81731266724894,8.934053540652695,0.2653973324968466,1.8642678938982056,1069,2
125,8.033622641324998,107.43833881529889,10.365246683764882,0.013190270358908518,2.089323442220688,1069,3
123,8.941256637980299,129.87817340350736,11.396410549094279,-0.18680017598545406,3.995096290499214,1069,4
121,9.724935526690206,142.72569295534473,11.946785883882942,-0.29973759157431923,4.06022934578667,1069,5
119,9.216639716084265,129.29642547032788,11.370858607437166,-0.18021178222683343,2.0553054148409546,1069,6
117,9.982920854519575,146.4026297936559,12.099695442185968,-0.3176709823503523,2.875329989653367,1069,7
129,4.163278426772864,26.496745881066673,5.147498992818423,0.5349212097307543,-0.7342506767243377,1070,1
127,5.139462925317719,41.741527738107166,6.460768355088051,0.19820856918522567,-1.4315978185398373,1070,2
125,5.390056301116943,44.481602019169415,6.669452902537765,0.08044076048548054,-1.0812974681854248,1070,3
123,5.515191421276185,48.6993633523689,6.97849291411612,-0.01462864132655528,-0.6264800695869012,1070,4
121,5.9549452685866475,52.99914442200624,7.280051127705508,-0.1019576713696766,0.5660268828149669,1070,5
119,5.837113365155308,52.51428170338615,7.246673837243273,-0.09881035302049668,0.5931404305606329,1070,6
117,6.2087657442714415,57.45770623239277,7.580086162596885,-0.2135308803886662,1.283762163713447,1070,7
140,5.864518698943513,55.4712864555956,7.44790483663665,0.6899897291855794,-0.6769089584904058,1071,1
139,8.18355954765416,103.61064136432356,10.178931248629375,0.4234016160276549,-0.4544238924122543,1071,2
138,10.683028503604557,192.00192387050453,13.85647588207422,-0.06103881745341755,1.2330678761869236,1071,3
137,11.185723066329956,187.52220500553148,13.693874725786397,-0.030259146846238982,1.78763148732429,1071,4
136,10.730848992572112,165.72400290703706,12.873383506562565,0.0956403874192242,1.9191163427689497,1071,5
135,10.6927644694293,166.36650428389,12.898314009353703,0.09851476724040042,1.7572968235722295,1071,6
134,11.998843612955577,202.87160126743694,14.243300223874977,-0.09270832098206516,4.343605155375466,1071,7
129,5.671014517487944,52.004230916486684,7.211395906236648,0.6098504222555287,-1.9158768155431563,1072,1
127,8.009620669466539,105.64091379154621,10.2781765791188,0.20856896777559109,-2.503757236481417,1072,2
125,8.5991267080307,120.03758414568891,10.956166489502106,0.10878373782918382,-0.6760504388809204,1072,3
123,9.216646684621407,125.15385211875117,11.187218247569463,0.07959752102424045,0.6192529077936963,1072,4
121,9.68754280943516,136.29472900941607,11.67453335296174,0.011170469781437098,1.1570106848212314,1072,5
119,9.61023211529275,137.5334539040788,11.727465792066026,0.014481829169196603,0.9764434995771456,1072,6
117,10.240789232600449,150.64852351846605,12.273896020354174,-0.06523007279656423,1.642813780878344,1072,7
144,3.9831546507775784,28.91465810933216,5.37723517333324,0.6189237990420378,-0.7252893725203143,1073,1
143,5.431400451626811,50.31714621623978,7.093457987204815,0.33955171199875733,-0.7046708368754887,1073,2
142,5.881857747762975,62.06498679718599,7.878133458960059,0.18968266807575584,-1.0188156718939123,1073,3
141,6.35365073731605,63.4405528359235,7.964957805030953,0.1769571028383936,0.019138943219015783,1073,4
140,6.830413429226194,69.95452752300388,8.363882323598526,0.0982202329974996,0.7523177240576063,1073,5
139,6.8251131772994995,70.10349601442135,8.372783050719836,0.10036086461739502,0.554721563840084,1073,6
138,7.321572894635408,81.09030285053741,9.005015427556879,-0.03317892133645328,1.3375716779543005,1073,7
129,4.584603058968404,34.973523887448,5.9138417198508115,0.6436797307869149,-0.487827962452127,1074,1
127,6.217642629240442,64.20943656011676,8.013079093589228,0.34800910772060123,0.08838553832271906,1074,2
125,7.356057798862457,88.29089839084371,9.396323663584802,0.11053545391869068,0.6872372035980224,1074,3
123,7.864621942363134,90.87971888349847,9.533085486006012,0.09272120941409123,0.9913209790621347,1074,4
121,8.879757423107781,106.63501892716498,10.326423336623623,-0.05590229242799083,2.472815472047684,1074,5
119,9.401767890618629,120.61055533920128,10.982283703274163,-0.21492576931145124,4.024621914540019,1074,6
117,9.666025802238375,131.8080539568871,11.48076887481353,-0.41575991454215755,4.1913081918262005,1074,7
144,4.8041739906701775,36.77345621436352,6.064112153841115,0.6289273035530001,-1.148493815627363,1075,1
143,6.415573971671658,67.58070997028383,8.220748747546287,0.3150027513214674,-1.448885290355949,1075,2
142,7.349903796970005,89.54414514203803,9.46277681983666,0.0935745734294604,-1.0281743384163144,1075,3
141,7.898110526673337,94.54460233531785,9.723404873567585,0.04607779539980117,-0.5752890989290061,1075,4
140,8.476773815921375,102.7090928589161,10.13454946501896,-0.031117219803403096,0.7815291483487402,1075,5
139,8.350192026603672,102.4061037181456,10.119590096350029,-0.02431291268690816,0.5840894400457041,1075,6
138,8.68887148991875,113.82723374043009,10.668984663051592,-0.1306430253122195,1.5768012041630952,1075,7
129,5.174638231364331,47.211817323671035,6.871085600083224,0.5834800619048547,-0.2318954095821972,1076,1
127,6.842621236804902,79.08470420164053,8.892958124361124,0.29850581248324604,0.11238228758489054,1076,2
125,7.952235155820847,98.84581480951651,9.942123254592879,0.13061672799350066,0.930265870809555,1076,3
123,8.558510718306875,106.50722728695987,10.320233877532033,0.07405661645694495,1.7556361413098933,1076,4
122,9.136032467005682,117.90051808344248,10.858200499320432,-0.018338497119352537,2.829837879196542,1076,5
121,8.671599259061262,108.6877294388635,10.425340734904712,0.06797246418255476,1.788675384087996,1076,6
120,9.122392930587132,128.22324327499078,11.323570253016086,-0.09305395237376146,2.7191006114085514,1076,7
144,4.754642146122125,39.40836268686034,6.277608038645002,0.6414477141531798,-0.8682920078022612,1077,1
143,6.50846223147599,71.57832481826239,8.460397438552304,0.3439973004861365,-0.9052693151927494,1077,2
142,7.553319084182592,93.58769222137131,9.674073197023647,0.14217436720194343,-1.0572342026821324,1077,3
141,8.221279602946964,102.22714980808817,10.110744275674673,0.06545503945448006,-0.20528155057988268,1077,4
140,8.788170335734529,112.1232502634207,10.588826670761058,-0.019904790913919612,0.3590126835608057,1077,5
139,8.640233258334852,112.36809670424675,10.600381913131562,-0.01847577405027101,0.29665310520062343,1077,6
138,9.419808344348617,131.7936189617796,11.480140197827708,-0.18646246011855694,1.824839539501978,1077,7
144,3.022926982078287,16.554122038060157,4.068675710604147,0.3243673687371732,-1.3245329451229837,1078,1
143,4.147397959982599,27.55794979880226,5.249566629618321,-0.14692764364910849,-2.195126238402787,1078,2
142,4.215988184364749,30.272552624292217,5.50204985658002,-0.2679935567201972,-1.434165573455918,1078,3
141,4.384778032911584,34.34201396559405,5.860205966140955,-0.4339712306796306,-1.8810908270220386,1078,4
140,4.523611531938825,35.51401663550903,5.959363777745828,-0.4838232243215359,-1.292847067969186,1078,5
139,4.553260074244986,35.680219309630054,5.973292166772864,-0.48304943459149485,-1.7964635770097912,1078,6
138,4.811847044074017,41.51127164448423,6.442924153246275,-0.7158805138933817,-2.058648275292438,1078,7
144,3.0787859989537134,16.467151934533135,4.05797387060749,0.24452128650257132,-2.0097069839636483,1079,1
143,4.788198784514741,35.398747040302254,5.949684616876953,-0.6614267239071903,-3.6827598818532237,1079,2
142,4.678006615437252,37.56140733510704,6.128736193956063,-0.7772923429811474,-3.3651204109191895,1079,3
141,4.902111567504017,42.55630879424977,6.523519663053816,-1.0046635318738901,-3.687449746098079,1079,4
140,4.650902135031564,40.82038388403035,6.389083180240366,-0.9163437304943609,-3.1381854466029577,1079,5
139,4.823553572455756,42.96225203293156,6.554559636843009,-1.003910315172666,-3.495495960866805,1079,6
138,5.256361515625663,50.53501568123793,7.108798469589494,-1.3405127991834807,-3.9637019979781,1079,7
144,2.940132740471098,15.460708686946683,3.932010768925574,0.3299516267865398,-1.6169222593307495,1080,1
143,4.130466799635987,28.502366999125407,5.338760811192556,-0.2592675991809963,-2.681664915351601,1080,2
142,4.096372394494607,30.915203929412872,5.5601442363856775,-0.37810756540353685,-2.294967344109441,1080,3
141,4.489311197970776,37.07398161260704,6.08884074455943,-0.6498810526706493,-2.625152865200178,1080,4
140,4.6393076556069515,39.85042760244221,6.312719509248151,-0.7658341460680347,-2.3757371016911097,1080,5
139,4.5192402215312715,37.86088755161039,6.153120147665767,-0.6672500449519876,-2.3800147488820467,1080,6
138,5.126526013664577,47.43241655952891,6.887119612692153,-1.0774344828969626,-2.7818042817323105,1080,7
144,4.808882807277971,40.57593665324306,6.369924383636203,0.6204587257166199,-0.7021462863518132,1082,1
143,6.8473848133654025,75.63487890445798,8.696831543985313,0.2862507779939233,-0.543217234261386,1082,2
142,7.636107971130962,95.53009492676495,9.77394981196266,0.09733024478799612,-0.2085225456197497,1082,3
141,8.618860542351472,125.52227606021741,11.203672436313791,-0.18161003644232165,1.5171085773630346,1082,4
140,9.208532684189933,132.71577948264758,11.520233482123857,-0.24214405548441698,1.3022994424615588,1082,5
139,9.257510261141139,124.69953953530481,11.166894802732978,-0.16350368959981054,1.6524085119473848,1082,6
138,9.17527350049088,128.26619461257692,11.325466639948083,-0.1919896850226257,0.14874339708383533,1082,7
144,2.8402385757201247,15.330332756223864,3.915396883615231,0.08260808464018221,-1.2473138367964163,1083,1
143,4.224676585697628,30.93772936905228,5.562169484027998,-0.8938023884167592,-2.279778387163069,1083,2
142,3.9818080823186417,28.842160946921172,5.370489823742447,-0.7879523544364087,-2.27630533718727,1083,3
141,3.829339237077862,24.710600032362102,4.970975762600548,-0.5222061506083251,-1.574944871537229,1083,4
140,4.033944203172411,28.602004049813008,5.348084147600242,-0.749888850017046,-1.1984375970704215,1083,5
139,4.009278262261864,27.97845983349126,5.289466876112494,-0.6998829174348367,-1.4302300266224703,1083,6
138,4.312165966932325,32.96278077651821,5.741322215005722,-0.9883841696709934,-1.6209308012672092,1083,7
144,3.088410875035657,17.513862693020023,4.184956713398601,0.3349316789330059,-1.177919463151031,1084,1
143,3.82812301679091,24.73234610338126,4.973162585657266,0.046365967787442175,-1.4313505862976288,1084,2
142,3.978354875470551,25.73255413686778,5.072726499316495,0.007155943886921867,-0.9501458775829261,1084,3
141,4.267544440343871,29.178992186454952,5.401758249538288,-0.12076079298775233,-1.1160617956878445,1084,4
140,4.183432845558439,27.54917351807967,5.2487306577952415,-0.06106672636833599,-0.65914369395801,1084,5
139,4.424396458289606,30.544378568587916,5.5266968949443855,-0.17645211347960799,-1.266610460315677,1084,6
138,4.322466908157736,32.30912679072243,5.684111785558271,-0.23573073588595594,-1.3780942230984785,1084,7
144,2.960504202379121,15.91485085603089,3.989342158305162,0.2675917978595237,-0.890502918097708,1085,1
143,3.9911621250472704,26.85784849316356,5.182455836103532,-0.258392214994315,-1.5947514930805127,1085,2
142,3.9425032558575483,24.643056586645226,4.964177332312498,-0.17012044403441484,-0.4300940322204375,1085,3
141,4.035201688184806,24.94501908039392,4.994498881809257,-0.17820673301226053,0.21125369376324593,1085,4
140,4.31113508939743,28.90142252815895,5.376004327393994,-0.3568246420198016,-0.01808957883289882,1085,5
139,4.08943193421947,26.44844864495647,5.1428055227625,-0.23293228222189333,-0.6818372054065732,1085,6
138,4.455411520557127,31.768735856033068,5.6363761279773605,-0.47647553744736815,-0.5125480251035829,1085,7
144,2.8618657704856663,15.93454104443331,3.991809244494695,-0.00721605456421992,-1.5731149034367666,1086,1
143,3.944588976306515,26.644384257314343,5.16181985905304,-0.7029931327808663,-2.4674270219736165,1086,2
142,3.6830435009069844,24.89570851830088,4.989559952370637,-0.610090626418837,-1.453336886117156,1086,3
141,4.225472511129176,32.03617717070243,5.66005098658152,-1.082774446221539,-2.2260439750996044,1086,4
140,4.831991769586291,38.44449513073138,6.200362499945578,-1.4884718810775506,-1.9139610069138664,1086,5
139,4.686859741485376,38.186901244726734,6.179555100873099,-1.454226614901636,-2.7269685011115863,1086,6
138,4.831889807314113,41.71108423959799,6.458411897641555,-1.6657600625868239,-2.941649531972581,1086,7
144,2.7664525848295956,15.30385795042125,3.912014564188284,0.12045845537986144,-1.3175516252716382,1087,1
143,3.403235642226426,22.012257358446483,4.691722216675502,-0.27769634416197264,-1.7404910067578296,1087,2
142,3.3957927562821077,22.301643438252707,4.722461586741888,-0.2978644772504424,-1.6308371584180374,1087,3
141,3.491383838315382,23.815421059626185,4.8801046156436225,-0.389075075586929,-1.9047327498172193,1087,4
140,3.68819352047784,25.252580065859352,5.025194530150983,-0.48407347510466425,-1.4209606664521353,1087,5
139,3.467061910697882,21.956049945051806,4.685728325997124,-0.28614557544227326,-1.3846416267559682,1087,6
138,3.8113484417182812,27.587208382566534,5.252352652151846,-0.6089917523801129,-1.701226628344992,1087,7
114,3.044721061723274,18.946801106542583,4.352792334415069,0.07385019524168879,-1.4313760169765406,1088,1
111,4.381051675693409,29.988397294147468,5.476166295333576,-0.5618737208821738,-2.880458842526685,1088,2
108,4.246559367135719,29.876713191368456,5.465959494120722,-0.62700422370302,-2.1492227437319578,1088,3
105,4.816452603113084,35.326133304863774,5.943579166198073,-1.103649173173069,-1.1318160011654808,1088,4
102,4.517203077381732,32.12895116046528,5.668240570094505,-0.9814613586617789,-1.144185067391863,1088,5
99,4.590655161876871,34.63639901255076,5.885269663537157,-1.2161588828863565,-1.7978594411503186,1088,6
96,4.4034036720792455,33.29909697896322,5.770536974923843,-1.078587008393174,-1.7589249437053998,1088,7
144,3.3790229145023556,19.44750545336606,4.409932590569391,0.3368398533397178,-1.7004743831025229,1089,1
143,4.536492692840683,34.657818637510374,5.887089148085867,-0.19801540696247355,-2.5852017652738346,1089,2
142,4.61559707010296,38.61460439763532,6.214065046138101,-0.35295538224059464,-2.0206812435472514,1089,3
141,4.951500505420333,43.74369485684207,6.613901636465579,-0.5285035162028282,-2.2221497762287763,1089,4
140,5.064417386054993,46.447705317972265,6.815255337694419,-0.6318450803350188,-2.1746084111077444,1089,5
139,4.85595411533932,43.58722737899313,6.602062358005499,-0.5225097518330004,-2.1371387440523657,1089,6
138,5.517218731451726,53.15375394424554,7.290662106026142,-0.856168945083623,-2.5451873661815254,1089,7
144,4.8302931348896685,40.581236516783655,6.370340376838874,0.6945539666369291,0.0617981335769097,1090,1
143,7.439412958555288,82.84931328700267,9.102159814406836,0.3722487211265455,0.7970174159203376,1090,2
142,8.521405146785185,110.02611240073891,10.489333267693372,0.1657796109913744,0.507509095777928,1090,3
141,8.687150882173936,112.86794475956881,10.623932640955928,0.145086404765304,0.8728573866558413,1090,4
140,9.664444210699626,131.01242488112837,11.44606591284221,0.011450554743211994,1.9468997044222696,1090,5
139,9.398321987913667,124.5049062690768,11.158176655219114,0.06365644090009115,0.48269114477171315,1090,6
138,9.717832443506822,137.90437294243046,11.743269261258998,-0.03051539084200683,1.629409442777219,1090,7
129,3.834468504717184,24.199637749650773,4.919312731434217,0.39719082607804457,-1.838762761548508,1091,1
127,5.468893769219166,45.02976161524651,6.710421865668843,-0.14575262037008385,-2.9929773347584283,1091,2
125,5.681722232818603,49.76949455325605,7.054749786722138,-0.2714719452301204,-2.712107280731201,1091,3
123,5.846703727070878,52.23765119809779,7.2275619124361565,-0.32997172935442576,-1.8810951263923956,1091,4
121,5.8796824630626965,53.18482281248825,7.292792524985765,-0.3417323185608694,-2.733475969842643,1091,5
119,6.190103875488794,58.264098036002125,7.6330922984071226,-0.45077997235586476,-2.8175291894864634,1091,6
117,6.410305551993541,62.98569433703989,7.936352709969479,-0.5611383707910373,-2.1643703136688623,1091,7
144,2.63146330581771,11.372942072870938,3.372379289592281,0.42788464879486,0.44714539912011886,3901,1
143,3.4933010348073252,19.10333233443793,4.37073590307604,0.01690557133057491,1.0587551043583796,3901,2
142,4.051689752390687,23.67552182957096,4.865749873305343,-0.2569780689251946,1.4441830541046572,3901,3
141,4.160552085714137,24.108783460589724,4.910069598344785,-0.27857438216736097,1.4555209139560132,3901,4
140,4.4818429810660225,27.011774027603067,5.197285255554391,-0.44648465040545515,1.6235173497881208,3901,5
139,4.286481781829175,25.579140723758808,5.0575824979686494,-0.37335000367096005,1.617836375888303,3901,6
138,4.814664184183314,31.24930513753298,5.590107793015532,-0.6773437545170531,1.913700704989226,3901,7
129,3.028506824212481,15.03920576563538,3.878041485806383,0.20876187515301714,-0.6452797826870468,3902,1
127,3.4832015129055565,19.18461758563775,4.380024838472694,-0.014880116915044539,-0.08537598083338399,3902,2
125,3.738772509098053,21.93758931820368,4.683758033695131,-0.15897936875713947,-0.26316540575027464,3902,3
123,3.692075077111159,20.204223898181848,4.4949108887921065,-0.06429180228455156,0.13840161784877622,3902,4
121,4.014092941914708,23.221418932368948,4.8188607504646725,-0.23466067482009545,-0.12277719107541171,3902,5
119,3.788690856023997,21.39620486170498,4.625603188958709,-0.14349092747567993,-0.0718847678489044,3902,6
117,4.225580777367975,26.169488472712978,5.115612228532669,-0.375425354814344,0.9108585002075913,3902,7
129,2.8790948039801547,14.198559142279601,3.768097549464398,0.24730215422199076,0.43536603912826655,3903,1
127,3.614723971509558,20.257536617592717,4.50083732405346,-0.07664755082023977,1.037168142363781,3903,2
125,4.224871810913086,26.242906750005133,5.1227831058912825,-0.3898461525096739,1.9695321044921874,3903,3
123,4.360886170612118,26.81759901405364,5.178571136332264,-0.41165682883164645,2.189241261986213,3903,4
121,4.530730452419313,27.92394952027201,5.284311641100666,-0.47682155245164326,1.9791169994133564,3903,5
119,4.39573022698154,27.152758819734913,5.2108309145216865,-0.4423051321307394,1.9509452611458402,3903,6
117,4.748426779722556,31.66825152819923,5.627455155592022,-0.6548190155575278,2.490536143637111,3903,7
144,2.898380696773529,14.035971630371952,3.746461214315711,0.31264381807553243,0.3827579485045539,3904,1
143,3.734264040326739,21.577473464851604,4.645155913944289,-0.06795433031651288,0.8592981858686968,3904,2
142,4.494771373104042,29.14393678117169,5.398512460036717,-0.43958590025860445,1.8939244377780968,3904,3
141,4.808232233033958,30.98797188102662,5.566684101062914,-0.5200403512711593,2.1323204446346202,3904,4
140,4.826078196934291,31.769878785668894,5.6364775157600775,-0.548236391224993,1.785213702065604,3904,5
139,4.874481070813515,32.99403509566126,5.744043444792289,-0.6005929593089858,2.0369167396490524,3904,6
138,5.121434681657432,37.13129014027797,6.093544956778277,-0.7942554528066306,2.267286107160043,3904,7
129,2.6635052977606306,11.429602166335199,3.380769463648061,0.4123409844895505,-0.059153361375941786,3905,1
127,3.2188566885595247,16.800300585572035,4.098816973905036,0.12473902186275243,-0.030300190129618005,3905,2
125,3.776279143333435,22.053460613903646,4.696111222480111,-0.17556115130181138,-0.6062376232147216,3905,3
123,3.5898431636453645,20.617069099570532,4.540602283791274,-0.10044303040358771,-0.4692026241038873,3905,4
121,4.436963302044829,26.35982477955098,5.134181997119987,-0.4525981303462703,1.7522814017682036,3905,5
119,4.2712775799406675,24.933865297677578,4.993382150174126,-0.38435764437475295,1.6676411668793494,3905,6
117,4.712558624071953,29.37131569694637,5.419530948056886,-0.627567717920472,2.088213023976383,3905,7
129,2.6822585283323774,11.659031221629485,3.4145323576779125,0.4220175539141242,0.4872037273968837,3906,1
127,3.507134756704015,18.95071190864994,4.353241540352423,0.04474965697701516,1.2527664627615862,3906,2
125,4.191735282897949,24.920347676977407,4.992028413077935,-0.2918276878332273,1.7406721725463867,3906,3
123,4.306735852869545,25.137120637869604,5.013693313104582,-0.3087234407171331,1.7715562649858676,3906,4
121,4.4527246301824395,26.56120213968509,5.153756119538942,-0.42488643849439733,1.7011514774038772,3906,5
119,4.330640568452723,25.960572467239974,5.095151859095073,-0.4063206573901845,1.6792938809434907,3906,6
117,4.7839447820288505,30.43207506621138,5.51652744633899,-0.64143599278357,2.085955717624762,3906,7
129,2.7294023954129036,12.05005489134676,3.471318897961805,0.35617880338192076,-0.020445681588594302,3907,1
127,3.397004442890798,17.76002190513288,4.214264100069297,0.042496063452301946,1.0528311466607523,3907,2
125,4.130198532104492,24.270559682443867,4.926515978096881,-0.3243869302650475,1.720499038696289,3907,3
123,4.226016633878879,23.7416967137021,4.872545198733625,-0.29570178093012167,1.7996463387962278,3907,4
121,4.418430060394539,26.21746650776384,5.120299454891661,-0.47519259952477055,1.7974433426029426,3907,5
119,4.225937242267513,24.70776672807455,4.9706907697094325,-0.39675891823008036,1.7265677251735656,3907,6
117,4.645073540190346,29.365862749511212,5.419027841736118,-0.6456013694662182,2.2056927640213924,3907,7
114,2.791315898560641,12.452079919769586,3.5287504757023536,0.41674045427961914,0.20729014748021177,3908,1
111,3.327053791767842,17.48848537025084,4.181923644717923,0.1521719867635032,0.5881423950195312,3908,2
108,4.003619308824892,23.45979650231504,4.843531408209824,-0.172935204380956,1.1802302554801658,3908,3
105,4.177578998747326,24.23574926277287,4.9229817451187925,-0.19272611462820755,1.4231994356427873,3908,4
102,4.411950962216246,26.164972774057887,5.115170845050817,-0.29473623618246636,1.359700829375024,3908,5
99,4.038004287565597,22.714982176060303,4.766023728021117,-0.19030012831094445,1.2948863482234454,3908,6
97,4.4821371688056235,27.467610973713086,5.240955158529129,-0.4883387923138527,1.8007945817770417,3908,7
129,2.7267578775568526,11.959019949920426,3.4581815958564737,0.34837091075394155,0.4586960992147756,3909,1
127,3.4305183005145214,18.22689091844866,4.269296302489282,-0.00167710733950166,1.177343886668288,3909,2
125,4.191945472717285,24.45957001569971,4.945661736886148,-0.35961075090973327,1.9061112747192384,3909,3
123,4.226757933453816,24.09390267914539,4.908554031397168,-0.33889917484264376,1.9989987350091702,3909,4
121,4.316807573491877,25.155327971626374,5.0155087450453495,-0.4414496035338278,1.759840476611429,3909,5
119,4.225546460191743,24.863725633001998,4.986353941809787,-0.43231921744441837,1.7784390489594275,3909,6
117,4.596757481240819,28.51241613269005,5.3397018767614775,-0.6268414046517781,2.1985431573329826,3909,7
123,2.7187730742663874,12.32733225944006,3.5110300852371035,0.32469492076120654,0.3642649921944471,3910,1
121,3.3507997181789935,18.016809308853475,4.244621220892799,-0.011477558170169377,0.9608377503954675,3910,2
119,3.961832423170074,21.886028418101244,4.678250572393621,-0.3170911126536107,1.6642404524218135,3910,3
117,3.939533730857393,21.682015170465053,4.656395083158758,-0.31693444528334314,1.8825723452445788,3910,4
115,4.367090888645338,25.874118378658117,5.086660827955616,-0.6086969553747013,1.9809271770974863,3910,5
113,4.141590970807371,24.406717027390695,4.940315478528744,-0.5221289381536904,1.8292060868929974,3910,6
111,4.612651223534936,29.697136457851343,5.449507909697108,-0.8300959538965986,2.3082975267289996,3910,7
129,3.3553399670031645,18.377280950126544,4.286873097040143,0.3595844403418722,0.16234479209249333,3911,1
127,4.061855999503549,25.947366282488904,5.0938557382879335,0.08185891013424318,0.630088783624604,3911,2
125,4.907855964660644,35.192573875323234,5.932332920135487,-0.2450304820698892,1.0721756057739258,3911,3
123,5.12196696676859,37.733460394799174,6.1427567422777845,-0.3480163334411852,1.259049074436591,3911,4
121,5.083605253992002,35.94486099539614,5.995403322162416,-0.3024228361516368,0.8182011596427476,3911,5
119,5.240538701289842,39.175320823443045,6.259019158258189,-0.4220283932945692,1.0823145473704618,3911,6
117,5.358868077269986,42.3554115851363,6.5081035321463885,-0.5123542491786346,1.3760790947156074,3911,7
129,3.5608476594437,22.038016440912894,4.694466576823494,0.35908574299290563,0.06718682873156644,3912,1
127,4.322582980779212,29.713670130646793,5.4510246862995215,0.11733375427939163,0.5152778775673214,3912,2
125,5.236664619445801,41.23189439027462,6.421206614825178,-0.2269408724346782,0.9584987411499023,3912,3
123,5.621006198045684,46.25591607266822,6.801170198772283,-0.390807992739161,1.0917635351661745,3912,4
121,5.468271586520613,43.7228097323236,6.612322567171357,-0.32950049890925537,0.5691073551650875,3912,5
119,5.587897541142311,46.07799437488193,6.7880773695415355,-0.4017265902093019,0.9808944493782621,3912,6
117,5.608545229985164,48.77295329287111,6.983763547892433,-0.4588525162121553,1.180979386354104,3912,7
144,3.1803742249806723,16.222768932282165,4.027749859696126,0.33522713163163276,0.3006122907002767,3913,1
143,3.9251664435113227,24.01397822826977,4.900405924846408,0.004374780945256895,0.7249319836809919,3913,2
142,4.671696891247387,31.077248320446095,5.574697150558593,-0.28906665534538956,1.448236666934591,3913,3
141,4.747170110120841,31.481283653021723,5.610818447697423,-0.296633277031771,1.5548611837075956,3913,4
140,4.957589517320906,33.13442769792529,5.75625118440164,-0.359196993373216,1.333760220663888,3913,5
139,5.148050205313044,36.06463596740642,6.005383915072076,-0.47086667821117056,1.6296193719767837,3913,6
138,5.376804220503655,40.84253836645138,6.390816721394174,-0.6551209397315341,1.9260521833447442,3913,7
114,3.3612672571550335,18.761051984149994,4.331403004125798,0.3588704158698117,0.0029432899073550574,3914,1
111,4.131412514695176,27.113050371134936,5.2070193365432145,0.04454116961627019,0.2757291793823242,3914,2
108,4.873394533439919,36.110657062115585,6.009214346494522,-0.2843066059484627,0.9374346821396439,3914,3
105,5.134484954107375,38.139089476023514,6.1756853446418,-0.3766196570219822,0.9721470605759394,3914,4
102,5.117468946120319,36.97800265898663,6.0809540911757125,-0.3563306777199189,0.4321977016972561,3914,5
99,5.2218897944749,38.64322136974057,6.216367216448894,-0.4188713230013612,0.7257854866259026,3914,6
96,5.305975119272868,42.56148897246925,6.523916689571476,-0.530783352059593,0.8991411328315735,3914,7
114,2.767291780103717,12.869487477947388,3.5874067901406703,0.2779621602894067,0.3220213254292806,3915,1
111,3.358866193273046,18.393561149512827,4.2887715198542375,-0.05527105519975528,0.9537456185968073,3915,2
108,4.347197267744276,26.54039465713472,5.1517370524061805,-0.5306672715594936,1.9011054039001465,3915,3
105,4.420381119137718,26.137747881214896,5.112508961480155,-0.47796411109575954,2.1731909524826776,3915,4
102,4.656528613146613,29.134600987893453,5.397647727287643,-0.6550889042614609,2.145095610151104,3915,5
99,4.327948724380647,25.806155659729566,5.079975950703858,-0.4710071693618585,1.9051366189513543,3915,6
96,5.005356589953105,33.989713601982714,5.8300697767679175,-0.9498404345132316,2.4643256862958274,3915,7
144,2.6631503303845725,11.727506338128952,3.4245446906309973,0.3963687256823789,0.3745257390869988,3916,1
143,3.4190100689867995,18.447442122280933,4.295048558780324,0.029692662553636118,0.8779011973134287,3916,2
142,4.100388714964961,23.93882939867016,4.8927323040066435,-0.297069696804956,1.550896725184481,3916,3
141,4.201161141091204,23.9483502060115,4.8937051613283264,-0.2931979866683465,1.6841864552058228,3916,4
140,4.544869647707258,27.37599675470008,5.232207636810688,-0.4908368899080411,1.7913577147892543,3916,5
139,4.326342953194817,25.692884726869895,5.068814923319838,-0.39976188136631685,1.8129902915131273,3916,6
138,4.876176018645798,31.874073648344456,5.645712855640504,-0.7348395563768764,2.0509371135545815,3916,7
129,2.302588411079821,9.454269228376633,3.0747795414267727,0.4965428505320195,-0.3547248285870219,3917,1
127,3.344412225437915,17.454862879164274,4.177901731630876,0.045903469286016296,1.1373771757591429,3917,2
125,4.010853904724121,23.39338894776657,4.836671267283582,-0.3126222099395586,1.5438355331420899,3917,3
123,4.09813145118031,23.617171971411278,4.859750196400148,-0.3440879970409185,1.538275517099272,3917,4
121,4.391836962424034,26.003988643258023,5.099410617243724,-0.5198128057763496,1.6343547017121118,3917,5
119,4.227483084221848,24.980508712502257,4.9980504911917665,-0.48438458445589205,1.5474870265031062,3917,6
117,4.719254966475006,30.201210997959265,5.495562846329689,-0.7715603493421717,2.0158361532749276,3917,7
129,2.694454335889151,11.980086322476664,3.4612261299251545,0.32713477345631514,-0.3073543675186098,3918,1
127,3.167772550282516,16.292552519918868,4.036403413921714,0.0694227597023741,-0.018474715901172067,3918,2
125,4.219440307617187,25.28301105504451,5.028221460421618,-0.46840030270973676,2.145358856201172,3918,3
123,4.2477791561343805,24.420983899242362,4.941759190737885,-0.42581777098092966,2.111554037264692,3918,4
121,4.462383924436963,26.84118593534505,5.180847993846668,-0.6050992347085697,2.046380468636505,3918,5
119,4.391394342694964,26.51690218728047,5.149456494357484,-0.6019550374313483,2.146604770371894,3918,6
117,4.765758889353173,31.20933382732218,5.586531466600916,-0.865498778566065,2.4574957138452773,3918,7
144,2.5387608408927917,10.509195774030438,3.2417889774059074,0.3533945418319736,0.4026525086826748,3919,1
143,3.2634482550454305,16.61665945941035,4.076353696554109,-0.04540094151422691,0.9591458527358262,3919,2
142,3.867518579456168,21.46024415561955,4.632520281188151,-0.3749504003826023,1.8067513250968825,3919,3
141,3.943073441796269,21.520142282838865,4.638980737493837,-0.37007087917255377,1.8771872216082635,3919,4
140,4.391236809321812,26.026981700466486,5.101664600938255,-0.6607407143258284,2.0327660424368723,3919,5
139,4.13062041440456,24.04707040451426,4.903781235385023,-0.5242226120186952,2.15944235959499,3919,6
138,4.794715321582297,31.461769741931327,5.609079224073353,-0.9847346113070605,2.376489342122838,3919,7
119,2.8301547475221778,13.257169024684583,3.641039552749267,0.35976843031454464,0.37751626567680296,3920,1
117,3.5294798174474993,19.628743681037097,4.430433802804991,0.03889253161053241,0.9513270549285107,3920,2
115,4.2523902312569,27.376456794917747,5.232251598969391,-0.3468157097869169,1.8593935178673786,3920,3
113,4.3632622946680115,27.072773549504625,5.203150348539299,-0.3442614801213102,1.9863773278430499,3920,4
111,4.634398477571505,28.66907424402707,5.354350963844924,-0.446061458767004,2.004632030521427,3920,5
109,4.571649358906877,28.61456233692349,5.349258110890097,-0.4642292010942155,2.055407007899853,3920,6
107,5.057527096472054,34.19739573635797,5.847853942803118,-0.7325250966602213,2.5213156013845284,3920,7
144,3.2955557770199246,17.80983965364972,4.220170571629744,0.3526325623344527,0.20456686284806994,3921,1
143,4.091471632043798,25.97165788504384,5.0962395827751115,0.04355111109086163,0.4898070822228919,3921,2
142,4.843759550175196,33.91661962931812,5.823797698179266,-0.24744071607564955,1.177963377724231,3921,3
141,5.223657161631483,37.19269415110096,6.0985813228242645,-0.35854476944524905,1.4527128233131787,3921,4
140,5.227689279828753,36.807147156942094,6.066889413607446,-0.33657334636449976,1.1546743665422712,3921,5
139,5.350218175984115,39.447364680253045,6.280713707872144,-0.42310060248518777,1.4699912174142522,3921,6
138,5.552396318186885,44.027084780804635,6.6352908587947095,-0.5784908540304285,1.5419328247291455,3921,7
129,2.3289686173431634,9.193902741197851,3.032144907684633,0.39614751647696145,0.47288225602733996,3922,1
127,3.2187556582173023,16.04965629766928,4.006202228753471,-0.07562922385499715,1.2431194538206567,3922,2
125,3.8832195434570314,21.48349417093229,4.635029036687072,-0.4794214815315345,1.9351134033203126,3922,3
123,4.014059594007042,22.445263126764836,4.737643203826649,-0.558627866637796,2.0820514709968876,3922,4
121,4.422804840340102,26.625345503996236,5.159975339475591,-0.8943505230456212,2.268570103921181,3922,5
119,4.05959695928237,22.998150964183885,4.79563874412824,-0.658796757855046,2.1277640767458106,3922,6
117,4.643137728047167,29.6765692357762,5.447620511358716,-1.110311735966007,2.5915455451378455,3922,7
129,2.727238662483156,12.02919878897809,3.468313536717534,0.38907365283477446,0.4204850751300191,3923,1
127,3.3986659613181285,18.119514158494887,4.256702263313103,0.06637829074725266,1.0314490400900052,3923,2
125,4.18519367980957,24.928104042038118,4.992805227729009,-0.31421064245891994,1.8193113250732422,3923,3
123,4.317026874883388,24.945712071259482,4.9945682567424665,-0.3187337682153961,1.9630025305399081,3923,4
121,4.578209727263648,27.818292978002493,5.274304975824065,-0.5119647859306737,1.8878650507651085,3923,5
119,4.443427037792046,26.713339341263357,5.168494881613346,-0.46347464615562517,1.8822140333031405,3923,6
117,4.822019707443368,30.818843871510385,5.551472225591189,-0.6791560282919233,2.249534900371845,3923,7
144,2.367613544066747,9.324323089745224,3.0535754599723295,0.444896447322646,0.4090612365139855,3924,1
143,3.290897646150389,16.569391272139306,4.07055171593966,-0.012060523168732962,0.9399300388522915,3924,2
142,3.8571232540506712,21.58342498322286,4.645796485342729,-0.3605278239866172,1.6843882547297948,3924,3
141,4.017975184934359,22.277402319025484,4.719894312272838,-0.40153441370212684,1.799899737040202,3924,4
140,4.401105730874198,26.16777537183559,5.1154447872922635,-0.6568012707547091,1.9392262731279646,3924,5
139,4.173715605152597,23.645492056451737,4.862663062196654,-0.49968769874264507,1.9018530262459954,3924,6
138,4.756793865259143,30.876541824062915,5.556666430879481,-0.9481413484619292,2.2362544847571333,3924,7
129,2.2934721939323484,9.11849409359897,3.01968443609576,0.42959956462256677,0.5396323610645856,3925,1
127,3.2826252584382307,16.66689512444233,4.082510884791653,-0.06603698350054854,1.2278252248688946,3925,2
125,3.9833488998413085,22.76194849861104,4.770948385657829,-0.4994538745725867,2.053150703430176,3925,3
123,4.215234965812869,24.013790211067693,4.900386740969298,-0.6022192084583347,2.2451728805293882,3925,4
121,4.385915480369379,26.005633415607694,5.099571885522126,-0.7782442954034647,2.1492807136094276,3925,5
119,4.136390373486431,23.303169020693705,4.827335602658438,-0.6211852299599152,2.0722378241915664,3925,6
117,4.654167754018409,29.72310810060458,5.451890323603784,-1.0371727846649295,2.559634681440826,3925,7
144,2.8975852926572165,13.626570331616607,3.691418471484452,0.3173749188874273,0.29071609841452706,3926,1
143,3.6281095984932428,20.563656971823445,4.5347168568526355,-0.04214355977758455,0.728635007684881,3926,2
142,4.257012353816503,26.39713576972195,5.137814298874761,-0.3446689113125072,1.5962931270330725,3926,3
141,4.431015765413325,27.10672850673396,5.206412249018892,-0.3710994058697792,1.8514385967389912,3926,4
140,4.709672314780099,29.868736976371306,5.465229819172412,-0.5121424389499396,1.7055153846740723,3926,5
139,4.597638891755248,29.530915947474202,5.434235543981711,-0.4861113287234855,1.8541920339460853,3926,6
138,5.038605434307153,35.931013640247016,5.994248379926129,-0.7955189498259416,2.138670085132986,3926,7
129,3.002194929492566,14.438585538913896,3.7998138821413208,0.30315932941070967,0.3468057351518971,3927,1
127,3.6149928701205516,20.60350135875691,4.539107991528391,-0.007545143655682152,0.931487819341224,3927,2
125,4.385250434875489,28.13145695600127,5.303909591612706,-0.37688326456290056,1.6694646224975587,3927,3
123,4.514112061601344,28.66548649862886,5.354015922522911,-0.4062013319667721,1.9305849850662355,3927,4
121,4.728828887308925,30.458118261532135,5.518887411565137,-0.5265811710450559,1.7298465917918309,3927,5
119,4.622714451381138,30.217026580220995,5.497001599073898,-0.5276566047352456,1.7630542787183232,3927,6
117,4.997234148856921,35.04339613048523,5.919746289367917,-0.7425773623412262,2.2328462845239883,3927,7
129,3.164516241975533,16.0060388572684,4.000754785945822,0.329572138926709,0.298785690189332,3928,1
127,3.8143288469690035,22.335295685467177,4.726023242163244,0.047084987299033765,0.7527401841531588,3928,2
125,4.625888694763184,30.740026316443743,5.544368883510885,-0.30952940774317406,1.4824922866821288,3928,3
123,4.724480520418989,31.586116794089033,5.6201527376121225,-0.3534308679095042,1.5876352341194464,3928,4
121,4.918445437407691,32.80069572598767,5.7271891645018735,-0.4324560347467321,1.3610687334675433,3928,5
119,4.985302548448579,34.63211084285754,5.884905338478907,-0.5221927117059759,1.4765033080798238,3928,6
117,5.2205986772846975,38.993633398698066,6.244488241537337,-0.6873549328638024,1.9236919044429421,3928,7
114,3.0767985143159566,14.771300242203539,3.843344928861257,0.3653505686146955,-0.074917149125484,3929,1
111,3.8057005255071967,21.1843855740351,4.602649842648808,0.07148228793409961,-0.041249558732316303,3929,2
108,4.286980717270462,27.75826898185672,5.268611674991498,-0.23301566150477138,0.6564918094211154,3929,3
105,4.202002053033738,25.840331321787804,5.083338599954542,-0.1161669404880381,0.5501462209792364,3929,4
102,4.582416646620807,30.90198354003439,5.558955256164093,-0.3242863631383086,0.21894301620184206,3929,5
99,4.419235306556779,29.70446359088463,5.450180142975517,-0.25900239606891806,0.36804245457504736,3929,6
96,4.878764897584915,36.95565891229632,6.079116622692505,-0.560035544695493,0.416051318248113,3929,7
129,2.846995191056599,13.221691006694549,3.636164326140191,0.311985859742537,0.4060385874075483,3930,1
127,3.598798226183794,19.818883504133343,4.4518404625652686,-0.03577550640135896,1.0447276408278097,3930,2
125,4.417725776672364,29.170562544793597,5.40097792485709,-0.5174684389686603,2.2329093704223633,3930,3
123,4.656030143179545,29.859373709317065,5.464373130498783,-0.5563205526986053,2.407249481697393,3930,4
121,4.726436709569505,30.64224825141532,5.535544079077984,-0.6165074575043208,2.0620352374620676,3930,5
119,4.669881403947077,30.49946085175005,5.522631696188879,-0.6262727694415837,2.2134663397524537,3930,6
117,4.999278361980732,35.601244340073734,5.96667783109443,-0.8677291352275651,2.546234008593437,3930,7
129,3.044448505076327,15.135153804804872,3.890392500096214,0.3606546661767004,0.24893406564875167,3931,1
127,3.7352681272611843,22.030461255341805,4.693661817317243,0.06080399103927514,0.7720444071011281,3931,2
125,4.557488861083985,31.949818785200826,5.6524170745974525,-0.3620171878397598,1.8298188934326172,3931,3
123,4.808189275788098,32.13918803050679,5.66914350060984,-0.38010561019533506,2.0316507680629328,3931,4
121,4.75824668190696,31.65458734468905,5.626240960418337,-0.37646064994772277,1.6323522299774422,3931,5
119,4.773918344193146,32.25085111991523,5.678983282235935,-0.4162231334918909,1.715055834345457,3931,6
117,5.087235450744629,36.54465180176166,6.045217266712724,-0.5882875087798678,2.087029163654034,3931,7
129,2.9839513394259667,14.294712111763168,3.780834843227507,0.3014490178135266,0.39630080378332805,3932,1
127,3.703323859868087,20.865803462096938,4.56791018542363,-0.029228386181118893,1.0865823790783018,3932,2
125,4.605091377258301,31.154574905526758,5.581628338175766,-0.5295412713202017,2.2232944717407226,3932,3
123,5.065923869125242,34.4957100376168,5.8733048650327015,-0.6974916310888686,2.6579776934491908,3932,4
121,4.8994147166732915,32.66339445789732,5.715189800688803,-0.6319943363489113,2.03802092213276,3932,5
119,4.809825408358534,32.959280574682786,5.741017381499797,-0.6646493185655467,2.1583228632181632,3932,6
117,5.07505326393323,37.12230444981869,6.092807599934425,-0.844724080548487,2.4901762660751996,3932,7
129,3.3049396692320356,17.500714412393563,4.183385520412093,0.39424835581280204,0.12065065369125484,3933,1
127,4.016163412980207,25.771062105121764,5.0765206692302325,0.09799367443092466,0.4424327189528097,3933,2
125,5.1394941635131834,39.33637719851075,6.271871905460981,-0.380015510655362,2.0125844955444334,3933,3
123,5.326716864981303,39.49930716158985,6.284847425482169,-0.3993706750602086,2.01895183470191,3933,4
121,5.007774518541068,33.93923987061072,5.825739426940645,-0.2133524729429337,1.1924855807596002,3933,5
119,5.394644480793416,39.155457376276956,6.257432171128742,-0.40631111062617653,1.8339900249192695,3933,6
117,5.2081702794784155,38.83978266606598,6.232157143884129,-0.3860413219980461,1.5972698733337924,3933,7
144,3.403066999382443,19.374322547974916,4.40162726136311,0.34510548269277086,0.1455102695359124,3934,1
143,4.212697009106616,27.753594686568693,5.268168057927603,0.05024735146528114,0.5177410365818264,3934,2
142,5.002625008703957,36.17220821849562,6.014333563953334,-0.23765378439475926,1.1727365440046285,3934,3
141,5.240846803002324,39.12685082690387,6.2551459476900995,-0.3296520251944628,1.4287062502921897,3934,4
140,5.351893622534615,38.90873754631014,6.237686874660361,-0.3151214120522272,1.0807852540697371,3934,5
139,5.45756353748788,41.453130086455474,6.4384105248466,-0.3917519918201142,1.4379235000061474,3934,6
138,5.591902940169625,45.21995884249197,6.724578711152987,-0.5082712154568216,1.527815846429355,3934,7
129,3.6034181210421776,22.790551593293642,4.773945076484819,0.34715538743646923,0.09438545020051704,3935,1
127,4.398105561263918,30.71149237029692,5.541795049466997,0.098587698699662,0.5475209754283034,3935,2
125,5.291665733337402,42.46324457874681,6.516382783319808,-0.2482065167950076,1.2061713485717773,3935,3
123,5.729650086503688,47.71012361386719,6.907251523860065,-0.4186003691726339,1.3856447498972824,3935,4
121,5.57095923305543,45.306139891713464,6.730983575356091,-0.36397258773323027,0.8240483181535705,3935,5
119,5.726472798515768,47.83671632522054,6.916409207473235,-0.4402242279650499,1.2320980985625452,3935,6
117,5.689036866538545,49.814933347883645,7.05796949184988,-0.47463918292667273,1.412095208453317,3935,7
144,3.6535812285211353,23.20346016171544,4.816997006612672,0.3502182617043853,0.030404335922665067,3936,1
143,4.52769042061759,33.106651359882136,5.753837967816103,0.059799394976280396,0.42647679202206484,3936,2
142,5.237642872501427,41.82507188187296,6.467230619196516,-0.18931264277039106,0.7164294753276127,3936,3
141,5.622714691973747,47.05912912227455,6.859965679380222,-0.3299431836282103,0.8442811560123524,3936,4
140,5.596741022382464,45.759229636577416,6.7645568691953075,-0.2852610641342497,0.5406404086521693,3936,5
139,5.7091511170641125,48.51817168054919,6.965498667040945,-0.3530291606301097,0.9888618729955001,3936,6
138,5.737185595692068,50.818126714956044,7.128683378784335,-0.4071065358272805,0.9108543465102928,3936,7
129,3.6549916141485985,23.974293300553363,4.896355103600367,0.30975515152263733,-1.106389435109242,3937,1
127,4.450048533950265,32.919000496172146,5.737508213168165,0.028378421736879655,-1.3535343239626547,3937,2
125,5.112844883441925,43.16756832083501,6.570203065418527,-0.26715929629336843,-1.8128363099098206,3937,3
123,5.406793760332635,46.66095793003137,6.830882661123039,-0.36180844982773297,-0.6203308510101908,3937,4
121,5.472934447044183,43.48096690348672,6.594009925946936,-0.3339241980117207,0.8804760530960462,3937,5
119,5.612890251544344,46.500433645299715,6.81912264483487,-0.42608569346389835,1.4109875574833204,3937,6
117,5.624788121280507,49.05360550527388,7.003827918022678,-0.523827077909482,1.562715318467882,3937,7
129,2.979981156282647,14.325931885735837,3.7849612792914855,0.36349959217953365,0.35240580684454864,3938,1
127,3.7245283277015986,21.662867849041383,4.654338604897734,0.030253367878721016,0.9037493082482045,3938,2
125,4.379161514282226,27.84967437186494,5.277279068977207,-0.24375839361767793,1.326609405517578,3938,3
123,4.594493796185749,29.342100143672123,5.416834882444925,-0.31922634982015463,1.468929810252616,3938,4
121,4.727664663771953,30.501383822144856,5.52280579254285,-0.39082879853199026,1.2566545502213406,3938,5
119,4.851808828466079,33.018138393916644,5.746141174206969,-0.5153400905594505,1.3397371228001698,3938,6
117,5.122816387404743,37.03238635454419,6.085424089950033,-0.6756011623923293,1.8730703908154087,3938,7
144,3.6157627436849804,21.74916916120773,4.663600450425371,0.4413004974419352,-0.25254467460844254,3939,1
143,4.974430551062097,40.07142116939581,6.330199141369552,-0.0565771791619154,-0.009430358459899476,3939,2
142,5.829411667837223,51.970815639145876,7.209078695585579,-0.3812535878009333,1.7248680893803987,3939,3
141,6.544533716025928,59.40712213547744,7.707601581262321,-0.5848971324395591,1.6728320493765756,3939,4
140,5.98113899912153,50.045554033533655,7.074288235118333,-0.3334830078518729,0.3446979318346296,3939,5
139,6.318941397632626,57.41730887314826,7.577420990887879,-0.522793328215791,1.263985688737828,3939,6
138,6.349185204160387,58.76487641069866,7.665825226986241,-0.5603433122179864,0.5369559370953104,3939,7
