n,mae,mse,rmse,r2,bias,station_id,horizon
144,4.640897750854492,44.24845886230469,6.6519515078136795,0.9211463,2.8530421257019043,1,1
143,6.659273147583008,79.77392578125,8.931625035862735,0.8579295,4.191681385040283,1,2
142,7.57384729385376,112.29229736328125,10.596805998190268,0.8002385,1.588676929473877,1,3
141,10.794034957885742,244.74647521972656,15.644375194290328,0.5662253,0.0022972594015300274,1,4
140,12.306070327758789,306.5916748046875,17.50975941595679,0.45833468,0.19359686970710754,1,5
139,13.145122528076172,397.34844970703125,19.933601022069023,0.29990786,-0.8576545715332031,1,6
138,14.053662300109863,463.9287414550781,21.539005117578622,0.18515527,-1.3464367389678955,1,7
144,3.7098569869995117,24.50636100769043,4.950389985414324,0.80941296,1.2125710248947144,2,1
143,5.546668529510498,49.02341079711914,7.001672000109627,0.6073539,1.7124412059783936,2,2
142,6.594338893890381,72.1127700805664,8.491923815047237,0.41050637,1.5805288553237915,2,3
141,8.11998462677002,106.09864044189453,10.300419430387024,0.12495375,1.649387001991272,2,4
140,9.356005668640137,135.522705078125,11.641421952584873,-0.121361494,2.366037368774414,2,5
139,9.530719757080078,133.7353057861328,11.56439820250638,-0.110073805,2.170685052871704,2,6
138,9.604336738586426,134.737548828125,11.607650443915212,-0.116348505,2.395547389984131,2,7
144,7.13875675201416,93.86662292480469,9.688478875695848,0.67673826,1.3769984245300293,3,1
143,10.607795715332031,210.1156463623047,14.495366375580325,0.26250017,2.3339102268218994,3,2
142,12.306791305541992,270.76336669921875,16.45488883885937,0.036143363,3.6090917587280273,3,3
141,14.050350189208984,329.03619384765625,18.13935483548564,-0.17618585,6.078983783721924,3,4
140,15.843104362487793,413.99462890625,20.346857961519515,-0.48146904,7.1713972091674805,3,5
139,17.634422302246094,465.221923828125,21.56900377458646,-0.66714036,8.803654670715332,3,6
138,17.07961082458496,457.96551513671875,21.400128857946598,-0.63812685,7.49916934967041,3,7
144,6.032426834106445,58.92431640625,7.67621758460832,0.6781444,0.8252917528152466,4,1
143,7.754298686981201,99.73966217041016,9.986974625501466,0.44304544,0.020254921168088913,4,2
142,8.789445877075195,131.2230987548828,11.455265110632874,0.2506346,-1.5244935750961304,4,3
141,8.766319274902344,131.59922790527344,11.471670667573814,0.23877949,-0.5811972618103027,4,4
140,9.271078109741211,144.18399047851562,12.007663822680732,0.15890455,-0.6653985977172852,4,5
139,9.612815856933594,142.15052795410156,11.922689627517004,0.16343093,-2.234346628189087,4,6
138,10.442846298217773,171.05166625976562,13.078672190240324,-0.010429382,-2.8478198051452637,4,7
144,5.865680694580078,53.99369812011719,7.348040427223927,0.6378094,3.5786776542663574,5,1
143,9.54830551147461,135.6279296875,11.645940481021702,0.07052106,5.471402645111084,5,2
142,11.271279335021973,181.52516174316406,13.473127392820276,-0.26976454,7.222714900970459,5,3
141,12.115738868713379,210.53509521484375,14.509827539114438,-0.47222328,7.731526851654053,5,4
140,14.198704719543457,291.194091796875,17.06441009226147,-1.0286067,9.006340980529785,5,5
139,14.226503372192383,288.36016845703125,16.98117099781494,-1.0011375,8.508027076721191,5,6
138,13.519775390625,268.155517578125,16.37545472889608,-0.8514278,6.9975457191467285,5,7
129,5.146965980529785,43.13303756713867,6.567574709673174,0.81510687,1.8137263059616089,7,1
127,7.865634441375732,88.516357421875,9.408313208108826,0.6182965,3.681506395339966,7,2
125,8.007770538330078,94.72470092773438,9.732661554155388,0.5901593,3.5240724086761475,7,3
123,8.976349830627441,120.74054718017578,10.988200361304656,0.4768198,3.8050951957702637,7,4
121,9.646316528320312,161.38290405273438,12.703657113317188,0.29859078,1.8275405168533325,7,5
119,9.831107139587402,167.49478149414062,12.941977495504334,0.26430124,2.1636383533477783,7,6
117,9.901236534118652,165.358154296875,12.85916615869299,0.2609359,1.4285767078399658,7,7
144,4.196928024291992,28.896305084228516,5.375528353960057,0.7423409,2.049139976501465,8,1
143,6.426113128662109,62.846248626708984,7.927562590526106,0.4282288,4.171710968017578,8,2
142,7.229911804199219,81.77254486083984,9.042817307722181,0.2466929,4.16282320022583,8,3
141,9.221624374389648,122.37559509277344,11.062350342163885,-0.13660622,4.995915412902832,8,4
140,9.937807083129883,141.87631225585938,11.911184334727567,-0.32210577,4.927316188812256,8,5
139,9.68026351928711,135.47789001464844,11.639496982887552,-0.26819634,3.4562888145446777,8,6
138,8.968470573425293,118.62939453125,10.891712194657458,-0.10960078,2.358856678009033,8,7
144,5.508691787719727,58.03764343261719,7.618244117420837,0.90134346,0.6104785203933716,9,1
143,8.235163688659668,139.92259216308594,11.82888803578282,0.7618719,-0.042216479778289795,9,2
142,8.453024864196777,144.4529571533203,12.018858396425191,0.7540088,0.42483726143836975,9,3
141,11.506691932678223,285.9901123046875,16.91124218692073,0.5144377,-1.1662569046020508,9,4
140,12.986403465270996,369.4915466308594,19.22216290199569,0.37420827,-1.7627650499343872,9,5
139,14.25355052947998,461.8988952636719,21.491833222498073,0.21900547,-3.187413454055786,9,6
138,15.567485809326172,530.0514526367188,23.02284631918301,0.10665041,-3.8126654624938965,9,7
144,6.123674392700195,92.81942749023438,9.634283963545728,0.93563646,-2.3085811138153076,10,1
143,9.700798034667969,231.2212371826172,15.205960580726796,0.84009975,-4.837620735168457,10,2
142,11.44255256652832,371.23284912109375,19.26740379815334,0.7440603,-3.663865327835083,10,3
141,13.594283103942871,563.3138427734375,23.734233561955133,0.61305285,-5.113936424255371,10,4
140,13.726058959960938,594.4043579101562,24.38040930563218,0.59323275,-5.6245856285095215,10,5
139,14.58632755279541,649.1434326171875,25.4782933615497,0.55762565,-5.552743434906006,10,6
138,16.494476318359375,730.6533813476562,27.030600832161618,0.5045754,-4.16323709487915,10,7
144,3.7561705112457275,29.5595703125,5.436871371708182,0.97267455,0.9230078458786011,11,1
143,5.706915378570557,69.75859832763672,8.352161296792389,0.93580675,0.4550800025463104,11,2
142,6.894760608673096,123.53609466552734,11.114679242583987,0.88686776,0.21724680066108704,11,3
141,9.813584327697754,287.4166259765625,16.95336621372176,0.73821545,-1.025641679763794,11,4
140,11.182125091552734,397.30181884765625,19.932431333072646,0.6400608,-2.358943223953247,11,5
139,12.075748443603516,421.1609191894531,20.52220551474556,0.6204946,-2.0301690101623535,11,6
138,11.478574752807617,387.26287841796875,19.67899586914863,0.6530019,-1.2674107551574707,11,7
144,5.459272384643555,101.07332611083984,10.053523069593059,0.8896297,-0.030311796814203262,12,1
143,7.387256622314453,178.30503845214844,13.353090969964537,0.8059598,-1.0192893743515015,12,2
142,8.617555618286133,211.69349670410156,14.549690605098844,0.7705841,-1.7757846117019653,12,3
141,10.602935791015625,306.45831298828125,17.505950787897277,0.66952497,-1.7285727262496948,12,4
140,10.89439868927002,326.7860412597656,18.077224379305736,0.64949787,-2.5427377223968506,12,5
139,11.319643020629883,365.1475830078125,19.108835208034332,0.61040306,-1.6736308336257935,12,6
138,12.5470609664917,451.84100341796875,21.256552011508564,0.52079296,-0.9135622978210449,12,7
144,5.547052383422852,52.95849609375,7.277258831026281,0.94425327,2.883317232131958,14,1
143,7.5048441886901855,95.17223358154297,9.755625740132867,0.8997708,3.341257095336914,14,2
142,11.764201164245605,235.25315856933594,15.337964616249964,0.7522539,3.21490478515625,14,3
141,14.344207763671875,348.6365661621094,18.67181207494627,0.63343227,2.9272825717926025,14,4
140,16.027793884277344,446.7505798339844,21.13647510428322,0.53165436,2.4471113681793213,14,5
139,16.077608108520508,499.24627685546875,22.343819656797017,0.47817302,0.3002977967262268,14,6
138,17.140188217163086,598.378173828125,24.461769638113367,0.37683588,-0.42208331823349,14,7
144,5.305971145629883,46.31374740600586,6.80542044300026,0.69183844,1.2825756072998047,15,1
143,9.197114944458008,123.26341247558594,11.102405706673935,0.16001958,3.877656936645508,15,2
142,11.12649917602539,192.41441345214844,13.871352257517954,-0.32478,5.06351375579834,15,3
141,12.668811798095703,256.7889099121094,16.02463447046794,-0.7618021,5.6540679931640625,15,4
140,15.2828369140625,331.3116760253906,18.201969015065117,-1.2598355,7.716543197631836,15,5
139,16.4239444732666,369.5783996582031,19.22442195901357,-1.5056989,8.584822654724121,15,6
138,16.071130752563477,354.93963623046875,18.839841725196862,-1.3892319,7.83270263671875,15,7
144,4.616915702819824,48.34724807739258,6.953218540891159,0.92188174,0.9589680433273315,16,1
143,7.764010906219482,117.01502227783203,10.817348209142203,0.8105087,2.9756641387939453,16,2
142,9.183300018310547,192.71878051757812,13.882318989188303,0.6875819,1.3057916164398193,16,3
141,11.258289337158203,305.9309997558594,17.490883332635303,0.5048361,0.19763486087322235,16,4
140,12.196282386779785,339.8542175292969,18.43513540848824,0.45121056,-0.4678514897823334,16,5
139,13.369848251342773,410.3881530761719,20.25803922091602,0.3384502,-0.8464643359184265,16,6
138,14.003570556640625,465.95172119140625,21.585914879647937,0.25127625,-2.750690221786499,16,7
103,4.457468509674072,31.30883026123047,5.5954294081178855,0.8325141,0.6209134459495544,17,1
101,7.0304274559021,73.20460510253906,8.555968975080441,0.6096646,1.8139666318893433,17,2
100,8.518911361694336,107.20625305175781,10.354045250613781,0.43274885,1.7430322170257568,17,3
99,9.9193696975708,143.43711853027344,11.976523641285622,0.24220806,1.7473949193954468,17,4
98,10.211956977844238,161.50241088867188,12.708359881930944,0.14553428,0.4955582618713379,17,5
97,10.832796096801758,188.6965789794922,13.736687336453873,0.00076788664,-0.4783451557159424,17,6
96,11.25295352935791,210.438232421875,14.506489321054733,-0.11348355,-0.9226071238517761,17,7
144,4.794527530670166,42.41427993774414,6.512624658134702,0.766243,1.4306883811950684,18,1
143,6.430990219116211,75.37110900878906,8.68165358723723,0.57586956,2.134161949157715,18,2
142,7.554121017456055,98.27360534667969,9.913304461514318,0.44058,1.8496184349060059,18,3
141,8.454108238220215,110.70917510986328,10.521842762076579,0.36777198,1.7796452045440674,18,4
140,8.849802017211914,115.33769226074219,10.73953873593937,0.34222382,1.2259706258773804,18,5
139,9.17496109008789,118.26260375976562,10.874861091515864,0.32483143,1.7139999866485596,18,6
138,9.266907691955566,125.51698303222656,11.203436215386178,0.2843215,2.7261860370635986,18,7
144,4.494713306427002,38.299827575683594,6.188685448112838,0.9198612,0.21828190982341766,19,1
143,7.643060207366943,102.77986907958984,10.138040692342374,0.7835897,-0.34343191981315613,19,2
142,9.031590461730957,182.7699737548828,13.519244570421929,0.6137981,-1.351516604423523,19,3
141,10.631294250488281,254.85122680664062,15.96406047365897,0.46138412,-1.396916151046753,19,4
140,13.303786277770996,380.1624450683594,19.497754872506714,0.19783825,-2.4529237747192383,19,5
139,13.716068267822266,379.08154296875,19.470016511773945,0.20114511,-1.4150280952453613,19,6
138,14.949588775634766,419.72467041015625,20.48718307650313,0.11813444,-1.6426255702972412,19,7
144,5.401170253753662,55.85636520385742,7.473711608287908,0.90904444,1.3608378171920776,20,1
143,8.772936820983887,147.7600555419922,12.15565940383294,0.75881463,1.4220718145370483,20,2
142,12.062080383300781,291.7940673828125,17.0819807804251,0.52298236,1.397761583328247,20,3
141,12.652342796325684,350.67803955078125,18.726399535169094,0.42685288,-0.08156158030033112,20,4
140,13.000662803649902,387.98382568359375,19.697305036059976,0.36727494,-1.7233479022979736,20,5
139,13.332115173339844,407.080078125,20.17622556686458,0.33696753,-2.0246236324310303,20,6
138,14.149170875549316,430.6920166015625,20.753120647304165,0.30089813,-2.169811964035034,20,7
144,6.190970420837402,62.99388122558594,7.936868477276534,0.56008554,3.5657730102539062,21,1
143,8.68433952331543,118.28738403320312,10.876000369308708,0.1627692,3.8982462882995605,21,2
142,9.608841896057129,151.1201171875,12.293092254900717,-0.075279474,4.82968282699585,21,3
141,10.062795639038086,176.2724609375,13.276763948248082,-0.26042616,4.257270336151123,21,4
140,10.229659080505371,164.32135009765625,12.818788948167306,-0.17301536,2.532900810241699,21,5
139,9.53970718383789,138.1616668701172,11.754219109329092,0.01587224,1.9349479675292969,21,6
138,8.782879829406738,122.18817901611328,11.053876198696694,0.13402754,0.6223052740097046,21,7
143,5.08997106552124,41.97642517089844,6.478921605552767,0.5434766,2.723686695098877,22,1
142,7.6979498863220215,96.59436798095703,9.828243382260995,-0.059252262,4.23476505279541,22,2
141,7.532182216644287,92.64459991455078,9.625206486852674,-0.021529198,2.914238452911377,22,3
140,8.510108947753906,119.86710357666016,10.948383605658881,-0.3218714,3.946638822555542,22,4
139,8.026987075805664,96.08655548095703,9.802374991855649,-0.061563134,2.8428685665130615,22,5
138,9.013936996459961,117.28617095947266,10.829874004782912,-0.28802085,4.558507919311523,22,6
137,8.90732192993164,124.19895935058594,11.144458683605317,-0.3543042,2.828920841217041,22,7
144,4.570359230041504,34.20510482788086,5.848513044174635,0.61023605,1.7473416328430176,23,1
143,7.097076416015625,83.85615539550781,9.1573006609758,0.006757736,2.4332692623138428,23,2
142,7.417282581329346,96.739990234375,9.835648948309156,-0.18362439,1.2105975151062012,23,3
141,8.588438034057617,115.09808349609375,10.72837748665164,-0.44730604,1.1279590129852295,23,4
140,8.7493896484375,120.31788635253906,10.968951014228255,-0.5186701,1.0127607583999634,23,5
139,7.772481918334961,101.50830078125,10.07513279223902,-0.28849232,-0.25706592202186584,23,6
138,9.02694320678711,126.6033706665039,11.2518163274426,-0.6065829,1.55436372756958,23,7
144,5.208551406860352,43.530029296875,6.597729101507199,0.5539268,2.86904239654541,24,1
143,8.297470092773438,109.0416259765625,10.442299841345417,-0.13973773,5.0993123054504395,24,2
142,8.804255485534668,126.77570343017578,11.259471720741422,-0.33954442,3.6109378337860107,24,3
141,10.580853462219238,173.575439453125,13.174803203582398,-0.8482437,5.203895568847656,24,4
140,8.343263626098633,109.22772216796875,10.451206732620342,-0.16272974,2.096924066543579,24,5
139,9.150602340698242,120.73589324951172,10.987988589797121,-0.2869501,3.384805679321289,24,6
138,8.462130546569824,103.75029754638672,10.18578899969888,-0.09984994,2.6240131855010986,24,7
144,5.49349308013916,50.85968017578125,7.131597308862949,0.56113046,1.6146793365478516,25,1
143,10.148058891296387,146.72708129882812,12.113095446615953,-0.29179275,6.528432846069336,25,2
142,7.892632961273193,110.03741455078125,10.489871998779645,0.015785158,0.030652489513158798,25,3
141,7.9963812828063965,113.0714340209961,10.633505255605796,-0.021400928,-1.4745900630950928,25,4
140,8.44641399383545,111.85997772216797,10.576387744507478,-0.009970546,2.5821902751922607,25,5
139,8.05044937133789,113.3251953125,10.645430724611382,-0.023947477,-0.40629374980926514,25,6
138,11.012873649597168,172.79327392578125,13.145085542733499,-0.55336916,6.244776725769043,25,7
144,5.341127872467041,45.19569396972656,6.72277427627364,0.70857334,1.8715424537658691,26,1
143,8.396200180053711,104.21253967285156,10.208454323395465,0.32017827,1.2742042541503906,26,2
142,8.586482048034668,116.11427307128906,10.775633302562271,0.23934442,1.2681115865707397,26,3
141,8.572367668151855,118.8363265991211,10.901207575269865,0.21933216,-0.101957768201828,26,4
140,9.597921371459961,139.51263427734375,11.811546650517185,0.0837211,2.3564181327819824,26,5
139,9.531344413757324,128.9163818359375,11.354135010468102,0.1542489,0.5958892107009888,26,6
138,9.768889427185059,131.70179748535156,11.47614035664219,0.14107192,1.7235006093978882,26,7
144,5.522805213928223,51.46615219116211,7.173991370998582,0.66103894,2.13814377784729,28,1
143,7.458980083465576,82.87567138671875,9.103607602852769,0.4512409,1.0491923093795776,28,2
142,8.742058753967285,108.93067932128906,10.436986122501509,0.2778557,2.1542470455169678,28,3
141,8.78630542755127,112.71322631835938,10.616648544543583,0.2534392,1.9660464525222778,28,4
140,8.361132621765137,109.8596420288086,10.481395042111933,0.27512753,-0.4243752062320709,28,5
139,8.5687894821167,117.26066589355469,10.828696407857905,0.22876471,-1.5527198314666748,28,6
138,9.104619979858398,123.24490356445312,11.101572121301249,0.19446212,1.1029921770095825,28,7
79,5.275959491729736,46.04790496826172,6.785860665255493,0.563301,-0.4547514021396637,29,1
74,7.821970462799072,102.34669494628906,10.11665433561358,0.043996036,0.12756064534187317,29,2
69,7.722494602203369,104.93861389160156,10.243954992657942,0.0678066,0.674917995929718,29,3
64,8.561075210571289,111.37391662597656,10.5533841314517,0.053029954,2.5523288249969482,29,4
59,7.756647109985352,90.67288208007812,9.522230940282752,0.2326333,1.6720576286315918,29,5
55,8.446520805358887,99.86508178710938,9.99325181245371,0.10190666,1.5201401710510254,29,6
51,9.904818534851074,137.76846313476562,11.7374811239365,-0.41413414,3.4013330936431885,29,7
144,4.867148399353027,37.39397430419922,6.115061267411735,0.50902814,2.3699493408203125,30,1
143,7.798781871795654,93.11454010009766,9.649587561139473,-0.24846578,5.370900630950928,30,2
142,7.954288959503174,96.8588638305664,9.841690090150493,-0.3122133,5.5646820068359375,30,3
141,7.930819988250732,94.17960357666016,9.704617641960972,-0.2847619,4.063574314117432,30,4
140,9.162968635559082,121.17510986328125,11.007956661582623,-0.65770257,6.056868076324463,30,5
139,8.309530258178711,96.89419555664062,9.84348492946683,-0.32875717,3.827608108520508,30,6
138,9.46205997467041,127.79374694824219,11.304589640860131,-0.74508476,5.262604236602783,30,7
144,5.569437026977539,47.36190414428711,6.881998557416814,0.50129676,3.8450305461883545,31,1
143,7.033967971801758,77.2577896118164,8.789641039986583,0.18397546,4.427994728088379,31,2
142,7.794415473937988,92.01001739501953,9.592185225224727,0.024273515,4.574872016906738,31,3
141,7.497923851013184,82.5602035522461,9.086264554383506,0.12063521,2.1511030197143555,31,4
140,7.972383975982666,93.98322296142578,9.694494466522006,0.001065731,3.4890589714050293,31,5
139,7.953283309936523,91.48184204101562,9.564614056040924,0.028561354,2.513719320297241,31,6
138,7.465597629547119,87.80228424072266,9.370287308333863,0.07238978,1.3789654970169067,31,7
144,6.203337669372559,62.12208938598633,7.881756744913302,0.60264206,2.3616790771484375,32,1
143,9.940726280212402,139.83058166503906,11.824998167654787,0.098436475,5.067762851715088,32,2
142,10.674535751342773,155.35379028320312,12.464100059097854,-0.0017646551,4.73946475982666,32,3
141,11.174562454223633,179.03382873535156,13.380352339731251,-0.15181577,4.324864864349365,32,4
140,11.407017707824707,200.27734375,14.151937809006935,-0.28263557,4.587944984436035,32,5
139,11.03442096710205,173.401123046875,13.168186019603269,-0.10583091,3.0690572261810303,32,6
138,11.187360763549805,189.55825805664062,13.7680157632333,-0.20070899,3.5486085414886475,32,7
144,5.993420124053955,58.79238510131836,7.667619259021562,0.6629635,2.11714768409729,33,1
143,8.054676055908203,95.14405059814453,9.754181185427331,0.4530036,0.8840410709381104,33,2
142,9.739904403686523,133.29638671875,11.545405437608071,0.23479539,2.1696548461914062,33,3
141,9.600787162780762,141.2322235107422,11.884116437949528,0.19146883,1.9028055667877197,33,4
140,8.764861106872559,128.7760009765625,11.347951399991212,0.26622295,-1.3418207168579102,33,5
139,9.745573997497559,140.7887725830078,11.865444474734515,0.20047528,1.402674913406372,33,6
138,9.648869514465332,141.34388732910156,11.88881353748563,0.20272171,0.7014525532722473,33,7
144,5.411806106567383,46.55179214477539,6.822887375941024,0.62086004,1.0067106485366821,34,1
143,7.817990779876709,95.29888153076172,9.76211460344334,0.21573997,1.4334375858306885,34,2
142,7.851325035095215,99.740234375,9.98700327300437,0.1775744,1.2682287693023682,34,3
141,8.264019966125488,108.1091537475586,10.39755518127019,0.110313654,1.897756814956665,34,4
140,7.847262859344482,101.12740325927734,10.056212172546745,0.17108649,1.5682530403137207,34,5
139,8.879652976989746,112.04434204101562,10.58510000146506,0.08419603,2.239487886428833,34,6
138,8.967777252197266,120.596435546875,10.981640840369666,0.020323277,0.19430263340473175,34,7
144,5.320232391357422,48.04275894165039,6.931288404160542,0.6741575,-0.2813945412635803,35,1
143,7.775091648101807,98.5010757446289,9.924770815723097,0.33045638,-0.4648096561431885,35,2
142,8.430272102355957,114.77033233642578,10.713091632970652,0.22147483,-2.3773913383483887,35,3
141,9.128411293029785,131.72866821289062,11.477311018391486,0.11179799,-0.903094470500946,35,4
140,9.684123992919922,154.6812286376953,12.437090843026569,-0.035696626,-2.877070188522339,35,5
139,9.650559425354004,156.1770477294922,12.497081568489989,-0.03899741,-3.751976728439331,35,6
138,10.129730224609375,179.99301147460938,13.416147415506785,-0.1891452,-5.435815811157227,35,7
129,6.235019207000732,68.11579895019531,8.25322960726256,0.6080629,-2.145639181137085,36,1
127,9.128231048583984,139.4568328857422,11.809184259962336,0.19675541,-3.8303301334381104,36,2
125,8.93104076385498,143.0138397216797,11.958839396934792,0.1767937,-3.407142400741577,36,3
123,9.794824600219727,154.342529296875,12.423466879131405,0.1113956,0.6990422606468201,36,4
121,9.397205352783203,168.0384979248047,12.962966401437777,0.03248483,-4.772489070892334,36,5
119,9.419832229614258,167.44659423828125,12.940115696479737,0.038959563,-4.424813747406006,36,6
117,10.16100025177002,184.17578125,13.571137802336251,-0.05645609,-3.7696640491485596,36,7
144,6.578481197357178,73.95934295654297,8.599961799714169,0.5807446,4.240217208862305,37,1
143,10.264734268188477,162.07608032226562,12.730910427862794,0.08022761,6.643571853637695,37,2
142,11.577072143554688,193.70306396484375,13.917724812800538,-0.095101476,6.840010643005371,37,3
141,10.950984954833984,198.11326599121094,14.075271435791601,-0.11531603,5.570241928100586,37,4
140,11.369519233703613,193.17025756835938,13.898570342605723,-0.08152866,6.212801933288574,37,5
139,11.513876914978027,181.82501220703125,13.484250524483414,-0.013433695,4.320775985717773,37,6
138,13.308457374572754,253.68528747558594,15.927500980241248,-0.40414107,5.894140243530273,37,7
144,4.965540409088135,41.09312438964844,6.410391906088772,0.74986,-1.0294115543365479,38,1
143,7.822540283203125,107.55404663085938,10.370826709132661,0.33973223,-1.770242691040039,38,2
142,8.244091033935547,120.94733428955078,10.997605843525708,0.25586975,-2.1878299713134766,38,3
141,8.581643104553223,120.42985534667969,10.974053733542574,0.2606942,-2.2830772399902344,38,4
140,8.245190620422363,125.99486541748047,11.224743445508253,0.22888267,-1.2083089351654053,38,5
139,8.05665111541748,113.2981185913086,10.644158895436904,0.3056122,-1.7003663778305054,38,6
138,8.54973030090332,124.1861572265625,11.143884297073551,0.24277544,-2.6201272010803223,38,7
144,4.212512016296387,28.439292907714844,5.332850354896042,0.71363187,-0.001454558689147234,39,1
143,6.452679634094238,71.56073760986328,8.459357990407032,0.27306587,-1.133500099182129,39,2
142,6.534901142120361,77.47989654541016,8.802266557280014,0.21345258,-1.560507893562317,39,3
141,6.892577171325684,78.55409240722656,8.863074658786676,0.20509231,-0.8332271575927734,39,4
140,7.285830020904541,82.28128051757812,9.070902960432226,0.17152995,-0.722735583782196,39,5
139,7.916779518127441,87.66619873046875,9.363022948304076,0.11972237,0.8864859342575073,39,6
138,8.556076049804688,98.92862701416016,9.94628709691009,0.013220489,2.0565402507781982,39,7
144,4.084447383880615,33.23838806152344,5.765274326649465,0.45087194,1.0039405822753906,40,1
143,6.160717964172363,64.3709945678711,8.0231536547589,-0.07760787,0.6056705713272095,40,2
142,6.950101375579834,76.42842102050781,8.742334986747409,-0.27929747,1.3746600151062012,40,3
141,7.2944135665893555,84.36129760742188,9.184840641373256,-0.40656734,0.9906133413314819,40,4
140,6.567088603973389,71.44563293457031,8.452551859324515,-0.18410552,-0.3130830228328705,40,5
139,7.025358200073242,76.25273895263672,8.732281428849893,-0.25965703,0.8401667475700378,40,6
138,7.4006571769714355,87.47547149658203,9.352832271380795,-0.44192493,0.7258396744728088,40,7
144,4.293720722198486,31.46415138244629,5.609291522326709,0.51980656,-0.11870622634887695,41,1
143,6.389407634735107,65.38565826416016,8.086139886507045,-0.01091516,1.040452241897583,41,2
142,6.8050737380981445,74.7292709350586,8.644609356995756,-0.15489006,1.752928614616394,41,3
141,7.899585247039795,97.98298645019531,9.898635585281202,-0.5083525,2.698282241821289,41,4
140,7.3000712394714355,80.37593841552734,8.965262874870282,-0.22982514,1.6572526693344116,41,5
139,7.210453033447266,80.19303894042969,8.955056612910367,-0.22379923,1.2193000316619873,41,6
138,6.838192462921143,72.6539306640625,8.523727509960798,-0.1056999,0.36674538254737854,41,7
144,5.738958835601807,51.86708068847656,7.201880357828542,0.5214759,1.2250336408615112,43,1
143,7.743922233581543,90.2510757446289,9.500056617969648,0.15614772,1.838212013244629,43,2
142,8.46916389465332,106.33303833007812,10.311791228010685,-0.0029040575,1.8998440504074097,43,3
141,9.302348136901855,127.30635070800781,11.283011597441874,-0.19914329,2.7881317138671875,43,4
140,9.641193389892578,132.74246215820312,11.521391502687647,-0.2445271,2.8398220539093018,43,5
139,9.514694213867188,119.93550109863281,10.951506795808182,-0.12340939,2.855396270751953,43,6
138,8.160794258117676,105.70156860351562,10.281126815846385,0.011651814,-0.019047198817133904,43,7
144,5.136889934539795,42.92862319946289,6.551993833899944,0.70550084,0.07956986874341965,44,1
143,7.49951171875,95.87646484375,9.791652814706515,0.33833218,-0.2725135087966919,44,2
142,7.786359786987305,110.09571838378906,10.49265068434993,0.23987383,-1.121304988861084,44,3
141,8.76034927368164,127.06729125976562,11.272412841080902,0.12612087,1.223134994506836,44,4
140,8.633320808410645,132.69161987304688,11.519184861484204,0.09249014,-2.599212169647217,44,5
139,9.536197662353516,142.3218536376953,11.92987232277426,0.030751765,-0.7603274583816528,44,6
138,8.995806694030762,132.5240478515625,11.511908957751642,0.10316265,-1.7732996940612793,44,7
144,4.931723594665527,39.16954803466797,6.25855798364671,0.42866856,1.280890941619873,45,1
143,7.451056480407715,92.43339538574219,9.614228798283417,-0.37139428,3.238262891769409,45,2
142,7.896307945251465,101.31022644042969,10.065298129734146,-0.51071215,2.9492948055267334,45,3
141,8.104153633117676,108.34786224365234,10.409027920207167,-0.62144804,3.1505706310272217,45,4
140,8.074517250061035,103.2083740234375,10.15915222956313,-0.54671896,3.117746353149414,45,5
139,7.992978096008301,105.94075775146484,10.2927526809627,-0.59437466,2.696713924407959,45,6
138,7.047966480255127,82.52635192871094,9.084401572404808,-0.23644435,1.7789688110351562,45,7
144,3.0427229404449463,15.70924186706543,3.9634885980743566,0.26817834,0.995527982711792,48,1
143,4.257603168487549,28.71498680114746,5.35863665507818,-0.37220526,1.7879421710968018,48,2
142,4.801172256469727,35.26316452026367,5.938279592631495,-0.71085906,2.079056739807129,48,3
141,4.820178508758545,36.9177131652832,6.075994829267319,-0.78443563,2.030667304992676,48,4
140,4.627547740936279,32.45644760131836,5.697056046882316,-0.5612333,1.7800134420394897,48,5
139,5.202353000640869,39.70317459106445,6.301045515711218,-0.89797556,2.2499256134033203,48,6
138,4.572506427764893,30.382431030273438,5.512026036792046,-0.44338977,1.2602930068969727,48,7
144,3.7225446701049805,25.07895278930664,5.007889055211451,0.09921765,0.1465110182762146,50,1
143,4.755237102508545,36.916465759277344,6.075892178049027,-0.35503078,0.5118866562843323,50,2
142,5.037402629852295,40.90366744995117,6.395597505311851,-0.50607884,1.6102790832519531,50,3
141,5.1373982429504395,40.147216796875,6.336183141045956,-0.47051227,2.3003387451171875,50,4
140,5.321427822113037,44.42496871948242,6.665205827240628,-0.6201292,2.0298478603363037,50,5
139,5.439423084259033,45.38776397705078,6.737044157273335,-0.64358056,2.3552021980285645,50,6
138,6.459778785705566,63.428977966308594,7.964231159773591,-1.2811167,3.2831602096557617,50,7
144,3.270533800125122,17.678972244262695,4.204636993161562,0.17014152,0.8812106251716614,51,1
143,4.237707614898682,30.230119705200195,5.498192403435896,-0.4339254,1.4824097156524658,51,2
142,4.409345626831055,30.115888595581055,5.4877945110564275,-0.43551266,1.3999229669570923,51,3
141,4.747695446014404,33.318450927734375,5.772213693872947,-0.57743955,1.5304756164550781,51,4
140,4.9294867515563965,33.49504852294922,5.787490693119879,-0.57533956,2.3041977882385254,51,5
139,4.701753616333008,30.724483489990234,5.5429670294879285,-0.44271803,2.1936070919036865,51,6
138,4.99900484085083,35.26238250732422,5.938213747190667,-0.64458907,2.8960163593292236,51,7
144,2.754711389541626,11.984756469726562,3.461900701887124,0.31192434,0.9231840968132019,52,1
143,3.7992451190948486,22.3552303314209,4.728131801401152,-0.30440068,1.824293851852417,52,2
142,4.2285614013671875,25.910255432128906,5.090211727632644,-0.520345,2.3220770359039307,52,3
141,4.1210856437683105,26.027063369750977,5.10167260511207,-0.51649725,2.002620220184326,52,4
140,3.924710512161255,23.39890480041504,4.837241445329666,-0.3739611,1.632476568222046,52,5
139,3.8688011169433594,21.730661392211914,4.661615749095148,-0.2796656,1.5706778764724731,52,6
138,4.859838485717773,36.7054443359375,6.058501822722966,-1.1677108,3.281721591949463,52,7
72,2.8652772903442383,13.2544527053833,3.6406665193867043,0.14200974,0.4292663037776947,53,1
67,3.648820638656616,20.523496627807617,4.5302865944449495,-0.3358704,1.0735653638839722,53,2
62,3.928281307220459,24.400941848754883,4.939730949024945,-0.78759336,1.7206019163131714,53,3
58,4.7641801834106445,34.62369918823242,5.884190614539303,-1.4534473,2.767817497253418,53,4
54,4.329119682312012,28.595470428466797,5.347473275152181,-0.9172101,2.277590751647949,53,5
51,4.298332691192627,27.74213218688965,5.267080043713941,-0.797992,2.1323232650756836,53,6
48,4.309378623962402,29.04109764099121,5.388979276355701,-0.792577,1.8635696172714233,53,7
144,3.3052103519439697,18.990507125854492,4.357809900151048,0.3945228,0.5366550087928772,54,1
143,4.344519138336182,30.005159378051758,5.477696539427112,0.021006823,1.1256012916564941,54,2
142,5.631265163421631,48.636077880859375,6.973957117796135,-0.62454426,2.3475759029388428,54,3
141,5.518216609954834,50.02063751220703,7.072526953798552,-0.6866783,1.755439043045044,54,4
140,5.27300500869751,43.36552810668945,6.585250800591383,-0.4842925,1.0467724800109863,54,5
139,4.903097152709961,42.526123046875,6.521205643657851,-0.4542402,0.10539355129003525,54,6
138,5.291668891906738,46.157081604003906,6.793900323378605,-0.57653594,0.6661399006843567,54,7
144,2.498042345046997,10.129096031188965,3.1826240794647687,0.38480246,0.7646233439445496,55,1
143,3.353252649307251,17.670093536376953,4.20358103720827,-0.098059654,1.156538963317871,55,2
142,3.8204221725463867,21.602333068847656,4.647831006915769,-0.36648023,1.1179057359695435,55,3
141,4.009434700012207,23.830324172973633,4.881631302441186,-0.5054276,1.4185123443603516,55,4
140,3.9032235145568848,22.610170364379883,4.755015285399184,-0.43005562,1.147354006767273,55,5
139,4.3863444328308105,28.244586944580078,5.314563664552348,-0.7737719,2.028423309326172,55,6
138,4.889206886291504,34.592796325683594,5.881564105379078,-1.1582184,2.5340559482574463,55,7
144,5.4962944984436035,44.20280075073242,6.648518688454777,0.43124735,3.0667755603790283,56,1
143,8.3903226852417,104.0515365600586,10.200565501973829,-0.36417377,5.276844501495361,56,2
142,8.614001274108887,109.59452819824219,10.468740525881907,-0.4469365,5.169816970825195,56,3
141,9.091374397277832,119.95935821533203,10.952595957823517,-0.5923598,5.387637138366699,56,4
140,8.24306583404541,101.79459381103516,10.089330691925761,-0.35397542,3.819692611694336,56,5
139,8.78223705291748,115.05620574951172,10.72642558122284,-0.5364164,4.32456111907959,56,6
138,7.976292610168457,95.56385803222656,9.775676858009708,-0.26992035,2.97440505027771,56,7
144,4.902573585510254,37.95400619506836,6.1606822832433386,0.53497046,1.7434567213058472,57,1
143,7.056593894958496,78.93099975585938,8.884312002392722,0.014194131,3.0728883743286133,57,2
142,7.929281711578369,94.1199951171875,9.70154601685667,-0.18268836,3.756331205368042,57,3
141,7.859139442443848,96.84893035888672,9.841185414312989,-0.22287822,3.815709352493286,57,4
140,7.9542741775512695,101.79267883300781,10.089235790336541,-0.2841599,3.6923892498016357,57,5
139,7.824021816253662,93.46533203125,9.667746998719505,-0.18029273,3.424144744873047,57,6
138,8.040136337280273,98.17293548583984,9.908225647705034,-0.23135531,3.2734363079071045,57,7
144,4.263154029846191,29.03163719177246,5.3881014459429455,0.5765592,1.2758073806762695,58,1
143,6.1200056076049805,60.44236373901367,7.774468711044741,0.098973036,1.3262048959732056,58,2
142,6.811889171600342,79.13139343261719,8.89558280455065,-0.18758726,1.7721930742263794,58,3
141,7.103939533233643,82.28755950927734,9.071249060040042,-0.23848188,2.0859172344207764,58,4
140,7.166275501251221,80.03845977783203,8.946421618604392,-0.20146537,1.4109176397323608,58,5
139,7.218477249145508,79.72764587402344,8.929033871255246,-0.2008115,0.6974422335624695,58,6
138,7.26948356628418,85.55101013183594,9.24937890519336,-0.2794813,-0.5241727828979492,58,7
144,5.527474403381348,52.509307861328125,7.246330648081698,0.6875888,0.4457447826862335,59,1
143,8.849934577941895,124.35619354248047,11.151510818829907,0.25758272,0.7613419890403748,59,2
142,9.689169883728027,144.11907958984375,12.004960624252115,0.1422705,0.7135367393493652,59,3
141,9.920609474182129,153.13980102539062,12.37496670805181,0.09235221,1.3487575054168701,59,4
140,9.297245979309082,138.3910369873047,11.763971990246521,0.1853326,-0.42774659395217896,59,5
139,9.544511795043945,143.64663696289062,11.985267496509648,0.15791881,-1.1989392042160034,59,6
138,9.914212226867676,159.98052978515625,12.648340989440324,0.06202817,-1.7884680032730103,59,7
144,5.002132892608643,39.687286376953125,6.299784629410209,0.71176916,0.6841537952423096,60,1
143,7.701625823974609,91.2984848022461,9.555024060788444,0.33146518,-1.2454534769058228,60,2
142,8.869746208190918,125.26195526123047,11.192048751735781,0.08323461,-2.203669548034668,60,3
141,9.348165512084961,137.25454711914062,11.71556857856846,-0.0034291744,-1.6096853017807007,60,4
140,9.13477611541748,124.46553802490234,11.15641241730075,0.092351794,-3.4890027046203613,60,5
139,8.926774978637695,121.39009094238281,11.017717138426763,0.11624777,-2.7361221313476562,60,6
138,9.088391304016113,125.0706787109375,11.183500288860259,0.095795214,-2.9210686683654785,60,7
144,5.094594478607178,41.19196319580078,6.4180965399252745,0.72972345,0.6398389339447021,61,1
143,7.7521443367004395,100.75566101074219,10.037711941012363,0.33365625,0.9399411082267761,61,2
142,8.775650024414062,127.96231079101562,11.312042732902649,0.15433878,-0.15991272032260895,61,3
141,8.577659606933594,125.94933319091797,11.22271505434037,0.16856235,0.3599344789981842,61,4
140,9.402535438537598,138.0386505126953,11.748985084367726,0.09072828,0.6758369207382202,61,5
139,8.739265441894531,124.39264678955078,11.153145152357284,0.18195444,0.13812442123889923,61,6
138,9.01558780670166,121.1856918334961,11.008437302064998,0.20845586,-0.5041269063949585,61,7
129,5.190197944641113,39.487083435058594,6.283874874236325,0.63099074,2.4763240814208984,62,1
127,8.072704315185547,108.16681671142578,10.400327721347331,-0.026460648,3.698129415512085,62,2
125,8.578078269958496,121.3937759399414,11.017884367696977,-0.14746237,3.2321767807006836,62,3
123,8.35710620880127,114.29740905761719,10.690996635375823,-0.07612383,3.1877970695495605,62,4
122,8.565658569335938,110.33439636230469,10.504018105577726,-0.03256011,2.9473180770874023,62,5
121,8.678399085998535,106.5015869140625,10.31996060622629,0.0081112385,2.4990174770355225,62,6
120,8.586755752563477,103.6788330078125,10.182280344196604,0.036088645,1.5397422313690186,62,7
144,3.483750104904175,19.440345764160156,4.409120747287395,0.16248918,1.1865324974060059,63,1
143,4.793369770050049,33.42635726928711,5.781553188312558,-0.4506861,2.720066785812378,63,2
142,5.310047626495361,39.516761779785156,6.2862358991518255,-0.72489953,3.249448299407959,63,3
141,5.849489688873291,45.32105255126953,6.732091246505021,-0.9643618,4.325869083404541,63,4
140,5.342548847198486,39.219852447509766,6.262575544255715,-0.68788743,3.095411539077759,63,5
139,5.425734519958496,42.789085388183594,6.541336666781767,-0.83250034,3.336388111114502,63,6
138,5.913985729217529,52.89928436279297,7.273189421621918,-1.2492671,3.6715073585510254,63,7
144,3.5913782119750977,24.327505111694336,4.932292074856712,0.3241018,0.004286103881895542,64,1
143,4.668269157409668,38.40452194213867,6.197138205828451,-0.0844959,-0.5845497846603394,64,2
142,5.035163879394531,43.90132522583008,6.62580751499997,-0.24430251,-0.9275445938110352,64,3
141,5.024887561798096,42.088623046875,6.487574511855336,-0.19184005,-0.317787766456604,64,4
140,5.069105625152588,44.139625549316406,6.643765916204183,-0.24630737,-0.1901753544807434,64,5
139,5.202500820159912,42.42259979248047,6.513263375027949,-0.19269061,0.14443936944007874,64,6
138,5.040982246398926,40.937583923339844,6.39824850434397,-0.14373636,0.2602870762348175,64,7
129,3.3054823875427246,21.504440307617188,4.637288033712936,-0.0017216206,-2.448317527770996,65,1
127,3.8045361042022705,28.977096557617188,5.383037855859569,-0.3658557,-3.029758930206299,65,2
125,3.8658578395843506,29.778026580810547,5.456924644963548,-0.40341258,-3.059195041656494,65,3
123,3.882763385772705,29.640216827392578,5.444282948873302,-0.39342713,-2.9395923614501953,65,4
121,4.4461588859558105,36.2137451171875,6.017785732076833,-0.7216817,-3.962899684906006,65,5
119,4.432126522064209,36.485191345214844,6.040297289472997,-0.7194537,-3.9194092750549316,65,6
117,4.59425163269043,38.621856689453125,6.214648557195582,-0.7995951,-4.084446430206299,65,7
144,2.9819064140319824,15.683305740356445,3.9602153654007815,0.28830135,0.47910675406455994,67,1
143,3.7616705894470215,24.788198471069336,4.97877479617921,-0.14391088,0.9993405938148499,67,2
142,4.07279109954834,27.313398361206055,5.226222188273864,-0.27768385,1.2551450729370117,67,3
141,4.840836048126221,35.74099349975586,5.978377162721992,-0.6631025,2.4800901412963867,67,4
140,4.787010669708252,34.681697845458984,5.889116898607038,-0.60467756,2.128376007080078,67,5
139,4.153432846069336,28.024423599243164,5.29380993229292,-0.28749382,1.3414137363433838,67,6
138,4.237889766693115,28.459348678588867,5.334730422297725,-0.30556095,1.3886299133300781,67,7
144,2.929631233215332,15.497660636901855,3.936706826384441,0.1803397,0.6687948107719421,68,1
143,3.798699140548706,23.86206817626953,4.884881592860725,-0.28068388,1.3580800294876099,68,2
142,4.121105670928955,26.746337890625,5.17168617480073,-0.45947075,1.196205735206604,68,3
141,4.334921836853027,29.896217346191406,5.467743350431822,-0.62563646,1.4862455129623413,68,4
140,4.0602312088012695,26.022878646850586,5.1012624561818605,-0.40529788,1.1373016834259033,68,5
139,4.102483749389648,26.32729721069336,5.131013273291481,-0.41159356,1.626431941986084,68,6
138,4.029744625091553,24.51702308654785,4.951466761127237,-0.3058592,1.511017084121704,68,7
144,2.3670034408569336,9.694791793823242,3.113646061103163,0.21401262,1.0750033855438232,69,1
143,2.8965868949890137,13.85928726196289,3.7228063691203293,-0.1499275,1.4601491689682007,69,2
142,3.1058948040008545,16.053510665893555,4.006683250007861,-0.3508582,1.4003098011016846,69,3
141,3.200350761413574,16.55154800415039,4.068359375,-0.38737822,1.745267391204834,69,4
140,3.3749215602874756,17.393217086791992,4.1705176041820025,-0.45586133,1.7864967584609985,69,5
139,3.647589921951294,20.099388122558594,4.483234114181256,-0.6705618,2.103163003921509,69,6
138,3.323695421218872,17.133203506469727,4.139227404536954,-0.4150399,1.7018264532089233,69,7
144,5.743165016174316,50.20222854614258,7.085353099609262,0.6427655,2.052805185317993,70,1
143,7.681821823120117,93.81723022460938,9.685929497193822,0.32556868,1.5312447547912598,70,2
142,8.665236473083496,121.3006820678711,11.013658886485958,0.12932944,0.34209904074668884,70,3
141,9.388815879821777,135.448974609375,11.63825479225193,0.03072989,-0.33151230216026306,70,4
140,9.590764999389648,137.28509521484375,11.716872245392272,0.021030247,-0.495333194732666,70,5
139,8.973488807678223,128.5853729248047,11.339549061792743,0.083017886,-1.1891429424285889,70,6
138,9.35452938079834,136.34071350097656,11.676502622830887,0.034487903,-1.2985873222351074,70,7
144,6.177323341369629,60.8653564453125,7.80162524383942,0.7203777,1.2229652404785156,71,1
143,9.91675853729248,131.76988220214844,11.479106332905381,0.39372462,1.1921637058258057,71,2
142,11.159974098205566,171.7135009765625,13.103949823490721,0.21356034,-0.2916286885738373,71,3
141,11.78365707397461,188.7422637939453,13.738350111783632,0.1397677,0.16976387798786163,71,4
140,10.999588012695312,173.76531982421875,13.18200742771065,0.2129404,-0.5519446134567261,71,5
139,11.65181827545166,181.26048278808594,13.463301333182955,0.18341303,-0.5729289650917053,71,6
138,11.736120223999023,192.53033447265625,13.87553006096186,0.1376372,-1.3728715181350708,71,7
144,6.469422817230225,65.32561492919922,8.08242630211988,0.68959063,1.6445562839508057,72,1
143,10.705547332763672,158.62530517578125,12.594653833106381,0.24545068,2.033264636993408,72,2
142,10.759758949279785,161.28892517089844,12.699957683823142,0.23640072,0.378815233707428,72,3
141,11.403755187988281,182.56732177734375,13.511747547128897,0.13994414,0.10330113768577576,72,4
140,11.050437927246094,171.8231201171875,13.1081318316985,0.19559962,-0.5415481328964233,72,5
139,11.00871753692627,169.20782470703125,13.007990802081283,0.21207315,-0.8227216005325317,72,6
138,12.464789390563965,211.70941162109375,14.550237510813828,0.019898117,-0.023529937490820885,72,7
144,6.016945838928223,52.17859649658203,7.223475375231927,0.68233514,2.421626567840576,73,1
143,8.43991756439209,102.90357208251953,10.144139790170458,0.37632877,3.236211061477661,73,2
142,8.853670120239258,120.90113067626953,10.995505021428963,0.27168185,2.558511257171631,73,3
141,9.504887580871582,133.9920196533203,11.57549219918187,0.19682795,2.3831515312194824,73,4
140,9.249898910522461,131.6092987060547,11.472109601379106,0.21636689,2.2258973121643066,73,5
139,10.082219123840332,155.42724609375,12.467046406176165,0.08114594,1.9016350507736206,73,6
138,10.780776023864746,185.65647888183594,13.62558178140794,-0.09266853,3.017923593521118,73,7
144,6.29910135269165,66.82810974121094,8.174846160094448,0.74664164,1.1148402690887451,74,1
143,10.100549697875977,159.33029174804688,12.622610338121307,0.3936118,1.2534496784210205,74,2
142,11.581217765808105,202.17393493652344,14.218788096617919,0.23119497,0.9387480020523071,74,3
141,11.81292724609375,225.59095764160156,15.019685670532574,0.14510405,-0.507562518119812,74,4
140,12.668299674987793,262.9991149902344,16.217247454183905,0.008080661,-1.4590661525726318,74,5
139,12.193910598754883,237.03582763671875,15.39596790191246,0.10988408,0.20756453275680542,74,6
138,12.249481201171875,242.5731964111328,15.574761520200969,0.09505695,0.6206632852554321,74,7
144,6.271177291870117,64.24009704589844,8.014992017831236,0.78742623,1.6649794578552246,75,1
143,10.986971855163574,188.7255859375,13.73774311659306,0.37313145,1.5742844343185425,75,2
142,11.952666282653809,226.40562438964844,15.046781196975267,0.2484315,1.3044300079345703,75,3
141,12.421487808227539,242.6620330810547,15.577613202318727,0.19721663,2.965898275375366,75,4
140,13.617633819580078,298.1756286621094,17.267762699959405,0.01818335,2.473647117614746,75,5
139,13.086148262023926,282.65814208984375,16.812440099219497,0.07328576,2.7916719913482666,75,6
138,13.65369701385498,317.31268310546875,17.813272666903988,-0.033545613,0.3201434314250946,75,7
144,5.70271110534668,54.23009490966797,7.364108561779081,0.7029074,2.235334634780884,76,1
143,9.338409423828125,145.2133331298828,12.050449499080223,0.20074445,0.16438725590705872,76,2
142,10.239340782165527,187.8249969482422,13.704926010316225,-0.03613293,-0.9320156574249268,76,3
141,10.12331485748291,179.42727661132812,13.395046719266347,0.011113524,-1.6707954406738281,76,4
140,10.780390739440918,189.69436645507812,13.772957796169932,-0.040436864,-1.7743679285049438,76,5
139,10.290197372436523,175.498291015625,13.247576797876093,0.040111065,-0.7101309895515442,76,6
138,10.825358390808105,186.729736328125,13.664908939620673,-0.0145049095,-0.3618580996990204,76,7
144,4.664090633392334,34.24703598022461,5.8520967165815545,0.84768325,-0.02742849476635456,77,1
143,7.036786079406738,82.1493148803711,9.063625923457515,0.6322286,-0.18162953853607178,77,2
142,8.849699020385742,122.04134368896484,11.04723239951821,0.45302463,-0.5756378173828125,77,3
141,9.968999862670898,154.94688415527344,12.44776623154827,0.30799335,-1.646091341972351,77,4
140,9.911800384521484,151.100341796875,12.292287899202288,0.32836008,0.6324135661125183,77,5
139,10.123760223388672,157.7855987548828,12.56127377119386,0.30105448,1.912014365196228,77,6
138,11.139323234558105,191.9384002685547,13.854183493391254,0.15426624,1.2185587882995605,77,7
129,10.462996482849121,182.6935272216797,13.516416952050557,0.2691087,-8.337968826293945,78,1
127,8.579419136047363,117.66368103027344,10.847289109739513,0.5295089,-2.7208449840545654,78,2
125,8.786142349243164,116.26821899414062,10.782774178945816,0.53741515,1.5738415718078613,78,3
123,10.051656723022461,160.3786163330078,12.664067921999148,0.36266398,3.022453546524048,78,4
121,9.806285858154297,148.27239990234375,12.176715480881688,0.4157918,2.1771585941314697,78,5
119,12.171350479125977,232.01499938964844,15.232038582857136,0.09169805,8.284660339355469,78,6
117,14.234676361083984,304.9787902832031,17.46364195359041,-0.18450785,11.12149715423584,78,7
144,5.476118087768555,47.90678405761719,6.9214726798288515,0.7571156,3.122513771057129,79,1
143,7.913576126098633,89.96125030517578,9.48479047239188,0.5430186,2.669631242752075,79,2
142,8.249771118164062,99.96094512939453,9.998047065772122,0.49066126,2.114346504211426,79,3
141,8.135459899902344,95.93110656738281,9.79444263689276,0.5105347,0.29438674449920654,79,4
140,9.29091739654541,133.9324493408203,11.572918790902333,0.3187018,0.576633632183075,79,5
139,9.876971244812012,145.9975128173828,12.082943052807243,0.26101023,0.46994102001190186,79,6
138,9.726895332336426,142.30911254882812,11.929338311441592,0.28413683,0.727938175201416,79,7
144,5.1886749267578125,44.33272933959961,6.658282762064075,0.74151623,1.4461623430252075,80,1
143,8.053147315979004,93.82623291015625,9.686394216123782,0.45054013,1.0699925422668457,80,2
142,8.366220474243164,102.24208068847656,10.111482615743181,0.39841717,0.21911148726940155,80,3
141,8.608491897583008,108.43865203857422,10.413388115237721,0.3622614,2.212937355041504,80,4
140,9.335354804992676,127.13412475585938,11.275376923006139,0.25679952,0.6024789810180664,80,5
139,9.799760818481445,141.05499267578125,11.876657470676724,0.18112296,1.4174580574035645,80,6
138,9.769244194030762,141.7501678466797,11.905887948686553,0.18278414,1.8787815570831299,80,7
116,9.505452156066895,141.8367919921875,11.90952526309036,0.60663664,2.470263957977295,81,1
114,14.305769920349121,302.1119384765625,17.381367566349965,0.15180027,0.18477880954742432,81,2
112,15.49482536315918,354.3088073730469,18.823092396655944,0.0059843063,1.7007179260253906,81,3
110,15.936136245727539,396.1228332519531,19.902834804418017,-0.09772217,0.9945666193962097,81,4
108,15.884434700012207,380.94671630859375,19.517856345116225,-0.03697157,2.86108660697937,81,5
107,15.45785903930664,352.9153137207031,18.786040394950266,0.029039562,0.9222376346588135,81,6
106,15.101156234741211,343.2574157714844,18.527207446657588,0.058039486,1.069715142250061,81,7
144,5.813324928283691,48.44862747192383,6.960504828812622,0.7307118,2.892643451690674,82,1
143,8.651466369628906,104.59139251708984,10.226993327322056,0.41698074,4.193070888519287,82,2
142,9.07496452331543,114.38853454589844,10.695257572676706,0.36590302,2.7982802391052246,82,3
141,9.578277587890625,134.11378479003906,11.580750614275358,0.26044226,2.214395761489868,82,4
140,9.799331665039062,134.29481506347656,11.588563977623654,0.26469582,2.662020683288574,82,5
139,8.777092933654785,116.72012329101562,10.803708774815046,0.3652616,1.8946866989135742,82,6
138,9.052556991577148,119.13946533203125,10.915102625813065,0.3567391,1.2382628917694092,82,7
144,5.539007186889648,46.14067459106445,6.792692734922172,0.73302734,2.2827062606811523,83,1
143,8.929226875305176,109.8719711303711,10.481983167815674,0.36221057,3.5982704162597656,83,2
142,9.071871757507324,116.62769317626953,10.799430224612294,0.32659394,2.2439286708831787,83,3
141,10.366084098815918,145.01393127441406,12.04217302958291,0.16690856,2.2252440452575684,83,4
140,10.577751159667969,158.5330810546875,12.590992059988263,0.0956682,3.1513960361480713,83,5
139,10.763032913208008,167.7506103515625,12.951857409327918,0.04944843,3.8935177326202393,83,6
138,10.375378608703613,160.33547973632812,12.662364697651388,0.0979678,1.8050756454467773,83,7
144,3.4743072986602783,19.886152267456055,4.459389225830826,0.39569157,-0.057487208396196365,85,1
143,4.30978536605835,29.734573364257812,5.452941716565272,0.08410758,0.09718453884124756,85,2
142,4.57608699798584,35.01081085205078,5.916993396316307,-0.07880783,0.18003998696804047,85,3
141,5.633359909057617,50.46528625488281,7.103892331312659,-0.54502296,2.2737202644348145,85,4
140,5.213078022003174,42.71508026123047,6.535677490607265,-0.30003023,1.3537521362304688,85,5
139,6.000891208648682,55.190948486328125,7.4290610770357866,-0.66791856,2.149352550506592,85,6
138,5.290918350219727,43.80730056762695,6.618708376082674,-0.31473672,1.274540901184082,85,7
144,3.1965527534484863,15.731983184814453,3.966356411722786,0.34512258,0.5148775577545166,86,1
143,4.0396928787231445,26.543251037597656,5.152014269933426,-0.11810076,1.3756176233291626,86,2
142,4.491178035736084,30.66619110107422,5.537706303251755,-0.29102302,1.0821151733398438,86,3
141,4.889211654663086,36.08180236816406,6.006812995937535,-0.5083188,1.8128560781478882,86,4
140,4.705155849456787,31.504331588745117,5.61287195549169,-0.311041,1.0244756937026978,86,5
139,4.784088611602783,33.28970718383789,5.769723319522167,-0.37796545,1.7606548070907593,86,6
138,4.703080654144287,32.017478942871094,5.6583989734615825,-0.3172356,1.8286683559417725,86,7
144,2.584202527999878,12.086441040039062,3.4765559164263506,0.4761883,0.11598426848649979,88,1
143,3.3019704818725586,18.386940002441406,4.287999533866743,0.18764365,-0.17535407841205597,88,2
142,3.754936933517456,22.40749168395996,4.73365521388704,0.0011408925,0.26068115234375,88,3
141,4.308589458465576,29.848424911499023,5.463371203890417,-0.32832646,0.13395050168037415,88,4
140,4.294274806976318,28.488664627075195,5.3374773654859835,-0.2623769,0.5179083943367004,88,5
139,4.447676658630371,30.017595291137695,5.478831562581359,-0.32186115,0.5831595659255981,88,6
138,4.39695930480957,30.146202087402344,5.490555717539195,-0.3203367,0.5909521579742432,88,7
129,2.576615571975708,10.844430923461914,3.293088356461441,0.31904626,1.0061217546463013,89,1
127,3.6943602561950684,20.38545799255371,4.515025801980949,-0.2982719,1.4025472402572632,89,2
125,3.9766829013824463,23.206239700317383,4.817285511604786,-0.5092099,1.4968321323394775,89,3
123,4.427082538604736,27.79320526123047,5.271926143377814,-0.84039307,2.1941394805908203,89,4
121,4.98078727722168,37.06851577758789,6.088391887648815,-1.4928336,2.709935188293457,89,5
119,4.589888095855713,30.321491241455078,5.506495368331392,-1.1269815,2.216003179550171,89,6
117,4.145421028137207,23.733247756958008,4.871678125344285,-0.72657335,1.4043705463409424,89,7
129,2.247694492340088,8.917038917541504,2.9861411415975474,0.37847918,0.7228041291236877,90,1
127,3.233069658279419,17.52301597595215,4.186050164051089,-0.2439493,1.2044650316238403,90,2
125,3.8363029956817627,22.19101333618164,4.7107338426387075,-0.6090592,1.829237937927246,90,3
123,3.9883673191070557,23.587404251098633,4.856686550632914,-0.7292744,1.961072325706482,90,4
121,3.8324320316314697,21.998592376708984,4.690265704276143,-0.63762426,1.9623103141784668,90,5
119,3.7748513221740723,21.408340454101562,4.626914787858272,-0.59306705,1.8854234218597412,90,6
118,3.499648094177246,17.73640251159668,4.211460852435492,-0.32015264,1.615250825881958,90,7
144,2.3365414142608643,10.03165054321289,3.167278096917429,0.38574976,-1.0738871097564697,91,1
143,3.2170398235321045,16.83419418334961,4.102949449280311,-0.054365873,-1.598573088645935,91,2
142,3.515608549118042,21.63748550415039,4.651611065442853,-0.38020015,-2.4513700008392334,91,3
141,3.8139543533325195,24.561010360717773,4.95590661339757,-0.5637791,-2.7928779125213623,91,4
140,3.9243147373199463,26.851287841796875,5.181822830027757,-0.6974995,-3.271125555038452,91,5
139,3.8862690925598145,25.19607925415039,5.019569628379548,-0.58203626,-3.1156673431396484,91,6
138,4.443074703216553,30.94964027404785,5.563240087758918,-0.9298456,-3.8798580169677734,91,7
144,5.939935207366943,61.05674743652344,7.813881713752995,0.8901849,2.1557772159576416,95,1
143,8.25539779663086,117.76786804199219,10.85209049178969,0.7867315,1.680682897567749,95,2
142,10.473431587219238,197.86851501464844,14.066574388053704,0.64046013,0.29885950684547424,95,3
141,11.803648948669434,273.4073181152344,16.53503305455524,0.50290895,-0.9735304117202759,95,4
140,12.710724830627441,322.7578430175781,17.96546250497265,0.4134578,-0.6307000517845154,95,5
139,12.865659713745117,326.8099365234375,18.07788528903305,0.40577888,0.27554693818092346,95,6
138,12.884499549865723,296.9288330078125,17.231623052046274,0.4612863,0.06968357414007187,95,7
144,4.882450580596924,50.20931625366211,7.085853248103725,0.9346682,-0.14939434826374054,96,1
143,9.953112602233887,207.61598205566406,14.408885524413888,0.7298207,-0.6524397730827332,96,2
142,13.408702850341797,440.01708984375,20.976584322614347,0.4282813,-2.41352915763855,96,3
141,15.616189956665039,597.844482421875,24.45085852116189,0.2254166,-3.185547351837158,96,4
140,14.686192512512207,489.7335510253906,22.129924333928273,0.36743623,-2.5337541103363037,96,5
139,14.029324531555176,419.6247253417969,20.484743721652876,0.45956248,-1.231340765953064,96,6
138,15.169893264770508,457.72869873046875,21.394595082180658,0.41290224,-0.9433158040046692,96,7
144,5.0597405433654785,38.084571838378906,6.171269872431354,0.6304538,1.8207048177719116,97,1
143,7.5581841468811035,83.98616790771484,9.164396756345441,0.17904592,2.196772813796997,97,2
142,8.739960670471191,114.74473571777344,10.71189692434414,-0.12354648,2.053252696990967,97,3
141,9.54446792602539,141.36680603027344,11.889777375135054,-0.38486457,2.7712371349334717,97,4
140,10.004416465759277,142.68812561035156,11.945213502083233,-0.39701104,2.6566824913024902,97,5
139,10.115615844726562,147.65985107421875,12.151536984028759,-0.44160247,1.6766555309295654,97,6
138,10.431646347045898,155.9973602294922,12.489890320955272,-0.51219213,1.3943281173706055,97,7
144,5.172382354736328,41.96897888183594,6.478346925090994,0.514287,2.5123953819274902,98,1
143,7.192600727081299,83.2756118774414,9.125547209753583,0.014449298,3.5567023754119873,98,2
142,6.759481430053711,73.53003692626953,8.574965709918,0.120262206,1.1830905675888062,98,3
141,8.155935287475586,101.20419311523438,10.060029478845198,-0.21874547,1.5585944652557373,98,4
140,8.004240989685059,95.6574935913086,9.780464896481588,-0.15323055,2.083453893661499,98,5
139,8.110343933105469,107.74137115478516,10.3798541008429,-0.30259085,1.4258065223693848,98,6
138,7.710574626922607,91.53411102294922,9.567346080442016,-0.10085118,-0.26382535696029663,98,7
144,5.452055931091309,46.458343505859375,6.816035761779671,0.70649064,1.4509656429290771,100,1
143,8.344250679016113,102.20036315917969,10.109419526321958,0.35762793,2.42095947265625,100,2
142,8.844291687011719,122.14765167236328,11.052042873259373,0.23728782,2.0985350608825684,100,3
141,9.188300132751465,135.94960021972656,11.659742716703768,0.15588397,2.4829256534576416,100,4
140,9.322790145874023,140.07298278808594,11.835243250059795,0.13606977,2.032696008682251,100,5
139,9.578899383544922,148.7126922607422,12.194781353543908,0.08927387,1.7899188995361328,100,6
138,10.35781478881836,171.3394012451172,13.08966772859866,-0.04654348,1.788045048713684,100,7
144,6.544986248016357,98.65995025634766,9.93277152945479,0.80815953,-2.3746538162231445,101,1
143,9.251208305358887,199.52554321289062,14.125351082818813,0.61154336,-3.1769959926605225,101,2
142,9.752442359924316,218.42333984375,14.779152203145822,0.57515264,-3.88330340385437,101,3
141,9.925429344177246,215.8714599609375,14.692564784983508,0.5807824,-4.464756965637207,101,4
140,10.35417652130127,257.8248291015625,16.05692464644343,0.5021645,-5.301163673400879,101,5
139,10.998026847839355,296.4423828125,17.217502223391755,0.42933458,-6.175579071044922,101,6
138,11.769194602966309,327.3333435058594,18.09235594127695,0.3714078,-6.8409271240234375,101,7
144,3.0827364921569824,15.351054191589355,3.9180421375464247,-0.029226422,1.7044291496276855,103,1
143,4.814364433288574,36.620079040527344,6.051452638873359,-1.4947982,3.670910358428955,103,2
142,4.724729537963867,32.37620162963867,5.690008930541206,-1.2069201,3.3749728202819824,103,3
141,6.875129222869873,67.01387786865234,8.186200453730189,-3.5361009,5.749395847320557,103,4
140,6.0632147789001465,48.98245620727539,6.998746759761735,-2.3259895,5.1100664138793945,103,5
139,6.418420791625977,57.73796844482422,7.598550417337784,-2.9117966,5.297445297241211,103,6
138,5.150059700012207,38.77009963989258,6.226564031622302,-1.6180344,3.551453113555908,103,7
144,7.125341415405273,77.65907287597656,8.812438531755927,0.5591236,4.2612738609313965,104,1
143,9.432226181030273,139.7889862060547,11.823239243373818,0.2052713,4.597190856933594,104,2
142,9.572348594665527,145.0731658935547,12.044632244014538,0.17794055,4.661904335021973,104,3
141,11.03891658782959,181.95545959472656,13.489086684973396,-0.027046323,4.966352939605713,104,4
140,11.214658737182617,193.27085876464844,13.902188991833208,-0.0850991,5.562417030334473,104,5
139,11.583559036254883,195.87945556640625,13.995694179511291,-0.09477699,5.084427833557129,104,6
138,12.366591453552246,212.2784881591797,14.569779962620563,-0.17817235,5.4063568115234375,104,7
144,6.372403621673584,68.28915405273438,8.263725192232277,0.68497205,-1.1924155950546265,105,1
143,9.054862022399902,124.43824768066406,11.155189271395805,0.4217524,-0.5294069647789001,105,2
142,10.566539764404297,169.62274169921875,13.02392957978577,0.21248102,1.494953989982605,105,3
141,10.911214828491211,184.36619567871094,13.57815140874158,0.14698786,2.0138866901397705,105,4
140,10.952112197875977,182.9600372314453,13.526272111392899,0.15857238,-0.6121001839637756,105,5
139,12.438973426818848,224.920166015625,14.99733863109135,-0.028283954,1.572472095489502,105,6
138,11.75228214263916,212.00210571289062,14.560292088859022,0.03773141,0.21908314526081085,105,7
144,5.879893779754639,59.09113311767578,7.687075719522722,0.69052166,-0.7262594699859619,106,1
143,8.582955360412598,115.20503997802734,10.733361075545131,0.39672256,-1.1978046894073486,106,2
142,8.84117603302002,129.0020294189453,11.357906031436663,0.32762784,-1.4579074382781982,106,3
141,9.83906078338623,165.1146240234375,12.849693538113565,0.14395422,-1.5785672664642334,106,4
140,9.749710083007812,154.65182495117188,12.435908690207237,0.20337206,-0.8231678605079651,106,5
139,10.600610733032227,167.56382751464844,12.944644742697593,0.14169204,0.33105337619781494,106,6
138,10.340575218200684,179.6782684326172,13.404412274792849,0.086247444,-2.9556288719177246,106,7
144,5.636814594268799,53.10958480834961,7.287632318411077,0.5126926,3.290856122970581,107,1
143,10.757471084594727,170.682861328125,13.064565102908134,-0.6011498,7.810850620269775,107,2
142,10.681109428405762,172.60797119140625,13.13803528657943,-0.64744854,6.59381103515625,107,3
141,10.68480396270752,175.33236694335938,13.24131288593995,-0.6939559,6.5912652015686035,107,4
140,9.394412994384766,127.91205596923828,11.309821217386165,-0.23654878,3.2196285724639893,107,5
139,9.748444557189941,142.42135620117188,11.934041905455665,-0.3772154,3.293356418609619,107,6
138,9.977184295654297,149.5591278076172,12.229436937472517,-0.44009304,3.3528668880462646,107,7
129,4.526220321655273,30.773841857910156,5.547417584598275,0.74109185,-0.6868984699249268,108,1
127,7.20064115524292,77.7525405883789,8.817740106647445,0.32991546,-2.0062525272369385,108,2
125,8.192375183105469,98.35086822509766,9.917200624425103,0.14812738,-2.6252758502960205,108,3
123,8.911243438720703,119.30406951904297,10.922640226568069,-0.025042772,-2.6475844383239746,108,4
121,8.545960426330566,103.21744537353516,10.159598681716476,0.12257445,-1.5404589176177979,108,5
119,8.8685884475708,114.07306671142578,10.680499366201273,0.037370443,-2.684781074523926,108,6
117,10.119904518127441,139.82554626464844,11.824785252369214,-0.1647166,-2.7072176933288574,108,7
144,6.887153625488281,68.65248107910156,8.285679276866897,0.49476546,3.2960662841796875,109,1
143,9.46430778503418,130.8103790283203,11.437236511864233,0.04392922,4.2535014152526855,109,2
142,9.878976821899414,139.61044311523438,11.815686315878327,-0.0144530535,4.011544704437256,109,3
141,10.351117134094238,159.6808624267578,12.636489323651478,-0.15218222,4.626079559326172,109,4
140,10.768342018127441,171.4364013671875,13.093372421465277,-0.22844362,4.01495361328125,109,5
139,10.960087776184082,185.84959411621094,13.632666434568511,-0.32240975,5.433745861053467,109,6
138,11.038562774658203,185.78504943847656,13.630298948976746,-0.32807624,5.316908836364746,109,7
144,3.791205406188965,25.99854850769043,5.098877181075303,0.8854485,0.1667439341545105,1001,1
143,6.398586750030518,69.71250915527344,8.349401724391601,0.68839073,0.3599335849285126,1001,2
142,7.35095739364624,98.715576171875,9.935571255437456,0.5546618,0.5629803538322449,1001,3
141,8.48365306854248,133.58529663085938,11.557910565100396,0.39519382,0.6188766956329346,1001,4
140,9.547433853149414,163.06495666503906,12.769688980748084,0.26163512,-0.2853195071220398,1001,5
139,9.889664649963379,176.9189453125,13.301088125130967,0.1984812,-0.8357833623886108,1001,6
138,11.047969818115234,198.4392852783203,14.08684795397183,0.10304284,0.5766582489013672,1001,7
144,7.109224796295166,101.98310089111328,10.09866827314935,0.61022973,-2.537846565246582,1002,1
143,8.920217514038086,162.67420959472656,12.754380016085712,0.36524457,-0.7614920139312744,1002,2
142,10.093658447265625,214.62588500976562,14.65011552888801,0.14940637,-2.4293723106384277,1002,3
141,11.872782707214355,263.9211120605469,16.245649019369676,-0.050112247,0.3660399615764618,1002,4
140,12.466272354125977,297.666015625,17.253000191995593,-0.18530166,-1.894655466079712,1002,5
139,12.549199104309082,283.017578125,16.82312628868368,-0.12818575,0.2887805998325348,1002,6
138,12.738665580749512,310.38800048828125,17.617831889545354,-0.23444271,-2.9271223545074463,1002,7
144,4.462270259857178,31.002994537353516,5.568033273729021,0.40976816,0.7023407220840454,1003,1
143,6.05099630355835,57.51830291748047,7.584082206666833,-0.11879277,1.4228124618530273,1003,2
142,6.112392425537109,56.68696975708008,7.529074960251099,-0.11077118,-0.01867002807557583,1003,3
141,6.260495662689209,60.296363830566406,7.765073330662525,-0.18412888,-1.339564561843872,1003,4
140,6.518313884735107,64.86672973632812,8.053988436565335,-0.27262807,-1.5616858005523682,1003,5
139,7.2060627937316895,82.70280456542969,9.094108233654891,-0.6272334,1.472934365272522,1003,6
138,6.215541839599609,57.366188049316406,7.574047006014447,-0.12185109,-0.47275587916374207,1003,7
144,7.668020248413086,225.68988037109375,15.022978412122336,0.7636403,-3.8572044372558594,1004,1
143,10.443432807922363,320.4043273925781,17.89984154657739,0.6647619,-3.7733571529388428,1004,2
142,12.573736190795898,468.54400634765625,21.645877352227057,0.5105157,-4.542552947998047,1004,3
141,13.06428050994873,509.853515625,22.579936129781235,0.46872878,-3.591855525970459,1004,4
140,15.592501640319824,571.5817260742188,23.90777543131562,0.40672892,-1.7152020931243896,1004,5
139,14.446002960205078,512.2340087890625,22.63258731981526,0.47011322,-3.147371768951416,1004,6
138,18.01007080078125,814.9012451171875,28.54647517850825,0.16083515,-4.630007743835449,1004,7
144,6.34242057800293,147.053955078125,12.12658051876641,0.8392446,-2.5085384845733643,1005,1
143,9.836527824401855,293.3518371582031,17.12751695833938,0.67955387,-3.6757969856262207,1005,2
142,11.219552040100098,362.61370849609375,19.042418661926686,0.6044057,-3.7007205486297607,1005,3
141,13.356954574584961,517.9005126953125,22.75742763792324,0.43639612,-4.3372626304626465,1005,4
140,14.631959915161133,516.3826904296875,22.724055325352637,0.4401763,-1.7825169563293457,1005,5
139,15.311616897583008,521.2229614257812,22.8303079573137,0.43681306,-1.6442326307296753,1005,6
138,17.63617706298828,745.934326171875,27.311798296191977,0.19759244,-1.414771318435669,1005,7
129,5.43425989151001,54.516605377197266,7.383536102518716,0.87094814,1.4249508380889893,1006,1
127,7.9203572273254395,99.37081146240234,9.968490932051969,0.65618086,3.485795497894287,1006,2
125,8.665926933288574,125.59540557861328,11.20693560160909,0.501876,2.9048867225646973,1006,3
123,9.444948196411133,155.5797119140625,12.473159660409326,0.30781043,3.3671875,1006,4
121,10.004744529724121,172.65615844726562,13.139869042241845,0.18126643,2.023294687271118,1006,5
119,10.81686782836914,223.70455932617188,14.956756310315813,-0.10867715,2.6099588871002197,1006,6
117,11.122014999389648,235.22085571289062,15.336911544143776,-0.24535704,3.7912726402282715,1006,7
144,6.424563407897949,149.54693603515625,12.22893846722422,0.8385103,-2.4458565711975098,1007,1
143,9.963397979736328,329.7769470214844,18.159761755636673,0.6441109,-3.8419086933135986,1007,2
142,10.846508026123047,376.88836669921875,19.413612922359885,0.59370434,-4.414782524108887,1007,3
141,12.465383529663086,465.17608642578125,21.567941172624273,0.49981993,-5.6251983642578125,1007,4
140,13.675867080688477,535.0678100585938,23.13153280823806,0.42663753,-3.717787504196167,1007,5
139,16.009498596191406,680.0366821289062,26.077512959040135,0.27371848,-4.4024271965026855,1007,6
138,16.565990447998047,730.5853271484375,27.029341966619118,0.22306985,-5.167734146118164,1007,7
144,7.06451940536499,145.25962829589844,12.052370235596749,0.8390975,-0.5744603276252747,1008,1
143,9.776021003723145,285.40643310546875,16.89397623727075,0.6839968,-1.6439430713653564,1008,2
142,11.315489768981934,398.2250061035156,19.955575814882305,0.55957687,-4.4578423500061035,1008,3
141,13.516033172607422,578.9049682617188,24.060444057866405,0.3615762,-5.997917652130127,1008,4
140,13.744129180908203,579.0858764648438,24.064203216912123,0.3634987,-5.686579704284668,1008,5
139,14.870755195617676,678.3751220703125,26.045635374670983,0.25677186,-5.989868640899658,1008,6
138,15.797483444213867,680.7398071289062,26.090990918876695,0.25721067,-5.325179576873779,1008,7
144,7.83435583114624,267.6194763183594,16.359079323677093,0.80363965,-4.028154373168945,1009,1
143,11.313392639160156,431.5867614746094,20.77466633846641,0.68420494,-4.984311103820801,1009,2
142,12.829512596130371,488.1253356933594,22.09355869237365,0.64410186,-5.180484294891357,1009,3
141,12.828714370727539,467.41998291015625,21.619897846894563,0.660677,-4.272158145904541,1009,4
140,14.117974281311035,619.952392578125,24.89884319758902,0.55213684,-5.906466960906982,1009,5
139,15.44378662109375,715.0540161132812,26.740493939216627,0.48588872,-5.620790481567383,1009,6
138,16.883487701416016,829.5880737304688,28.802570609764484,0.40680456,-4.634341716766357,1009,7
144,5.889792442321777,101.3274917602539,10.06615575879163,0.8823958,0.16715389490127563,1010,1
143,10.450828552246094,205.01007080078125,14.318172746575634,0.7620616,6.452697277069092,1010,2
142,11.025466918945312,319.4512939453125,17.873200439353678,0.6296141,0.4205038547515869,1010,3
141,13.966255187988281,429.9649963378906,20.73559732291044,0.5027807,2.972367286682129,1010,4
140,14.067481994628906,499.39715576171875,22.347195702407916,0.42457926,0.4847699701786041,1010,5
139,14.798483848571777,540.1735229492188,23.24163339675632,0.37966293,-0.3340596854686737,1010,6
138,15.446379661560059,594.16064453125,24.375410653592073,0.32070172,-3.1217191219329834,1010,7
144,4.767940521240234,54.48984146118164,7.381723474987507,0.8964984,-0.08678892254829407,1011,1
143,7.9916582107543945,125.59357452392578,11.206853908386858,0.7602542,1.1426891088485718,1011,2
142,9.077836036682129,166.35067749023438,12.897700472961619,0.68184257,-0.025683121755719185,1011,3
141,10.987321853637695,227.4061737060547,15.079992496883236,0.56537354,0.01368009950965643,1011,4
140,11.471084594726562,237.89102172851562,15.423716210061556,0.54609627,-0.22171543538570404,1011,5
139,11.512090682983398,241.8839874267578,15.55261995378135,0.53895426,-0.00610000267624855,1011,6
138,12.900733947753906,293.8212585449219,17.141215200356182,0.4417104,0.317754328250885,1011,7
129,5.961594104766846,63.14179229736328,7.946180988208315,0.8946646,1.833065152168274,1012,1
127,8.607751846313477,131.34156799316406,11.460434895463788,0.77969694,0.5561548471450806,1012,2
126,10.177483558654785,196.6433868408203,14.022959275446118,0.6710888,-1.015040397644043,1012,3
125,11.447112083435059,235.46336364746094,15.344815529926091,0.6079544,1.2119166851043701,1012,4
124,12.589707374572754,279.7677917480469,16.726260542872303,0.53689337,0.6830520033836365,1012,5
123,11.912628173828125,233.72593688964844,15.28809788330937,0.6151283,1.4949499368667603,1012,6
122,11.294951438903809,230.86732482910156,15.19431883399521,0.62057376,0.1884811967611313,1012,7
144,4.942483901977539,52.15786361694336,7.222040128450088,0.8839913,1.1096093654632568,1014,1
143,6.894275188446045,95.50312042236328,9.772569796239026,0.7860875,1.6071873903274536,1014,2
142,8.862876892089844,159.53746032714844,12.630813921800465,0.64075017,1.4644871950149536,1014,3
141,10.71837329864502,223.17050170898438,14.938892251736217,0.49623227,2.22396183013916,1014,4
140,12.227324485778809,293.7099914550781,17.13796929204502,0.337672,1.414189100265503,1014,5
139,12.914322853088379,320.66522216796875,17.907127691731265,0.2776863,1.0940316915512085,1014,6
138,13.069114685058594,326.0074157714844,18.055675444897773,0.2669903,0.5686721801757812,1014,7
144,6.354267597198486,124.72907257080078,11.168217072156182,0.8950945,-0.7555144429206848,1015,1
143,8.630427360534668,205.19525146484375,14.324637917408026,0.8276753,-1.6434763669967651,1015,2
142,9.957047462463379,259.5867004394531,16.111694524147765,0.78245735,-2.8273990154266357,1015,3
141,11.815739631652832,379.88421630859375,19.490618674341608,0.68251264,-2.8599252700805664,1015,4
140,13.416671752929688,525.3428344726562,22.920358515360448,0.56237173,-4.49267053604126,1015,5
139,15.878962516784668,707.2089233398438,26.593399995860697,0.41276926,-4.720098972320557,1015,6
138,17.408092498779297,871.100341796875,29.514409053831233,0.27968752,-5.363335132598877,1015,7
144,4.9376654624938965,58.77790832519531,7.666675180623952,0.8631248,-1.5909942388534546,1016,1
143,6.112139701843262,81.20198059082031,9.011214157416319,0.8094836,-0.0366365909576416,1016,2
142,8.145864486694336,136.3886260986328,11.678554109932993,0.6782141,-0.12471701204776764,1016,3
141,10.070561408996582,186.79566955566406,13.667321228231378,0.5582191,2.8917200565338135,1016,4
140,12.663125038146973,283.33319091796875,16.83250400023623,0.33061135,1.1910542249679565,1016,5
139,12.769185066223145,302.9922790527344,17.406673405700882,0.28489518,1.5885096788406372,1016,6
138,13.574892044067383,355.9027099609375,18.865383907064746,0.1615352,1.2085214853286743,1016,7
144,4.975403785705566,63.28719711303711,7.9553250790295875,0.9265815,-0.857884407043457,1017,1
143,8.831260681152344,191.11276245117188,13.824353961439641,0.7781297,-2.553452253341675,1017,2
142,11.192886352539062,331.98394775390625,18.22042666223561,0.6145048,-3.873795986175537,1017,3
141,13.012073516845703,451.28619384765625,21.243497683942167,0.4768712,-5.113889694213867,1017,4
140,15.141953468322754,608.7962036132812,24.673795889835866,0.29635584,-6.395808219909668,1017,5
139,15.83394718170166,651.9561767578125,25.53343252987762,0.24861813,-5.495616436004639,1017,6
138,16.00811004638672,659.9140014648438,25.688791358583686,0.24225754,-6.454011917114258,1017,7
144,5.450380325317383,60.69887924194336,7.790948545712734,0.8910739,3.7513034343719482,1018,1
143,7.88746976852417,116.4708023071289,10.792163930701243,0.79109985,5.559136867523193,1018,2
142,8.887688636779785,149.62269592285156,12.23203564100643,0.73191035,3.723351240158081,1018,3
141,10.124123573303223,216.2764892578125,14.706341804058972,0.6139073,2.2793595790863037,1018,4
140,11.532074928283691,275.8906555175781,16.609956517630565,0.5090026,1.5529354810714722,1018,5
139,12.594596862792969,334.8826599121094,18.299799450051616,0.40560508,1.0353147983551025,1018,6
138,13.642236709594727,385.2943115234375,19.628915189674583,0.31820267,0.4782745838165283,1018,7
144,5.12611198425293,90.13233184814453,9.493804919427433,0.9384513,-1.0031710863113403,1019,1
143,8.154572486877441,230.48672485351562,15.181789250727848,0.84303486,-3.7757022380828857,1019,2
142,10.096736907958984,315.6669921875,17.767019789134586,0.7856934,-4.5978546142578125,1019,3
141,12.623811721801758,507.70477294921875,22.53230509622171,0.6566926,-4.816627025604248,1019,4
140,13.458104133605957,614.3682861328125,24.78645368205812,0.5863185,-6.792603492736816,1019,5
139,14.316165924072266,622.5420532226562,24.950792637161975,0.58255327,-6.143587589263916,1019,6
138,15.0281982421875,660.5379028320312,25.700931944815373,0.5591892,-4.683961868286133,1019,7
144,5.100376605987549,66.65531158447266,8.164270425731416,0.8780751,-1.0207750797271729,1020,1
143,8.495677947998047,177.01303100585938,13.304624421826396,0.67601776,-0.0018816327210515738,1020,2
142,9.996500968933105,220.9307403564453,14.863739110884762,0.59558785,-0.20661647617816925,1020,3
141,13.080595970153809,356.2568664550781,18.874767984138987,0.35025585,0.4120422899723053,1020,4
140,13.565105438232422,355.8947448730469,18.86517280262884,0.3525657,-0.04891008511185646,1020,5
139,13.453479766845703,403.1683349609375,20.07905214299065,0.26810443,-0.7658796906471252,1020,6
138,13.101274490356445,395.91912841796875,19.8977166634257,0.28306186,-0.903523325920105,1020,7
144,5.781559467315674,114.5355224609375,10.70212700639165,0.898686,-1.9066094160079956,1021,1
143,8.744324684143066,239.18118286132812,15.465483596102908,0.7887901,-2.7588388919830322,1021,2
142,10.09660530090332,328.3421936035156,18.120215054008483,0.7106935,-3.509861707687378,1021,3
141,11.447591781616211,418.67193603515625,20.461474434535656,0.63239527,-2.4668939113616943,1021,4
140,12.945182800292969,532.0909423828125,23.067096531267488,0.5346043,-3.802725315093994,1021,5
139,13.651871681213379,591.0428466796875,24.311372784762433,0.4849766,-4.690245151519775,1021,6
138,15.166595458984375,671.3839721679688,25.911078174556316,0.41758513,-6.069085597991943,1021,7
144,4.498708248138428,55.94894027709961,7.479902424303382,0.8836164,-2.0008058547973633,1022,1
143,7.179954528808594,125.9129409790039,11.221093573221992,0.7373767,-2.4735004901885986,1022,2
142,8.286782264709473,161.93569946289062,12.7253958470018,0.66196924,-2.488119125366211,1022,3
141,9.265701293945312,188.8782958984375,13.743300036688332,0.60632455,-1.4557478427886963,1022,4
140,9.59197998046875,211.91671752929688,14.55735956584493,0.55951524,-1.6939973831176758,1022,5
139,10.497346878051758,241.2245330810547,15.531404736245035,0.4998244,-1.423324704170227,1022,6
138,11.151753425598145,282.3725280761719,16.803943825071894,0.4168883,-2.3288211822509766,1022,7
144,7.623472213745117,290.8869323730469,17.055407716412027,0.78784627,-4.386906147003174,1023,1
143,11.30415153503418,550.400146484375,23.460608399706413,0.60027504,-5.6789093017578125,1023,2
142,12.443947792053223,605.8522338867188,24.614065773185843,0.56194615,-5.982184886932373,1023,3
141,13.576311111450195,681.4492797851562,26.104583501468785,0.5093719,-5.719753265380859,1023,4
140,14.831894874572754,733.1012573242188,27.075842689087604,0.47462177,-5.920501708984375,1023,5
139,15.446961402893066,791.7638549804688,28.138298722212557,0.4351344,-6.276777744293213,1023,6
138,15.645021438598633,819.3634033203125,28.624524508195982,0.4181922,-6.151971817016602,1023,7
144,7.196219444274902,202.45436096191406,14.228645788054253,0.8006425,-3.0779831409454346,1024,1
143,10.881782531738281,441.27911376953125,21.00664451476083,0.5659112,-5.7946062088012695,1024,2
142,12.622039794921875,519.8768310546875,22.800807684261702,0.48943573,-6.028400421142578,1024,3
141,13.072851181030273,465.9327392578125,21.58547519184631,0.5436089,-4.343188285827637,1024,4
140,13.999232292175293,501.50262451171875,22.394254274516907,0.51052636,-4.9891157150268555,1024,5
139,15.239965438842773,609.306396484375,24.68413248393338,0.40731263,-4.558951377868652,1024,6
138,15.487200736999512,607.8572387695312,24.654760975712808,0.41132796,-3.9838008880615234,1024,7
144,2.8590290546417236,15.050761222839355,3.879531057078852,0.35316634,1.021765947341919,1025,1
143,4.076792240142822,27.366436004638672,5.231293913042802,-0.19857025,1.6997098922729492,1025,2
142,4.575398921966553,32.354305267333984,5.688084498962193,-0.4380933,1.887532353401184,1025,3
141,4.636620998382568,33.05378723144531,5.7492423180315955,-0.46542072,1.6461337804794312,1025,4
140,4.935132026672363,37.920536041259766,6.1579652517093475,-0.692912,2.0809104442596436,1025,5
139,5.292746543884277,42.39372253417969,6.511046193522182,-0.8821064,2.55238676071167,1025,6
138,5.2774152755737305,41.60110855102539,6.449892134836473,-0.8361672,1.7603716850280762,1025,7
129,5.598349571228027,62.91593933105469,7.931956841224912,0.9023778,-0.5630924701690674,1026,1
127,8.576733589172363,132.115478515625,11.494149751748713,0.7953452,-1.344504714012146,1026,2
125,10.305246353149414,203.81710815429688,14.276452926210238,0.6843137,-2.028064489364624,1026,3
123,12.073668479919434,306.96575927734375,17.520438330057377,0.5263237,-4.396166801452637,1026,4
121,13.44283390045166,374.00152587890625,19.33911905643342,0.42473012,-5.788638591766357,1026,5
119,15.539419174194336,498.30792236328125,22.32281170379935,0.2368846,-6.197840690612793,1026,6
117,15.059433937072754,512.0889282226562,22.62938196731533,0.2208144,-5.034819602966309,1026,7
129,4.828327655792236,53.69335174560547,7.32757475196299,0.9224778,-0.23551006615161896,1027,1
127,6.997237205505371,115.65707397460938,10.754397889915055,0.8339654,-0.5561428666114807,1027,2
125,9.934465408325195,261.6661682128906,16.176098670967935,0.6268289,-3.839782238006592,1027,3
123,11.375259399414062,307.34771728515625,17.53133529669535,0.5654671,-0.9233402013778687,1027,4
121,12.54560661315918,381.2953796386719,19.526786208658912,0.46667516,-3.5466105937957764,1027,5
119,13.046867370605469,420.6346435546875,20.509379404425857,0.41736907,-5.3796210289001465,1027,6
117,15.13753604888916,578.1484375,24.04471745519169,0.2063812,-8.662622451782227,1027,7
144,4.176526069641113,36.733097076416016,6.060783536508792,0.9226826,0.2808068096637726,1028,1
143,7.2842206954956055,112.71136474609375,10.616560871868712,0.76132846,-0.3121965229511261,1028,2
142,8.37359619140625,161.81285095214844,12.720568027888866,0.6561706,-0.020443715155124664,1028,3
141,9.90315055847168,227.04835510253906,15.06812380830935,0.5174007,-0.7102667689323425,1028,4
140,11.393420219421387,298.67919921875,17.282337782220033,0.3662405,-1.7265472412109375,1028,5
139,12.450798034667969,349.8857116699219,18.70523220037436,0.25838387,-1.8293869495391846,1028,6
138,13.365025520324707,389.2501220703125,19.729422750559948,0.17727768,-3.3955516815185547,1028,7
144,4.377205848693848,41.83795166015625,6.468226314852956,0.9231779,0.2725088894367218,1029,1
143,6.862237930297852,110.080078125,10.491905361992167,0.7969669,-0.7909363508224487,1029,2
142,8.305267333984375,164.793212890625,12.837180877849505,0.69526744,-0.5354306697845459,1029,3
141,9.872176170349121,238.73182678222656,15.450949057654244,0.5586874,-1.203202486038208,1029,4
140,11.257291793823242,290.597900390625,17.0469322867965,0.463853,-0.6267309188842773,1029,5
139,11.386224746704102,316.2447814941406,17.78327251925642,0.4172709,-1.739520788192749,1029,6
138,11.869123458862305,312.17626953125,17.668510676660045,0.42641008,-3.0121238231658936,1029,7
144,3.9047088623046875,27.803489685058594,5.2729014484492875,0.8996257,0.6728500723838806,1031,1
143,5.8446269035339355,59.25076675415039,7.697451965043393,0.7843272,1.5678694248199463,1031,2
142,7.1380391120910645,90.16239929199219,9.495388317072251,0.6702438,1.503662109375,1031,3
141,7.797876834869385,103.75785827636719,10.186160134043014,0.6198822,2.1381025314331055,1031,4
140,8.45099925994873,143.6314239501953,11.984632825005333,0.47432804,-0.4106386601924896,1031,5
139,8.76023006439209,143.2016143798828,11.966687694591299,0.47621417,0.12530560791492462,1031,6
138,9.653803825378418,165.87953186035156,12.879422807732945,0.39517975,-0.11486086994409561,1031,7
144,4.137895584106445,30.06453514099121,5.483113635608076,0.8007053,0.19979143142700195,1032,1
143,6.941197395324707,81.6062240600586,9.033616333454647,0.4451781,1.7868096828460693,1032,2
142,7.474772930145264,97.44477844238281,9.871412180756247,0.3270713,0.6611722111701965,1032,3
141,8.228562355041504,112.32636260986328,10.598413211885225,0.2198863,-0.9519690275192261,1032,4
140,8.1546049118042,110.48330688476562,10.511103980304144,0.2317093,-0.28984978795051575,1032,5
139,8.277294158935547,109.5788803100586,10.46799313670288,0.23621476,-0.6894925832748413,1032,6
138,8.295289039611816,127.86959075927734,11.307943701631935,0.11090428,-2.5495264530181885,1032,7
144,3.5035459995269775,19.42333221435547,4.407190966404277,0.84423965,0.1349480152130127,1033,1
143,5.538110733032227,52.90781784057617,7.273776037284636,0.56606096,1.0013147592544556,1033,2
142,6.6859354972839355,75.61453247070312,8.695661704016729,0.3713649,-0.42485326528549194,1033,3
141,8.01349925994873,100.45320892333984,10.022634829391912,0.15997154,1.6678650379180908,1033,4
140,8.315488815307617,107.88252258300781,10.386651172683514,0.0963307,-0.7372588515281677,1033,5
139,8.88094711303711,116.68649291992188,10.802152235546483,0.020681322,0.13014298677444458,1033,6
138,9.040482521057129,112.86817932128906,10.623943680257772,0.05529636,2.781744956970215,1033,7
121,4.171241760253906,29.446386337280273,5.426452463376075,0.8679085,0.10087216645479202,1034,1
119,5.87954568862915,59.053802490234375,7.68464719360846,0.7361399,1.9026907682418823,1034,2
117,7.570144176483154,92.39961242675781,9.612471712663597,0.58999896,0.776329517364502,1034,3
115,8.723077774047852,115.814453125,10.761712369553463,0.4900074,2.1951277256011963,1034,4
113,9.993529319763184,141.9547576904297,11.914476811443702,0.3803115,2.766695499420166,1034,5
111,9.315363883972168,131.94247436523438,11.486621538347748,0.4320827,2.0217654705047607,1034,6
109,9.848106384277344,132.81549072265625,11.52456032665265,0.43716604,3.089599847793579,1034,7
142,3.4187166690826416,21.420856475830078,4.628267113707903,0.9097507,0.881056547164917,1035,1
141,5.624453544616699,53.74445724487305,7.331061126799656,0.7710463,0.44895362854003906,1035,2
140,6.726853847503662,83.11954498291016,9.116992101724678,0.6438581,-0.13666708767414093,1035,3
139,7.764639854431152,110.10816192626953,10.49324363227451,0.52740335,-0.4081348478794098,1035,4
138,8.048168182373047,122.15811920166016,11.052516419425043,0.47615403,-0.6661252975463867,1035,5
137,8.866819381713867,150.719970703125,12.276806209398478,0.3536982,-0.3924524784088135,1035,6
136,8.451478958129883,135.3328857421875,11.633266340206756,0.42139763,-1.200805902481079,1035,7
144,5.182645320892334,42.51597595214844,6.520427589671435,0.7592321,-0.13021665811538696,1036,1
143,9.332518577575684,124.64520263671875,11.164461591886944,0.2878186,1.9687005281448364,1036,2
142,8.769271850585938,123.63613891601562,11.119178877777605,0.29299754,-0.5894938707351685,1036,3
141,9.661300659179688,140.1437530517578,11.838232682784952,0.19865412,2.017047643661499,1036,4
140,9.598878860473633,144.17784118652344,12.007407762982126,0.17767453,0.9476606249809265,1036,5
139,9.840982437133789,140.00567626953125,11.832399429935217,0.20293546,0.16128253936767578,1036,6
138,9.597538948059082,144.45558166503906,12.018967578999415,0.18277073,-2.78230357170105,1036,7
144,5.1400628089904785,44.100250244140625,6.640801927790093,0.722556,0.8380512595176697,1037,1
143,7.840712547302246,99.41129302978516,9.970521201511241,0.36153847,2.7508504390716553,1037,2
142,9.888859748840332,145.8211212158203,12.075641648203225,0.056202292,3.3065316677093506,1037,3
141,12.362384796142578,237.5875701904297,15.413875897723768,-0.530439,6.297764301300049,1037,4
140,13.956104278564453,291.0867919921875,17.061265837920335,-0.8626673,7.704814910888672,1037,5
139,16.014331817626953,398.5504150390625,19.963727483590397,-1.5329058,10.09485149383545,1037,6
138,15.560911178588867,382.9221496582031,19.568396706378454,-1.4172087,9.364392280578613,1037,7
129,4.005686283111572,32.058143615722656,5.661991135256453,0.8749413,1.4814825057983398,1038,1
127,6.266331672668457,70.39949798583984,8.39044086957532,0.72271997,2.361607074737549,1038,2
125,7.49157190322876,109.58293914794922,10.46818700386792,0.5671905,0.8789361119270325,1038,3
123,9.279351234436035,153.36741638183594,12.384159898105157,0.39715028,0.8335310220718384,1038,4
121,10.365249633789062,180.41680908203125,13.431932440346447,0.29640698,0.6737969517707825,1038,5
119,11.450786590576172,228.2528839111328,15.108040372964748,0.11389333,0.10961801558732986,1038,6
117,11.08598518371582,215.01031494140625,14.663230030979063,0.17196125,-0.8727196455001831,1038,7
144,4.000833511352539,23.605051040649414,4.858502962914545,0.75917405,1.6834226846694946,1039,1
143,6.2056498527526855,57.442623138427734,7.579091181561793,0.40219182,2.0435495376586914,1039,2
142,6.959042072296143,76.35832977294922,8.738325341445535,0.19681317,2.1099038124084473,1039,3
141,7.752660274505615,88.63965606689453,9.414863571337321,0.06319928,2.143698215484619,1039,4
140,8.893404960632324,114.20970153808594,10.686893914420875,-0.2090702,4.419281005859375,1039,5
139,8.931726455688477,111.01496124267578,10.536363758084464,-0.17693043,3.6414554119110107,1039,6
138,8.464248657226562,106.89385986328125,10.338948682689225,-0.12719774,3.2396280765533447,1039,7
144,4.133179664611816,26.754409790039062,5.172466509320197,0.74794996,1.148772120475769,1040,1
143,5.777944564819336,51.3704719543457,7.167319718998567,0.5093775,1.5349018573760986,1040,2
142,7.269444465637207,79.70215606689453,8.927606401880324,0.23372829,0.76422518491745,1040,3
141,7.652938365936279,94.26214599609375,9.708869449945949,0.09068084,1.5232696533203125,1040,4
140,8.69678020477295,111.54825592041016,10.561640777853134,-0.07745433,0.9412493109703064,1040,5
139,9.015227317810059,122.76232147216797,11.079815949381468,-0.18571532,1.5881975889205933,1040,6
138,8.135872840881348,108.82249450683594,10.43180207379511,-0.044828534,0.5085148215293884,1040,7
114,4.959946155548096,39.41478729248047,6.278119725879753,0.5758531,2.039177179336548,1041,1
111,7.475025653839111,85.33491516113281,9.237689925578408,0.060166657,4.457189559936523,1041,2
108,6.918924808502197,75.90505981445312,8.712350992381626,0.16284353,1.6984840631484985,1041,3
105,7.5493903160095215,91.76901245117188,9.579614420798567,-0.011906266,1.6942989826202393,1041,4
103,8.012186050415039,102.1117935180664,10.10503802655222,-0.11399436,2.1459391117095947,1041,5
101,8.58312702178955,114.7833251953125,10.713698016805985,-0.24626124,2.7850124835968018,1041,6
99,8.208070755004883,105.69871520996094,10.280988046387415,-0.14672244,1.034635066986084,1041,7
144,3.8865137100219727,23.65149688720703,4.8632804656123865,0.8059452,-0.13026268780231476,1042,1
143,5.833281993865967,55.098934173583984,7.422865630845273,0.54126537,0.197727769613266,1042,2
142,6.43185567855835,68.8057861328125,8.294925324125137,0.4231996,0.4067031443119049,1042,3
141,7.166731834411621,82.28645324707031,9.071188083546184,0.308542,0.377128541469574,1042,4
140,7.8614630699157715,93.69308471679688,9.679518826718448,0.2135278,-1.5703181028366089,1042,5
139,8.086057662963867,101.12471008300781,10.056078265556996,0.15161037,-2.605509042739868,1042,6
138,8.521693229675293,114.3293228149414,10.692489084162837,0.045684397,-3.2571797370910645,1042,7
144,7.927088260650635,93.81021881103516,9.685567552344837,0.78923595,3.390981674194336,1043,1
143,11.530292510986328,191.5304718017578,13.839453450254378,0.5715152,3.8634352684020996,1043,2
142,12.476977348327637,236.26768493652344,15.371001429201788,0.4745078,-0.5258604288101196,1043,3
141,14.393340110778809,315.3050842285156,17.7568320437097,0.30346048,0.4463973939418793,1043,4
140,13.090424537658691,263.5440979003906,16.23404132988427,0.42193276,-0.622665524482727,1043,5
139,14.775050163269043,327.84259033203125,18.106424007297278,0.28603333,-0.1271265745162964,1043,6
138,14.537123680114746,300.2684631347656,17.32825620582653,0.3504386,1.4991610050201416,1043,7
114,6.5946526527404785,67.95868682861328,8.243705891685686,0.558653,1.0934057235717773,1045,1
111,9.704339027404785,156.09439086914062,12.493774084284565,-0.053836465,2.056863784790039,1045,2
108,10.455229759216309,176.2906036376953,13.27744718075336,-0.21886659,1.774643898010254,1045,3
105,11.239580154418945,209.51287841796875,14.474559696860169,-0.5587611,0.9727527499198914,1045,4
103,10.535637855529785,194.55157470703125,13.948174601252711,-0.4303329,1.4745720624923706,1045,5
101,11.75589656829834,206.42745971679688,14.367583642241199,-0.49544835,2.360581874847412,1045,6
99,10.268760681152344,179.22950744628906,13.387662508678991,-0.28985417,1.4036017656326294,1045,7
144,4.80087947845459,36.39837646484375,6.033106700933089,0.8057506,0.9284660816192627,1046,1
143,6.917604923248291,79.63054656982422,8.92359493532871,0.5702047,1.0066779851913452,1046,2
142,7.561948299407959,91.76653289794922,9.579485001708036,0.50197196,0.7666394114494324,1046,3
141,9.5963134765625,140.44073486328125,11.850769378537464,0.23773932,1.9241327047348022,1046,4
140,8.543242454528809,119.71647644042969,10.94150247637086,0.35293472,-0.3024483919143677,1046,5
139,9.441805839538574,139.1943817138672,11.798066863425856,0.25016397,0.8882669806480408,1046,6
138,10.549394607543945,165.728271484375,12.873549296304224,0.1112259,3.962202548980713,1046,7
117,5.084867000579834,39.7795524597168,6.307103333521403,0.8250892,1.5431338548660278,1047,1
115,8.436344146728516,107.59976959228516,10.37303087782376,0.5343436,1.3847850561141968,1047,2
113,8.767038345336914,118.79906463623047,10.899498366265783,0.49312615,2.3841323852539062,1047,3
111,11.149765014648438,193.57672119140625,13.913185156225236,0.18370897,6.954181671142578,1047,4
109,10.876751899719238,173.51805114746094,13.17262506668511,0.27374744,5.400654315948486,1047,5
107,12.858391761779785,226.0253143310547,15.034138296924592,0.053441048,8.114007949829102,1047,6
105,9.107983589172363,139.1473846435547,11.796074967698141,0.4144796,-0.160655677318573,1047,7
144,8.559535026550293,108.68485260009766,10.42520276062282,0.80250275,1.5795621871948242,1048,1
143,11.818410873413086,210.3934783935547,14.504946687029038,0.6195338,1.1420477628707886,1048,2
142,12.888140678405762,264.0138854980469,16.248504100317877,0.52543235,-0.9137341976165771,1048,3
141,14.989748001098633,333.3866271972656,18.258878037745518,0.40482813,0.5764907002449036,1048,4
140,14.613042831420898,320.7458190917969,17.909377964960058,0.43144673,0.37450191378593445,1048,5
139,15.77069091796875,361.6812744140625,19.017919823525983,0.36346316,0.20984414219856262,1048,6
138,16.326847076416016,388.4220275878906,19.70842529447471,0.32094175,-0.5872654318809509,1048,7
144,5.790809631347656,50.87561798095703,7.13271462915467,0.7808862,1.2654656171798706,1049,1
143,7.940179347991943,98.47461700439453,9.923437761400761,0.5731846,1.099987268447876,1049,2
142,9.045855522155762,119.95723724365234,10.952499132328308,0.4795422,0.04610572010278702,1049,3
141,9.053080558776855,125.60344696044922,11.207294363959983,0.45699716,-0.8948256969451904,1049,4
140,8.283295631408691,103.96661376953125,10.196402001173318,0.5527063,-0.22067227959632874,1049,5
139,9.012286186218262,124.8021011352539,11.171486075507318,0.46492088,0.5514141321182251,1049,6
138,9.178218841552734,132.9222412109375,11.529190830710432,0.43312055,-0.8710313439369202,1049,7
129,5.489558696746826,44.43901443481445,6.666259403504671,0.71414065,-0.3585259020328522,1050,1
127,7.85530424118042,85.10596466064453,9.225289407961386,0.44718468,-0.7500507235527039,1050,2
125,8.711507797241211,112.56381225585938,10.609609429939416,0.261554,-2.9443469047546387,1050,3
123,8.318330764770508,105.58356475830078,10.275386355670564,0.30263758,-4.008068084716797,1050,4
121,9.055992126464844,126.37859344482422,11.241823403915586,0.16838896,-4.8105316162109375,1050,5
119,9.378531455993652,134.2327880859375,11.585887453533177,0.12691057,-5.174742698669434,1050,6
117,10.08724594116211,149.202880859375,12.214863112592585,0.041157246,-4.616794109344482,1050,7
144,4.7907185554504395,36.17133331298828,6.014260828479945,0.6916125,0.042609214782714844,1051,1
143,7.536718368530273,84.38736724853516,9.186259698513599,0.27439576,-0.3749670684337616,1051,2
142,7.864063739776611,91.779541015625,9.580163934694697,0.21025991,-1.614614725112915,1051,3
141,8.017964363098145,93.76525115966797,9.683245899989732,0.19428396,-2.1130998134613037,1051,4
140,7.7104082107543945,87.31822204589844,9.344421974948393,0.25283515,-1.321686863899231,1051,5
139,8.17894172668457,91.23666381835938,9.55178851411396,0.22194463,-1.668972134590149,1051,6
138,8.08535385131836,95.21623229980469,9.757880522931437,0.19359338,-1.76304030418396,1051,7
144,5.376241207122803,44.97549057006836,6.7063768586374835,0.66948617,1.1233501434326172,1052,1
143,7.740908622741699,90.33907318115234,9.504686906003393,0.33492625,1.613715410232544,1052,2
142,8.485390663146973,110.06775665283203,10.491318156115181,0.19259703,0.009176361374557018,1052,3
141,8.70150089263916,109.9677963256836,10.486553119385015,0.19652939,-0.4642776548862457,1052,4
140,8.865063667297363,114.51335906982422,10.701091489648345,0.16756415,-1.4054999351501465,1052,5
139,9.154891014099121,124.08678436279297,11.139424777015776,0.101231515,-1.2831746339797974,1052,6
138,9.086398124694824,127.2850570678711,11.282067942884899,0.08451396,-0.8086157441139221,1052,7
129,7.140075206756592,72.45664978027344,8.512147189767893,0.6097951,2.099026679992676,1053,1
127,10.011212348937988,135.81060791015625,11.653780841862277,0.27697718,2.142578125,1053,2
125,10.916993141174316,158.7916259765625,12.601254936575266,0.16296023,2.648963689804077,1053,3
123,11.747982025146484,192.1431427001953,13.86157071547793,-0.0054244995,2.9198427200317383,1053,4
121,11.867074966430664,187.62994384765625,13.697807994261574,0.03193289,1.6003586053848267,1053,5
119,11.285082817077637,169.6319580078125,13.024283397093772,0.13002574,2.4854114055633545,1053,6
117,11.11768627166748,159.53761291503906,12.630819962102185,0.17762488,1.3423068523406982,1053,7
144,4.544957160949707,33.098236083984375,5.753106646324608,0.6752131,0.0068846940994262695,1054,1
143,7.094917297363281,77.73322296142578,8.816644654369698,0.2310462,0.7647437453269958,1054,2
142,7.732274055480957,91.66144561767578,9.573998413289809,0.09427041,0.019498422741889954,1054,3
141,8.017745971679688,98.92249298095703,9.945978734189865,0.024677873,0.498108446598053,1054,4
140,8.843693733215332,119.37284851074219,10.925788232925905,-0.17041135,-1.132078766822815,1054,5
139,8.619964599609375,122.55117797851562,11.070283554566958,-0.1981057,-1.4016519784927368,1054,6
138,8.703001022338867,126.58905029296875,11.251179951141513,-0.23118937,-1.256637692451477,1054,7
144,5.3827033042907715,50.316551208496094,7.093416046482547,0.6855941,-1.065468192100525,1055,1
143,8.845757484436035,126.88362884521484,11.264263351201215,0.20406353,-3.2944445610046387,1055,2
142,9.766725540161133,157.59088134765625,12.553520675398445,0.014401674,-3.1824023723602295,1055,3
141,9.95312213897705,157.96945190429688,12.568589893233723,0.015929878,-3.3611509799957275,1055,4
140,10.792572975158691,182.71109008789062,13.517066622899016,-0.13041055,-3.7806828022003174,1055,5
139,10.280637741088867,164.77099609375,12.83631551862722,-0.015415311,-4.2616095542907715,1055,6
138,10.85673999786377,192.49388122558594,13.874216418435527,-0.1858517,-6.075010299682617,1055,7
144,5.800453186035156,60.15394592285156,7.755897493059818,0.60631335,0.9614842534065247,1056,1
143,8.222914695739746,108.49726867675781,10.416202219463571,0.2866007,-0.007545257918536663,1056,2
142,8.98128890991211,132.13809204101562,11.49513340683855,0.13343126,-0.10267230868339539,1056,3
141,9.268232345581055,136.23484802246094,11.671968472475452,0.109951615,-1.3983654975891113,1056,4
140,10.060261726379395,153.30670166015625,12.381708349826216,0.005039692,-0.8564145565032959,1056,5
139,9.202513694763184,139.41563415527344,11.807439779870716,0.09868634,-0.30835849046707153,1056,6
138,9.405291557312012,143.66909790039062,11.98620448267051,0.07139099,-0.6576959490776062,1056,7
144,4.4833550453186035,31.07301139831543,5.5743171239458045,0.6784899,-0.48569950461387634,1057,1
143,6.854586124420166,80.93434143066406,8.996351562198093,0.15289944,1.5698001384735107,1057,2
142,7.778785228729248,103.595458984375,10.178185446550629,-0.08409369,1.879423975944519,1057,3
141,7.999982833862305,101.68474578857422,10.083885450984369,-0.0625,0.43670031428337097,1057,4
140,8.399005889892578,110.15938568115234,10.495684145454852,-0.14381814,-0.15313121676445007,1057,5
139,8.807778358459473,123.48998260498047,11.112604672397037,-0.2817266,-0.01091168075799942,1057,6
138,8.180779457092285,106.06465911865234,10.298769786661529,-0.09414506,-1.7188630104064941,1057,7
135,5.196121692657471,41.761104583740234,6.462283233017587,0.43884498,1.6005843877792358,1058,1
134,7.3994879722595215,84.70655822753906,9.203616584122736,-0.13236201,3.2370970249176025,1058,2
133,6.884341239929199,75.68567657470703,8.699751523733712,-0.016242146,2.2159042358398438,1058,3
132,6.594313621520996,73.57870483398438,8.577803030729044,0.0018514991,1.916711688041687,1058,4
131,6.490721225738525,67.44343566894531,8.21239524553862,0.067380905,1.7685279846191406,1058,5
130,6.661113262176514,68.86463165283203,8.298471645600292,0.044559956,3.0846753120422363,1058,6
129,6.699333190917969,74.0705795288086,8.606426641110037,-0.026695251,2.599709987640381,1058,7
129,7.353997707366943,87.7370834350586,9.366807536992452,0.2818908,-5.030582904815674,1059,1
127,8.524802207946777,106.92969512939453,10.340681560196819,0.09374797,-3.913792133331299,1059,2
125,8.947558403015137,117.80935668945312,10.854001874398822,-0.022908568,-3.924386978149414,1059,3
123,8.539363861083984,118.92647552490234,10.905341605144809,-0.049180627,-3.4523544311523438,1059,4
121,10.061558723449707,149.14645385742188,12.21255312608391,-0.3350737,-4.015104293823242,1059,5
119,9.543415069580078,135.41085815429688,11.636617126738203,-0.2187717,-4.123106479644775,1059,6
117,10.3111572265625,156.07542419433594,12.493015016173475,-0.39039636,-4.8872971534729,1059,7
144,4.391804218292236,32.74899673461914,5.722673914755159,0.5397944,1.2174019813537598,1061,1
143,7.512762069702148,81.1865463256836,9.010357724623567,-0.16920543,4.626494884490967,1061,2
142,9.061731338500977,114.16638946533203,10.684867311545428,-0.66535974,5.580861568450928,1061,3
141,8.447408676147461,103.84244537353516,10.19031134821381,-0.5278474,4.911880970001221,1061,4
140,8.523656845092773,107.39242553710938,10.363031676932643,-0.5854796,4.496628284454346,1061,5
139,8.344874382019043,105.72747802734375,10.282386786507486,-0.5668534,3.4473912715911865,1061,6
138,8.269777297973633,100.47063446044922,10.02350410088454,-0.48317266,2.6392507553100586,1061,7
144,4.779990196228027,36.4166259765625,6.034618958688485,0.62882745,1.2826287746429443,1062,1
143,6.788093566894531,71.61141204833984,8.462352630819625,0.26060277,2.6632139682769775,1062,2
142,6.4771013259887695,66.84630584716797,8.175959016969689,0.30637842,0.38682040572166443,1062,3
141,7.712617874145508,89.17072296142578,9.443025095880333,0.07210523,0.8992176055908203,1062,4
140,7.92052698135376,92.59703063964844,9.622735091420132,0.03779185,1.1393258571624756,1062,5
139,8.407811164855957,106.3831558227539,10.314221047793861,-0.10402429,2.161055088043213,1062,6
138,8.539764404296875,104.87781524658203,10.240987025017755,-0.08205652,1.0556013584136963,1062,7
129,5.150102138519287,43.25225830078125,6.576644912170738,0.57207865,1.5317047834396362,1063,1
127,8.481986045837402,111.46559143066406,10.557726622273568,-0.10330391,4.543003082275391,1063,2
125,8.271160125732422,103.91352081298828,10.19379815441665,-0.026426911,3.98934006690979,1063,3
123,11.774576187133789,215.25650024414062,14.671622277176462,-1.1247845,9.448530197143555,1063,4
121,9.969856262207031,143.6878662109375,11.986987370100024,-0.40060258,5.508280277252197,1063,5
119,11.612903594970703,199.54066467285156,14.125886332292625,-0.92855155,8.206694602966309,1063,6
117,11.503204345703125,185.07992553710938,13.60440831264298,-0.82005835,6.482860565185547,1063,7
144,4.323641300201416,30.823768615722656,5.551915760863331,0.57187855,1.4303946495056152,1064,1
143,6.327120304107666,68.22051239013672,8.259570956783211,0.024749339,3.7838830947875977,1064,2
142,6.771143913269043,71.9451904296875,8.48205107445643,-0.04634738,3.657737970352173,1064,3
141,7.193410396575928,79.38845825195312,8.910020103902859,-0.16854644,2.987049102783203,1064,4
140,7.628023624420166,85.42621612548828,9.242630368325257,-0.26300073,2.949690580368042,1064,5
139,7.32545280456543,76.83890533447266,8.765780360839111,-0.14210415,1.4672666788101196,1064,6
138,8.051414489746094,95.32221221923828,9.763309491112032,-0.41318178,1.913525104522705,1064,7
144,4.565016746520996,34.26210403442383,5.853383981460966,0.5907458,0.21176402270793915,1065,1
143,6.565958499908447,64.64717864990234,8.040346923479257,0.21471983,1.1805720329284668,1065,2
142,6.4273457527160645,68.05470275878906,8.249527426391712,0.16894764,0.23734638094902039,1065,3
141,6.684207439422607,74.479736328125,8.630164327990807,0.089704454,-0.18427950143814087,1065,4
140,6.911527633666992,78.9404296875,8.884842693458337,0.03736794,-0.15438243746757507,1065,5
139,6.238997936248779,64.45793151855469,8.028569705654593,0.21248376,-0.5076020359992981,1065,6
138,7.51269006729126,88.04020690917969,9.382974310376198,-0.06910527,-0.3850622773170471,1065,7
144,4.6195549964904785,34.57797622680664,5.880304093055617,0.6653639,0.4236597418785095,1066,1
143,7.282166957855225,82.19397735595703,9.06608941914633,0.19499564,1.985079050064087,1066,2
142,7.543585777282715,87.54563903808594,9.356582658112199,0.14022678,1.6195651292800903,1066,3
141,7.911096572875977,98.65141296386719,9.932341766364425,0.03116715,2.975036144256592,1066,4
140,7.474150657653809,88.2159652709961,9.392335453495903,0.13613147,1.5193450450897217,1066,5
139,7.2726969718933105,83.15955352783203,9.11918601234957,0.18632358,1.1195851564407349,1066,6
138,8.009269714355469,105.85018157958984,10.288351742606288,-0.029370189,0.2737709879875183,1066,7
144,5.771026134490967,55.71195602416992,7.4640442137067975,0.3634888,2.7424299716949463,1068,1
143,7.865424633026123,93.46043395996094,9.667493675196324,-0.082868576,4.231927394866943,1068,2
142,8.706097602844238,117.9767837524414,10.86171182422188,-0.37170434,4.670023441314697,1068,3
141,8.86826229095459,117.5655746459961,10.842766005314147,-0.3673874,3.6893842220306396,1068,4
140,8.934964179992676,121.23155975341797,11.010520412469974,-0.40605772,4.991439342498779,1068,5
139,8.117454528808594,102.01123046875,10.100060914110864,-0.18278956,3.415595293045044,1068,6
138,8.594954490661621,117.32880401611328,10.831842134009953,-0.35213506,3.175236701965332,1068,7
129,5.877140045166016,56.814823150634766,7.537560822350607,0.48045337,2.4282217025756836,1069,1
127,8.733694076538086,127.25650024414062,11.280802287255133,-0.1712116,3.912961483001709,1069,2
125,8.10607624053955,116.34405517578125,10.786290148877939,-0.06860781,1.604804515838623,1069,3
123,9.268600463867188,136.39183044433594,11.67869129844333,-0.2463206,4.547752380371094,1069,4
121,9.196747779846191,139.9954071044922,11.8319654793484,-0.2748741,3.939204216003418,1069,5
119,8.794092178344727,131.0153350830078,11.446193038867019,-0.19590187,2.590883493423462,1069,6
117,9.06509017944336,125.6447982788086,11.209139051631423,-0.13084376,2.655677556991577,1069,7
129,4.259792327880859,26.34228515625,5.132473590409404,0.53763235,0.8093594908714294,1070,1
127,5.129011154174805,38.27812576293945,6.186931853749438,0.26473528,0.42531657218933105,1070,2
125,5.366482257843018,41.79986572265625,6.465281565613075,0.13587976,1.4104294776916504,1070,3
123,5.5159382820129395,46.50977325439453,6.819807420623733,0.030990422,-0.2725948691368103,1070,4
121,5.589111804962158,48.52341079711914,6.965874733091254,-0.008898258,1.1320867538452148,1070,5
119,6.999700546264648,77.75570678710938,8.817919640545007,-0.62696254,5.25169563293457,1070,6
117,6.282321929931641,62.42585754394531,7.901003578276959,-0.31846035,3.553332567214966,1070,7
140,7.00239896774292,80.6996078491211,8.983296045946672,0.54899716,2.3906490802764893,1071,1
139,11.587126731872559,218.97898864746094,14.797938662106318,-0.218629,6.374789237976074,1071,2
138,11.927464485168457,219.71473693847656,14.822777639109228,-0.214185,6.358317852020264,1071,3
137,12.642348289489746,253.85609436035156,15.932862089416062,-0.39470184,6.712290287017822,1071,4
136,11.655027389526367,201.63565063476562,14.199846852510968,-0.10033035,4.884573936462402,1071,5
135,10.969643592834473,164.59585571289062,12.829491638911131,0.108109295,3.6793742179870605,1071,6
134,12.108306884765625,203.14808654785156,14.253002720404272,-0.09419751,5.621232509613037,1071,7
129,6.570713520050049,71.67595672607422,8.466165408617659,0.46226794,-3.0318350791931152,1072,1
127,8.110100746154785,97.60614013671875,9.87958198188156,0.26876318,1.0280743837356567,1072,2
125,8.767608642578125,111.27836608886719,10.548856150733462,0.17381632,0.21672114729881287,1072,3
123,8.754258155822754,108.78640747070312,10.430072265842798,0.19996643,1.1629283428192139,1072,4
121,8.931334495544434,124.75274658203125,11.169276905065576,0.094908535,-1.2861427068710327,1072,5
119,8.540590286254883,109.1257553100586,10.446327359893457,0.21804178,-1.1097395420074463,1072,6
117,8.827969551086426,114.04737854003906,10.679296724973938,0.19357526,0.7070574164390564,1072,7
144,4.279510498046875,28.97711944580078,5.383039981813323,0.61810064,0.729574978351593,1073,1
143,6.102635383605957,56.65422821044922,7.526900305600521,0.256373,1.5839639902114868,1073,2
142,6.79986047744751,67.68653869628906,8.227182913749338,0.11628801,2.510030746459961,1073,3
141,7.580376625061035,80.26624298095703,8.959142982504355,-0.0413301,3.438957929611206,1073,4
140,7.778861999511719,86.32748413085938,9.291258479391226,-0.11284256,3.375992774963379,1073,5
139,7.025638580322266,71.25659942626953,8.441362415289936,0.08556312,1.797137975692749,1073,6
138,6.8544464111328125,71.8929214477539,8.47896936235495,0.08400577,1.4106204509735107,1073,7
129,4.871445655822754,38.34806442260742,6.192581402178531,0.60929894,0.1903267800807953,1074,1
127,6.788076877593994,66.17037963867188,8.134517787716238,0.3280974,2.0372724533081055,1074,2
125,7.6545891761779785,80.00440216064453,8.944517994875103,0.19401574,2.8563859462738037,1074,3
123,8.588119506835938,108.38511657714844,10.410817286704653,-0.08204031,4.307187080383301,1074,4
121,8.775850296020508,105.84461212158203,10.288081070908317,-0.048075676,4.682529449462891,1074,5
119,9.361946105957031,119.76748657226562,10.94383326683414,-0.20643342,4.410287857055664,1074,6
117,8.763579368591309,109.50357055664062,10.464395374633005,-0.17618585,2.795614719390869,1074,7
144,4.756204605102539,36.32217025756836,6.026787722955601,0.63348114,-0.5010073184967041,1075,1
143,6.476064682006836,63.691959381103516,7.98072423913416,0.35441905,0.017357125878334045,1075,2
142,7.514815330505371,82.9230728149414,9.106210672664092,0.1605975,1.1465747356414795,1075,3
141,7.700708866119385,87.49658966064453,9.353961174852317,0.117189765,2.0929534435272217,1075,4
140,7.08225154876709,78.28441619873047,8.847848111192375,0.21408701,-0.1806386560201645,1075,5
139,7.759260654449463,87.38875579833984,9.348195323073853,0.12589753,1.5195070505142212,1075,6
138,7.945087909698486,90.80225372314453,9.529021656137871,0.09806353,1.2684259414672852,1075,7
129,5.120392799377441,41.90567398071289,6.473459197423963,0.6302928,0.3505461812019348,1076,1
127,7.1828837394714355,79.7964859008789,8.932887881356113,0.29219222,1.1351840496063232,1076,2
125,7.72269344329834,91.11557006835938,9.545447609638815,0.19860691,0.6031575798988342,1076,3
123,7.412585735321045,85.18790435791016,9.229729376201133,0.25940073,-0.8568403124809265,1076,4
122,7.867964744567871,93.65809631347656,9.67771131587818,0.19104981,0.7144290208816528,1076,5
121,8.273303985595703,102.34304809570312,10.11647409405585,0.1223799,1.39627206325531,1076,6
120,8.674931526184082,108.5657730102539,10.419490055192428,0.07451844,2.3620615005493164,1076,7
144,4.8433403968811035,39.11643600463867,6.254313391943089,0.64410377,0.16389364004135132,1077,1
143,6.995089054107666,74.53929138183594,8.633614039429602,0.31686056,0.6141403317451477,1077,2
142,7.739981651306152,87.3916015625,9.34834753111479,0.19896781,1.0483088493347168,1077,3
141,8.295461654663086,104.21857452392578,10.208749900155542,0.047249734,-0.0010451729176566005,1077,4
140,8.270544052124023,110.1631851196289,10.495865143933058,-0.0020754337,-2.4369919300079346,1077,5
139,7.8384928703308105,103.15255737304688,10.156404746417252,0.065051556,-2.65203595161438,1077,6
138,8.680927276611328,109.94717407226562,10.485569801983372,0.010208547,0.09880911558866501,1077,7
144,3.2255406379699707,19.133331298828125,4.374166354727278,0.21910065,0.9441545009613037,1078,1
143,4.526357650756836,32.67264175415039,5.715998753861864,-0.35979474,1.5032343864440918,1078,2
142,5.456314563751221,48.83489227294922,6.988196639545085,-1.0454941,2.1579811573028564,1078,3
141,5.329944133758545,46.48907470703125,6.81828972008606,-0.9411789,2.3305270671844482,1078,4
140,5.803807735443115,56.382179260253906,7.508806780058594,-1.3557229,3.0259907245635986,1078,5
139,5.283780097961426,47.12177658081055,6.864530324851843,-0.95861804,2.733417510986328,1078,6
138,5.445101261138916,49.352752685546875,7.025151435061516,-1.0400105,3.0420212745666504,1078,7
144,2.4473581314086914,12.371795654296875,3.5173563445145666,0.43240774,0.3014851212501526,1079,1
143,3.4187769889831543,20.065845489501953,4.47949165525531,0.058217168,0.23546084761619568,1079,2
142,3.8372175693511963,23.608505249023438,4.858858430642267,-0.11708319,-0.13040970265865326,1079,3
141,3.9440064430236816,24.557218551635742,4.955524044098237,-0.15679586,-0.0057912785559892654,1079,4
140,4.005042552947998,26.446229934692383,5.142589808130956,-0.24153817,0.16858342289924622,1079,5
139,4.283699989318848,28.55340576171875,5.343538692825079,-0.3318311,0.8611193299293518,1079,6
138,4.368876934051514,29.33070945739746,5.415783365072634,-0.3584423,0.3907466530799866,1079,7
144,2.7468552589416504,13.175615310668945,3.629823041233408,0.42898482,0.4936811029911041,1080,1
143,3.365022897720337,19.00911521911621,4.359944405507507,0.1601553,-0.07466556131839752,1080,2
142,3.840331554412842,23.1524600982666,4.811700333381808,-0.032067657,0.3053840398788452,1080,3
141,4.151018142700195,26.96210479736328,5.1925046747560355,-0.19987833,0.5371891260147095,1080,4
140,4.399809837341309,29.999439239501953,5.477174384616757,-0.32932162,0.8581535220146179,1080,5
139,4.558402061462402,30.71337127685547,5.541964568350782,-0.35250056,0.8752562999725342,1080,6
138,4.416964530944824,28.28524398803711,5.318387348439103,-0.23883092,0.95529705286026,1080,7
144,5.466222763061523,47.352935791015625,6.881346945984894,0.5570677,0.37372785806655884,1082,1
143,7.49362325668335,90.69193267822266,9.523231209952987,0.14416075,0.6590810418128967,1082,2
142,8.026280403137207,100.76954650878906,10.03840358367749,0.047822356,0.46268945932388306,1082,3
141,8.056513786315918,108.71424102783203,10.426612154857974,-0.023386836,-1.6802080869674683,1082,4
140,8.628522872924805,115.31265258789062,10.738372902255286,-0.07926071,0.40601685643196106,1082,5
139,7.93068790435791,98.3291244506836,9.916104298094266,0.08254433,-1.5165917873382568,1082,6
138,8.581911087036133,111.43537139892578,10.556295344434323,-0.035579324,-0.18401740491390228,1082,7
144,2.6647768020629883,13.413837432861328,3.6624906051567323,0.1972943,0.137407585978508,1083,1
143,3.3830642700195312,20.014198303222656,4.473723091924963,-0.22513628,0.14206485450267792,1083,2
142,3.926387310028076,25.341552734375,5.034039405326006,-0.57094646,0.6761500239372253,1083,3
141,4.443733215332031,30.507570266723633,5.523365845815722,-0.87930727,1.330650806427002,1083,4
140,4.3024702072143555,28.661975860595703,5.353688061569866,-0.7535579,1.288727879524231,1083,5
139,4.354930400848389,28.354354858398438,5.324880736542222,-0.7227211,1.6324831247329712,1083,6
138,4.892083644866943,35.723121643066406,5.976882267793671,-1.1548939,2.2869529724121094,1083,7
144,3.2251908779144287,18.650390625,4.318609802355383,0.29177338,0.06182816997170448,1084,1
143,3.923391819000244,25.02094841003418,5.002094402351297,0.035237968,0.17861580848693848,1084,2
142,3.939779758453369,25.95490264892578,5.094595435255461,-0.0014230013,-0.818406343460083,1084,3
141,4.244556903839111,27.594188690185547,5.253017103549688,-0.05988872,0.20395448803901672,1084,4
140,4.141006946563721,28.316505432128906,5.3213255333731375,-0.090620756,-0.6182301640510559,1084,5
139,4.257368564605713,27.41563606262207,5.2359942764122716,-0.05594504,0.4072211980819702,1084,6
138,4.150692939758301,27.842079162597656,5.276559405767896,-0.06487906,0.010718083009123802,1084,7
144,2.863900661468506,15.30449104309082,3.9120954798024576,0.29568082,0.4006188213825226,1085,1
143,3.8252882957458496,24.236324310302734,4.923040149166238,-0.13556385,1.3825764656066895,1085,2
142,4.079171180725098,26.61020851135254,5.158508361081965,-0.26352632,1.0483694076538086,1085,3
141,4.522746562957764,32.90483856201172,5.736273926688972,-0.55416596,1.2703603506088257,1085,4
140,4.155974388122559,27.518512725830078,5.245809063035947,-0.2919017,0.6815222501754761,1085,5
139,3.9976541996002197,24.730924606323242,4.973019666794335,-0.15286744,0.2455551028251648,1085,6
138,4.079563140869141,25.507808685302734,5.050525585055751,-0.1854943,0.8155600428581238,1085,7
144,2.3353168964385986,10.50217056274414,3.2407052569994916,0.33616197,-0.39820703864097595,1086,1
143,2.8120436668395996,14.525542259216309,3.8112389401894378,0.07159048,-0.3806615471839905,1086,2
142,3.001633644104004,17.24187469482422,4.152333644449133,-0.115090966,-0.8449786305427551,1086,3
141,2.91310453414917,17.46420669555664,4.1790198247384085,-0.13540399,-1.5625874996185303,1086,4
140,2.920583724975586,16.76755714416504,4.094820770701086,-0.08534646,-1.308313250541687,1086,5
139,2.923698663711548,16.460451126098633,4.057148151854777,-0.057893515,-0.8913991451263428,1086,6
138,2.8582541942596436,15.102866172790527,3.886240622091037,0.034774125,-0.2316199392080307,1086,7
144,2.439882516860962,11.918936729431152,3.4523813128666934,0.31499624,0.007907642051577568,1087,1
143,3.0955963134765625,17.02970314025879,4.126706088426796,0.0115148425,-0.06856681406497955,1087,2
142,3.3084630966186523,17.882762908935547,4.22880159252424,-0.040703654,0.31724995374679565,1087,3
141,3.4420058727264404,18.68796730041504,4.322958165471306,-0.09000754,0.5394470691680908,1087,4
140,3.478177785873413,19.979782104492188,4.469874954010703,-0.17419541,0.502346932888031,1087,5
139,3.4402694702148438,20.242042541503906,4.499115751067526,-0.18574214,0.6213421821594238,1087,6
138,3.456862449645996,19.729686737060547,4.441811200069241,-0.15071094,0.8144994378089905,1087,7
114,3.034071207046509,17.537899017333984,4.18782748180175,0.14271957,-1.5518419742584229,1088,1
111,3.2128379344940186,20.864774703979492,4.567797576948818,-0.08669174,-1.6494272947311401,1088,2
108,3.2887768745422363,20.60555076599121,4.539333735912266,-0.12212205,-1.324846625328064,1088,3
105,3.1553728580474854,18.730567932128906,4.327882615336153,-0.11539364,-1.5009480714797974,1088,4
102,3.352144241333008,20.492788314819336,4.5268961016152485,-0.26383424,-1.1004167795181274,1088,5
99,3.440197467803955,19.497459411621094,4.415592758806126,-0.24751616,-0.7854371666908264,1088,6
96,3.836758613586426,26.062898635864258,5.105183506580763,-0.62689114,-1.6336501836776733,1088,7
144,3.111018657684326,16.369009017944336,4.045863198125257,0.44181663,0.04928205534815788,1089,1
143,4.016119956970215,27.289884567260742,5.223972106286627,0.05667162,0.12957949936389923,1089,2
142,4.454325199127197,31.78994369506836,5.638257150491485,-0.113837,0.6550174951553345,1089,3
141,4.6641058921813965,34.790828704833984,5.898375090212048,-0.21567011,0.13264717161655426,1089,4
140,4.7398223876953125,35.9931640625,5.99943031149625,-0.26454616,0.5405449867248535,1089,5
139,5.207396030426025,42.69892501831055,6.534441446543886,-0.49148118,1.545145869255066,1089,6
138,4.949538230895996,37.366050720214844,6.1127776599688985,-0.30485058,0.5115731358528137,1089,7
144,5.189860820770264,44.53076934814453,6.673137893685738,0.66482675,1.6225050687789917,1090,1
143,7.444868564605713,84.4375,9.188987974744553,0.360215,3.049899101257324,1090,2
142,8.156585693359375,95.56311798095703,9.775639006272533,0.27543837,2.6451122760772705,1090,3
141,9.026330947875977,115.80157470703125,10.761114008643865,0.12286574,3.5868241786956787,1090,4
140,8.749414443969727,116.0147933959961,10.771016358542777,0.1246146,1.6914453506469727,1090,5
139,8.795233726501465,112.2025375366211,10.592569921252402,0.15617687,1.407900333404541,1090,6
138,8.899006843566895,116.16768646240234,10.778111451567122,0.13191593,0.34246882796287537,1090,7
129,4.345879077911377,29.982051849365234,5.475586895426392,0.25315183,-2.28049898147583,1091,1
127,5.105580806732178,41.513519287109375,6.443098578099622,-0.05628407,-2.487398386001587,1091,2
125,5.431591510772705,44.15520477294922,6.644938282102341,-0.12804246,-0.46601632237434387,1091,3
123,6.348050594329834,57.00531005859375,7.550186094302163,-0.4513564,2.3128979206085205,1091,4
121,5.481174468994141,44.003421783447266,6.633507502328407,-0.11010647,0.12475138157606125,1091,5
119,5.493710994720459,44.27081298828125,6.65363156391164,-0.10234618,-0.46851658821105957,1091,6
117,5.867748260498047,48.9182014465332,6.994154805731226,-0.21246707,1.0501954555511475,1091,7
144,6.526585578918457,60.60069274902344,7.784644677120687,-2.0485153,-6.410501480102539,3901,1
143,6.690526008605957,63.076751708984375,7.94208736472877,-2.2460518,-6.608753681182861,3901,2
142,6.7573065757751465,64.10896301269531,8.006807292091855,-2.4036655,-6.7283782958984375,3901,3
141,6.7649922370910645,64.2108154296875,8.013165131811991,-2.4053273,-6.736130714416504,3901,4
140,6.79938268661499,64.4681396484375,8.0292054182489,-2.452279,-6.769110202789307,3901,5
139,6.81525993347168,64.65510559082031,8.040839856061076,-2.4713476,-6.7838029861450195,3901,6
138,6.857797145843506,65.25936889648438,8.078327110020018,-2.5028746,-6.825249671936035,3901,7
129,4.333889484405518,30.646169662475586,5.53589827060393,-0.612347,-3.8709933757781982,3902,1
127,6.22657585144043,56.45155715942383,7.513425128356829,-1.9863281,-6.128309726715088,3902,2
125,6.272862911224365,56.950469970703125,7.546553516056394,-2.0087361,-6.169097423553467,3902,3
123,6.3410258293151855,57.80356979370117,7.60286589344447,-2.0449011,-6.242382049560547,3902,4
121,6.455200672149658,59.45915222167969,7.7109760874794375,-2.1613865,-6.37773323059082,3902,5
119,6.358648300170898,58.01399612426758,7.616691941011371,-2.1004786,-6.289999485015869,3902,6
117,6.503284931182861,60.5383415222168,7.780638889076963,-2.1817958,-6.432390213012695,3902,7
129,5.401540756225586,44.79841232299805,6.693161608910848,-1.3748655,-5.241778373718262,3903,1
127,6.206538200378418,55.976768493652344,7.48176239222099,-1.9750533,-6.096549034118652,3903,2
125,6.233381271362305,56.0318603515625,7.485443230134238,-1.9674938,-6.1067728996276855,3903,3
123,6.224547863006592,55.69942092895508,7.463204467851265,-1.9319727,-6.0543317794799805,3903,4
121,5.710321426391602,49.23426818847656,7.016713489125558,-1.6038663,-5.534775257110596,3903,5
119,5.539966106414795,46.77730178833008,6.839393378679873,-1.4847252,-5.283528804779053,3903,6
117,5.781512260437012,49.55008316040039,7.039181995118494,-1.589231,-5.432755947113037,3903,7
144,4.787106513977051,36.02088165283203,6.001739885469215,-0.76398015,-4.342233657836914,3904,1
143,6.019994735717773,54.104244232177734,7.355558730115458,-1.6778326,-5.825620174407959,3904,2
142,6.014754295349121,53.92327880859375,7.343247156986734,-1.6635795,-5.8050665855407715,3904,3
141,6.04450798034668,54.63338851928711,7.391440219557154,-1.6799092,-5.846781253814697,3904,4
140,5.91068696975708,52.716400146484375,7.260606045398991,-1.5690198,-5.678133010864258,3904,5
139,5.983128547668457,53.90963363647461,7.342318001590138,-1.6152418,-5.771880626678467,3904,6
138,5.963542461395264,53.75289535522461,7.331636608235886,-1.5974433,-5.753178119659424,3904,7
129,6.408087730407715,58.77632522583008,7.66657193443263,-2.0220158,-6.272188186645508,3905,1
127,6.43381929397583,59.22725296020508,7.695924438311819,-2.0856178,-6.328859806060791,3905,2
125,6.55051851272583,60.92644119262695,7.805539135295329,-2.2476878,-6.494199275970459,3905,3
123,6.608102798461914,61.59048843383789,7.847960781874352,-2.2874131,-6.555028915405273,3905,4
121,6.739865303039551,63.1356086730957,7.945791884582411,-2.4791834,-6.706447124481201,3905,5
119,6.811370372772217,63.94474792480469,7.9965459996679,-2.5502877,-6.777193069458008,3905,6
117,6.88677453994751,65.03712463378906,8.064559791692853,-2.6039355,-6.85098123550415,3905,7
129,5.215484619140625,42.58940505981445,6.52605585785277,-1.1113186,-4.937774181365967,3906,1
127,7.292545795440674,72.1546859741211,8.49439144224712,-2.6371083,-7.233999729156494,3906,2
125,7.464764595031738,74.9045181274414,8.65473963371755,-2.8829205,-7.453025817871094,3906,3
123,6.545549392700195,60.758609771728516,7.794780931606001,-2.1632986,-6.398855686187744,3906,4
121,7.431897163391113,73.53170776367188,8.575063134675561,-2.9446383,-7.4147443771362305,3906,5
119,7.503121852874756,74.5234603881836,8.632697167640227,-3.0370407,-7.486506938934326,3906,6
117,7.564931392669678,75.65943908691406,8.698243448358644,-3.080896,-7.548881530761719,3906,7
129,5.399632453918457,44.25337600708008,6.652321099216429,-1.3644092,-5.167010307312012,3907,1
127,6.097340106964111,54.30414581298828,7.369134671926432,-1.9277234,-5.981818199157715,3907,2
125,6.143566608428955,54.88694763183594,7.408572577213234,-1.9950507,-6.046697616577148,3907,3
123,6.138354301452637,54.67600631713867,7.3943225732408155,-1.9839401,-6.035360813140869,3907,4
121,6.224273204803467,55.607181549072266,7.457022297745412,-2.1288798,-6.157769680023193,3907,5
119,6.6156415939331055,60.78038024902344,7.796177284350545,-2.4359858,-6.603396415710449,3907,6
117,6.489395618438721,59.286346435546875,7.699762751900014,-2.3222826,-6.431827068328857,3907,7
114,6.515257358551025,61.85587692260742,7.864850724750434,-1.8973496,-6.374951362609863,3908,1
111,6.685546398162842,64.1405258178711,8.008778047734317,-2.109482,-6.5955634117126465,3908,2
108,6.784242630004883,65.48678588867188,8.092390616416875,-2.274187,-6.741942405700684,3908,3
105,6.8195624351501465,66.05091857910156,8.12717162234818,-2.2505972,-6.773152828216553,3908,4
102,6.827589988708496,66.25537872314453,8.139740703679973,-2.2785528,-6.787275791168213,3908,5
99,6.8280158042907715,65.19957733154297,8.074625522681716,-2.4165583,-6.793144226074219,3908,6
97,6.834344387054443,64.71350860595703,8.044470685256863,-2.5065165,-6.802148342132568,3908,7
129,5.814606189727783,49.99555969238281,7.070753827731723,-1.7241833,-5.657657623291016,3909,1
127,5.874093055725098,50.9320068359375,7.136666367144922,-1.7990196,-5.730309963226318,3909,2
125,6.183058261871338,54.93215560913086,7.411623007758211,-2.0534613,-6.081315517425537,3909,3
123,6.279259204864502,56.45649719238281,7.513753868232763,-2.1372898,-6.2054362297058105,3909,4
121,6.279476642608643,55.688575744628906,7.46247785555367,-2.1910646,-6.198326587677002,3909,5
119,6.606227397918701,60.92878723144531,7.805689414231475,-2.5099115,-6.543820858001709,3909,6
117,6.570422172546387,59.82689666748047,7.734784849462877,-2.413561,-6.514097213745117,3909,7
123,5.915452480316162,51.69275665283203,7.1897674964377,-1.8317871,-5.785176753997803,3910,1
121,5.930897235870361,51.76418685913086,7.19473327227152,-1.9060814,-5.827855110168457,3910,2
119,5.9497761726379395,51.03965759277344,7.144204475851279,-2.071543,-5.867619037628174,3910,3
117,6.099292755126953,53.31597900390625,7.30177916701856,-2.238336,-6.0077619552612305,3910,4
115,6.596824645996094,58.464927673339844,7.646236176926517,-2.6349974,-6.562010288238525,3910,5
113,6.353970527648926,55.53166961669922,7.45195743524473,-2.4632418,-6.310920715332031,3910,6
111,6.289274215698242,53.958438873291016,7.345640807532792,-2.3252068,-6.209369659423828,3910,7
129,6.456851005554199,66.26265716552734,8.140187784414273,-1.3091357,-6.269484043121338,3911,1
127,6.944309234619141,74.59257507324219,8.636699315898532,-1.6394396,-6.811032295227051,3911,2
125,7.159193515777588,77.3492202758789,8.794840548632983,-1.7364335,-7.016434192657471,3911,3
123,7.018275737762451,75.76673126220703,8.704408725594579,-1.7067432,-6.909517288208008,3911,4
121,7.198465824127197,78.46485900878906,8.858039230483746,-1.8430886,-7.147697448730469,3911,5
119,7.603153228759766,83.76507568359375,9.152326244381467,-2.0405958,-7.572523593902588,3911,6
117,7.08769416809082,76.30119323730469,8.735055422680768,-1.7244318,-7.047755718231201,3911,7
129,7.654513359069824,90.00613403320312,9.487156266932843,-1.6175773,-7.495388984680176,3912,1
127,7.787418842315674,92.4988784790039,9.617633725558688,-1.7477467,-7.668600082397461,3912,2
125,7.990352630615234,95.41582489013672,9.768102420129342,-1.8392966,-7.868526458740234,3912,3
123,8.177403450012207,97.77850341796875,9.88830134138158,-1.9399726,-8.009367942810059,3912,4
121,8.140701293945312,98.63713073730469,9.931622764548838,-1.9993067,-8.098642349243164,3912,5
119,8.11894702911377,98.12171936035156,9.905640784944282,-1.984935,-8.07612133026123,3912,6
117,7.840969085693359,91.43614959716797,9.56222513838531,-1.7349555,-7.7892165184021,3912,7
144,5.639628887176514,50.85530471801758,7.131290536643251,-1.0839369,-5.363402843475342,3913,1
143,6.459416389465332,63.484073638916016,7.9676893538162,-1.6320648,-6.276760578155518,3913,2
142,6.549317836761475,64.63390350341797,8.03952134790486,-1.6809778,-6.374711036682129,3913,3
141,7.120794773101807,72.14271545410156,8.49368679985915,-1.9713733,-6.977556228637695,3913,4
140,6.61251163482666,64.74433898925781,8.046386703934743,-1.6558571,-6.48267936706543,3913,5
139,6.866489410400391,69.66836547851562,8.346757782427595,-1.8413675,-6.797259330749512,3913,6
138,6.98005485534668,71.3823013305664,8.448804727922548,-1.8927279,-6.920632839202881,3913,7
114,7.0738139152526855,74.98299407958984,8.659272144908591,-1.5624266,-6.8914875984191895,3914,1
111,7.716602802276611,85.82259368896484,9.264048450270801,-2.024372,-7.581821918487549,3914,2
108,7.360114097595215,78.90580749511719,8.882894094557088,-1.8063529,-7.141049861907959,3914,3
105,7.808962821960449,87.2955093383789,9.343206587589664,-2.1509068,-7.671154975891113,3914,4
102,7.936963081359863,91.3501205444336,9.557725699371876,-2.3506668,-7.842580795288086,3914,5
99,8.058387756347656,94.979248046875,9.745729733933473,-2.487373,-7.924466609954834,3914,6
96,8.281646728515625,97.6566390991211,9.882137375037907,-2.5123572,-8.241646766662598,3914,7
114,5.580326080322266,47.0351448059082,6.858217319822128,-1.6388893,-5.406091690063477,3915,1
111,5.529318332672119,46.33491516113281,6.806975478223262,-1.6583159,-5.375471115112305,3915,2
108,5.527622699737549,46.33988571166992,6.807340575560321,-1.6725655,-5.390771389007568,3915,3
105,5.597053050994873,47.39370346069336,6.884308495462225,-1.6798863,-5.47176456451416,3915,4
102,5.70634126663208,48.46037673950195,6.961348773011014,-1.7529545,-5.570059299468994,3915,5
99,5.6931891441345215,48.43523025512695,6.959542388341848,-1.7609138,-5.599002838134766,3915,6
96,5.810874938964844,50.14066696166992,7.081007482108031,-1.8763494,-5.730210781097412,3915,7
144,6.5079345703125,60.45330810546875,7.775172545060897,-2.1116168,-6.409351348876953,3916,1
143,6.631303787231445,62.107887268066406,7.880855744655298,-2.2667801,-6.565353870391846,3916,2
142,6.670845031738281,62.68304443359375,7.917262433037934,-2.3963346,-6.65163516998291,3916,3
141,6.453250408172607,59.688018798828125,7.725802145979932,-2.223121,-6.42458438873291,3916,4
140,6.749362468719482,63.62153244018555,7.976310703588818,-2.4646895,-6.73090124130249,3916,5
139,6.754695415496826,63.70899963378906,7.981791755852132,-2.4708998,-6.734182834625244,3916,6
138,6.634408950805664,61.8917350769043,7.8671300406758435,-2.3686385,-6.610421180725098,3916,7
129,4.926483154296875,37.83705139160156,6.151182926202209,-1.0148921,-4.705260276794434,3917,1
127,7.278221607208252,70.61087799072266,8.403027906101626,-2.8596458,-7.233916759490967,3917,2
125,7.403922080993652,72.44316864013672,8.511355276343288,-3.0648456,-7.393222332000732,3917,3
123,7.374341011047363,71.74759674072266,8.47039531195107,-3.083261,-7.362550735473633,3917,4
121,7.640444755554199,75.34550476074219,8.680178843822413,-3.403596,-7.627306938171387,3917,5
119,7.759334564208984,76.87094116210938,8.767607493615882,-3.567803,-7.748879432678223,3917,6
117,7.727945804595947,76.64791870117188,8.754879707978395,-3.4960585,-7.71541166305542,3917,7
129,5.273355960845947,42.29829788208008,6.503714160545502,-1.3756969,-5.051358699798584,3918,1
127,6.080743789672852,53.46592712402344,7.3120398743458335,-2.0537987,-5.998828887939453,3918,2
125,6.142733573913574,54.378578186035156,7.374183221620897,-2.1582284,-6.095383644104004,3918,3
123,6.179573059082031,54.55305480957031,7.386003981150451,-2.1850772,-6.1330084800720215,3918,4
121,6.280921936035156,55.850868225097656,7.473343844966432,-2.3398743,-6.254757881164551,3918,5
119,6.3528547286987305,56.71839141845703,7.531161359209948,-2.4265056,-6.339199066162109,3918,6
117,6.351461410522461,56.72371292114258,7.531514649865761,-2.3905888,-6.337711811065674,3918,7
144,4.487842559814453,31.165876388549805,5.582640628640697,-0.9175612,-4.120011806488037,3919,1
143,5.272716045379639,41.591270446777344,6.4491294332473545,-1.6166244,-5.082841396331787,3919,2
142,5.797528266906738,47.80763626098633,6.91430663631476,-2.0630188,-5.729089736938477,3919,3
141,5.337695598602295,41.99258041381836,6.480168239622977,-1.6734402,-5.193375587463379,3919,4
140,5.353063106536865,42.54276657104492,6.522481626731111,-1.714587,-5.224872589111328,3919,5
139,5.754692554473877,47.729835510253906,6.908678275202422,-2.025354,-5.680296897888184,3919,6
138,5.768587589263916,48.050838470458984,6.931871209886908,-2.0312395,-5.686135768890381,3919,7
119,6.116543292999268,55.33619689941406,7.438830344846834,-1.672364,-5.922911643981934,3920,1
117,6.613925457000732,62.915122985839844,7.9319053818007585,-2.0805943,-6.519637107849121,3920,2
115,6.562565803527832,61.41264343261719,7.836621940135761,-2.0212643,-6.448868274688721,3920,3
113,5.916787624359131,51.182350158691406,7.154184101537464,-1.5413895,-5.7351531982421875,3920,4
111,6.706384181976318,63.760746002197266,7.985032623740323,-2.2160773,-6.626747131347656,3920,5
109,6.768269062042236,64.51675415039062,8.032232202220664,-2.301372,-6.715440273284912,3920,6
107,6.820407867431641,66.12731170654297,8.131870123565855,-2.350174,-6.786780834197998,3920,7
144,5.988193988800049,57.48186492919922,7.58167955859381,-1.0894005,-5.713869571685791,3921,1
143,6.935776710510254,73.06864929199219,8.548020197214802,-1.6908727,-6.777776718139648,3921,2
142,6.8907270431518555,72.11082458496094,8.491809264518425,-1.6522095,-6.717250347137451,3921,3
141,6.699779033660889,69.56493377685547,8.34055956017673,-1.5410118,-6.4894022941589355,3921,4
140,6.921029567718506,72.50259399414062,8.51484550618158,-1.6327777,-6.745239734649658,3921,5
139,7.210783004760742,77.14816284179688,8.783402691542548,-1.7831922,-7.085005760192871,3921,6
138,6.542632579803467,67.83845520019531,8.236410334617583,-1.4321933,-6.298952102661133,3921,7
129,3.996809244155884,24.475488662719727,4.94727082973226,-0.60754204,-3.4363391399383545,3922,1
127,5.960949420928955,49.56193923950195,7.040024093673399,-2.3215833,-5.892487525939941,3922,2
125,6.194369316101074,52.65986633300781,7.256711812729496,-2.6263254,-6.178532123565674,3922,3
123,6.216195106506348,52.85652160644531,7.270249074580961,-2.6704247,-6.200277328491211,3922,4
121,6.286365985870361,53.4368782043457,7.310053228557622,-2.801948,-6.274904251098633,3922,5
119,6.488835334777832,55.80177688598633,7.470058693610535,-3.024837,-6.4785380363464355,3922,6
117,6.541250705718994,56.677513122558594,7.5284469263294005,-3.0303588,-6.528447151184082,3922,7
129,5.257989406585693,42.491432189941406,6.5185452510465405,-1.1580102,-4.921711444854736,3923,1
127,5.215425968170166,43.12370681762695,6.566864306320555,-1.2219818,-4.844639301300049,3923,2
125,5.455004692077637,46.359291076660156,6.8087657528116035,-1.4440637,-5.174551963806152,3923,3
123,6.021684646606445,54.4022102355957,7.375785397881076,-1.8759263,-5.938797473907471,3923,4
121,6.341429710388184,57.53288269042969,7.585043354551751,-2.126996,-6.303884029388428,3923,5
119,5.999415874481201,52.6392822265625,7.255293393554977,-1.8838122,-5.904217720031738,3923,6
117,5.972385406494141,51.99413299560547,7.210695735891612,-1.8328857,-5.816000938415527,3923,7
144,4.44325065612793,31.63123321533203,5.6241651127373595,-0.8830975,-4.054705619812012,3924,1
143,6.828147888183594,62.35927200317383,7.896788714608858,-2.8089123,-6.784017562866211,3924,2
142,6.1171064376831055,53.07577133178711,7.28531202707112,-2.3456721,-6.07593297958374,3924,3
141,5.7563700675964355,48.46084976196289,6.961382747842765,-2.0488093,-5.558892250061035,3924,4
140,5.476360321044922,44.82481002807617,6.695133309208725,-1.8380635,-5.2863874435424805,3924,5
139,5.264214992523193,43.09950637817383,6.565021430138201,-1.733536,-4.958906173706055,3924,6
138,5.735286235809326,48.73377990722656,6.98095838028179,-2.0748358,-5.634082317352295,3924,7
129,4.203833103179932,28.539884567260742,5.342273351978607,-0.7852906,-3.8352603912353516,3925,1
127,5.581562519073486,45.28725051879883,6.729580263196125,-1.8966334,-5.450754165649414,3925,2
125,6.36297082901001,55.532798767089844,7.452033196859086,-2.6582487,-6.334628582000732,3925,3
123,5.347689151763916,42.997154235839844,6.557221533228829,-1.8688045,-5.177072525024414,3925,4
121,5.760117053985596,47.01887130737305,6.857030793818345,-2.2151124,-5.698114395141602,3925,5
119,5.738270282745361,46.70856475830078,6.834366448932979,-2.2494824,-5.687435150146484,3925,6
117,5.1460981369018555,40.257991790771484,6.344918580310663,-1.7592163,-4.963610649108887,3925,7
144,4.447659969329834,32.95063781738281,5.740264612139654,-0.6506671,-3.918581247329712,3926,1
143,5.018239498138428,39.735923767089844,6.303643689731348,-1.013773,-4.543220043182373,3926,2
142,4.924501895904541,38.28487014770508,6.18747688057944,-0.95022964,-4.395822525024414,3926,3
141,5.91011381149292,52.36231994628906,7.23618130966113,-1.6485655,-5.753532409667969,3926,4
140,6.08837890625,54.15654373168945,7.359112971798262,-1.7417433,-5.921018123626709,3926,5
139,6.035912036895752,53.56755828857422,7.31898615168619,-1.6957293,-5.8963775634765625,3926,6
138,6.395800590515137,58.18764877319336,7.628082902878898,-1.9077115,-6.313754081726074,3926,7
129,5.727461338043213,50.504783630371094,7.106671768864177,-1.4374816,-5.535613059997559,3927,1
127,5.700436592102051,49.648929595947266,7.046199656264877,-1.4279144,-5.488840579986572,3927,2
125,6.035476207733154,54.13287353515625,7.35750457255422,-1.6495125,-5.913911819458008,3927,3
123,6.8241472244262695,65.51732635498047,8.094277383125714,-2.2139888,-6.720945358276367,3927,4
121,6.50654935836792,60.42534637451172,7.773374194936952,-2.0285585,-6.4501633644104,3927,5
119,6.6555585861206055,62.74203109741211,7.920986750235864,-2.1719956,-6.61208963394165,3927,6
117,6.599470138549805,62.979244232177734,7.935946335011202,-2.131723,-6.5432000160217285,3927,7
129,5.503965377807617,48.068172454833984,6.9331214077667775,-1.0133803,-5.144214153289795,3928,1
127,6.294442653656006,59.041351318359375,7.683837017946137,-1.5189452,-5.98822546005249,3928,2
125,6.172453880310059,57.3330192565918,7.571857054685581,-1.4423947,-5.758606910705566,3928,3
123,5.430634498596191,47.70024108886719,6.906536113629406,-1.0439036,-4.708346366882324,3928,4
121,6.199917316436768,58.52729797363281,7.65031358662067,-1.5559757,-5.924471378326416,3928,5
119,6.350293159484863,60.493167877197266,7.777735395164666,-1.6588695,-6.2173171043396,3928,6
117,6.499302864074707,63.434288024902344,7.964564521987524,-1.7449648,-6.410281658172607,3928,7
114,5.366606712341309,44.957252502441406,6.705016965112125,-0.93158996,-4.829501628875732,3929,1
111,5.744272232055664,49.50957489013672,7.036304064644785,-1.1700189,-5.145787715911865,3929,2
108,6.3820037841796875,59.42964172363281,7.709062311567654,-1.6398504,-6.012561798095703,3929,3
105,6.03817081451416,54.40802764892578,7.376179746245734,-1.3501418,-5.668741226196289,3929,4
102,6.33946418762207,58.95927047729492,7.678494024045009,-1.526665,-5.962521553039551,3929,5
99,6.547649383544922,61.10218811035156,7.816788861825012,-1.5897725,-6.2733683586120605,3929,6
96,7.453056335449219,76.52828216552734,8.748044476654616,-2.2305427,-7.339906692504883,3929,7
129,4.063478469848633,27.29436492919922,5.224400915817929,-0.42031074,-3.0304012298583984,3930,1
127,4.731590270996094,34.853511810302734,5.903686289963478,-0.82151604,-3.984379291534424,3930,2
125,4.8990159034729,36.756282806396484,6.062696001482879,-0.9120816,-4.222436904907227,3930,3
123,5.674022197723389,47.3505744934082,6.88117537150509,-1.4679911,-5.283873558044434,3930,4
121,5.299243450164795,41.998756408691406,6.4806447525451825,-1.215611,-4.527481555938721,3930,5
119,4.686059474945068,35.26406478881836,5.938355394283703,-0.88032794,-3.8648407459259033,3930,6
117,6.629809856414795,61.981258392333984,7.8728176907847915,-2.2516897,-6.465712547302246,3930,7
129,5.305535793304443,45.54016876220703,6.748345631501622,-0.9237263,-4.929306983947754,3931,1
127,5.777205467224121,52.04880905151367,7.2144860559511566,-1.2189293,-5.184548377990723,3931,2
125,5.645127773284912,50.3917350769043,7.098713621277048,-1.1481941,-5.18117618560791,3931,3
123,5.831228256225586,53.12677001953125,7.288811289883368,-1.2813444,-5.243134498596191,3931,4
121,6.293456554412842,60.178279876708984,7.757466073190973,-1.6167781,-6.12089729309082,3931,5
119,7.236382961273193,74.38520050048828,8.624685530527376,-2.2664578,-7.151328086853027,3931,6
117,7.608635902404785,80.68510437011719,8.982488762593427,-2.5067003,-7.554691791534424,3931,7
129,4.990979194641113,40.05329513549805,6.328767268236212,-0.9573159,-4.566783905029297,3932,1
127,5.417964935302734,44.407493591308594,6.663894776428316,-1.1904478,-4.982622146606445,3932,2
125,5.5385212898254395,47.36360549926758,6.882122165383842,-1.3253274,-5.072930812835693,3932,3
123,5.486684322357178,46.44919204711914,6.815364410441979,-1.2857077,-5.173116207122803,3932,4
121,5.642035961151123,48.9512825012207,6.996519313288623,-1.4458025,-5.22862434387207,3932,5
119,5.388497829437256,45.8587646484375,6.771909970491154,-1.3161538,-4.953734874725342,3932,6
117,6.070574760437012,55.49094009399414,7.449224126980885,-1.7575192,-5.961456775665283,3932,7
129,5.521956443786621,51.453338623046875,7.17309825828748,-0.7809527,-5.050690174102783,3933,1
127,6.4058074951171875,63.734500885009766,7.983389060105349,-1.2307549,-5.99748420715332,3933,2
125,5.7978057861328125,54.86189270019531,7.406881442293734,-0.92468834,-5.317021369934082,3933,3
123,5.965360641479492,60.4370231628418,7.774125234574099,-1.1411464,-5.5118255615234375,3933,4
121,7.1903977394104,77.65560150146484,8.81224157076194,-1.7762442,-7.052378177642822,3933,5
119,7.677210807800293,86.29399108886719,9.289455909194423,-2.0993433,-7.538203239440918,3933,6
117,9.542891502380371,120.58182525634766,10.98097560585341,-3.3030977,-9.516448974609375,3933,7
144,6.16780948638916,62.34224319458008,7.895710430010721,-1.1073043,-5.9165143966674805,3934,1
143,6.069777488708496,60.37308120727539,7.7700116606910825,-1.0660205,-5.660153865814209,3934,2
142,6.3905181884765625,66.26020812988281,8.140037354329698,-1.2671328,-6.116268634796143,3934,3
141,6.715538024902344,71.43633270263672,8.452001697978812,-1.4276288,-6.532903671264648,3934,4
140,6.384294509887695,65.61837005615234,8.100516653655639,-1.2179112,-6.114152431488037,3934,5
139,6.360060691833496,65.04159545898438,8.064836976590685,-1.1837139,-6.036711692810059,3934,6
138,6.563379764556885,68.02446746826172,8.247694675984418,-1.2688954,-6.336855888366699,3934,7
129,6.204129219055176,65.37492370605469,8.085476096437036,-0.8726913,-5.9180521965026855,3935,1
127,6.430020332336426,70.96643829345703,8.424158016885547,-1.0829341,-6.055380821228027,3935,2
125,6.961604595184326,79.39228057861328,8.910234597282683,-1.333735,-6.686279296875,3935,3
123,7.86085319519043,93.1688003540039,9.652398683954363,-1.7702568,-7.73616361618042,3935,4
121,7.810790061950684,91.64305877685547,9.573038116337752,-1.7589777,-7.760653018951416,3935,5
119,7.639551162719727,87.6424331665039,9.361753744171223,-1.6386583,-7.576530456542969,3935,6
117,7.737366199493408,91.0765380859375,9.543402856734986,-1.6960797,-7.674261569976807,3935,7
144,5.830588340759277,60.79608154296875,7.79718420604315,-0.7025126,-5.272527694702148,3936,1
143,6.630455017089844,74.38957214355469,8.62493896462779,-1.1126003,-6.1151018142700195,3936,2
142,6.7709808349609375,76.46966552734375,8.744693563947438,-1.1744454,-6.114124774932861,3936,3
141,7.300640106201172,87.09317016601562,9.332372161782642,-1.4613495,-6.222119331359863,3936,4
140,7.223353862762451,85.5394515991211,9.24875405658087,-1.4025869,-6.992342472076416,3936,5
139,7.487013816833496,88.94466400146484,9.431047873988597,-1.4804053,-7.220112323760986,3936,6
138,7.68021297454834,90.30652618408203,9.50297459662405,-1.5005035,-7.481030464172363,3936,7
129,6.598762035369873,69.83976745605469,8.357019053230326,-1.0107596,-6.426255226135254,3937,1
127,8.254907608032227,100.79502868652344,10.039672738019075,-1.9750183,-8.180472373962402,3937,2
125,7.717432022094727,90.01861572265625,9.487814064506969,-1.6424451,-7.60071325302124,3937,3
123,7.266457557678223,83.86466979980469,9.157765546234774,-1.4476056,-7.115268707275391,3937,4
121,7.892223358154297,91.15028381347656,9.547265776832473,-1.7963402,-7.809008598327637,3937,5
119,8.220510482788086,97.75623321533203,9.887175188866234,-1.9980102,-8.154247283935547,3937,6
117,8.423943519592285,101.74967956542969,10.087104617551544,-2.160806,-8.393237113952637,3937,7
129,5.13845157623291,41.74528503417969,6.461059126349154,-0.85474074,-4.773835182189941,3938,1
127,6.396710395812988,60.79528045654297,7.797132835635351,-1.7215242,-6.244909763336182,3938,2
125,6.116041660308838,56.76023864746094,7.533939118911231,-1.5348959,-5.932946681976318,3938,3
123,6.257998466491699,58.53537368774414,7.65084137123128,-1.6317616,-6.098193645477295,3938,4
121,6.569014072418213,63.010005950927734,7.937884223829908,-1.8731854,-6.49061918258667,3938,5
119,6.4757561683654785,61.836158752441406,7.863597061933006,-1.8379192,-6.407919883728027,3938,6
117,6.538975715637207,62.79880905151367,7.924569960036549,-1.8414521,-6.465876579284668,3938,7
144,8.823978424072266,113.30886840820312,10.6446638466512,-1.9107137,-8.626473426818848,3939,1
143,8.886870384216309,114.70178985595703,10.709892149595019,-2.024382,-8.761556625366211,3939,2
142,8.908127784729004,114.69618225097656,10.70963035080934,-2.048336,-8.78210735321045,3939,3
141,8.872424125671387,113.96239471435547,10.675317077930542,-2.0403538,-8.755050659179688,3939,4
140,9.045999526977539,116.9987564086914,10.81659634121064,-2.117477,-8.928789138793945,3939,5
139,8.267107009887695,101.32478332519531,10.066021226144683,-1.6872854,-7.965179920196533,3939,6
138,8.896270751953125,113.85560607910156,10.670314244627548,-2.0231295,-8.766883850097656,3939,7
