n,mae,mse,rmse,r2,bias,station_id,horizon
138,4.637732654378034,45.09813234624756,6.715514302437867,0.9026957039878647,3.123945688855821,1,1
138,6.299201626708542,70.03066684637757,8.368432759267268,0.8568911390331577,4.1701827325682705,1,2
138,7.2736349382262295,98.31328378601295,9.915305531652212,0.8060115486522463,2.38585555035135,1,3
138,9.438480197519496,174.772666626004,13.220161369136308,0.6609337342648225,1.3894777159759963,1,4
138,12.171768547832102,310.76439457624946,17.628510843977985,0.41376463644335393,0.3408583212589872,1,5
138,13.048300978066266,389.9416173545278,19.74693944272195,0.28831579788862094,-0.6213357344917629,1,6
138,13.134194643601127,378.3026509649585,19.450003880846875,0.33554900959523337,-0.8000634165777676,1,7
138,3.5707230222397954,22.383175788760376,4.7310861109010025,0.8067951725748068,1.0175882975260417,2,1
138,5.525186511053556,48.42871135112738,6.959074029720289,0.5786465218341197,2.0968641751054404,2,2
138,6.8293172863946445,80.86642446589447,8.992576075068504,0.30353779082151555,1.9916307753410891,2,3
138,8.271177333334219,116.20665196180633,10.779918921856803,-0.0061843667971781535,1.2721435298090396,2,4
138,9.434638603873875,142.70013236868732,11.945716067640621,-0.2423426860899076,2.5754586786463642,2,5
138,9.892279694045799,148.08282541513805,12.168928688061987,-0.2757514066656359,2.455996969471807,2,6
138,10.823850286179695,165.27435260398707,12.855907303803457,-0.36935679096411955,2.5015094176582666,2,7
138,6.2455407363781035,67.08820150790733,8.190738764477068,0.6895730233779849,2.0447840552399126,3,1
138,9.718725985375004,166.4769080337818,12.902593074021276,0.265644704118845,4.266780113828355,3,2
138,11.642854386481686,230.91126406080613,15.195764675093061,0.016573952393628022,5.662633094234743,3,3
138,14.136411694512852,324.2325623265707,18.00645890580851,-0.3179953439596479,7.421356560527414,3,4
138,15.410237229388693,382.39742426796766,19.554984639931774,-0.5304795213848152,8.440493251966393,3,5
138,16.860991436502207,431.23438693544557,20.766183735473536,-0.6384269309390103,9.306800427644148,3,6
138,18.13508829863175,489.7406132216655,22.130083895495414,-0.7517852413253472,9.563452292179715,3,7
138,6.169231808703879,62.49649444409495,7.905472436489482,0.6325793981082295,1.6796351377514824,4,1
138,8.02208387678948,102.68998357822652,10.133606642169733,0.38903155632713604,2.0268963385319365,4,2
138,8.435244684634002,117.65807644221654,10.847030766168986,0.29414784313186904,0.09696106288744055,4,3
138,9.00990280897721,134.6552046658067,11.60410292378548,0.1843029710832913,1.7198028495346291,4,4
138,9.586384890736014,146.00148806586438,12.083107550041271,0.11161176053047561,-0.06762483154518018,4,5
138,9.641160971876504,144.03719236496212,12.001549581823262,0.13407190196528707,-0.8399058563121851,4,6
138,10.334890690402709,165.55861473348935,12.866958254905832,0.022018959080601475,-0.4657951921656512,4,7
138,5.927758963211723,54.902563199907554,7.409626387336108,0.5119529928973423,3.933362449424854,5,1
138,9.354912944461988,128.474023430703,11.33463821348979,-0.12056625874272431,6.009808395219886,5,2
138,10.899652349776115,179.9687970905207,13.415244950820716,-0.5063830770282574,7.516659453295279,5,3
138,12.488858340443045,221.40487183247967,14.879679829636109,-0.7698290068710691,8.318203711855238,5,4
138,13.61621860144795,264.6041619432252,16.266657983225233,-1.0864881821337051,9.280959260636482,5,5
138,14.129585452701734,279.6855720305614,16.723802558944584,-1.1045951954441704,9.210512181986934,5,6
138,14.490295306495998,302.8722117227464,17.403224176075717,-1.0911225336617112,7.506365741508595,5,7
117,5.170259646880321,41.646655980283896,6.453422036430276,0.7992169543346803,2.3089290439573107,7,1
117,7.57942205412775,85.2501785641145,9.23310232609357,0.591275777514169,4.07109202686538,7,2
117,7.914691338172326,90.81328956606342,9.529600703390642,0.574916652946716,4.818999918098124,7,3
117,8.753527176685822,118.48085458633422,10.88489111504264,0.4439241851400757,4.116345185499925,7,4
117,9.943209851908888,153.50310445527882,12.389636978349237,0.28085469358941906,3.584969805856036,7,5
117,9.480966567993164,153.063125282262,12.37186830200928,0.30139196844428573,2.2370630411001353,7,6
117,9.476911838238056,149.02236431770976,12.207471659508768,0.333948296037184,2.047446470994216,7,7
138,4.199869266454725,29.092226909669673,5.39372106339118,0.7183139605543384,2.0167179107666016,8,1
138,6.330807464710181,61.83757296120353,7.863686982656643,0.40406503962931595,4.042220696159031,8,2
138,7.706277653790902,90.9694625746559,9.537791283869442,0.13134592256675848,4.79756192193515,8,3
138,8.903913180033365,116.81853667749283,10.808262426379775,-0.12245419110936773,4.272276574286861,8,4
138,9.521070024241572,132.6923565340174,11.51921683683476,-0.2731297480363539,4.428978505341903,8,5
138,9.610314341558926,134.61451466808788,11.602349532232163,-0.28445337974773044,3.3117964509604634,8,6
138,9.38043078823366,130.0581642750704,11.404304637945726,-0.21649986380648123,2.69583797454834,8,7
138,5.346768088962721,57.73122820324361,7.598106882852044,0.8845707079814494,0.585236756697945,9,1
138,8.175743973773459,134.6312790854595,11.603071967606661,0.7465659461611709,0.5880451617033585,9,2
138,9.117101061171379,171.000519758476,13.076716704068954,0.6893978367720854,0.15641079778256622,9,3
138,10.992588333461596,273.99817335044025,16.5528901811871,0.5101892587387525,-1.5675142122351604,9,4
138,13.090211329252824,372.54150392353387,19.30133425241721,0.3441739635477036,-1.6200484538423843,9,5
138,13.9046960775403,423.1789999730367,20.571314979189754,0.26876760228858865,-1.9175725052322166,9,6
138,15.887146009915117,563.4197741960041,23.736465073721575,0.0504113014229004,-3.662237264107967,9,7
138,6.3591138694597324,96.14642176162826,9.805428178393244,0.9276545284109667,-1.206000428268875,10,1
138,9.652473152547643,237.18930393774448,15.400951397161945,0.8260598968359402,-4.028103323950284,10,2
138,11.577142763828885,398.4028620129898,19.960031613526812,0.7106758144610783,-4.215723680413288,10,3
138,13.329278883726701,560.1118964122309,23.666683257529577,0.5958556075772543,-4.039613398952761,10,4
138,14.411050361135732,581.0544405175957,24.105070846558316,0.5865850072214427,-4.009932179381882,10,5
138,15.191656941952912,705.9005011565504,26.568788101013382,0.508019752876073,-4.817244571188222,10,6
138,16.39823375923046,757.0817747086805,27.515119020434575,0.48665538132240327,-6.053500755973484,10,7
138,3.5177659919296485,25.910294946392842,5.0902156090280535,0.9667515230699307,1.244356646054033,11,1
138,5.1681810600170195,58.76185862897415,7.6656283910044944,0.9307839325895574,0.8846118208290874,11,2
138,6.554835367893827,116.74365588977606,10.80479781808878,0.8726273679536485,0.4905923553135084,11,3
138,9.164688690848973,286.8045064786218,16.935303554368957,0.704217740016559,-0.7011433200559755,11,4
138,10.103182412575984,325.4576251652653,18.04044415099765,0.6755963943780486,-1.9899852103081301,11,5
138,12.348069909690082,430.17890778570074,20.74075475448521,0.5900114024714325,-1.512569192526997,11,6
138,12.73227306034254,457.27409863483734,21.383968262107885,0.5902699201545409,-1.6754195862922117,11,7
138,5.334936929785687,103.28035589158192,10.162694322451204,0.8617818389919606,-0.12467713286911232,12,1
138,7.004917925682621,173.76524213192928,13.182004480803718,0.7758993272492638,-0.7077114063760509,12,2
138,8.151283568230228,207.11014857200135,14.391321988337324,0.7447761980116283,-1.2236790311509285,12,3
138,9.327978921973187,247.57987022465866,15.734670960164966,0.7050805475336421,-1.0053808930991353,12,4
138,10.301903365314871,290.34195306419633,17.039423495652557,0.6651872361317868,-1.6933996642845264,12,5
138,11.523820559183756,365.2786780934301,19.112265121995094,0.5905739979984832,-0.9249256382817808,12,6
138,12.354995976323666,455.81884751082214,21.349914461440406,0.516574124126583,-1.4210284965625708,12,7
138,5.3548325904901475,46.38071815412142,6.8103390630805904,0.9466990192797106,3.116276488787886,14,1
138,7.616055447122325,98.47088423877481,9.923249681368237,0.8911442233183217,3.3760536304418594,14,2
138,11.199363038159799,215.89972632764608,14.693526681081233,0.7637884740652368,3.554054529770561,14,3
138,13.975953447645988,330.9022300456487,18.190718238861507,0.6397088529662133,3.960250522779382,14,4
138,14.738430990689043,401.0414222210521,20.02601863129694,0.5677216997136123,2.771834857221963,14,5
138,15.948618474213973,506.76820748087493,22.51151277637456,0.46017700367218495,0.6407880783081055,14,6
138,17.967681926229726,643.1301184005906,25.360010220829775,0.3302302618962625,-0.5245662495709847,14,7
138,5.127561513928399,41.96558841908684,6.478085243271105,0.6945893174567223,1.4086598935334578,15,1
138,8.895580568175385,112.27855500783235,10.59615755865457,0.16928002168443557,3.369560822196629,15,2
138,11.30945730900419,188.29918539670342,13.722215032446599,-0.40333931122121003,5.933555741241013,15,3
138,12.409515629643979,229.9179867553999,15.163046750419255,-0.7125151803060352,6.653915847557179,15,4
138,15.3770363987356,336.7572229598155,18.350946105305184,-1.5046284930503302,8.48814819170081,15,5
138,15.751287087150242,343.49948078573556,18.533738985583444,-1.5113912594801517,8.718866970228111,15,6
138,15.491104512974836,320.547788209162,17.90384841896183,-1.1577275771400735,7.318942609040634,15,7
138,4.554465971131256,51.59130542614046,7.182708780546546,0.9042003752001525,0.5890208119931428,16,1
138,7.946594929349596,128.61487988485163,11.34085005124623,0.7706529110171896,2.7905372674914375,16,2
138,9.293156064074973,189.1375116795327,13.752727426933637,0.674194303010224,2.266716756682465,16,3
138,11.704258089480193,307.4625357646908,17.534609655327113,0.47611511821047225,1.4683586756388347,16,4
138,12.666915520377781,376.7451658472383,19.409924416319562,0.36731537195451036,-0.7695095919180608,16,5
138,13.329491532367209,407.276358412509,20.181089128501192,0.3265700872431224,-0.8404512405395508,16,6
138,13.990451785101406,482.87420397648077,21.97439883083223,0.22408402552181783,-3.0299755317577417,16,7
96,4.64114777247111,34.82420782603882,5.901203930219563,0.7987234205862206,0.3739465872446696,17,1
96,7.8241896231969195,92.49451689397756,9.617406973502659,0.4773392573578168,2.024804393450419,17,2
96,8.506832321484884,105.3592159500572,10.264463743910698,0.42323101107029604,1.5566658576329548,17,3
96,9.720669209957123,150.1113072149756,12.251991969266696,0.17937266037754107,0.5352765520413717,17,4
96,10.1550701657931,169.94587966159872,13.036329224962016,0.06690662087906873,-0.07489750782648723,17,5
96,10.594201624393463,182.07478603032826,13.493509033247365,0.009618883496260167,0.06911383072535197,17,6
96,10.295829157034555,186.8488469662473,13.669266511640165,0.011334179384497767,-1.1676504810651143,17,7
138,4.4164081932841865,33.19357563640756,5.761386607094472,0.7804108786788722,1.4970052967900815,18,1
138,6.205900606901749,64.8776706678992,8.054667632366913,0.5829132713902343,1.8974349256874858,18,2
138,7.286034832830015,90.16109689659369,9.495319736406652,0.45603963784335666,2.078514499940734,18,3
138,8.083712467248889,102.88793938779779,10.14336923254782,0.3751865616003278,2.588638485341832,18,4
138,8.425004364787668,114.30204639656773,10.691213513748929,0.30263534047056295,2.7947376776432646,18,5
138,9.375229918438455,128.10507033785686,11.318351043233147,0.220927048424991,3.2452523466469585,18,6
138,9.4742703092271,127.44503528524834,11.289155649792784,0.27332799181347056,2.454145846159562,18,7
138,4.271890971971595,33.049054956404454,5.7488307468914455,0.9223475358701122,0.17841055773306583,19,1
138,7.34558319699937,96.43246769998404,9.820003447045426,0.7772534262047275,-0.30091184809588006,19,2
138,8.737134228581967,178.51280398448165,13.360868384370892,0.6001658239360366,-1.0150335422460584,19,3
138,11.151609158170396,291.64309837995677,17.07756125387805,0.3526406402373873,-1.4559323545815288,19,4
138,12.743103566377059,363.5770148242439,19.067695582430613,0.2012568070422619,-1.2492265701293945,19,5
138,13.84750243200772,384.3740408523331,19.60545946547372,0.1670559676308182,-0.850452575130739,19,6
138,15.18378350354623,443.55146311287206,21.060661507010458,0.06807296988317146,-0.7941180934076724,19,7
138,5.048029630080514,48.97138081004265,6.997955473568166,0.9103017307549615,1.2613648055256277,20,1
138,8.536128382751906,139.70839604736557,11.819830626847644,0.7514438947956269,1.5347454444221829,20,2
138,11.544711658920066,280.5940727414603,16.750942443380918,0.5215604023134217,1.6015405032945715,20,3
138,13.106609475785408,355.3242711974657,18.85004698130659,0.3970412802136244,1.3360879524894382,20,4
138,13.400151052336762,411.61891298360933,20.288393553547046,0.3080578408525204,-0.22251023416933807,20,5
138,13.168684392735578,402.92202513473995,20.072917703581112,0.32890508519089656,-2.0362650553385415,20,6
138,14.479243209396584,481.4939961854199,21.942971452960055,0.21843603900159647,-2.9675495866416157,20,7
138,6.605530517688696,70.7592497265693,8.41185174183243,0.5142692281394006,4.280761456144029,21,1
138,9.285363846930904,133.73463717252386,11.56436929419516,0.07163164308320591,4.8921805119168935,21,2
138,10.00889447806538,159.24140657012722,12.619088975442214,-0.10790687094641305,5.303616744884546,21,3
138,10.16829187973686,172.00774583945895,13.11517235264024,-0.20911263335241004,4.037595762722734,21,4
138,11.284906788148742,192.7254445562559,13.88255900604265,-0.36188819218319,2.731179016223852,21,5
138,9.640206198761428,143.66622068077527,11.986084459938336,-0.017423186409497804,2.400110203286876,21,6
138,9.326907323754352,130.59371577757727,11.427760750802287,0.07445576562991818,2.139992244001748,21,7
137,5.163405536735145,41.5268719056166,6.444134690213776,0.5638215822974462,2.494469412921989,22,1
137,7.9832516969555485,98.76403983998543,9.938009853083535,-0.04995090619833498,4.321050629998646,22,2
137,7.55252510961825,87.80669877450963,9.37052286558811,0.05774699360655866,2.6489175531985985,22,3
137,8.518328047146762,118.44193845307069,10.883103346613533,-0.27955271655495095,3.65143235756533,22,4
137,8.204576311320285,98.2866362882085,9.91396168482653,-0.07120212673244741,3.950594881155195,22,5
137,9.2208468722601,124.71079820766369,11.167398900713795,-0.36082856336320024,4.747197102456197,22,6
137,8.520883156435334,109.84711782423558,10.480797575768534,-0.1978071334200835,2.4501126978519188,22,7
138,4.559176230776137,33.27644138548125,5.768573600594973,0.5798322719976019,2.1042440041251806,23,1
138,7.0773218334585,80.849711949635,8.99164678741525,-0.04485134996750184,2.517914336660634,23,2
138,7.287457631981892,91.75272044717768,9.57876403546813,-0.1570488053350796,1.883437598960987,23,3
138,9.787603240082229,157.33090399421243,12.543161642672569,-1.0300478501619925,2.8040513024813887,23,4
138,8.21068969671277,104.23798371958055,10.209700471589779,-0.3560123564759039,0.46956334597822547,23,5
138,8.14654406948366,112.21072541591003,10.592956405834494,-0.4586943506969081,1.19556749039802,23,6
138,8.371695642885955,113.24892986683662,10.64184804753557,-0.43711649643105366,0.6776598501896512,23,7
138,5.208975432575613,43.90968144071838,6.626438065863016,0.5588590666919805,2.994814319887023,24,1
138,8.585061363551928,115.36063050103806,10.74060661699506,-0.1812879835888732,5.621930302053258,24,2
138,9.296289789503899,143.43403889257152,11.976395070828763,-0.47710029327488446,4.761721168739208,24,3
138,11.054364411727242,187.84828383097866,13.705775564738344,-0.9604911707315023,5.117528086123259,24,4
138,9.679407810819322,149.18336677262093,12.214064301968486,-0.5675082850070936,4.238534982653632,24,5
138,9.55555234439131,130.54784650981688,11.425753651721049,-0.38258792289662225,4.032205263773601,24,6
138,9.544783232868582,133.86179316454357,11.569865736668838,-0.41905989907298435,3.5317189728004346,24,7
138,5.530995500260505,48.603426987321875,6.971615808929941,0.5470153357350094,2.3050095447595567,25,1
138,9.579341612000396,130.81577826943433,11.43747254726473,-0.22904630240637602,6.268703654192496,25,2
138,8.025036507758541,112.31491368469725,10.597873073626483,0.0015232799707737277,0.9289877103722614,25,3
138,9.292837916940883,135.7476904867275,11.651081086608551,-0.21902225179918533,3.681085088978643,25,4
138,9.56464663795803,137.22501176447477,11.714307993410229,-0.23988194821466835,4.862365570621214,25,5
138,7.780481532000113,107.71636349831697,10.378649406272329,0.028951585562331017,-0.3363608761110168,25,6
138,10.831143835316533,162.90067209982584,12.763254761220816,-0.46443698525081656,5.4244459124578945,25,7
138,5.430947227754455,46.52050841693943,6.820594432814447,0.7110257919907207,2.2858464545097905,26,1
138,8.945046970809715,116.3423699233144,10.786212028479433,0.26424400248308544,2.363750824029895,26,2
138,9.105444942695508,127.7726899712493,11.3036582561244,0.18282331323646206,2.3730047958484595,26,3
138,8.894747713337773,126.16776669936002,11.232442597198528,0.1850668757956102,-0.9286047686701235,26,4
138,10.333145051762678,164.95208201027606,12.843367238005618,-0.06955585237528927,2.5714197227920312,26,5
138,10.519181258436562,154.53832724318872,12.431344546877812,-0.007215708399487264,1.8379547215890193,26,6
138,9.541598326918008,127.78106311830827,11.30402862338504,0.166641977202572,0.6006381477134816,26,7
138,5.5550834130549775,49.59244337142468,7.04219023965021,0.678836880235574,1.609913881274237,28,1
138,7.877645575481912,90.80463595996062,9.529146654342172,0.40442473565703263,2.2235791303109433,28,2
138,8.83802158245142,111.82525332770207,10.57474601717233,0.2607988256611915,2.2750689326852993,28,3
138,10.047481564507969,139.59050403076816,11.814842530934053,0.07405863917852906,2.7386695198390796,28,4
138,8.546769750291023,112.98965897129872,10.629659400531079,0.2556508186065767,0.19952186639758124,28,5
138,8.62322207464688,118.30450360870509,10.876787375356066,0.22266672279923783,-1.9088042438894077,28,6
138,8.855167610057887,120.0768621688885,10.957958850483447,0.2151686327277037,-0.8889755857163582,28,7
51,5.670506963542864,50.875748901694955,7.132723806632004,0.36751841677514285,-0.13761533475389667,29,1
51,8.28847011865354,111.02028427395045,10.53661635791825,-0.4481756886037196,1.2746654024311141,29,2
51,9.258916387370988,124.77474305819874,11.170261548334432,-0.5726520468351688,3.91857956904991,29,3
51,10.72183094772638,180.3053190063796,13.427781611509014,-1.0562264981684852,8.092213742873248,29,4
51,8.575542936138078,109.12741686708978,10.446406887877275,-0.07988131537829202,4.073891845403933,29,5
51,8.868766111486098,111.01900434474445,10.53655562054054,-0.010977099998480622,3.0829706379011568,29,6
51,9.697896209417605,134.36658124953195,11.59165998679792,-0.37921519168549733,4.328072080425188,29,7
138,4.992310572361601,39.60313854654005,6.293102457972542,0.4953046745405125,2.697388227435126,30,1
138,7.764712699945422,93.99644755871832,9.695176509931024,-0.2253512259804109,5.276229796202286,30,2
138,8.264877519745758,103.10095182278441,10.153863886362887,-0.36202207779421425,5.92455936514813,30,3
138,7.957219517749289,97.51052702499824,9.874741871309762,-0.3058034030353609,4.486167458520419,30,4
138,9.00038360512775,115.56109897551357,10.749934835872894,-0.5625550552033707,5.3723767667576885,30,5
138,8.075817571170088,93.97767317090016,9.694208228158717,-0.2827054912039286,3.449236904365429,30,6
138,8.953569571177164,115.07913796427124,10.727494486797523,-0.5714606834542473,3.9506629100744277,30,7
138,5.868819236755371,52.859691553574656,7.270467079464335,0.45662282827795897,4.4047146258146865,31,1
138,7.032110794730809,78.29596635851614,8.848500797226395,0.1908375043935654,4.580908263939015,31,2
138,7.588642935821976,86.3120715693006,9.29042903042161,0.0983328687637014,3.789362907409668,31,3
138,7.485541744508605,89.3604587209993,9.453066101588378,0.05762054061274302,3.3848264390143794,31,4
138,8.053396902222564,95.19655900725402,9.75687239884042,-0.002330964949100789,2.2810937494471455,31,5
138,8.211041160251783,95.07176513601834,9.750475123603893,-0.004013000875042749,2.7291264741317085,31,6
138,7.992399823838386,96.64241094278375,9.830687206029076,-0.02100416727338028,0.8773876964182094,31,7
138,6.234051483264868,61.92581460520608,7.869295686731188,0.6084196827669608,2.4821415500364443,32,1
138,10.077241469120633,141.52212569714405,11.896307229436538,0.09123127293010458,5.285596474357273,32,2
138,10.850090151247771,161.60969483142063,12.71258017994068,-0.045732164308731615,5.0115969975789385,32,3
138,11.498532281405684,186.08301113851962,13.641224693498733,-0.2044968209614333,4.8189568174058115,32,4
138,11.869229482567828,222.14496509313648,14.904528341854245,-0.4233274624830927,4.695625954780025,32,5
138,10.958838393722756,171.12317195160517,13.081405580120402,-0.09071037800841153,3.0144448211227637,32,6
138,11.310653741808904,193.5239585113329,13.911288887494678,-0.22582879668403244,3.349961515785991,32,7
138,6.249224192854287,63.652019761984064,7.978221591431518,0.6420238299504659,2.902004172836525,33,1
138,8.628944562829059,106.364020319918,10.313293378931775,0.3959543829770015,1.825578440790591,33,2
138,10.781150444694187,161.79305681483498,12.719789967402566,0.07698039061260764,4.5791796394016435,33,3
138,9.267406532729881,127.60481105642802,11.296229948811595,0.2711641664378309,1.094911533853282,33,4
138,8.988298803135969,124.57820718402118,11.161460799735005,0.29342362022717194,0.07214864095052083,33,5
138,9.94855388696643,144.4146363014101,12.017264093853063,0.1820495929706032,1.9582092174585315,33,6
138,10.319598446721615,153.80564817419565,12.401840515592662,0.1324286614150041,1.9547271866729294,33,7
138,5.544882269873136,48.692414662407586,6.977995031698402,0.614187229270436,1.307021963423577,34,1
138,8.0242774590202,99.92355550603864,9.996177044552514,0.19385168963461485,2.157871419104977,34,2
138,8.180229567099309,106.4654211088978,10.318208231514705,0.13313731610805113,1.7870370823404063,34,3
138,8.785035665484441,121.67562154211092,11.030667320797546,0.004547831179956385,2.716187345808831,34,4
138,8.658262245896934,120.59131408467513,10.981407654971886,0.01728252122467866,2.7500581257585166,34,5
138,8.927840253581172,117.37427935861297,10.833941081555363,0.04399544496550967,2.291672893192457,34,6
138,8.058714182480522,101.1277527011121,10.05622954695805,0.1784790185576759,-0.6280232650646265,34,7
138,5.591542548027592,53.951181880028145,7.3451468249469425,0.6408031239237095,-1.575557197349659,35,1
138,7.896474893542304,102.77641566624769,10.137870371347608,0.3098999644210243,-2.187918842702672,35,2
138,8.658623377482096,120.55756134671421,10.979870734517515,0.18816240532479755,-3.3402669878973477,35,3
138,9.586460348488629,147.08695882982033,12.12794124449077,0.010744123746225576,-1.7119354994400688,35,4
138,10.139277997224227,178.36759275402034,13.355433079987348,-0.18910832729288618,-5.736878657686537,35,5
138,9.836811742920807,162.1257781171621,12.732862133753043,-0.07507272063959403,-3.5395206368487813,35,6
138,10.073523991349814,182.10360327179714,13.494576809659396,-0.20308911851654976,-6.374039567035178,35,7
117,6.499311960660494,71.51434513444953,8.45661546568422,0.6033648078732864,-1.8611186997503297,36,1
117,9.161846584743923,150.0483796457526,12.249423645451756,0.1667402217071574,-4.7452677213228664,36,2
117,9.164983765691774,146.56055478258077,12.106219673481098,0.18302171454082405,-2.080228984865368,36,3
117,9.757267030895266,160.4441832805854,12.666656357562772,0.0947742441327929,-0.4396832784016927,36,4
117,9.393961963490543,150.1674825117798,12.25428425130492,0.14993033591069704,-2.45864628522824,36,5
117,9.45644435719547,163.59632481559862,12.790477896294517,0.07069252282533489,-3.3895769852858324,36,6
117,9.98713283864861,185.7372538891492,13.628545552961592,-0.0654128991075904,-5.565282568972335,36,7
138,6.818864096765933,76.52139686036223,8.74765093384288,0.5706740659813712,4.572471736133963,37,1
138,10.614697864090187,172.1164832156066,13.119317177948195,0.026375806440031013,6.8873597642649775,37,2
138,11.263419448465541,183.84555824330772,13.558965972496123,-0.040745333806241346,6.4932417454926865,37,3
138,11.848494149636531,204.29274904198684,14.293101449370141,-0.15566432399021424,5.639964856963227,37,4
138,11.772349447443865,206.3156653636832,14.363692608924879,-0.1561050549416656,6.272991339365642,37,5
138,11.192716342815455,173.3679354046108,13.166925814502441,0.03421856865729789,3.958349939705669,37,6
138,12.311257866845615,214.49248675272048,14.645562015597779,-0.18720994775528443,4.420331892759903,37,7
138,5.2044006568798125,44.65981701058421,6.682800087581867,0.7348689665896022,-1.4700320423513218,38,1
138,7.937904620516127,105.43201503141016,10.268009302265467,0.3647184439836868,-1.8497274509374646,38,2
138,8.21629256096439,120.61293234128385,10.982391922586075,0.26693440926481693,-1.9038480399311453,38,3
138,9.057732208915379,139.2176429201745,11.799052628078854,0.15068373925131529,-1.7420247119405996,38,4
138,8.08911418914795,116.96642445276278,10.8151016848092,0.2879814680118642,-1.7758123840110889,38,5
138,8.508609032285387,120.96883775212291,10.998583442976777,0.26009014209769343,-0.643120703489884,38,6
138,9.34431196986765,135.19673262047618,11.627412980559184,0.17563852188195117,0.23163411928259808,38,7
138,4.4107153173806015,30.341979999837434,5.508355471448573,0.7033683618024933,0.16706477040829865,39,1
138,6.846320670583974,75.57574278843668,8.69343101361233,0.2489712665661522,-0.3772076247394949,39,2
138,6.61707822136257,77.87249636706105,8.82453944220666,0.22122758749220495,-1.0718507974044136,39,3
138,7.117123748945153,86.64252372264262,9.308196588096033,0.13049246112097768,-1.1755200054334558,39,4
138,7.464407526928445,84.15558113235183,9.173635110050531,0.16081908613792806,0.1381725159244261,39,5
138,7.568729808365089,82.82903112173923,9.10104560595865,0.1732796353605769,0.5269891697427501,39,6
138,8.772080262502035,105.99852907688904,10.295558706398067,-0.057299419928412476,2.0965007768161055,39,7
138,4.225557202878206,35.26509859016125,5.938442438060779,0.4378238940388869,1.5483494495999985,40,1
138,6.3166649099709336,65.94603344930542,8.120716313805415,-0.07111075906262943,0.9490029639092045,40,2
138,6.7479742091635,74.43032633579953,8.627301219721005,-0.21733907750870052,1.011679918869682,40,3
138,7.224859811257625,83.90482636822631,9.159957771094051,-0.37649608935413936,1.1337009305539338,40,4
138,6.853075103483338,75.19923294364017,8.671749128269346,-0.23096304877074636,0.7071549443231113,40,5
138,7.008858556332796,77.34138058538815,8.794394839065856,-0.2687559481061832,1.0694521613742993,40,6
138,7.345676456672558,83.08131867548458,9.114895428664259,-0.36949261922113874,1.038472763006238,40,7
138,4.369999325793723,31.71928609278882,5.631987756803881,0.5328161022270734,0.502311022385307,41,1
138,6.791335230288298,69.91791775730891,8.361693474249634,-0.04965379613717813,2.3063647366952207,41,2
138,7.667870314224906,90.727432529593,9.525094882970615,-0.37128166551869346,3.186288087264351,41,3
138,8.20537019121474,102.58565703741448,10.12845778178566,-0.5555574374014958,2.897696584895037,41,4
138,7.4865013067273125,84.93631882453633,9.21609021356325,-0.284350808469787,1.8806721092998118,41,5
138,6.962479059247003,77.85528672189558,8.823564286720847,-0.18025072840278833,1.3555011265519736,41,6
138,7.85230987659399,92.10453907834835,9.597110975619087,-0.40171316473298324,1.8350804508596226,41,7
138,5.815055052439372,56.253615472130974,7.500241027602445,0.4960617010487397,1.7407130296679512,43,1
138,8.57947109747624,110.67583558750812,10.520258342241796,-0.012518934196472875,2.960756004720494,43,2
138,8.417701189068781,104.54792384350522,10.224867913254686,0.027806172867198997,1.829804842022882,43,3
138,9.099263516025268,122.17143601360908,11.053118836491766,-0.1426883905031422,3.1172828190568564,43,4
138,8.656997024149135,111.92265244363742,10.579350284570287,-0.041079070334093304,1.0844194232553677,43,5
138,9.85837395294853,128.97493654406483,11.35671328087774,-0.20141346141049166,2.8911536741947783,43,6
138,8.511011614315752,109.10909853729856,10.445530074500699,-0.02020980848295406,0.8200159418410149,43,7
138,5.183795341546984,42.55751484549092,6.523612101090233,0.713468528621821,0.16161298751831055,44,1
138,7.576449587725211,96.86566528140662,9.842035626912079,0.338889590855891,0.12595330113949982,44,2
138,7.9202083781145625,109.47851031107164,10.463197900788824,0.24750473931400763,-1.6964374901591868,44,3
138,9.287218162978904,135.5147030211871,11.641078258528593,0.06676238547620528,0.9448025053825931,44,4
138,9.311819498089777,143.54906051219533,11.981196121931871,0.020929340791908557,-1.3114573368127795,44,5
138,9.156041705090066,143.57979849746388,11.98247881272752,0.024351618295763156,-2.6183807055155435,44,6
138,8.628544095633686,124.61478580346596,11.163099292018591,0.15668742460303275,-2.0294941681018774,44,7
138,5.169731050297834,42.84549763778032,6.545647228332758,0.3898115604189907,1.6263400575389033,45,1
138,7.474548740663391,92.03602308864143,9.593540696147665,-0.33636510318802393,3.5111915063166963,45,2
138,8.304590570753899,109.35506539996194,10.457297232074927,-0.6050602696333238,3.8376175009686015,45,3
138,8.44817476687224,113.42600072713574,10.650164352118503,-0.6766315309382314,3.8219460197117017,45,4
138,8.421724941419518,109.03407944815038,10.4419384909197,-0.6107348369604375,3.399488518203514,45,5
138,8.058388447416002,105.87975835979279,10.289789033784551,-0.5820249169241016,3.1076153464939282,45,6
138,6.907342772552933,74.46216297087598,8.629146132200797,-0.11562328630263297,1.6375500222911006,45,7
138,3.0829883658367656,15.829548552405038,3.978636519261974,0.2837095726099408,0.7931962496992471,48,1
138,4.213463838549628,28.44152768449535,5.3330598800777915,-0.32990162415368873,1.577396489571834,48,2
138,4.628286105999048,34.2163922893267,5.849477950153047,-0.634412703593322,1.636313141256139,48,3
138,4.984878470932228,38.67359990826106,6.21881016821233,-0.8537835122131252,1.9367640674978062,48,4
138,4.829531289529109,36.07570077296528,6.006305084905801,-0.7324886147890779,1.6833888136822244,48,5
138,5.083497358405071,38.1278972788398,6.174779127939702,-0.8126407226520744,2.1461123936418174,48,6
138,4.6409704443337265,31.479518935556115,5.610661185239768,-0.4955097494644034,1.2246499199798142,48,7
138,3.778938977614693,24.70311750936596,4.970223084466729,0.13223446857106103,0.04876283977342689,50,1
138,4.798065240832343,37.53919279228158,6.126923599350786,-0.3552322312975904,0.6733891722084819,50,2
138,5.320781161819679,44.739406598691666,6.688752245276518,-0.6312201286647179,2.0785070018491885,50,3
138,5.747746557429217,50.00213703005386,7.071218921095136,-0.8185141173611021,3.2817987289981567,50,4
138,5.141422423763552,42.12888167533187,6.490676519079646,-0.5351050404207094,1.432068313377491,50,5
138,5.432683302008587,45.478663921094764,6.743787060776368,-0.6420015398667118,2.37919921460359,50,6
138,5.839377251224241,52.777731787662866,7.26482840731031,-0.8980624350189115,2.540880797565847,50,7
138,3.174352576767189,16.777251327148907,4.096004312393837,0.2338382160958874,0.8024755560833475,51,1
138,4.399754247803619,31.541514497252624,5.616183267776491,-0.45876054222075946,1.6541568369105242,51,2
138,4.569926199705704,31.857222586544655,5.64422028153975,-0.49011543792099466,1.6812697493511697,51,3
138,4.788410373356031,34.396065130943384,5.864815865050103,-0.6055421940898058,1.4534373698027239,51,4
138,4.833864080733147,33.2144265775877,5.763195864933596,-0.5512051673718759,1.9451124149820078,51,5
138,4.640769032464511,29.589728747513355,5.439644174715232,-0.3806245588435637,1.9696914009425952,51,6
138,4.985141767971758,35.3350094513509,5.944325819750369,-0.6479762343532938,2.816523690154587,51,7
138,3.0669216003970825,15.002760216154726,3.873339672189198,0.1627385919752251,1.5698065343110457,52,1
138,4.141590484674426,25.96042569045272,5.095137455501345,-0.4804322137789496,2.0432158829509346,52,2
138,4.2790126869643945,26.26462762843705,5.124902694533532,-0.5151794443346014,2.2572248500326406,52,3
138,4.445651849110921,29.536654883056165,5.434763553555588,-0.7039480559406524,2.5678171558656553,52,4
138,4.226430457571278,26.44337246727424,5.142311976851875,-0.5483987820898755,2.0543614885081416,52,5
138,3.98820141778476,23.274077503643532,4.824321455256017,-0.3607260265351746,1.5407553686611895,52,6
138,4.511248699132947,30.315348256686512,5.505937545658006,-0.7903311240183566,2.6081670125325522,52,7
48,2.937539219856262,13.406042259515212,3.661426260286449,0.17549682723819193,0.34408509731292725,53,1
48,3.6669591863950095,21.80638702234836,4.669730936825842,-0.42696035283825595,1.2304849028587341,53,2
48,4.5724612673123675,31.839261145825294,5.642628921506827,-1.183456933866068,2.5637603799502053,53,3
48,5.19487851858139,40.220564966920826,6.3419685403603845,-1.765838668802469,2.884799857934316,53,4
48,4.323664605617523,28.356016695372677,5.325036778781221,-0.9601148911658883,1.9160345594088237,53,5
48,4.458278338114421,32.6181565031006,5.711230734535298,-1.0775848463643984,2.489700516064962,53,6
48,4.930742661158244,40.92480116668124,6.397249500111844,-1.5261049810358474,3.1705594460169473,53,7
138,3.319797778475112,20.92685645058986,4.574588118135868,0.35489644210824345,-0.29084327255470166,54,1
138,3.9766088050344717,29.514101016848844,5.432688194333339,0.0624553638553087,0.09006648478300674,54,2
138,4.765228617018548,39.3788346439855,6.275255743313216,-0.2886404257974964,0.3957701282224793,54,3
138,5.201380729675293,44.58939828772186,6.677529355062534,-0.481377473072504,0.5216812880142875,54,4
138,4.790682557700337,40.17288107772304,6.3382080336419255,-0.36450583034120054,0.25274894548499066,54,5
138,4.992776552836101,42.48325091023319,6.517917682069419,-0.4502590403836171,0.2450408659119537,54,6
138,5.545676473258198,48.38127924609097,6.955665262653959,-0.6525054251219509,1.3328829986461694,54,7
138,2.483312855596128,9.947377817485387,3.1539463878584537,0.4127576276571948,0.7778138561525206,55,1
138,3.449966313182444,18.38978237712985,4.288330954710685,-0.11274277464071858,1.3772354886151743,55,2
138,3.976733242256054,22.605656604733962,4.754540630253775,-0.40005979718558526,1.12906455302584,55,3
138,4.134585553321285,24.79583427657407,4.979541572933604,-0.5446530833124417,1.148646112801372,55,4
138,4.056329091389974,24.539385958822596,4.953724453259648,-0.5411527435366745,1.1812419062075408,55,5
138,4.47653961872709,29.22909702416803,5.406394087020297,-0.8241772362204578,2.1993940256643985,55,6
138,4.606640712074611,31.95954782227675,5.653277617654802,-0.9939319976119183,2.2430840989817744,55,7
138,5.674361629762512,46.80219408036629,6.841212910030376,0.42052330708862573,3.342130882152613,56,1
138,9.072991067084713,116.88739784838316,10.811447537142431,-0.4810545327446467,5.983882420304893,56,2
138,9.506255301876344,127.43206939659686,11.288581372191851,-0.6362470475175006,6.443802045739216,56,3
138,9.267401197682256,122.16915736937005,11.053015759030204,-0.5882708685303717,5.222386139026587,56,4
138,8.42647393544515,102.70413082140823,10.134304654065232,-0.34723033156525496,3.8307266926419907,56,5
138,8.686103627301645,112.42627075481778,10.603125518205365,-0.49053410882669035,4.337133684020111,56,6
138,7.194992645927098,78.18751943085644,8.842370690649451,-0.039011273898214016,1.6705459373584692,56,7
138,5.144266384235327,41.08638958368028,6.4098665808018405,0.5156495281524613,1.7929596624512603,57,1
138,7.4915846534397295,87.35151229084856,9.346203094885567,-0.05471614701695926,3.601265741431195,57,2
138,8.040111638497615,97.59742647038057,9.879140978363482,-0.1926661847343234,4.087119931760042,57,3
138,8.231009082517762,99.74232705367187,9.987108042555256,-0.23307623915491127,4.103401018225628,57,4
138,8.421376504759857,112.09939831146527,10.587700331585951,-0.3941772876354628,4.516291756560837,57,5
138,7.971492283586143,95.4897521940979,9.771885805416368,-0.1972744427527,3.6664768854777017,57,6
138,8.45013547980267,109.27209275383409,10.453329266498502,-0.3705687902448487,3.9669344943502676,57,7
138,4.271893280139868,28.638199023319892,5.351466997312035,0.5962997850852394,1.0603985855544822,58,1
138,6.403738353563392,66.15286015644966,8.133440855901618,0.0432823827090103,1.878801262896994,58,2
138,6.903691526772319,82.3588671350459,9.075178628272058,-0.20413021354813576,1.6632878123850063,58,3
138,7.13800883638686,83.22302823826733,9.12266563227368,-0.22749718173285416,1.4743541219960088,58,4
138,7.0663887797922325,80.5888525189799,8.977129414182459,-0.19382454895577106,0.7163371486940245,58,5
138,7.020580443783083,76.45650735081477,8.743941179514806,-0.14440570760287375,0.03433765190235083,58,6
138,7.509594765262327,84.64351272596932,9.200190907039339,-0.2659090700493516,-0.5170746678891389,58,7
138,5.636179274406986,53.546988556555256,7.317580785789471,0.6938673708876315,0.3322201880855837,59,1
138,8.870362572048021,125.53568276484836,11.204270737752116,0.27488248181714137,0.8725710882656816,59,2
138,9.75650097667307,142.78102970226783,11.949101627413997,0.17235708364536928,0.7205132055973661,59,3
138,10.373036633367123,171.74243119805402,13.105053651094071,0.0020310290189877733,0.6130440062370853,59,4
138,10.0487100214198,156.06424430017242,12.492567562361726,0.0928786094044185,-0.8110670697861824,59,5
138,9.79326771998751,151.8173105487583,12.321416742759668,0.11511491064567003,-0.9519122718037039,59,6
138,10.09458337313887,159.3260524459158,12.622442412065732,0.06586536087426065,-2.3600879337476646,59,7
138,5.068463574285093,40.79811292894582,6.387340051143811,0.6875927414087781,0.44417111769966455,60,1
138,7.857618981513424,93.01061520966795,9.644201118271432,0.29022782982327666,-1.3153303809787915,60,2
138,8.841569195622982,121.8262208985962,11.037491603557223,0.08424896222895906,-1.985800936602164,60,3
138,9.533190312592879,151.7909732904234,12.320347937068313,-0.13972771819574814,-2.40841471630594,60,4
138,8.706693013509115,118.74045476670585,10.896809384710089,0.12187586662500283,-2.4566296287204907,60,5
138,8.846675928088201,120.46527654423656,10.97566747602334,0.11842328706644334,-2.3605228368786797,60,6
138,9.664786642876225,144.04866310238236,12.002027457991518,-0.0414071666843745,-2.8248238356217095,60,7
138,5.2025592085244,43.01928331255724,6.558908698294042,0.7017644665000446,0.6449165897092958,61,1
138,7.859115531479103,101.56765536871896,10.078077960043718,0.29939490655032386,1.0037944766058438,61,2
138,9.082631028216818,137.41746737127184,11.72251966819727,0.06653268655026823,-0.09106432873269786,61,3
138,8.689771113188371,133.69691256933254,11.562738108654564,0.09305813239762772,-0.2371571167655613,61,4
138,9.44800229003464,144.2846124883635,12.011852999781654,0.03628439888081769,0.8715498689292134,61,5
138,8.756878590238268,124.50552627999127,11.158204437990516,0.1774381796611446,0.6426654760388361,61,6
138,9.263247946034307,127.1555649677425,11.276327636590846,0.16946267189170328,-0.4039875251659449,61,7
120,5.190738336245219,40.14495516199476,6.336004668716301,0.6332248330307353,2.1367572863896687,62,1
120,8.360183421770731,114.54771315270446,10.702696536513798,-0.05334206794687524,3.5760132392247517,62,2
120,8.577564549446105,116.04290885269447,10.772321423569503,-0.06683366580184424,2.3788638671239215,62,3
120,8.395844642321268,111.60885198006174,10.564509074257154,-0.026176107690694117,2.4609843492507935,62,4
120,8.686913752555848,111.73463569436869,10.570460524233024,-0.028765281487728833,2.641588886578878,62,5
120,8.510525250434876,104.22560474858125,10.209094217832513,0.037258558418569176,2.656870420773824,62,6
120,8.709929871559144,104.71382927285579,10.232977537005336,0.026466188770531085,1.2295761346817016,62,7
138,3.45362627333489,19.268721207952932,4.3896151548800875,0.1949211731933761,1.1751281904137654,63,1
138,4.728053258812946,32.813163352328,5.728277520540359,-0.3876931714336902,2.762958374576292,63,2
138,5.667168665623319,43.38201876737441,6.586502772137457,-0.8574877735444377,3.8551000995912412,63,3
138,6.425119704094486,55.98366855698765,7.482223503544094,-1.3937788436014573,5.050356629965962,63,4
138,5.691335546797601,43.953228173476916,6.629723084222818,-0.87855458183728,3.856134158977564,63,5
138,5.509940769361413,44.25396901802689,6.65236567079914,-0.8817692460517337,3.316238195999809,63,6
138,5.643054360928743,47.54206214328574,6.895075209400238,-1.0214791377121237,3.3570870316546895,63,7
138,3.62502982650978,24.73277677045711,4.973205884583616,0.32894102317219354,0.13113205674765765,64,1
138,4.751700311467268,38.559420369558204,6.209623206729874,-0.0673459324191148,-0.2195037413334501,64,2
138,5.080101075379745,44.56321418841077,6.675568454327374,-0.2464993496799992,-1.0137971587803052,64,3
138,4.997722425322602,41.74970567754209,6.461401216264324,-0.17262961772676144,-0.2775130133697952,64,4
138,4.996398193248804,42.853474403688104,6.5462565183231325,-0.2055854990327035,-0.47183494291443756,64,5
138,5.456612379654594,46.37942168959248,6.810243878863112,-0.2996177025026454,0.5033847974694293,64,6
138,5.394211782925371,45.427127167397714,6.739964923306182,-0.26916757072629816,1.1880000985187034,64,7
117,3.602198176913791,24.929822466705172,4.99297731485986,-0.10612458119550494,-2.838552825471275,65,1
117,4.159562624417818,32.87270586029684,5.7334724086104085,-0.49897264100417704,-3.5504177941216364,65,2
117,4.107003741794163,32.55913021026215,5.706060831279504,-0.498268383664056,-3.4560574751633863,65,3
117,4.033376718178774,31.406907669237835,5.604186619772564,-0.43759045337499014,-3.2619291370750494,65,4
117,4.417425334963024,36.52686113819301,6.043745621565571,-0.6930032548195999,-3.899190870105711,65,5
117,4.3102234408386755,34.89110311901919,5.9068691469355565,-0.6248557848569223,-3.749773237440321,65,6
117,4.542023471278003,36.86713083999485,6.0718309297933235,-0.7178332588574599,-3.886601554022895,65,7
138,2.97037294636602,15.525086301144125,3.9401886123819154,0.3165329624175309,0.4295110011446303,67,1
138,3.864525048629097,25.106874319941713,5.010676034223497,-0.1318440776341896,1.286968493807143,67,2
138,4.40387987744981,30.417573311049196,5.515212898071043,-0.3964903774914015,1.6280555103136145,67,3
138,4.934624319491179,36.53403657100921,6.044339217069903,-0.6804361798533907,2.5401563851729683,67,4
138,4.547054111093715,33.51589046554896,5.78929101579364,-0.5421300869818908,1.7000352748926135,67,5
138,4.110132556030716,27.48320026431463,5.242442204194018,-0.25357484015712517,1.3804186738055686,67,6
138,4.911221448925958,37.891273451938986,6.155588798152373,-0.7382467172555649,2.410768370697464,67,7
138,3.024640808934751,16.025717713895606,4.003213423475646,0.17973995649258945,0.6408826095470483,68,1
138,3.8155222422834756,24.07030513551815,4.906149726161866,-0.2594411257401412,1.098505745763364,68,2
138,4.268481144006701,28.225466982700446,5.312764532962142,-0.5112547488095884,1.2332385242849155,68,3
138,3.972930085831794,26.294943798417705,5.127859572805958,-0.4130874103510065,1.1483881646308347,68,4
138,4.089461893275164,26.634888574615353,5.160899977195387,-0.43138944960992465,1.2386148701543394,68,5
138,4.241461809130683,27.884194757049322,5.280548717420314,-0.48483915485230766,1.7146420409713967,68,6
138,3.9608931610549707,24.182861016857647,4.917607245079425,-0.2880605598936976,1.5935904323190884,68,7
138,2.388931606126868,10.076156714762227,3.1742962550401983,0.20192393818046261,1.0147546408832937,69,1
138,2.9151834957841514,13.973818566464418,3.7381571083174685,-0.12735975668928323,1.4972497414851533,69,2
138,3.107497139253478,16.406372659478283,4.050478077891335,-0.34959744547105687,1.3114580831665923,69,3
138,2.805704607479814,13.226113240816993,3.636772365823436,-0.09066656757878477,1.0886639926744544,69,4
138,3.4453248355699624,18.95829450817935,4.354112367426839,-0.5724795652673516,1.9040202057879905,69,5
138,3.464881371760714,18.736925654792,4.328617060308292,-0.5466668057572237,1.9206028537473816,69,6
138,2.9533605437347856,14.803281949846257,3.84750333980963,-0.2226106069778322,1.2173134762307871,69,7
138,5.646655656289363,49.84181227012359,7.0598733891000895,0.5728896831429602,2.3400584027387095,70,1
138,7.708513605421868,94.77221292747733,9.735102101543534,0.20509934841637734,2.1888391107752705,70,2
138,8.500499635502912,117.24472565704735,10.82796036458609,0.08319885171635366,1.2146615083666816,70,3
138,9.27588783485302,131.56535140196337,11.470194043779877,0.00844024408403643,1.1396799502165422,70,4
138,9.567164331242658,139.4737863183614,11.809902045248359,-0.034170746944146124,0.004015528637429942,70,5
138,9.264281189959982,132.59231701590772,11.514873729915918,0.024889437802184222,-0.6067848758421083,70,6
138,9.490086686783943,141.57668683641057,11.898600204915306,-0.002591242609947697,-1.7463615182517231,70,7
138,6.352262980696084,64.3156747696162,8.019705404166427,0.692913941604701,1.368284529533939,71,1
138,9.986405400262363,135.96469142978512,11.660389848962389,0.35300806589572997,1.3504562239716018,71,2
138,11.045519096263941,166.78277914306062,12.914440721264727,0.21892985255085928,0.5963441047115602,71,3
138,11.856658175371695,194.84433660344496,13.958665287320452,0.08913766765863285,-0.05226037122201228,71,4
138,11.503835249638211,190.96659354102215,13.819066304965114,0.11372402517195423,0.21782879207445227,71,5
138,11.481497170268625,182.47170070583553,13.508208641631041,0.16684048088923809,0.3098505821780882,71,6
138,11.78516615992007,196.7990906258118,14.02850992179183,0.11851696831221792,0.5257547765538313,71,7
138,6.409335184788358,66.00348969980692,8.124253177973156,0.674188378443266,1.8280697352644326,72,1
138,10.746563842331154,159.53743354288153,12.63081286152564,0.2153016716451036,2.2463407101838486,72,2
138,10.707841112993766,158.98053515870527,12.60874835813235,0.23010359880021336,0.45959988193235535,72,3
138,11.013723926267762,164.74176405431734,12.83517682209004,0.2036347668201326,-0.16324142787767493,72,4
138,10.897705174874568,168.51708133705029,12.981412917592996,0.19155099253661878,-0.5218326872673588,72,5
138,11.050673498623613,172.59254927918857,13.137448354957996,0.18558159207625313,-0.40773834007373755,72,6
138,11.95756431247877,196.754842071576,14.026932739254724,0.08912980601497811,0.8528445976367895,72,7
138,5.9823910395304365,50.305033219485296,7.092604121159258,0.6743469466364074,2.4056843052739683,73,1
138,8.564778645833334,103.58592513948201,10.177717088791672,0.33535832605826266,3.1141919675080674,73,2
138,9.182731904845307,130.48578419362616,11.423037432908384,0.1735941868037859,3.661161505657694,73,3
138,9.649540638578111,139.97880467352084,11.831263866279073,0.12707016888014588,2.436147980068041,73,4
138,9.66072940826416,145.4781011774364,12.061430312257183,0.10891999507650674,2.8781989691913994,73,5
138,10.183598449264748,160.05762757603165,12.651388365552283,0.04039882938003536,1.6672926640165024,73,6
138,10.251750496850498,165.1043383004921,12.849293299652402,0.02828966502339847,3.1799807133881943,73,7
138,6.4637497058813125,71.16445318108369,8.435902629895848,0.7268610813498806,1.1503854696301445,74,1
138,10.262963688891867,162.73779957798536,12.756872640972214,0.3712611306303244,1.1540676130764727,74,2
138,11.710309242856676,206.54200405392453,14.371569296841752,0.20502880839931958,1.1039122222126394,74,3
138,11.701164501300756,217.13740786070065,14.735583051264062,0.17287185320080845,0.19013409683669824,74,4
138,12.566405911376512,259.23425723579703,16.100753312680652,0.015212193673725505,-1.1151235760122105,74,5
138,11.938586670419443,223.57423700587344,14.952399038477854,0.15650009911813223,-0.6573276865309563,74,6
138,12.384340770002725,236.27785902149998,15.371332376261336,0.11854233143597137,0.3776643863622693,74,7
138,6.417437359906625,64.98981559486054,8.061626113561738,0.7826874471026518,1.3617167956587197,75,1
138,11.31125737618709,202.739442261007,14.238660128713201,0.3173922532947022,1.356834218121957,75,2
138,12.343021696892338,232.69107866824345,15.254215111510767,0.2191533159602561,1.7377680211827375,75,3
138,12.760874478713326,242.73250919422043,15.579875134102341,0.19327827759671357,3.486467658609584,75,4
138,13.410305182139078,300.19272396244304,17.32607064404515,0.004669201525448696,1.854448449784431,75,5
138,12.92491182382556,275.7969588788134,16.60713578191054,0.0917223791688846,2.8188040567481,75,6
138,14.534275524858115,337.5016997634555,18.37121933251725,-0.09930485953702517,2.805708746979202,75,7
138,5.6595359746960625,53.00861994032211,7.280701885142813,0.714316328402832,1.9755423310874165,76,1
138,9.590852765069492,146.32196141627713,12.096361494940416,0.20262433145585568,0.38318198660145636,76,2
138,10.722681425619816,199.26159837099908,14.116005042893654,-0.09233057523966148,-0.3931051820948504,76,3
138,10.341272450875545,186.27328200766686,13.648197024063906,-0.018743460983851268,-2.224357245624929,76,4
138,10.549605880958447,181.0443963010631,13.455273921442963,0.013470176294474223,-2.000728192536727,76,5
138,9.841411673504373,162.69977519704602,12.755382205055481,0.1127864444121015,-1.510832136955814,76,6
138,10.64489299663599,181.21661671464656,13.46167213664954,0.015447973218721711,-0.8553907145624575,76,7
138,4.418308493019878,31.056683577124968,5.572852373526951,0.838183281445356,0.18596783237180847,77,1
138,6.959853262141131,82.00863801356968,9.055862080087664,0.5963671603613672,-0.10833834910738295,77,2
138,8.824986146843951,122.49843590155913,11.067901151598669,0.4107125092735524,-0.6875872335572174,77,3
138,9.230689497961514,136.263620791651,11.673200965958351,0.35551544555851744,-0.38307967393294623,77,4
138,9.48016029164411,141.91165339699873,11.91266776994132,0.3464745194054514,-0.6314345028089441,77,5
138,9.718356070311174,140.94382555446313,11.871976480538661,0.35714082307824546,1.8089933326278909,77,6
138,10.240145759306092,163.20482748128808,12.77516447961779,0.2808743783106892,1.5160778778186743,77,7
117,10.700404199779543,191.56930023714875,13.840856195956547,0.04927925807273137,-8.991714648711376,78,1
117,8.07442296672071,105.44450489349113,10.268617477221124,0.5136662150771031,-2.943568351941231,78,2
117,8.84841038630559,119.27648168967313,10.921377279888885,0.47303808016416204,1.651041731875167,78,3
117,10.734692891438803,188.36476269687628,13.724604281977543,0.1908755239134703,2.2529668563451524,78,4
117,10.196394798083183,173.74823097981215,13.181359223532759,0.28565945014669514,5.107565855368589,78,5
117,12.993585301260662,271.47910191207393,16.47662289160233,-0.09273096076582354,8.945027041639019,78,6
117,9.222233299516205,131.84995379766656,11.482593513560714,0.48790766144059317,2.500227373889369,78,7
138,5.560749136883279,49.59833778766915,7.042608734529354,0.6838749992911803,3.354466148044752,79,1
138,7.665759936622951,84.13063384953504,9.172275282040713,0.49588157305128355,3.32319144235141,79,2
138,8.038190323373545,96.93600514238727,9.84560841910683,0.44182797791796713,2.0760584637738657,79,3
138,8.380719461302826,103.32901873823837,10.165088230715874,0.42098272195639097,2.0818083251731982,79,4
138,8.991693247919498,125.38996332194274,11.197765996927366,0.3238774683219777,-0.1969473742056584,79,5
138,9.814899679543316,146.42442837016884,12.100596198955191,0.2288652764279181,0.8643112320830857,79,6
138,9.782159791476484,141.83028246596865,11.909251969203131,0.2865454639278574,1.1668999298759128,79,7
138,5.038482057875481,38.68594739616541,6.2198028422262235,0.7271759126586657,1.6028884113698765,80,1
138,7.810286957284679,90.36173569611138,9.505879007020413,0.4001581593224839,2.157463578210361,80,2
138,8.166181951329328,98.8859983175688,9.944143920799256,0.36576095511120366,1.833280867424564,80,3
138,8.24040457131206,98.7859799461318,9.93911363986406,0.3787996151725108,1.57224160346432,80,4
138,9.659155762713889,136.39604506420787,11.678871737638353,0.16602648295004052,1.6818735564964404,80,5
138,9.843952427739682,143.15634304156825,11.964795988297011,0.1415404092973579,1.7290675951086956,80,6
138,10.09942510853643,149.14800973714264,12.212616825936308,0.14013424137768526,0.0449387094248896,80,7
106,10.528902530670166,172.67527472547985,13.140596437204813,0.527256141707467,3.850918580900948,81,1
106,15.427338411223214,345.590525011526,18.590065223433886,0.05993951265920838,2.0314114858519354,81,2
106,16.91499901717564,410.8507027154249,20.26945245228457,-0.11219260877067261,3.9483702767570064,81,3
106,15.844648964000198,388.557461991932,19.711860946951,-0.04929113462853962,3.233753591213586,81,4
106,16.125528380555927,377.96621865663394,19.441353313404754,-0.01737812398076688,4.345864394925675,81,5
106,15.779083260950053,361.0712853147465,19.001875836736396,0.009578574586771693,1.452795829413072,81,6
106,16.19926118850708,375.95770083549394,19.389628692563814,-0.031696041453811885,0.29845735262025075,81,7
138,5.823889041292494,49.03024576822177,7.002160078734402,0.6021260120423144,3.1928826069486314,82,1
138,8.499286831289098,102.57747242752073,10.128053733443595,0.18758016353923257,4.590551251950472,82,2
138,8.855280648107113,108.4905819651838,10.415881238051046,0.21426131319855846,3.364286775174348,82,3
138,9.228243993676227,122.88821387485518,11.085495653098024,0.1708348334527724,2.366640519404757,82,4
138,9.427194540051447,124.25689072401292,11.147057491733543,0.22377173705100528,3.059909654700238,82,5
138,8.616880105889361,111.48667457643998,10.558725045025085,0.34956855105223705,1.876075696254122,82,6
138,9.330115857331648,133.95912046550018,11.574071041146247,0.27672440025713585,2.002010538958121,82,7
138,5.703593551248744,49.73211434038082,7.05209999506394,0.5945668333873653,3.0844001839126367,83,1
138,8.8346838052722,110.66555852141136,10.519769889185378,0.11878640917199546,4.6239717594091445,83,2
138,8.883888949518619,114.23360941292172,10.688012416390698,0.16125517113441612,3.1172822731128638,83,3
138,10.44477507687997,152.56883347088268,12.3518757065833,-0.053397345385755246,3.856897982998171,83,4
138,10.164804873259172,146.14634956485088,12.089100444816019,0.059435529551478794,3.2790860991547075,83,5
138,10.469589730967646,158.1577837390054,12.57607982397557,0.044625623444868756,3.445234934488932,83,6
138,10.71003282242927,175.1975101935245,13.236219633774763,0.01435551467382612,2.7794520474862363,83,7
138,3.5789508612259575,20.389506136113575,4.515474076563121,0.3954105725000402,-0.14199890606645224,85,1
138,4.561228157817453,31.711046760154375,5.631256232862643,0.04514869841660396,0.10086239248082257,85,2
138,4.816601677217346,37.49177777762078,6.123052978508416,-0.13766797000140452,1.00354934775311,85,3
138,5.116653559864432,41.19988437596011,6.418713607566559,-0.24844605742199977,1.4441467437191287,85,4
138,5.134281137715215,40.50223212839608,6.364136400832094,-0.22875075843710357,0.8503166488979174,85,5
138,5.407270783963411,46.27137228002697,6.802306394159776,-0.393606271819388,1.041681448618571,85,6
138,5.448277494181758,46.02385935034908,6.7840886897466985,-0.38125972052922497,1.217325894728951,85,7
138,3.2879758295805557,16.37764975023758,4.046930905048613,0.338948802284154,0.5988792682039565,86,1
138,4.140291780665301,27.605306248572298,5.254075203931925,-0.13290421700097976,1.8245815332385078,86,2
138,4.7977541356846904,34.90118704060925,5.907722661111408,-0.44015725566413577,1.8807799159616665,86,3
138,4.955844844596974,36.4466994684871,6.03711019184569,-0.5023043598438295,2.236844968104708,86,4
138,4.696222250012384,31.365850759448183,5.600522364873493,-0.2963246226871805,0.9288476722827856,86,5
138,4.794655205546945,33.1131734485353,5.754404699752643,-0.36116694756303014,1.756092209746872,86,6
138,4.596355687017026,30.918082628661253,5.560403099475905,-0.27200511357143453,1.299551286559174,86,7
138,2.689669156420058,12.484603414633229,3.5333558290431535,0.47538276299259485,-0.04105976699055105,88,1
138,3.3728499067002446,19.254903969838054,4.388041017337697,0.17176785899928226,-0.34956247910209326,88,2
138,3.87678319129391,24.190287592653963,4.918362287657748,-0.0565994690408238,0.03041802281918733,88,3
138,4.459477763245071,30.312967828784977,5.505721372244056,-0.3311998310434394,0.4363949471625729,88,4
138,4.452553292979365,30.378284568383158,5.511649895302055,-0.3372810581305197,0.5731505656587905,88,5
138,4.386520054029382,28.692964860798725,5.356581452829661,-0.25855068136081405,0.38580312590668164,88,6
138,4.690886469854825,33.013981757224926,5.745779473424379,-0.4459390384163666,0.5639524874479874,88,7
117,2.6798684128329286,11.389920470734978,3.374895623680083,0.3302320620917447,1.0789734522501628,89,1
117,3.6908721923828125,21.247050320181756,4.609452279846463,-0.27919001517011277,1.5655112796359592,89,2
117,4.364237051743728,27.052499076594824,5.201201695434895,-0.6758056367638892,1.7888529606354542,89,3
117,4.202766573327219,26.81547374344166,5.178365933713227,-0.7185497080433207,1.2507034122434437,89,4
117,4.891247822688176,33.80925888494524,5.814572975287629,-1.237882901693979,2.687308384821965,89,5
117,4.1074616277319755,23.5274539370873,4.850510688276782,-0.6295815423984277,1.4929585008539705,89,6
117,4.279912157955333,25.34286700791828,5.034169942296176,-0.8436716247884948,1.447987409738394,89,7
118,2.384525565777795,10.05675553464477,3.1712388012643844,0.29194546284986855,0.9232058525085449,90,1
118,3.211790957693326,17.79389609441746,4.218281177733113,-0.24497928215224563,1.1998769630820065,90,2
118,3.6789797766733976,20.458909601300718,4.523152617511454,-0.4277346757628948,1.615978839033741,90,3
118,3.9418298592001704,23.068999026116572,4.80301978198264,-0.6340448642922403,1.9728757082405737,90,4
118,3.931396961212158,23.520808242427037,4.849825588866783,-0.7170448607263809,2.057155827344474,90,5
118,3.5165453442072465,18.501670991918928,4.301356878000119,-0.3673737941443187,1.3477770433587544,90,6
118,3.3974284964092707,17.57264851251749,4.191974297692853,-0.30796412857035604,1.5625730288230766,90,7
138,2.5926514397496763,11.620705128511327,3.408915535549587,0.3097614902797301,-1.6521439863287883,91,1
138,3.6441554539445518,20.782067252158406,4.5587352689269425,-0.2666213921182907,-2.6235906559488047,91,2
138,3.675306416939998,22.9843528022277,4.794199912626475,-0.4341961899359199,-2.868184048196544,91,3
138,3.7591297039087266,24.39963515835601,4.939598683937391,-0.5306932892980991,-2.794823992079583,91,4
138,3.694220459979513,23.831841459848267,4.881786707738087,-0.4937010002274749,-2.7504295957261236,91,5
138,3.9788408901380454,26.1696707233486,5.115630041680946,-0.6351616374538775,-3.2543181612871694,91,6
138,4.133428559787031,27.522995540010847,5.246236321403264,-0.7161793927024276,-3.2870403234509453,91,7
138,5.364730523980183,50.996560152813665,7.141187587006356,0.8939427205329273,1.981610719708429,95,1
138,8.482320253399836,120.76477771405608,10.98930287661852,0.7581057650230079,1.9770891700965771,95,2
138,9.766294928564541,190.5421026087125,13.803698874168202,0.6332743268899832,0.4046914266503375,95,3
138,12.068122110505035,282.99135054218203,16.822346760847072,0.46100543932327287,0.9493622365205184,95,4
138,12.155838309854701,284.9037472786684,16.87909201582444,0.45941848982865074,-0.2868193267048269,95,5
138,12.781417300735695,315.99590020644865,17.776273518554124,0.4087365043492147,1.081076753312263,95,6
138,13.11976497069649,318.9566478092606,17.859357429909412,0.42132156099984,0.6396902402242025,95,7
138,4.703832653985507,47.21160905716003,6.871070444782242,0.9238558402023601,-0.3134027564007303,96,1
138,9.297479380731998,188.80647619764775,13.74068688958626,0.7112626932612508,-0.41320289390674536,96,2
138,12.183094847029533,367.90982527057207,19.18097560789263,0.45668303797906495,-1.1374935689179793,96,3
138,13.772205891816512,480.1355872526071,21.91199642325197,0.30423362888868366,-2.2261740781258847,96,4
138,14.074428655099178,499.148775871623,22.341637716864515,0.3006826682858066,-2.523191963416943,96,5
138,14.27464575007342,470.4389406535052,21.689604437460478,0.36711726491186414,-2.148776247881461,96,6
138,16.34941635961118,573.8749994926955,23.955688249196587,0.26392924859568745,-1.170638526695362,96,7
138,5.016728988592176,38.06930739958038,6.170033014464378,0.5744181421008712,2.1023494264353877,97,1
138,7.519357577614162,87.57563449445713,9.358185427445704,0.04993524078274281,3.1206724263619687,97,2
138,9.247236396955406,127.01162345124045,11.26994336504139,-0.35000748355865086,3.2248907020126563,97,3
138,9.037000428075375,127.59820208757267,11.295937415175983,-0.32086484317088493,2.0849077459694683,97,4
138,10.099736980769945,147.10537391542346,12.128700421538305,-0.5152608423004794,2.154160713803941,97,5
138,9.99451614462811,143.74159581263484,11.989228324318244,-0.46169124761356817,1.5135282364444456,97,6
138,9.724669518678084,141.9653777023379,11.914922479913074,-0.3761703760883037,-0.26751145763673645,97,7
138,5.1977507757103965,41.5971082871628,6.449582024221631,0.524894465421931,2.533125773720119,98,1
138,7.474145322606184,85.93514068701539,9.270120856117,-0.0023166714115827602,4.164521327917127,98,2
138,6.709042673525603,74.24875934622074,8.616771979472402,0.12586306163473737,1.3445115573164346,98,3
138,7.8225534135016845,94.5043455367333,9.721334555334124,-0.12317849339600007,2.026887451393017,98,4
138,7.891842385996943,93.80316128281703,9.685203213294857,-0.12341631801048636,2.260066460872042,98,5
138,8.251679088758385,111.19813568322178,10.545052663842974,-0.3425760282739241,1.467957855998606,98,6
138,7.158576813296995,80.18426071244099,8.954566472612786,0.0356497387622684,-0.809403557708298,98,7
138,5.390125965726549,47.04851305660307,6.859191866145973,0.6893378386263677,1.3977750418842703,100,1
138,8.375127916750701,104.41790381250044,10.218507905389144,0.31400711408492865,2.0899534225463867,100,2
138,9.108656053957732,125.97308101068384,11.223773029186034,0.18425762160039894,2.186848253443621,100,3
138,9.178137178006379,136.61449001778573,11.68822013900259,0.13633113257355534,2.3881289233332095,100,4
138,9.78083094306614,149.78681923635074,12.238742551273425,0.06619325142113996,1.6412146955296614,100,5
138,9.443348877671836,147.51439446553027,12.145550397801257,0.08856016858161608,1.9638019160947937,100,6
138,9.729945127514826,137.90888016201194,11.743461166198488,0.15765073263064422,1.621824001920396,100,7
138,5.720678108325903,68.80304797382924,8.294760272233866,0.7964056894676633,-1.1241287563158118,101,1
138,8.088212241297184,138.45874311666594,11.766849328374438,0.6342602019279227,-1.6751780924589739,101,2
138,8.471896793531334,153.77583681202262,12.400638564687814,0.6389864499651201,-3.053926467895508,101,3
138,9.214702827343043,165.86970806522814,12.879041426489323,0.6256110612383969,-2.920598347981771,101,4
138,9.50565707165262,206.57711289318746,14.372790713469234,0.5556699500115944,-4.38568003281303,101,5
138,10.61573786666428,270.8192628894931,16.456587218785465,0.4448736378383178,-5.370489431464153,101,6
138,11.693492654441059,322.57680223497385,17.960423219817898,0.3805419610772165,-7.39132991735486,101,7
138,3.0400599189426587,14.7929083664226,3.846155010711685,0.04106279857902151,1.786111430845399,103,1
138,4.8106912391773164,35.30787428580808,5.942042938738164,-1.3419073683406748,3.675585304481396,103,2
138,5.077184801516325,37.549292470832924,6.12774774862942,-1.506530692052407,3.588022936945376,103,3
138,6.7201586322508,62.31700103228161,7.894111795020489,-3.1596348513409955,5.648760394773621,103,4
138,6.377599985703178,52.093087739825044,7.217554138336965,-2.5135343871527684,5.353066907412764,103,5
138,6.433679200600887,58.93212471103521,7.676726171424588,-2.9657645641269297,5.257362621417944,103,6
138,4.9123377592667286,33.74333228681064,5.808901125583964,-1.2785910022475333,3.3158366438271343,103,7
138,7.25698571274246,77.17917683265638,8.78516800252883,0.5666249341937754,4.464853887972624,104,1
138,9.581674534341563,141.12463015265376,11.879588804022376,0.20077981611184703,4.469148511471956,104,2
138,9.49584412229234,135.9381928494716,11.65925352882729,0.22911418602112132,4.012122126593106,104,3
138,11.222478258437004,188.01935976143548,13.71201516048737,-0.0656488294760762,6.20472526550293,104,4
138,10.910649686619855,186.40701107241546,13.653095292731809,-0.04692584915352005,5.316783559495124,104,5
138,12.23254680633545,216.00859939857042,14.69723101126775,-0.20641957274672662,5.8300872609235235,104,6
138,12.860989612081777,237.72927540342116,15.418471889374159,-0.3194273724418497,6.671266693999802,104,7
138,6.430314174596814,69.21318328448598,8.319446092408194,0.6884324638612671,-0.849779032278752,105,1
138,9.012992513352547,126.1805880904199,11.233013313017123,0.423487210633984,-0.06716021938600401,105,2
138,10.418033323426178,165.19961616762632,12.853000278830866,0.24024681180559526,1.650821050008138,105,3
138,10.882321219513381,188.24471514096376,13.72023014169091,0.1326242087251407,2.7263794083526167,105,4
138,11.504359093265258,197.0353420657402,14.036927800118521,0.09924314151389657,1.2310269397238027,105,5
138,12.139491468236066,211.2864794300124,14.535696730119696,0.037702473162659955,1.3434168635935024,105,6
138,12.343747595082158,218.9012845224549,14.795312924114004,0.006416425674034221,1.1661517654640088,105,7
138,5.796611419622449,57.21239513510727,7.563887567587667,0.7022845344067947,0.06631495296091273,106,1
138,8.637532241102578,113.11782744815768,10.635686505729552,0.40731541159498186,-0.9927747215049855,106,2
138,9.326821555262027,134.09445772359965,11.57991613629389,0.2979522609930769,-0.43320355208023736,106,3
138,10.368190938147945,181.39760280685022,13.468392732870921,0.05344309416562132,0.4660757106283437,106,4
138,10.28919267654419,172.51160141877793,13.134367187602832,0.11059014156717395,-1.105143388112386,106,5
138,10.617274042488873,165.6266150289927,12.869600422273905,0.1523648438578029,-0.11429143297499504,106,6
138,9.866484773331795,164.58633954325228,12.829120762673188,0.16299728251116996,-3.3501517738121143,106,7
138,5.740700403849284,53.10236083636456,7.28713666925251,0.4507786817053151,3.7900926341181216,107,1
138,10.170209138289742,155.65046864252741,12.47599569743944,-0.6191730292946336,7.7592510555101475,107,2
138,10.373192427814871,163.64514554596718,12.792386233458055,-0.577933961907606,6.3261893313864,107,3
138,10.839187870854916,172.4146009345325,13.13067404722745,-0.6780145061804992,6.624341550080673,107,4
138,10.95446835393491,174.25797231834355,13.20068075208031,-0.7053039931924221,5.514747840770776,107,5
138,9.637480597565139,142.57684292247924,11.940554548364965,-0.39187191206684746,3.517149565876394,107,6
138,10.317179417264635,163.36116682572754,12.781281892898205,-0.5729917559411539,4.279765833979067,107,7
117,4.362207592043102,29.73168999448336,5.452677323524964,0.7571769160043103,-1.019094972528963,108,1
117,7.071492284791082,73.44562668512377,8.570042396926853,0.37754816878257524,-1.3462130880763388,108,2
117,8.153644675882454,99.95058276451124,9.997528832892218,0.1465739775076057,-2.117641660902235,108,3
117,9.09001713940221,123.14554797067483,11.097096375659483,-0.05689265843858027,-1.5081419985518496,108,4
117,8.30572648333688,97.07924373167612,9.852879971443686,0.17695133317774048,-1.3205252590342464,108,5
117,8.989088286701431,118.63517284996404,10.891977453610709,0.015635879693264076,-2.540634367201063,108,6
117,8.937778391389765,122.05122701362245,11.0476797117595,-0.016660254739840452,-3.7698120215000253,108,7
138,6.991016035494597,70.22874587653656,8.380259296497726,0.48166630863204085,3.3064212591751763,109,1
138,9.931638116421906,140.12446853258407,11.83741815315249,-0.03152145196483036,4.625542993130892,109,2
138,10.096743452376213,146.82948737361906,12.117321790462572,-0.0717754021637469,3.8688208469446153,109,3
138,11.148053203803906,179.55282766469932,13.399732372875935,-0.3020604797514439,5.488698758940766,109,4
138,11.266273353410805,192.05813038834293,13.858503901516315,-0.37648328911555407,4.747483343317889,109,5
138,10.709395139113717,176.08297155797092,13.269625901206519,-0.25282499316955764,5.663819126460863,109,6
138,11.261310694874197,194.41959313397936,13.943442657176863,-0.38979989151119376,6.236342091491257,109,7
138,3.5413562802300937,22.523382183995412,4.745880548854492,0.8863512444870822,0.2971552143926206,1001,1
138,6.317277970521347,66.49550854845552,8.154477821936577,0.6691749933817479,1.1159696509872659,1001,2
138,7.51077571813611,100.19574446501065,10.009782438445436,0.5159131109227453,1.0441895636959353,1001,3
138,8.870051992112312,148.70338182293835,12.194399608957317,0.2858138107628385,-0.803318839142288,1001,4
138,10.045676203741543,176.66166778665055,13.291413310353814,0.1560344205083577,0.5341855892236682,1001,5
138,10.271127134129621,185.09870953058004,13.605098659347533,0.12926274953268035,0.09885128684665846,1001,6
138,10.909654603488203,193.85765087632353,13.923277303721402,0.12375205609390305,-1.210959766222083,1001,7
138,6.226202398106672,70.44397936814788,8.393091168821407,0.6402026702114352,-1.1187268685603486,1002,1
138,8.122828379921291,122.6856575567472,11.076355788649407,0.3986207816457622,1.1707477776900581,1002,2
138,9.57416992602141,174.244893380205,13.200185354009427,0.17225918710200705,-0.2039837007937224,1002,3
138,10.975098022516223,214.10296804601768,14.632257790444292,0.028836670957624544,-0.7147917471070221,1002,4
138,11.703545466713283,241.55021078031743,15.541885689333757,-0.07958797862797806,1.794869595679684,1002,5
138,12.618672488392264,266.77663124850335,16.333298235460692,-0.1329225973337571,1.5887654553289,1002,6
138,13.652355090431545,306.55126462150866,17.5086054447951,-0.21918376877718204,0.7758032273555148,1002,7
138,4.701737341673478,33.312174387394094,5.771669982543536,0.3862227127067336,1.3932677904764812,1003,1
138,6.078990597655808,57.932694951795376,7.611353030295953,-0.0934579289947044,1.6062286141989888,1003,2
138,5.877499393794848,53.20547265163354,7.294208157958857,-0.01721072536839663,0.14900112843167954,1003,3
138,6.1911590479422305,57.98405159819622,7.614725970000248,-0.11658825701072928,-1.4009905483411706,1003,4
138,7.167294771774955,76.65043084437275,8.755023177831841,-0.4826685595379616,1.5684718049090842,1003,5
138,6.643823022427767,70.18181811566384,8.377458929512208,-0.3709944338929232,0.5795040476149407,1003,6
138,7.029108773107114,71.93582035998567,8.48149870954336,-0.40677421994773577,0.1403557943261188,1003,7
138,7.442575154097184,217.53965460229944,14.749225559408176,0.7617326572761665,-3.2377741267715674,1004,1
138,9.923078474791154,322.25796558082124,17.95154493576587,0.6516263779098632,-3.470058475715527,1004,2
138,11.593512991200322,433.88460565587167,20.829896918992944,0.5340748589143925,-2.7892436428346494,1004,3
138,13.417864744214045,544.274831699691,23.329698491401277,0.41780759064102024,-2.3809807957082554,1004,4
138,14.701728544373443,540.4442471985618,23.247456789906327,0.42864098733436584,-1.49509548795396,1004,5
138,14.260057532269022,481.37851582728354,21.940339920504503,0.49621035781852973,-1.9093861787215523,1004,6
138,17.01104522096938,731.246095323428,27.041562368388185,0.24698110541502005,-4.034048425978509,1004,7
138,6.4845417997111445,159.2360962798459,12.61887856664949,0.8160426296219108,-2.3223224273626357,1005,1
138,9.667682972507201,311.2830748058052,17.643216112880474,0.6457952132653355,-3.0249874073526133,1005,2
138,10.78845004758973,351.88815088768115,18.758682013608556,0.6027778084814569,-2.686742851699608,1005,3
138,13.13917018365169,491.00002224075763,22.158520308016005,0.4488970272681344,-3.265287959057352,1005,4
138,13.971079397892606,460.73912681002474,21.46483465601412,0.48941609181588364,-1.4209892991660298,1005,5
138,14.913726841194043,518.497261063136,22.77053493142258,0.43178705112707705,-1.7052641536878503,1005,6
138,17.825813459313434,700.2885826528458,26.46296624819005,0.24669393474015266,-1.1659834626792134,1005,7
117,5.438866925035787,54.407882860732435,7.376169931660498,0.8346682200340723,2.006880271129119,1006,1
117,7.51134468958928,91.47343038785512,9.564174318144516,0.5534468322531264,3.937256063151563,1006,2
117,8.48346684121678,121.3361824759729,11.01527042228074,0.3095363590522324,3.24952150002504,1006,3
117,9.263450361724592,165.21703519117105,12.853677885771491,-0.08127042552928221,3.376722189096304,1006,4
117,10.123527314927843,180.64368286599392,13.440375101387383,-0.20663028563752683,3.21570680080316,1006,5
117,10.130121948372604,185.57927640186912,13.62274848926857,-0.1275866776324448,3.152075433323526,1006,6
117,10.907077609983265,236.43836622504904,15.376552481783719,-0.2518029541956037,2.3617101000924396,1006,7
138,6.115137000014816,137.49422832198087,11.72579329179825,0.8380843171950834,-1.9834725511246833,1007,1
138,9.54012782331826,313.569891312191,17.7079047691191,0.6394853592693694,-2.913918301679086,1007,2
138,10.661884757055752,359.60563497833346,18.963270682515013,0.591324206631112,-3.3703955290974053,1007,3
138,12.264015660769697,443.60739641704015,21.06198937463031,0.5002001115398659,-3.6139458988023843,1007,4
138,13.25643023200657,499.8583114453,22.357511298114108,0.4451915736552282,-2.629444778829381,1007,5
138,14.903387076612832,598.5936433881332,24.46617345209776,0.3467405895253314,-3.8558329084645147,1007,6
138,15.604293899259705,713.4300611135757,26.71011158931343,0.24131336006382853,-5.669379116832346,1007,7
138,7.03050824870234,147.87561851569436,12.16041193856912,0.8165468488869387,0.07299971926039543,1008,1
138,10.32393203265425,304.6031107631988,17.45288259180124,0.6342585895923378,-0.33421257267827575,1008,2
138,11.831667312677355,449.86352858309505,21.209986529535918,0.46870572885729567,-3.261722696000251,1008,3
138,12.766544452611951,531.5902433109243,23.05624087554006,0.37857904809597465,-5.439467692720717,1008,4
138,13.285566475080406,526.8632479090058,22.95350186592464,0.39488459117552555,-3.0617303917373437,1008,5
138,14.265831905862559,620.642806185558,24.91270371086924,0.3017681958018049,-5.355465405229209,1008,6
138,15.031396119490914,623.98799361476,24.979751672399786,0.3191354841772769,-4.8217894789101425,1008,7
138,7.470505410346432,267.4685105716426,16.354464545549714,0.7914486936862474,-3.2608948997829272,1009,1
138,10.957347980443982,422.8414487700658,20.563108927641895,0.6782318665255693,-4.060646803482719,1009,2
138,12.308276052060334,487.9715426885588,22.090077924003772,0.6313647895295708,-4.555122707201087,1009,3
138,12.61920458337535,470.79815657275805,21.697883688801497,0.6470871509123226,-4.092608458753945,1009,4
138,14.850308349167092,683.0114493605304,26.134487738628632,0.4950800723398705,-5.288716551186382,1009,5
138,14.668180258377738,670.3535682755252,25.891187077372972,0.5117394526214301,-5.168580055236816,1009,6
138,15.844787874083588,728.3958382622959,26.98880950064852,0.479161885068495,-4.720065020132756,1009,7
138,6.068938607754915,107.44926707677544,10.365773829134776,0.8661347640183436,0.5517443573993185,1010,1
138,10.210236970929133,203.5385629646551,14.26669418487181,0.7519098992403664,5.694850278937298,1010,2
138,11.581976593404576,336.431565516919,18.342070916799962,0.5940689879292624,1.1820966126262278,1010,3
138,13.396749309871508,432.08152725633965,20.78657083927841,0.4823580681549857,2.5502217679783916,1010,4
138,13.713445753291033,468.61950576102436,21.647621249481993,0.44606532258956955,0.8087276859559874,1010,5
138,14.862238738847816,585.9497324623073,24.206398585132554,0.3167750056473936,-2.200342475504115,1010,6
138,15.18151593553847,643.35844542266,25.364511535266356,0.26445433790312056,-5.422753645026165,1010,7
138,4.659271945124087,56.78841754269042,7.535809017132163,0.8731397717396153,-0.12351905435755633,1011,1
138,8.069571501966836,128.14742580533678,11.320221985691658,0.7251760265706151,1.3463925002277761,1011,2
138,9.305975257486537,166.88217128630646,12.918288249079538,0.653702685428732,1.0912303855453713,1011,3
138,10.958285877670066,210.4047448473545,14.505335047745518,0.5698279996839687,1.282264965167944,1011,4
138,11.042616242947785,212.52312502390885,14.578172897311543,0.5720061351369248,0.8861117086548737,1011,5
138,11.692724704742432,244.31043548204715,15.630432990869036,0.5189306224397701,0.48649230210677435,1011,6
138,13.238319694132045,296.24059057602796,17.211641135464912,0.43711346544808594,0.5794546085855236,1011,7
122,5.8819223779146785,59.50673777522071,7.714061043005863,0.8848387372245663,1.9101064556934795,1012,1
122,8.470919937383933,123.84305028421353,11.128479244003357,0.7714585040544366,1.7308530025794857,1012,2
122,9.746052992148478,178.72991840095824,13.368990926803647,0.684559999832379,0.7342978774524126,1012,3
122,11.964775788979452,246.55336920423767,15.702017997831923,0.5713549159456955,1.6906033031276015,1012,4
122,11.587949393225498,243.64677413987263,15.609188772638783,0.5798541803472079,0.6981999913200003,1012,5
122,11.784564471635662,237.4006555255342,15.407811509930092,0.5984231585848909,0.9182568847155962,1012,6
122,11.616113396941639,235.7162875803485,15.353054666103045,0.6126045674322304,0.16166335246602043,1012,7
138,4.601089484449746,45.47803191695705,6.7437402023622655,0.8846105403288174,1.1503630168196084,1014,1
138,6.648691972096761,90.57777575750863,9.517235720392168,0.7763702198413396,1.857055422188579,1014,2
138,8.603285685829494,154.26497228268906,12.420345095152914,0.632253184983858,2.184068092401477,1014,3
138,11.18929085524186,236.99523063350446,15.394649415738717,0.43570129189990325,4.598090095796447,1014,4
138,12.437111723250236,277.81763532061524,16.667862350062027,0.3433614606510005,2.4880728168763975,1014,5
138,12.383997440338135,304.4044016852,17.447188933613347,0.290875155783643,1.3451736629873081,1014,6
138,12.532101555147033,326.92205115460274,18.08098590106753,0.2649337869441907,0.9801332985145458,1014,7
138,7.127692105113596,203.26991601650514,14.25727589746741,0.8243655129565073,-1.8782257895538772,1015,1
138,9.274155775705973,279.37466797035376,16.714504718069087,0.7614452198750656,-1.8814487664595894,1015,2
138,10.309054195017055,305.6171284109985,17.481908603210304,0.7399857787861169,-3.174314775328705,1015,3
138,12.954258953315625,561.6956771888981,23.70011977161504,0.5225741747599744,-5.049014969148498,1015,4
138,14.094079148942146,597.6532107596515,24.446946859672508,0.49419063516973016,-4.032539056695026,1015,5
138,15.979357242584229,736.9105622272705,27.146096629667966,0.3811344092081901,-4.793221231819927,1015,6
138,17.063379750735518,856.6348233255109,29.26832457325685,0.29164908393147004,-4.82104534342669,1015,7
138,4.361037143762561,49.044012244208055,7.003143026113921,0.8696313423188441,-1.0960336768108865,1016,1
138,6.033813283063363,78.28935780946718,8.848127361734074,0.79743249882155,-0.07061820099319237,1016,2
138,8.407615081123684,141.72179946611936,11.904696529778462,0.6461164327799193,0.6301680578701738,1016,3
138,9.52007449882618,178.79485918996917,13.371419490464323,0.5539310326630116,2.8511748244796973,1016,4
138,11.701612596926482,248.85957104018394,15.775283548646089,0.38338209730110895,1.4818907613339631,1016,5
138,12.701363881429037,294.73075171864843,17.16772412752047,0.27978511123895977,2.9375362119812896,1016,6
138,12.502820443415988,341.73264391007314,18.486012114841675,0.19491815537591828,-0.5378225298895352,1016,7
138,4.523232774458069,58.92457329375874,7.6762343172781495,0.9254115506771985,-0.5526232270226963,1017,1
138,7.913881447004235,160.77117837838577,12.679557499313049,0.8032543614675196,-1.416869446851205,1017,2
138,10.963789283365443,331.7431436209708,18.213817381893637,0.5986288935875399,-3.007118342579275,1017,3
138,11.464411327804344,345.341124890269,18.583356125583695,0.5847350962043742,-3.5963545329328896,1017,4
138,14.842706742494002,573.0955039380387,23.939413191179913,0.31853154519591786,-4.558065877444502,1017,5
138,15.702496521714805,658.7688372901605,25.666492500732556,0.22639201076783666,-5.259721610857093,1017,6
138,16.078822363977846,685.2998092940021,26.17823159218365,0.21310835039893028,-6.997968210690264,1017,7
138,5.3688533651656,57.64145614045412,7.592197056218583,0.8746806049722331,3.5988698662191196,1018,1
138,7.962719523388406,116.17441100968436,10.77842340092856,0.7606127254120364,6.150449428005495,1018,2
138,8.542574198349662,132.69818662201004,11.519469893272435,0.7358690893149376,4.619970397672791,1018,3
138,9.728168916011203,189.95947802082785,13.782578787035025,0.6281894595856348,3.10547183216482,1018,4
138,11.576097896133644,268.969056163336,16.400276100216605,0.48826933396786143,1.6538185382234878,1018,5
138,11.245394775832908,269.4729068070885,16.415629954622165,0.5039746495587003,1.0158645519311877,1018,6
138,13.189686291459678,353.5345349879323,18.802514060304073,0.3744031564368885,2.0868620941604394,1018,7
138,5.207441136456918,99.68472703360338,9.984223907425323,0.9237664611456303,-1.3463108366814212,1019,1
138,7.578037158302639,199.8293531054382,14.136101057414601,0.8520559193398536,-3.197972111080004,1019,2
138,9.391246415566707,288.74757938257613,16.992574242373525,0.789159564202156,-3.7649752782738726,1019,3
138,11.748269108758457,440.0821928919051,20.978136068104455,0.6818032644273392,-4.913765506467957,1019,4
138,13.376971452132516,595.631934551455,24.40557179316754,0.5779065675884165,-5.877030386440996,1019,5
138,14.845564766206603,696.2825543977374,26.38716647155843,0.5189744339142508,-6.314495687899382,1019,6
138,14.867175820944965,647.9075574689775,25.454028315160205,0.5676180308020734,-3.685908455779587,1019,7
138,4.681393232898436,57.52007807556454,7.5841992375968434,0.8738336492036827,-0.2172274278557819,1020,1
138,7.839149723882261,160.86366300536872,12.6832039723947,0.6643922839250211,0.8012512870456862,1020,2
138,10.15128979475602,237.76284076705036,15.419560329887826,0.5195484498537828,0.46641698781994806,1020,3
138,12.259221028590549,301.9703392911904,17.377293785028506,0.39976238364120353,1.8135494494783706,1020,4
138,13.550951722739399,349.7790926461534,18.702382004604477,0.32235656505822885,0.9936998339666836,1020,5
138,12.967056094736293,365.8266404639365,19.126595109008203,0.31058338516862816,0.17368876415750253,1020,6
138,13.675350092459416,418.39405652261945,20.454682997363207,0.24236379501682148,-1.2753468527310137,1020,7
138,5.6559938935266025,120.36327424709887,10.971019745087458,0.8815881355974604,-1.589423936346303,1021,1
138,8.134843660437543,207.74164552859182,14.413245489083707,0.80208786195033,-2.2651282877161885,1021,2
138,10.022745899532152,340.78979200398874,18.460492734593753,0.6799348208722324,-3.034822802612747,1021,3
138,11.468182135319363,405.0090415692517,20.12483643583847,0.6230992670418642,-2.527903625930565,1021,4
138,12.238847400831139,491.64827313342283,22.17314305941814,0.5505490089579274,-3.514842655347741,1021,5
138,13.304266604824342,549.2811372404329,23.43674758238508,0.5089180861173968,-3.247604349385137,1021,6
138,15.562688240106555,718.3509934523972,26.802070693369892,0.37684203662972704,-4.472919940948486,1021,7
138,3.9553272344064023,43.63903993768024,6.60598516026794,0.8938788337183207,-1.2317978057308474,1022,1
138,6.560360687366431,103.1598980723469,10.156766122755162,0.757359865141449,-1.444353310958199,1022,2
138,7.403983890146449,129.336112885279,11.37260361066361,0.7057626293778695,-1.657263451728268,1022,3
138,7.991358038307964,139.77653082219214,11.82271249850017,0.6872218501384542,-0.711540042490199,1022,4
138,9.402101032975791,195.6612637622559,13.987897045741219,0.5703989365780417,-0.18978919153628143,1022,5
138,9.762611983478934,200.35326523562154,14.15461992550918,0.5704061397255531,-0.24460163669309753,1022,6
138,11.554842783057172,286.2526037869467,16.919001264464363,0.40887577302400147,-1.618723371754522,1022,7
138,6.2368324874103935,219.6400007734833,14.820256434133766,0.8003261077335622,-2.918613343999006,1023,1
138,9.982187554456186,491.78459321532716,22.176216837308548,0.5852262266792401,-4.149404850558958,1023,2
138,10.849343928737916,499.65686596666603,22.35300574792272,0.5997267520371354,-4.296900645546291,1023,3
138,13.080090115035789,666.7698713170282,25.821887446835255,0.483385977714314,-3.4075669343920723,1023,4
138,13.885913848876953,708.4232038373477,26.61622069034873,0.46661917675261766,-5.670185932214709,1023,5
138,14.22764229428941,683.011246113804,26.13448385015101,0.4976355968058087,-5.04609279356141,1023,6
138,15.881831480109174,769.7838351351136,27.744978557121172,0.45339735488263155,-4.967006275619286,1023,7
138,6.865808521491894,186.30244825720683,13.64926548416459,0.8073480261257127,-2.5331567612247192,1024,1
138,10.332874325738437,407.44888106839494,20.185363040292213,0.5850378016078657,-5.389811557272206,1024,2
138,10.273098924885625,321.6911203831385,17.935749785920258,0.6746464538184844,-3.5244535155918286,1024,3
138,12.293414786242057,443.4144464977757,21.057408351878816,0.5532083227670845,-4.8829958888067715,1024,4
138,13.273713104966758,496.11271273579956,22.273587783197378,0.505139375875667,-4.696198249208754,1024,5
138,15.500180894050045,652.7555632991201,25.549081457052818,0.35608781560357616,-4.953319743059684,1024,6
138,16.510976100313492,748.3344215611614,27.355701810795523,0.2752845470817902,-5.605309002641318,1024,7
138,2.948352578757466,15.5445975455336,3.942663762677918,0.35279492518054023,1.0484726532645847,1025,1
138,4.14634080555128,28.272941322153997,5.317230606448623,-0.20623839364770502,1.6759213088215261,1025,2
138,4.559950199680052,32.01277444545487,5.657983248954955,-0.39438734955466437,1.5767510248267131,1025,3
138,4.817385846290035,36.211154978173795,6.017570521246411,-0.5845562520101995,1.9307228102200273,1025,4
138,4.8962248373722685,37.38869480889455,6.114629572500246,-0.6597332253820631,1.8055377628492273,1025,5
138,5.206921273383541,40.78391756639756,6.3862287436637875,-0.8040284717138861,2.2520278709522192,1025,6
138,5.66387939453125,48.446730388801214,6.960368552655902,-1.1383156204801939,2.152549425760905,1025,7
117,5.762263069804917,69.18751971371948,8.317903564824462,0.88389383541059,-0.44559963747986364,1026,1
117,8.359766568893042,125.1160085133148,11.18552674277411,0.7968280138339355,-0.5360733831030691,1026,2
117,10.097023621583597,190.04156612990008,13.785556431638879,0.6946500707288082,-0.9884538324470193,1026,3
117,11.12938523088765,261.52688246781474,16.171792803143834,0.583607204255145,-3.6431540872296715,1026,4
117,13.544789053436018,367.1088293762895,19.160084273726188,0.41991622942701734,-4.167643807892107,1026,5
117,15.170814065851717,475.0234843010874,21.79503347786113,0.26067076644887555,-5.525627943185659,1026,6
117,15.814876271109295,537.8650596482163,23.19191798123252,0.1815939470399347,-5.598103180909768,1026,7
117,4.516266321524595,49.18062094352847,7.012889628642994,0.9239371412790339,0.1017416888832027,1027,1
117,6.800144399333204,115.66466676470148,10.75475089273115,0.8261154269292901,-0.5316183546669463,1027,2
117,9.637472739586464,240.49227042871667,15.507813205888079,0.6508946543488864,-2.284696562677367,1027,3
117,10.872825459537344,286.6503866125744,16.93075268889645,0.585998603151938,-0.8867449312128572,1027,4
117,12.417750456394293,378.5946798754488,19.457509601062743,0.45848511810451664,-3.2477028920100284,1027,5
117,13.030157839131151,435.0810588740863,20.85859676186503,0.3849169523322111,-4.58131713541145,1027,6
117,13.882182536981045,464.98039844986965,21.563404147997357,0.36172589570450264,-6.139304446358966,1027,7
138,4.025661040043485,32.85659563903105,5.7320673093597785,0.921560593363572,-0.11017991494441377,1028,1
138,6.7284529174583545,99.58413763684057,9.979185219086805,0.7678147697515956,-0.28258413508318475,1028,2
138,8.259174816850303,164.28839184508493,12.817503338992541,0.6294662964949161,-0.8466438348742499,1028,3
138,9.923319208449211,228.2529549121289,15.108042722739729,0.48945842563233366,-0.021760290947513306,1028,4
138,11.2666326329328,285.0157099606844,16.88240829860137,0.3697511085256522,0.5862599801326144,1028,5
138,12.566032147061998,360.812709159921,18.99507065424925,0.21328777322586479,-1.5143526464268782,1028,6
138,13.45584251569665,398.43198013584345,19.960761010939525,0.1578708494849348,-1.972795831984368,1028,7
138,4.133567651112874,38.21662297079731,6.181959476638237,0.9202696745394503,-0.10999034798663596,1029,1
138,6.727758151897485,109.80347797209149,10.478715473381815,0.7777424486685727,-0.8973342854043712,1029,2
138,8.263099131376848,160.461212798895,12.667328558101547,0.686304010430494,-0.286332406859467,1029,3
138,9.506882653720137,217.14491370246253,14.73583773331067,0.5793876282167303,-0.6353755619214929,1029,4
138,11.055304941923723,285.4768777374204,16.896061012479223,0.45375261721384763,-0.5723378692848095,1029,5
138,11.650542701500049,314.520554841602,17.734727368685487,0.4058569210820119,-1.3153897575710132,1029,6
138,12.393592820651289,316.1374427251163,17.780254293038563,0.41913177862039375,-2.12386881786844,1029,7
138,3.85181787048561,28.06452773094021,5.297596410726303,0.8829925919539074,0.6033872866976089,1031,1
138,5.993462804434956,62.55276489892202,7.909030591603627,0.7455844296645271,1.7482357647107996,1031,2
138,7.075659268144248,87.10495490154953,9.333003530565577,0.656259867729681,1.758498205654863,1031,3
138,8.354399860769078,118.73636702593306,10.896621817147416,0.53653949231173,2.0033895243769106,1031,4
138,8.301833719447039,156.88734797174308,12.525467974161408,0.39485989757131523,-0.6485817674277485,1031,5
138,8.875324263088945,141.59218486123288,11.899251441213975,0.4644106715742774,0.9135349246038906,1031,6
138,10.006988331891488,189.011492961942,13.748145073497806,0.3108373153645001,-0.8617231396661289,1031,7
138,4.084246801293415,28.17588213867976,5.308095905188579,0.7738949561443297,0.9380955350571785,1032,1
138,6.653425313424373,73.32182248106949,8.56281627042584,0.4249931309315531,2.306040100429369,1032,2
138,7.501827419668004,98.20131529876377,9.90965767818262,0.25458685809232084,1.1872553203416907,1032,3
138,9.113298194995824,123.05801264677291,11.093151610195045,0.07460669592956626,2.745643947435462,1032,4
138,7.867207582446112,107.42379377527699,10.36454503464947,0.19569833889784327,-1.2586906129035398,1032,5
138,7.993086856344472,105.39829138919447,10.266367000511645,0.22490808279910313,-0.6388591821642889,1032,6
138,8.749444975369219,139.74268556317287,11.821281045773883,0.028348897104437554,-3.8935132648633872,1032,7
138,3.650575333747311,20.629929188475586,4.542018184516173,0.8029001914130885,0.30248147162838257,1033,1
138,5.68195008540499,54.33402324325199,7.371161593890884,0.49273500626894073,1.1613271132759426,1033,2
138,6.92619670646778,79.25441286128428,8.90249475491473,0.2795317581727559,0.17341781008070795,1033,3
138,8.150340881900512,99.38392945964061,9.969148883412295,0.10550347392545056,1.3802277247111003,1033,4
138,8.351766931837883,104.79021707104674,10.236709289173291,0.06263615710009252,0.3212691459102907,1033,5
138,8.49792136316714,100.33096063327176,10.016534362406578,0.11690170147858847,1.018794032110684,1033,6
138,8.867595202680947,110.56108359857889,10.51480306989051,0.07460658607915727,1.7650485660718835,1033,7
109,4.148377619752097,28.433825632514818,5.332337726786894,0.8490198358203183,0.07324701711672162,1034,1
109,5.905129108953913,59.59462276661294,7.719755356655607,0.7016996353334933,1.4820577638958572,1034,2
109,7.788564577015168,98.83878246526639,9.94176958419709,0.5330902297521318,2.2704309061032917,1034,3
109,8.865062311154986,119.2362067602551,10.919533266594094,0.4444154163171956,3.0353891390179277,1034,4
109,9.921211470157727,142.59165946552451,11.94117496168298,0.3432909224837356,4.270241081167798,1034,5
109,10.323930250395328,150.6348466436009,12.273338854753456,0.32367202054726874,4.210504881832578,1034,6
109,9.182753729164054,123.07115285555646,11.093743861093804,0.4784596690911407,2.5060622014036964,1034,7
136,3.1420471527997185,17.589569661498672,4.19399209125371,0.9016928472242945,0.6107523721807143,1035,1
136,5.550951782394858,51.919254090015684,7.205501654292759,0.7398401120927856,0.8053837313371546,1035,2
136,6.842338674208698,79.51633752038667,8.91719336564968,0.6228529464214778,0.7502748264985926,1035,3
136,8.035918516271254,116.9579503187438,10.814709904511716,0.46759794198141813,0.564476349774529,1035,4
136,8.56704922283397,137.47611303561212,11.725020811734712,0.39619972648655566,0.23924600376802332,1035,5
136,8.822279916090125,145.80196126647724,12.074848291654734,0.366407505225234,-0.19280575303470388,1035,6
136,9.109695588841157,145.1912005561763,12.049531134288019,0.37924938038278777,0.10603791124680463,1035,7
138,5.532206721927809,46.73637366494522,6.836400636661461,0.744378703077373,0.7159077810204547,1036,1
138,9.61192200149315,128.13271662452283,11.319572280988483,0.287800428028148,2.6283894414487095,1036,2
138,9.228695454804793,130.10739974365904,11.40646306896485,0.270927273875576,0.3225247065226237,1036,3
138,9.760307519332223,142.34361024468586,11.930784142070708,0.19710676039442676,1.1870607707811438,1036,4
138,9.84670705380647,147.48977373063715,12.144536785346617,0.1682103147256978,1.5487131588700889,1036,5
138,9.881386259327764,144.23837296562155,12.00992809993555,0.18375173739694795,-0.6867867207181626,1036,6
138,9.963494231735451,156.81240166261546,12.522475859933428,0.1128645380006138,-0.8658057503078295,1036,7
138,5.092743355294933,40.655848404109676,6.376193880686947,0.7267466444647329,0.8415900175122247,1037,1
138,7.608830583268317,90.22849062650725,9.498867860250886,0.382113370196809,1.9724922249282615,1037,2
138,9.97352121187293,149.70364967272434,12.235344280923375,-0.036022551790189095,3.4505785444508428,1037,3
138,11.90765088537465,224.05076459592323,14.968325377139664,-0.5508033159439438,6.2644101364025175,1037,4
138,13.96076960494553,287.8070648950716,16.964877391100462,-0.9898527555194017,7.450949661973594,1037,5
138,16.02870726239854,403.5430245432096,20.08838033648332,-1.74789697586663,11.179872823798139,1037,6
138,16.058999123780623,392.7406439812081,19.817685131750583,-1.4791879901285263,10.166715006897414,1037,7
117,3.7564593665620203,25.309437304711437,5.030848567062165,0.8903592834642785,1.1810243476150382,1038,1
117,6.156447532849434,67.9442609015878,8.242830879108693,0.7102993597545127,1.8606043269491603,1038,2
117,7.912693488292205,117.68354292920925,10.848204594734064,0.5125201640439649,1.1780751627734585,1038,3
117,9.566741706978561,153.56025405772291,12.391943110655525,0.3675554467678164,1.4854247834947374,1038,4
117,10.452949434264093,178.62110363394194,13.3649206370237,0.2721179439813637,1.3445939691657693,1038,5
117,11.500270150665544,231.83676970102502,15.226186971826696,0.06655069552188309,1.2339538427499623,1038,6
117,11.804122101547371,232.74399921155978,15.255949633227024,0.10366602407057401,-0.24377657409407136,1038,7
138,4.119838548743206,24.69387067254581,4.969292773880989,0.7099686510644128,1.6918383059294329,1039,1
138,6.189269950424415,57.85041281807642,7.605945885823566,0.3315603870576789,2.690365625464398,1039,2
138,6.743981375210527,73.722662230359,8.586190204646005,0.1633399779187451,2.6640761555105015,1039,3
138,7.966597543246504,96.07113640568016,9.801588463391031,-0.07464602470243675,2.491646282914756,1039,4
138,8.459949783656908,103.79228224381541,10.187849736024546,-0.15623403761392463,3.4853089788685674,1039,5
138,8.87900237760682,108.11453732774872,10.397814064876748,-0.19260309650040996,4.063344471696494,1039,6
138,8.578500706216563,112.2562556483619,10.595105268394548,-0.18374429742378107,3.083877522012462,1039,7
138,4.079350955244424,26.24456973300756,5.122945415774753,0.7088157515234927,1.4739706343498782,1040,1
138,5.68426625624947,49.072692209727734,7.005190376408605,0.4695943041499552,2.396975544915683,1040,2
138,6.864615578582321,71.43929014966692,8.45217665158904,0.2456431525291135,2.1392341420270395,1040,3
138,7.799483133398968,92.99135012009859,9.643202275183208,0.0340135218410047,0.6940686460854351,1040,4
138,8.369487403095633,105.89301671170524,10.290433261612712,-0.09089910215948493,2.296080547830333,1040,5
138,8.683107154956762,116.04698933924142,10.772510818710808,-0.17221329359573723,2.4607936472132588,1040,6
138,9.292708272519318,125.98707705771803,11.224396511960812,-0.2096293411880481,1.427899706190911,1040,7
99,5.459456992871834,44.663440715410196,6.683071203826142,0.5159426196494594,2.5093686074921577,1041,1
99,8.156040095319652,95.9996449650078,9.797940853312383,-0.030853048230295554,4.789124132406832,1041,2
99,7.007834270747021,77.49833010056686,8.80331358640409,0.1782280849744744,1.6009244822492503,1041,3
99,7.44230025705665,88.60553929808142,9.413051540179806,0.05784809062815244,1.520229782721009,1041,4
99,9.55762306367508,135.49896776609654,11.640402388495707,-0.44223932763161145,4.150615557275637,1041,5
99,8.855785042348534,120.34490419576024,10.970182505125438,-0.29281041198171254,2.097062101267805,1041,6
99,8.581736651333896,114.03955415833792,10.678930384562769,-0.2372121529049218,0.9263508536598899,1041,7
138,3.9395365715026855,24.233447836721236,4.922747996467139,0.7679100204806261,-0.3350306593853494,1042,1
138,5.894715260768282,58.42211112430222,7.643435819335584,0.4543384710266225,0.19486227588377136,1042,2
138,6.351372933042223,68.56367337161781,8.280318434191877,0.37305018861489436,-0.07062261691991834,1042,3
138,7.261576369188834,84.54675587147497,9.1949309878582,0.23825450896419498,-0.5597799757252568,1042,4
138,7.634985640429068,91.50849790211987,9.56600741700109,0.19007821517427514,-2.0182713702105093,1042,5
138,7.883588866911072,98.3754663201994,9.918440720203927,0.14120863038056597,-2.656380784684333,1042,6
138,8.625764978104744,120.37403751598973,10.971510265956539,-0.004771237456014932,-4.5943604966868525,1042,7
138,7.972847434057706,90.96369351236196,9.53748884729948,0.6871413067943959,3.8710253687872402,1043,1
138,11.269072249315787,175.24864030870722,13.238150939942754,0.4367210713942733,4.146125523940377,1043,2
138,11.760290802388951,206.69358062994422,14.376841816961896,0.40696578919584236,1.2890587613202524,1043,3
138,14.288855697797691,301.8202628031643,17.372975070584896,0.18597552555905794,1.0848794121673142,1043,4
138,13.834761806156324,290.82589494454334,17.05361823615573,0.2646982341486507,-0.6404123651808586,1043,5
138,14.461609100949937,300.7565393291221,17.342333733645024,0.2835769679374974,0.5483426011126974,1043,6
138,14.247861717058266,292.0166473097721,17.088494588750997,0.36828946882139646,0.6924321202264316,1043,7
99,6.454157704054707,64.23278901124532,8.014536107052317,0.561497234036743,1.031262330334596,1045,1
99,9.82119668132127,155.0764950722066,12.45297133507528,-0.08438395743818705,2.341316743330522,1045,2
99,10.753362251050545,178.82106203282152,13.372399262391978,-0.2458374549747946,1.6110525420217803,1045,3
99,11.462194712475092,225.0214381003542,15.000714586324019,-0.5976889193150339,1.339709253022165,1045,4
99,10.647380173808397,196.04256377811197,14.001520052412594,-0.40099264093895837,-0.7441676361392243,1045,5
99,11.293294232301038,196.9663153062365,14.034468828788516,-0.4059607949440156,2.6335780981815224,1045,6
99,11.053526098077947,193.77759228140766,13.92040201579709,-0.39455195809794175,1.6520937524660668,1045,7
138,4.82643188946489,36.99673542973873,6.082494178356336,0.7699753822804456,1.0679082248521887,1046,1
138,6.985954070436781,81.09314186089932,9.00517306112988,0.5084934760082584,1.5147984615270642,1046,2
138,7.7500008500140645,98.04680511716401,9.901858669823763,0.4172755320186261,1.4221696646317192,1046,3
138,8.755347065303637,117.11422062673533,10.821932388752728,0.31070353276644314,1.252723078796829,1046,4
138,8.374015303625576,114.2813354382432,10.690244872697875,0.33780156279871,0.3308097936105037,1046,5
138,9.690479824508445,141.0887122423974,11.878076958935626,0.1986817991612485,2.2202964658322544,1046,6
138,10.410980867302936,162.92916630278833,12.764370971684752,0.12623709769885405,3.4384481250375942,1046,7
105,5.50921870640346,44.18359335626301,6.647074044740513,0.7361383293786246,2.3471820649646578,1047,1
105,7.9163547697521395,90.68652093462443,9.522947071921823,0.503198800093581,2.1576053437732514,1047,2
105,9.34253198532831,124.58725528500966,11.161866120188401,0.37714426232996057,4.095846593947638,1047,3
105,13.130825751168388,248.8697847485222,15.775607270356415,-0.19613460984633568,10.095876330421085,1047,4
105,13.411157135736374,249.87313295952652,15.807375903657334,-0.15931265296135377,9.501309549240839,1047,5
105,11.8775084177653,204.39909227172683,14.296821054756432,0.08442085237579988,7.038037200201125,1047,6
105,9.048092142740886,142.4551178443389,11.935456331633864,0.4005609669498271,0.5619865780784971,1047,7
138,7.976809798807338,92.86072673130319,9.636427072899124,0.7316391942007314,1.9365124426026274,1048,1
138,11.020324914351754,182.31879385912632,13.502547680313013,0.5120191451383622,1.9657778394395027,1048,2
138,12.147795304008152,236.75520410890945,15.386851663316621,0.4397286261999592,0.36880822112594824,1048,3
138,14.208994837774746,295.2590933804725,17.183104881844624,0.3460470891559103,0.6030076206594274,1048,4
138,14.47620325503142,310.7571973192344,17.628306705955467,0.3576057636030424,0.3613146077031675,1048,5
138,15.263608365819074,335.07668390697984,18.305099942556442,0.34943693404968823,0.5859834560449573,1048,6
138,16.588316281636555,393.60278700447424,19.839425067387268,0.3118845136235563,-0.24100180639736896,1048,7
138,5.328328934268675,42.900983948232565,6.5498842698350455,0.782486065074968,0.8202760945195737,1049,1
138,7.816937564075857,96.47045221157319,9.82193729421916,0.5382080614963283,1.0986667785091677,1049,2
138,8.561493935792342,106.93350651608736,10.340865849438691,0.4996849380467362,0.7450813556063003,1049,3
138,9.006980792335842,128.31310869472892,11.327537627160147,0.4099066689189953,1.5094186326731807,1049,4
138,9.472427057183307,134.5435685532889,11.59929172636368,0.39804524130565866,0.04922023026839546,1049,5
138,8.850040497987166,117.66561444215256,10.847378228961713,0.47943275335038715,0.7816290993621384,1049,6
138,9.795470175535783,145.68251103389133,12.06990103662376,0.37870127960391786,1.693385476651399,1049,7
117,5.513498371482914,44.13908061983381,6.643724905490429,0.6451681663933369,-0.5781810141017294,1050,1
117,7.586528884039985,81.56840126483706,9.031522643764841,0.3492668728849634,-0.3348127756363306,1050,2
117,8.361291746807913,104.62286920400665,10.228532113847356,0.19708197224658186,-3.147801415533082,1050,3
117,8.13358951633812,109.044046435245,10.442415737521898,0.18042063835477173,-4.688469267299032,1050,4
117,8.878950371701492,124.11445619298796,11.14066677506279,0.10177915899819223,-4.906648872245071,1050,5
117,9.208791643126398,132.23102924299536,11.499175154896779,0.0894342079612257,-5.638060129605806,1050,6
117,10.05921839037512,157.24617375986662,12.539783640871425,-0.010532500536814426,-6.863495451772315,1050,7
138,4.766345328178959,35.76799603099866,5.980635085925128,0.6850766376607582,0.3972541698511096,1051,1
138,7.566442855890246,86.30475600272808,9.290035306861222,0.23500333076221158,-0.0862098016600678,1051,2
138,8.190437807553057,99.01737749883002,9.950747584921949,0.12887510731064344,-1.5465245799741882,1051,3
138,7.92373085713041,92.31569555292373,9.608105721364838,0.19707514308357,-2.406195979187454,1051,4
138,7.78386966732965,89.31451017994713,9.450635437892371,0.2267719746716239,-0.5756199947301892,1051,5
138,8.155363089796426,91.30999268161472,9.555626231786942,0.21542689102230383,-1.3772623573524365,1051,6
138,8.400799778924473,99.48304827572935,9.974118922277263,0.15745676343634207,-2.7498042065164316,1051,7
138,5.421799880870874,46.303909126006346,6.8046975778506384,0.6480461595838023,0.909327645232712,1052,1
138,7.764813202014868,90.17879416571265,9.49625158500514,0.3169470318408708,1.414473533630371,1052,2
138,8.591143414594125,112.64189101132963,10.613288416477225,0.15993009845890405,0.8438029772993447,1052,3
138,8.521112013554227,108.61038534482854,10.421630647112213,0.19062826188591186,-0.6253501643305239,1052,4
138,9.518964131673178,132.77533583987272,11.522818051148457,0.021202287111862672,-0.5266969376716061,1052,5
138,8.722652476766836,116.43672714990772,10.790585116197718,0.15092854509519216,-0.7028343781181003,1052,6
138,9.296762853428937,125.8782481282174,11.219547590175702,0.09463228799262557,-1.2492587048074473,1052,7
117,7.231975245679545,73.51499406607486,8.574088526839157,0.5782663737748872,2.0673812637981186,1053,1
117,9.938238258035774,135.6249060482181,11.645810665136974,0.2443925085569688,2.40494628645416,1053,2
117,11.043524261213776,162.3525432237818,12.741763740698609,0.11762011171823517,1.0587383498493423,1053,3
117,11.677993872226812,185.86507557388597,13.633234230140916,-0.005063346634830435,2.495543488070496,1053,4
117,11.988524510310246,186.60036554357316,13.660174433131267,0.008909006506565675,1.2338665041149173,1053,5
117,11.333463685125368,175.1055764147804,13.232746367053982,0.0912308214741584,2.601544437245426,1053,6
117,11.465690922533344,173.36659888217193,13.166875061386886,0.10634000634625085,1.6069931780171192,1053,7
138,4.4895526015240215,32.1168632483192,5.667174185457793,0.686853784622558,0.21891999590224115,1054,1
138,6.836888451507126,72.7744472640561,8.530794058237259,0.28260850990271336,0.7705257940983427,1054,2
138,7.876235049703847,88.7454772530871,9.420481795167756,0.1276439219663814,0.6684686135554659,1054,3
138,8.162918477818586,98.89300289976826,9.94449611090317,0.02838854817681491,0.42405595641205274,1054,4
138,8.747484732365262,115.32151825795647,10.738785697552423,-0.1301601433304136,-0.5703482144120811,1054,5
138,8.330878561821537,115.32441481770539,10.738920561104147,-0.12899489718875734,-1.5050342255744382,1054,6
138,9.096773617509482,134.34428607094208,11.590698256401211,-0.30661583832453787,-0.30879877615666046,1054,7
138,5.5886926167253135,53.29647339180101,7.300443369535922,0.679775323175072,-1.2858870893284895,1055,1
138,8.855065691298332,124.25838537707413,11.147124534025542,0.24534632627897035,-2.916043516518413,1055,2
138,9.987544695536295,159.33565854744174,12.62282292308031,0.028931207197800735,-3.365491217461185,1055,3
138,10.71654290738313,186.2676196137045,13.647989581389067,-0.1380932409914375,-4.581286637679391,1055,4
138,10.888173137885937,186.82872882616653,13.668530602305667,-0.14179424410283503,-3.513650790504787,1055,5
138,10.241020188815352,163.21286128823962,12.775478906414413,-0.0003712729692662009,-3.50098683177561,1055,6
138,11.393945417542389,209.52644862742733,14.475028449969532,-0.2907801196466018,-6.8975391526153125,1055,7
138,5.8275984888491426,58.686518511366835,7.660712663412382,0.6307874096206224,1.0653339745341868,1056,1
138,8.47024609386057,111.9401123351982,10.58017543971735,0.28761063178124513,0.3084368636642677,1056,2
138,9.515109456103781,138.64555995359146,11.774784921755108,0.1143193566023083,-0.20168780589449234,1056,3
138,9.683471168296924,148.49836701472097,12.18599060457216,0.048813352349906025,-0.7303693052651226,1056,4
138,9.785236220428908,149.0260397121788,12.207622197306845,0.04498885559321486,-0.28590811853823456,1056,5
138,9.688308674356211,148.88501785090568,12.201844854402374,0.042990465803772526,0.20564286605171536,1056,6
138,9.681811954664147,151.15637710088563,12.294566974923747,0.022996793318445508,-2.0708334549613623,1056,7
138,4.616301806076713,32.66280546897495,5.715138272078371,0.6693116817173308,-0.2473821432694145,1057,1
138,7.036514448082966,83.7121671176411,9.149435344196991,0.13814179994057152,1.7663558462391729,1057,2
138,7.685481969861017,97.96815984368618,9.897886635220985,-0.009696729504173218,2.2271679587986157,1057,3
138,7.518693557683973,88.56381436252836,9.410834945026311,0.08421877993566618,-0.1751125100730122,1057,4
138,8.351424300152322,107.1706174147734,10.352324251817723,-0.10766396336543838,-0.3296777061794115,1057,5
138,8.355252279751543,112.36376580420068,10.600177630785282,-0.16561731126796775,0.04279266578563745,1057,6
138,7.9628143310546875,103.87004825481226,10.191665627109842,-0.07150580466135392,-0.5773019652435745,1057,7
129,5.18518206869909,41.201087810548344,6.418807351101008,0.4691530960678779,1.2636990658072538,1058,1
129,7.306686312653298,81.47974262387875,9.026613020611816,-0.049839651928969,2.9905579736990524,1058,2
129,6.962918362876241,76.8763108777217,8.767913712949147,-0.0016061241296649875,2.3782442373822827,1058,3
129,7.080631256103516,77.818062607117,8.821454676362453,-0.031969258390030175,3.1265234540599263,1058,4
129,7.426224612450415,84.75476703717587,9.206235226039787,-0.15438181831323594,3.506585202475851,1058,5
129,6.439079417738804,64.35627724565121,8.022236424193144,0.11397562514882087,2.9157648160476093,1058,6
129,6.735912441283233,71.53240559363346,8.457683228499011,0.008486489309978862,2.1242647688518197,1058,7
117,7.536762237548828,92.07091449216624,9.595359007987467,0.10500070995514676,-4.879341141790406,1059,1
117,8.153452457525791,99.41256262515202,9.970584868760309,0.026079598723656727,-3.226747480213133,1059,2
117,8.660340366200504,114.98345768434174,10.723033977580307,-0.08375983444738067,-2.5161856789874215,1059,3
117,9.292428758409288,131.60137258626926,11.47176414446659,-0.22554645707960574,-1.4202415759746845,1059,4
117,9.710111055618677,141.84213424535693,11.909749545870262,-0.32627024344769673,-2.6714055395533896,1059,5
117,9.886067317082333,145.47385664789385,12.061254356321893,-0.35799455587189843,-2.707941903008355,1059,6
117,9.691920606499044,139.2863405850017,11.80196342076189,-0.24083103582392007,-6.270589967059274,1059,7
138,4.502748461737149,32.90798891610699,5.736548519458977,0.5436258533803193,1.178392741991126,1061,1
138,7.548163731892903,79.58912122096034,8.921273520129306,-0.127356087607416,4.56571106288744,1061,2
138,8.770266367041547,108.23656718941264,10.403680463634618,-0.5495365703163262,5.559018162713534,1061,3
138,8.135415104852207,97.58040846026687,9.878279630596962,-0.41704156431019057,4.088538059289904,1061,4
138,8.740499883458234,110.34947536348282,10.504735854055676,-0.619239552158297,4.713173023168592,1061,5
138,8.865086348160453,118.42653803546125,10.88239578564671,-0.7533699403836878,4.270329433938731,1061,6
138,8.581533390542734,107.98243902992094,10.391459908497984,-0.5940637654218808,3.485804530157559,1061,7
138,4.804365945898968,37.054011430420964,6.087200623473894,0.6368268964677828,1.144728798797165,1062,1
138,6.954933097397071,74.586689546823,8.63635858141746,0.25465091673411977,2.8187681972116665,1062,2
138,6.962779210961384,72.74766675829193,8.52922427646805,0.264851456577725,1.691072726595229,1062,3
138,7.590338582577913,87.75378140521813,9.367698831902002,0.10431836027582231,1.0333497420601223,1062,4
138,8.231169548587523,99.11202089008214,9.955502041086735,-0.01547685796285525,2.1475686059481855,1062,5
138,8.685527469800865,110.02621150778097,10.489337991874462,-0.13373164447719166,2.7535875016364497,1062,6
138,8.986606473508088,115.71108619533194,10.756908765780807,-0.1938266559909243,0.6435395531032396,1062,7
117,5.462727139138768,48.265163584295195,6.94731340766308,0.5485872279145003,2.4228102773682685,1063,1
117,9.64698083176572,143.85598847896213,11.993998018966074,-0.34203568974525544,6.184615069984371,1063,2
117,8.702767127599472,112.889517708239,10.624947892024647,-0.06823478096381219,4.253278120970115,1063,3
117,10.632336746933113,176.02709019272956,13.26752012219049,-0.6893341719301678,7.084275147853753,1063,4
117,10.788968461191553,176.17371664071703,13.273044738895331,-0.6710867135771736,7.791398195120005,1063,5
117,10.399659564352444,150.90533990076415,12.284353458801327,-0.43967218182178414,5.4001754614023065,1063,6
117,10.857226909735264,161.38627941016168,12.703789962454577,-0.587057198056175,4.9058930894248505,1063,7
138,4.535604131394538,32.57155928222807,5.707149838774874,0.5410739506270836,1.8027150112649668,1064,1
138,6.74004350192305,74.10463025755462,8.608404629056107,-0.0650202840695111,4.152560137320256,1064,2
138,7.107009956802147,78.56746614893092,8.86382909068823,-0.13309280756188002,4.3368630201920215,1064,3
138,7.602541453596475,85.20622662304719,9.230721890678279,-0.24823800428299547,4.050686919170877,1064,4
138,7.085662316584933,76.40070510385556,8.740749687747359,-0.13138594751409682,1.278043194093566,1064,5
138,7.561603864034017,81.79529420571505,9.04407508846068,-0.21999515654609403,2.377117391945659,1064,6
138,7.289890676304914,83.65279742925982,9.146190323258084,-0.24017903700566046,-0.9030655294224836,1064,7
138,4.577185699905175,34.428689358940254,5.867596557274559,0.6043225938146808,0.12267397452091826,1065,1
138,6.520437054012133,64.24457090070902,8.015271105877144,0.2441150393180348,1.2366955038430034,1065,2
138,6.421978487484697,66.84642609079569,8.175966370454057,0.20380641115587284,0.06620890161265498,1065,3
138,6.395348721656246,74.84719809395861,8.651427517696638,0.10133418672666161,-0.530655771061994,1065,4
138,6.829816673112952,75.22000359114948,8.672946649850296,0.09448207860513103,0.09608729680379231,1065,5
138,6.5626484622126044,69.34101932860148,8.327125514161622,0.15853305399747608,0.1327961562336355,1065,6
138,7.238346079121465,81.69106281630685,9.038310838663763,0.007994807014359506,-0.7403934243796528,1065,7
138,4.82025572873544,37.312878385603646,6.108426833940442,0.6501339847028659,0.7468829846036606,1066,1
138,7.793670633564824,91.8568354688198,9.584197173932713,0.1217937624684422,2.7510691172834756,1066,2
138,8.134310563405355,96.00114656602246,9.798017481410332,0.07282929063049004,2.6467266290084175,1066,3
138,7.9547804887743965,104.09810519659615,10.202847896376587,-0.012529193827978569,2.162853565768919,1066,4
138,7.617593896561774,93.25037768659617,9.656623513764849,0.09364805055467795,1.9666521307350933,1066,5
138,7.412097785783851,85.05236811999576,9.222384080051956,0.1706233729039992,1.4457727446072344,1066,6
138,8.348183804664059,115.15166399041922,10.730874334853578,-0.11982499497565136,0.04961823034977567,1066,7
138,6.072955318119215,59.839880851279595,7.735624141029578,0.34262417489197483,2.9086016019185386,1068,1
138,8.034628522568855,96.72399575985897,9.83483582780409,-0.08516050805032682,4.284485471421394,1068,2
138,8.915237067402273,117.58056765990187,10.843457366536832,-0.3333193799435348,4.6073877638664795,1068,3
138,8.384190932564113,104.23080161084874,10.209348735881674,-0.19090919195137435,2.91754846987517,1068,4
138,7.934630946836609,98.73645174982035,9.93662174734554,-0.1321049231970708,3.3614206314086914,1068,5
138,8.042624183323072,103.96355143308803,10.196251832565142,-0.1985953926464632,3.280922820602638,1068,6
138,8.168716610341832,101.47499820371026,10.073479945069145,-0.1694307038289018,2.1817329379095547,1068,7
117,5.996647606548081,58.1369834453868,7.624761205794369,0.4690134038821372,2.9332133643647547,1069,1
117,8.726172202672714,127.16420870345615,11.276710899169853,-0.1850753181652307,4.795054125989604,1069,2
117,8.41693073663956,124.01399621099817,11.13615715635327,-0.16558780621555713,2.712806807623969,1069,3
117,9.01990382691734,137.13197717618183,11.710336339157037,-0.28690344371470267,4.44554634583302,1069,4
117,9.131430299873026,137.82487157058165,11.739883797149853,-0.28408389790151145,3.622225696205074,1069,5
117,9.0750763966487,137.84294935871156,11.740653702358808,-0.25655919752673184,3.519940066541362,1069,6
117,9.016182508224096,126.2308703705292,11.235251237534886,-0.13611861866489683,0.5207067065768771,1069,7
117,4.392228126525879,27.776231862935727,5.270316106547664,0.5338900244405036,0.9957118482671232,1070,1
117,5.296534676837106,40.531995561627646,6.36647434312176,0.2481776338526882,1.5731419946393397,1070,2
117,5.202782378237472,41.48879071389401,6.441179295276139,0.1585351924336208,0.8429860661172459,1070,3
117,5.538885915381277,47.30278521228657,6.877702029914248,0.026371509974672525,0.7581133394159822,1070,4
117,6.243709841345111,60.83725998665836,7.799824356141513,-0.23705988441365355,2.9756640083769446,1070,5
117,6.468387864593767,65.60468986500715,8.099672207256733,-0.3553231557017944,4.277617397471371,1070,6
117,5.586955926357171,48.51558495260478,6.965312983104549,-0.024669449059025128,1.6033291938977363,1070,7
134,6.9353050972098735,78.87361943474738,8.881082109447439,0.5645620946155996,2.486156008136806,1071,1
134,11.26009577423779,200.5090972395929,14.160123489560142,-0.1101824227586683,6.526106798826759,1071,2
134,12.147132539037448,224.59247911042894,14.986409813909031,-0.24243757488522055,6.462025863021167,1071,3
134,15.239301005406166,356.6615352629727,18.885484777017844,-0.967853273538666,9.642893413999188,1071,4
134,12.547603457721312,234.94306086409634,15.327852454407836,-0.279533868430907,5.992656700646699,1071,5
134,11.062401237772471,167.8501306857331,12.955698772576225,0.0929129150618655,3.7330766008861027,1071,6
134,11.334424552632802,177.6292408466878,13.327762034441033,0.043252274658146406,4.344637635928481,1071,7
117,6.8684078852335615,77.61794608474698,8.81010477149659,0.4498147401339836,-3.33261290167132,1072,1
117,8.48563897711599,107.4636050972513,10.366465410025315,0.23100364176893584,0.29678932418171156,1072,2
117,8.759536620898125,110.04600472405035,10.490281441603479,0.207052171997406,0.44650657360370344,1072,3
117,8.68242613474528,105.92137806786295,10.291811214157736,0.2339745338027206,1.2777521915924854,1072,4
117,8.777769585959932,116.06418298306131,10.77330882241205,0.17257655416614237,-0.40112354408981454,1072,5
117,8.58811941717425,113.98927946343001,10.676576205105736,0.18876282193597416,-1.5905727402776735,1072,6
117,9.13244425944793,116.58261903430439,10.797343147010952,0.17564872552876643,2.205659320211818,1072,7
138,4.404859681060349,29.597747357178168,5.440381177562669,0.6168765002404514,0.9206637506899626,1073,1
138,6.057312322699505,54.74652737712941,7.39908963164587,0.2902868837225493,1.548172722692075,1073,2
138,7.000626985577569,69.44668732680525,8.333467905188407,0.09895762965261379,2.768180287402609,1073,3
138,7.481955866882767,81.9850282798553,9.054558425448217,-0.061771107366828115,3.70046501574309,1073,4
138,7.196969647338425,75.76410413523004,8.70425781644995,0.028405208958512396,2.564084668090378,1073,5
138,7.08056682780169,72.53058441746457,8.51648897242664,0.07318483849633872,2.2141158408012944,1073,6
138,6.894473677096159,69.67079963363727,8.346903595563882,0.1123180371188035,1.6907755050106326,1073,7
117,4.9410917738563995,40.14166535481564,6.335745051279734,0.6139348674363037,0.32196943984072435,1074,1
117,7.066646796006423,69.84114358056374,8.35710138628004,0.31969140622580516,2.546935831379687,1074,2
117,7.883217469239846,85.20002975366646,9.23038621909541,0.1690819061868709,2.8712507639175806,1074,3
117,8.427493861597828,102.25463038369655,10.11210316322458,0.0004677390844435303,4.233370862455449,1074,4
117,9.475750010237734,127.39969881008665,11.287147505463311,-0.24310093669043953,5.709341823545277,1074,5
117,9.289432713109203,118.50579565233093,10.886036728411812,-0.18556689037574148,4.107115028250931,1074,6
117,8.663326744340424,108.91538209004946,10.43625325919458,-0.16986801983629163,3.575989772111942,1074,7
138,4.793719471364781,36.905192828701836,6.074964430241698,0.6340173015652308,-0.24952424090841543,1075,1
138,6.7411168554554814,64.94630629431828,8.05892711806716,0.3480460438402939,0.8649083151333574,1075,2
138,7.64696935294331,85.55679444128326,9.249691586279148,0.13605699499427948,0.9324869764023933,1075,3
138,7.504279772440593,86.8294379703124,9.318231482975317,0.12340797803494374,0.7050780282504316,1075,4
138,7.303374594536381,81.87909549086086,9.04870684080664,0.17875953581704418,0.2629778350608936,1075,5
138,8.159102301666701,91.42472817220887,9.561627903877502,0.0866342680030977,2.017519425654757,1075,6
138,7.108958797178406,75.90269855561155,8.712215479177013,0.24606044762690027,0.26434219747349835,1075,7
120,5.18702335357666,43.873166271047786,6.623682229020939,0.622786222785032,0.10742826461791992,1076,1
120,7.34998517036438,83.42763674457588,9.133873041846808,0.2769878833022076,1.1661144733428954,1076,2
120,7.711723168690999,92.46960138378246,9.616111552170267,0.19822016341009485,-0.010573991139729818,1076,3
120,7.91416695912679,92.80252559115328,9.633406748972726,0.19736113817743206,-0.2946352005004883,1076,4
120,7.889543549219767,97.2197411046615,9.860007155406201,0.16669685210631124,0.3873342355092367,1076,5
120,8.65911963780721,107.99478086254199,10.39205373651147,0.07856834235419785,2.017870235443115,1076,6
120,9.007078282038371,122.87342795238139,11.084828729050413,-0.04744879910959798,3.9718686898549396,1076,7
138,4.885970647784247,39.26618090029565,6.266273286435539,0.6512589776364089,0.7909917071245719,1077,1
138,7.584316923998404,84.21500471472748,9.176873362683365,0.24077200487385464,2.377504079238228,1077,2
138,7.964596755262734,90.81640920999807,9.529764383760917,0.1750930249348457,0.8066262715104697,1077,3
138,8.582335935122725,108.80201984030933,10.430820669549895,0.00928471536511366,0.21854440025661304,1077,4
138,8.055155291073564,105.90992082085944,10.291254579537883,0.04233879895375481,-1.769869908042576,1077,5
138,7.966387092203334,103.5276594933462,10.174854273813763,0.06541699059404937,-2.121757845947708,1077,6
138,8.025054758873539,102.35547736404415,10.117088383722075,0.07855222119287464,-1.6486787174058997,1077,7
138,3.2777432980744736,19.064710913410796,4.366315484869457,0.24741368358431803,0.9843545581983484,1078,1
138,4.7861189427583115,35.94273140739427,5.99522571780198,-0.4569197229550641,2.0315505387126533,1078,2
138,5.326057993847391,45.4309520172515,6.740248661381233,-0.8656757859785735,1.792053464530171,1078,3
138,5.784958749577619,53.89269585691145,7.3411644755387035,-1.2222572399576332,2.6793999671936035,1078,4
138,5.367490305416826,49.76431111165543,7.054382404693938,-1.0669677386433003,2.6517973706342173,1078,5
138,5.4302144396132315,48.558368936414766,6.9683835239182095,-1.0077240630137307,2.7421567751013716,1078,6
138,4.94765992095505,38.25537434505319,6.185092913211021,-0.5812970678093792,2.342350793921429,1078,7
138,2.4749995763751045,12.625316933000917,3.5532121992643386,0.43828603613853157,0.2572371130404265,1079,1
138,3.5831324674081113,21.542073023449188,4.641343881188851,0.01486189641140323,0.5297560346299324,1079,2
138,4.023519578187362,25.058989441986927,5.005895468543757,-0.1611846682501854,0.4214077064956444,1079,3
138,3.8953384178272192,24.34650624040363,4.934217895513293,-0.13124989503443252,-0.03938397117283033,1079,4
138,4.200519637785096,28.831528080488006,5.369499797978207,-0.3434095820066816,0.7335118763688682,1079,5
138,4.343058710512907,29.934267148640213,5.471221723586078,-0.3908448158992437,0.9394175626229548,1079,6
138,4.482924585757048,32.12381789883817,5.66778774292388,-0.48780418447111695,1.227581853451936,1079,7
138,2.716754840767902,13.027610576436105,3.609378142621815,0.45256498437045944,0.3095812141031459,1080,1
138,3.4968732336293096,19.990082040160974,4.471026955875011,0.1401448445114334,-0.01624400373818218,1080,2
138,4.039189027703327,25.402395109870554,5.040078879330219,-0.10954270728080084,0.6231913151948348,1080,3
138,4.27304280322531,28.47316130165822,5.336024859542749,-0.2504043724167173,0.665430290111597,1080,4
138,4.358572033868319,29.19101599534667,5.402871088166612,-0.2850163632606917,0.8642929187719373,1080,5
138,4.500251369199891,30.238200579238857,5.498927220762142,-0.3263288798056492,0.7201428206070609,1080,6
138,4.6387020746866865,30.572909180821085,5.529277455583242,-0.33902548403853117,1.1255964196246604,1080,7
138,5.600231267403865,49.55222181502641,7.039333904214688,0.5482294269062067,0.40552455791528674,1082,1
138,7.874316954958266,95.43050370384444,9.76885375588377,0.115428858894572,1.6783004359922546,1082,2
138,7.928050165591032,100.40139990304385,10.020049895237241,0.06201348908152682,-0.23459276945694632,1082,3
138,9.248445358829223,128.21787184688014,11.323333071445004,-0.20095844031539434,0.0617420500603275,1082,4
138,8.348827845808389,106.43308791390328,10.316641309743364,0.009750226611161872,0.21469215724779211,1082,5
138,8.005891226340031,97.75173496862806,9.886947707388163,0.09213501263185075,-0.8877458088639854,1082,6
138,8.246310185695041,105.64481644714937,10.278366428919986,0.018232871711435616,-0.917677955351014,1082,7
138,2.7695450713669043,13.879224427829259,3.7254831133464097,0.19465934040942323,0.21230542832526608,1083,1
138,3.5654010081636733,21.38784612073791,4.624699570862729,-0.2753410932606506,0.24148397860319717,1083,2
138,4.03139354871667,26.82825962286363,5.179600334279049,-0.629554452252153,0.845067314479662,1083,3
138,4.294220551200535,28.974534915491056,5.382799914123788,-0.761332227137071,1.383881333945454,1083,4
138,4.60540148831796,32.03091848790086,5.65958642375049,-0.947123563374124,1.9652559238931406,1083,5
138,4.293136251145515,27.027477325467494,5.198795757237198,-0.6341344360888861,1.5666190852289614,1083,6
138,4.229838136313618,27.044130371812255,5.200397135970699,-0.6313588599088218,1.6063675534897957,1083,7
138,3.188745657602946,18.093552131836415,4.2536516232334325,0.3210606354591975,0.04827638294385827,1084,1
138,3.9130661245705425,25.56822596836892,5.056503334159775,0.022383320512317617,-0.4025793697523034,1084,2
138,4.051582149837328,27.44514583672928,5.238811490856421,-0.0581242311450334,-0.8817443502122078,1084,3
138,4.242116921189902,28.714636378525167,5.358603957984315,-0.10391884128638318,0.1336088664289834,1084,4
138,4.146231637484785,27.83418473270384,5.275811286684148,-0.07680347364941054,-0.5251582187155018,1084,5
138,4.270829746688622,27.578564437626778,5.251529723578338,-0.06082370769038126,0.6836161475250686,1084,6
138,4.163396220276321,27.766383460841315,5.269381696256337,-0.06198389750290767,-0.011503046837405882,1084,7
138,2.903545379638672,15.688025859474218,3.9608112627938,0.299699904511741,0.4167698155278745,1085,1
138,3.909516984137936,25.275776801940175,5.0275020439518645,-0.15690335681236522,1.2814300233039304,1085,2
138,4.252492648967798,29.30094178490833,5.413034434114412,-0.36628987655304446,1.0134157581605774,1085,3
138,4.65907331134962,36.08970987904114,6.007471171719523,-0.6859951430325935,1.6485913940097974,1085,4
138,3.858929875968159,24.957551404988468,4.995753337084254,-0.16586825542462313,0.1725791917330977,1085,5
138,4.013672441676043,25.098719427682845,5.0098622164369795,-0.1616122444020638,0.6044256099756213,1085,6
138,4.24396216351053,27.53119492543437,5.2470177172784895,-0.279532690382579,1.289426845052968,1085,7
138,2.3582785716955215,10.915450822281901,3.303853934767986,0.3360708194095955,-0.3223149741905323,1086,1
138,2.9842492462932197,15.450769122609103,3.930746636786592,0.04313359996088706,-0.04313209782476011,1086,2
138,3.1614111610080884,18.25240304948208,4.272283119069016,-0.15067404559889597,-0.7052920521169469,1086,3
138,3.0099226979241855,18.13283573766162,4.25826675276005,-0.1573004599622121,-1.2131684690281965,1086,4
138,3.1705118815104165,17.44061682343426,4.176196454123568,-0.11541835134196488,0.41886521767878876,1086,5
138,2.9788051619045977,15.736953521505283,3.9669829242769983,-0.004819057955781192,0.23552943658137668,1086,6
138,2.990934931713602,15.904407654063048,3.9880330557886614,-0.01645250231933848,0.24240325844806174,1086,7
138,2.5275950570037398,12.479307575487052,3.5326063431250097,0.30637340106769384,0.27918007753897406,1087,1
138,3.2154512750929682,18.112082704777286,4.255829261704149,-0.02358980658713561,0.07520249270010686,1087,2
138,3.314139746237492,17.9367612129545,4.235181367185413,-0.02360927934556445,0.48151384574779565,1087,3
138,3.6833504593890645,21.403831997611572,4.626427563208093,-0.2321704775642346,1.2943922609522722,1087,4
138,3.45253344549649,20.481691402200195,4.525670271042754,-0.1961277555225036,0.4675046395564425,1087,5
138,3.456506342127703,21.244318367593277,4.609155927888888,-0.23649379320200725,0.6302757954251939,1087,6
138,3.6268754972927812,22.38898111807896,4.731699601420082,-0.30581129216632497,1.0128406925477844,1087,7
96,3.1683956434329352,19.152455170702925,4.376351810664097,0.13938379017312919,-1.7928632249434788,1088,1
96,3.534340759118398,24.643008300464903,4.964172468847643,-0.2028545984644523,-2.025323967138926,1088,2
96,3.5813080966472626,25.044146825711994,5.0044127353478745,-0.27909829863264735,-1.9168535967667897,1088,3
96,3.6350988149642944,24.294986779391213,4.928994499833735,-0.40087560567714653,-1.410062551498413,1088,4
96,3.3791120449701944,20.91893062316736,4.573721747457682,-0.2694801856920461,-1.2282588283220928,1088,5
96,3.446740746498108,20.745773811861756,4.554752881536138,-0.3082791470159847,-1.2080910603205364,1088,6
96,3.8443650603294373,25.312561862062694,5.031159097271989,-0.5800537453779975,-2.486228823661804,1088,7
138,3.200636621834575,17.662307003463162,4.202654756634568,0.4187340826043865,0.23440208296844925,1089,1
138,4.108932011369346,27.71885177285823,5.264869587450218,0.06889679087628986,0.3233441339022871,1089,2
138,4.584632417430049,33.559535544460914,5.793059256080583,-0.1504415999007609,0.3073953960252845,1089,3
138,4.551325079323589,34.29975300559984,5.856599098931038,-0.18110477200419983,0.15990767271622366,1089,4
138,5.075323581695557,41.504058319946104,6.442364342378201,-0.44751865676746205,1.3961185994355574,1089,5
138,5.338739056518112,44.52325408347004,6.672574771665736,-0.5473206193020415,1.824708986973417,1089,6
138,5.149208642434383,40.97994286186472,6.4015578464827385,-0.43105025549037057,1.1404816102290498,1089,7
138,5.259975067083387,46.15013014168547,6.793388708272586,0.6609958158752306,1.8371987619261811,1090,1
138,7.799835909967837,90.26780498838095,9.50093705843697,0.3275269970617891,3.5207926846932676,1090,2
138,8.415384638136711,99.89454774746015,9.994725996617424,0.2497098415181711,3.1373442083165264,1090,3
138,9.182450944098873,116.66772093377824,10.801283300320302,0.12065913924143179,3.3844835032587466,1090,4
138,9.119004332500955,127.22840102524519,11.279556774326073,0.04656341165689448,2.4388000515923984,1090,5
138,8.614170419997063,108.26335132867001,10.404967627468622,0.1879817020728085,0.795153147932412,1090,6
138,8.814281339230744,116.087039864179,10.774369580823697,0.13251859628888252,0.27222819950269617,1090,7
117,4.028480057023529,25.987843491111175,5.097827330452766,0.34124160497278067,-1.4207448225754957,1091,1
117,4.733791913741674,33.58380300556842,5.795153406560384,0.1307769752529906,-0.12243084214691423,1091,2
117,5.133616985418858,37.51718736420465,6.125127538607229,0.017957564644446533,-0.096548219012399,1091,3
117,7.814006789117797,90.4186010092441,9.508869596815602,-1.3931865279142945,5.295841722406893,1091,4
117,5.3569506457728195,40.72241131459263,6.381411388916454,-0.08096047515896787,0.8520021031045506,1091,5
117,5.475281527918628,43.086232249193024,6.564010378510459,-0.09410291739207266,0.4146575764713124,1091,6
117,5.552107802823058,45.449879042135834,6.7416525453434515,-0.12650262898320763,-0.3673209002894214,1091,7
138,6.275245828904968,57.64183886826895,7.592222261516647,-1.8158718160944378,-6.131375095118647,3901,1
138,6.709627486657405,63.72913747459282,7.983053142413172,-2.2088631769284444,-6.623980408129484,3901,2
138,6.773325007894765,64.59174607706974,8.036899033649094,-2.3704772001327132,-6.741740171460138,3901,3
138,6.870923118314881,65.94183344912892,8.120457711799805,-2.462281924676452,-6.8404526019441905,3901,4
138,6.718423152315443,63.304841585422935,7.956433974176052,-2.380655215434166,-6.679017412489739,3901,5
138,6.820283350737198,64.84472571294073,8.052622287984253,-2.458156206013792,-6.787380895752838,3901,6
138,6.853848395140274,65.16305129207694,8.072363426659935,-2.497704577550733,-6.8213224203690235,3901,7
117,4.544694313636193,33.12116170315053,5.75509875702846,-0.656536466874607,-4.114446346576397,3902,1
117,6.431727816915919,59.76012144016357,7.730467090684985,-2.029019781448448,-6.3277848154051695,3902,2
117,6.476593123541938,60.20067294823269,7.758909262791562,-2.068884861916752,-6.370983474274986,3902,3
117,5.728692869854789,48.64402799822961,6.974527080614829,-1.5033264133799347,-5.339860533037756,3902,4
117,6.507882696950538,60.18923286745872,7.758172005534469,-2.1759982108580362,-6.422222854744675,3902,5
117,6.3111820302457895,57.713426177538715,7.596935314818649,-2.0418909035935795,-6.218203577220949,3902,6
117,6.492627225370488,60.35263777357594,7.768696015006376,-2.172035642498787,-6.4217478189712915,3902,7
117,5.445129891746064,45.35573797366908,6.734666879190765,-1.2879505460141045,-5.249312514932747,3903,1
117,6.33922551636003,58.37250508520154,7.640190121011488,-1.9468882451864924,-6.217837007636698,3903,2
117,6.4698285404433555,60.10995587465404,7.753061064808792,-2.0516343911883914,-6.362639965155186,3903,3
117,5.5352139595227365,46.151372817548534,6.793480169806086,-1.3592881450681231,-5.096856761182475,3903,4
117,5.598336570283287,47.199097773655915,6.8701599525524815,-1.4646036256218786,-5.353213921571389,3903,5
117,5.815070119678465,50.04774095217897,7.074442801534194,-1.6228570571532508,-5.601611479734763,3903,6
117,5.453028287643042,45.58228293938481,6.7514652438848275,-1.3818945136763587,-5.119262475233811,3903,7
138,5.2451084593068,42.414038177330326,6.5126060972033555,-1.0228230852296427,-4.911969772283582,3904,1
138,6.026359551194785,54.53892502631237,7.385047394994318,-1.6330054769702889,-5.81421172791633,3904,2
138,6.024690849193628,53.96639058982289,7.346182041701859,-1.6176679050202085,-5.789540940436764,3904,3
138,5.678115823994512,48.73478339040679,6.981030252792691,-1.3628525446677116,-5.300107810808265,3904,4
138,6.025584518045619,54.3584222277067,7.372816437950066,-1.6365451918506153,-5.803511032159777,3904,5
138,5.7463193216185635,50.23229116395537,7.087474244323952,-1.4242548019301156,-5.444822622382122,3904,6
138,6.0044543915900634,54.28628365143213,7.367922614375923,-1.623217719678078,-5.799849745156108,3904,7
117,6.5522637326493225,61.513104505823186,7.843029038950652,-1.9881039630225663,-6.408882092206906,3905,1
117,6.635408678625384,62.546016350103706,7.908603944445803,-2.1304654159479335,-6.5233474470611315,3905,2
117,6.7067963934352255,63.65426935869198,7.9783625737799095,-2.2701261282059333,-6.647276747939933,3905,3
117,6.818013639531584,64.95941079146245,8.059740119350154,-2.3775232169815035,-6.764302473801833,3905,4
117,6.777474305568597,63.875460427445965,7.992212486379849,-2.4830431858080453,-6.742562065776597,3905,5
117,6.814347144884941,64.2224281720936,8.013889703015234,-2.5127891629587134,-6.77852043738732,3905,6
117,6.655313157627726,61.59440254662544,7.848210149239471,-2.413162226137226,-6.602353699186928,3905,7
117,5.683995845990303,48.860044526821994,6.9899960319603895,-1.2949842134926852,-5.479478620056414,3906,1
117,7.127182711902846,70.59078435864768,8.401832202481057,-2.4299283098681568,-7.049522265409812,3906,2
117,7.6460652147602834,78.27114183462618,8.847097932917109,-2.9123965427751064,-7.634066883315388,3906,3
117,6.599280789367154,62.70429585978814,7.918604413644372,-2.1819014072802085,-6.4243131132207365,3906,4
117,7.536641936016898,75.33589123002177,8.679625062755981,-3.0011758350347275,-7.520789716997717,3906,5
117,7.818970810653817,79.63993395102854,8.924120906343019,-3.2495734291969685,-7.807978744180794,3906,6
117,7.535687462896363,75.13075887006148,8.667800117103617,-3.052380180881997,-7.514072295946953,3906,7
117,5.7378027826292906,49.182689855693035,7.0130371349147325,-1.4710286503097612,-5.525378186478574,3907,1
117,6.271171145968967,57.192466455505766,7.562570095906931,-1.9446926368200117,-6.146650591467181,3907,2
117,6.238382453592415,56.33202950788653,7.505466641581091,-1.96713928291003,-6.124715201875084,3907,3
117,6.388750809889573,58.2062358870932,7.629301140149941,-2.105541894790685,-6.2867961296668415,3907,4
117,6.013907668936966,52.79592286716861,7.266080295948333,-1.9456787765025485,-5.890079221154889,3907,5
117,6.424072819897252,58.38297699107543,7.640875407378099,-2.254344946682338,-6.379113824958475,3907,6
117,6.358921189593453,56.70494769629193,7.530268766537615,-2.1776263992528846,-6.316305494716024,3907,7
97,6.557595252990723,63.43080773598115,7.964346033164377,-1.828101632682078,-6.405582850741357,3908,1
97,6.610101100095768,63.52813489731998,7.9704538702209415,-2.0041189114718096,-6.511974285558327,3908,2
97,6.778818130493164,65.42003766331865,8.088265429826018,-2.2719814906942815,-6.738616058506916,3908,3
97,6.713683305327425,64.53410356092311,8.033312116488634,-2.1995998300238426,-6.679433301552055,3908,4
97,6.848564531385284,65.85812204253098,8.115301722211626,-2.385811509481592,-6.815582442529423,3908,5
97,6.758021315348517,63.674750361388085,7.979646004766633,-2.437678641044347,-6.723251136307864,3908,6
97,5.537173104040401,45.53017691415072,6.747605272550457,-1.4670630829163023,-5.192722123922761,3908,7
117,5.571497949779543,46.62567816470301,6.82829980044103,-1.3923926372131037,-5.357703763195592,3909,1
117,6.087531057178465,54.21160539146366,7.362853074146167,-1.8468265191554525,-5.94393382113204,3909,2
117,6.289522497063009,56.85991755398243,7.540551541762872,-2.0524876037087694,-6.184815072605753,3909,3
117,6.466616125188322,59.1641966127378,7.691826610938249,-2.213841294802077,-6.388245256538065,3909,4
117,6.237984975179036,55.338085164040784,7.438957263221828,-2.142735069658852,-6.139959058191022,3909,5
117,6.496331353472848,59.580380588658706,7.718832851452265,-2.38748275054177,-6.418017314030574,3909,6
117,6.811555300003443,63.51010279711899,7.96932260591319,-2.6237154258483932,-6.77695858784211,3909,7
111,5.376858711242676,43.86744842748866,6.623250593740861,-1.2717101594169935,-5.146456580978256,3910,1
111,5.392748171144778,44.13209336862424,6.6431990312367,-1.372558526285061,-5.149413495450406,3910,2
111,6.135770230679898,52.93861196305528,7.27589252003184,-2.0944148723055167,-5.962072080320066,3910,3
111,6.090771193976875,52.77485712712166,7.26463055682267,-2.145575206598559,-5.942716504002477,3910,4
111,6.469012604103432,57.02977015012403,7.551805754263283,-2.5213761356939055,-6.386440921474147,3910,5
111,6.376975025142635,55.73684794210822,7.465711482645724,-2.435166813763378,-6.331362518104347,3910,6
111,6.270029549126153,54.65194549860675,7.392695414975972,-2.367944600017298,-6.210447912817603,3910,7
117,7.122809377490965,77.84662555976176,8.823073475822456,-1.574454726955607,-6.926766118432721,3911,1
117,7.198804455944615,79.18054217538939,8.898344912138965,-1.6809232766833988,-7.047474339477017,3911,2
117,6.904858140863924,71.90203084810501,8.479506521496697,-1.470631038665375,-6.613771715734759,3911,3
117,6.885488925836025,72.86275377773221,8.535968239030193,-1.5566740730737312,-6.701850279783591,3911,4
117,7.264286456963955,79.39823701826126,8.910568838085549,-1.8507819039452649,-7.204102385757316,3911,5
117,7.472916725354317,82.13799588319584,9.063001483128856,-1.9577319183089092,-7.43192012493427,3911,6
117,7.2489423914852305,79.94812379384247,8.941371471639151,-1.8546502091471506,-7.206907150072929,3911,7
117,8.117604924063397,99.06635980081671,9.953208517900984,-1.7345626195023427,-7.951697219131339,3912,1
117,8.166330272315914,99.42398816032969,9.97115781443307,-1.828853417072676,-8.040524751712114,3912,2
117,7.901046483944624,92.66247726936335,9.626135115889625,-1.6809290552003961,-7.678027690985264,3912,3
117,7.230780911241841,80.720798431284,8.984475412136426,-1.3848013402128871,-6.897045290368235,3912,4
117,7.797879952650804,91.3995166195135,9.560309441619214,-1.756712527676663,-7.728035992027348,3912,5
117,8.184988184871836,99.36238206313149,9.968068120911468,-2.003386052743997,-8.141000698774288,3912,6
117,7.611085500472631,87.8407804297364,9.372341245907364,-1.6274142066869923,-7.499840989072099,3912,7
138,5.839136420816615,53.08033185424638,7.285625014660471,-1.1099436120180566,-5.558448591094086,3913,1
138,6.594213755234428,65.72430597544451,8.107052853870172,-1.6536132219803514,-6.415026796036872,3913,2
138,6.566371551458387,64.10480679230201,8.006547744958624,-1.605449453062921,-6.317094229269719,3913,3
138,6.341742930204972,60.680433453682284,7.789764659710991,-1.4633664540492686,-5.99992963542109,3913,4
138,6.422366370325503,62.04583024351658,7.876917559776577,-1.5267702035858526,-6.254019426262897,3913,5
138,6.70747472928918,67.0199157778901,8.186569231240282,-1.7161953557867857,-6.615337558414625,3913,6
138,6.615435441335042,65.93503205404915,8.120038919491035,-1.67198004517802,-6.522123523380445,3913,7
96,7.2546088596185045,76.77160240999073,8.76194056188415,-1.7040173234023306,-7.0476934015750885,3914,1
96,7.470317681630452,79.36005647405533,8.908426150227397,-1.9652088738005147,-7.308865288893382,3914,2
96,7.654818872610728,81.25358295792246,9.014076933215206,-2.1203509934131954,-7.370214780171712,3914,3
96,7.289046764373779,75.9794218294328,8.716617568152959,-1.9540537189087055,-7.121501445770264,3914,4
96,7.598256369431813,83.69534132131656,9.148515798823139,-2.2702396857482765,-7.497734447320302,3914,5
96,7.803634583950043,89.63332936312368,9.46748801758543,-2.3757381027785835,-7.56922847032547,3914,6
96,8.453403184811274,98.62580449011482,9.931052536872153,-2.5472148939303763,-8.420046736796698,3914,7
96,5.140214224656423,41.91146922204306,6.473906797447972,-1.2653312999314865,-4.936896741390228,3915,1
96,5.417872031529744,45.087553318218035,6.714726600407349,-1.5638385050076034,-5.2462960084279375,3915,2
96,5.434560199578603,44.97233214532721,6.706141375286329,-1.6324162016512522,-5.283150414625804,3915,3
96,5.460165282090505,45.38755706096663,6.737028800663288,-1.6518849392145012,-5.326867361863454,3915,4
96,5.643011182546616,47.6714021832372,6.904447999893779,-1.7575281194846415,-5.514774531126022,3915,5
96,5.711840788523356,48.75591496165428,6.982543588238764,-1.8006676138947304,-5.613753696282704,3915,6
96,5.836521377166112,50.47904287312446,7.1048605104621485,-1.8957608411978333,-5.771168301502864,3915,7
138,6.377547865328581,59.09565015093058,7.687369520904442,-1.9553022342170254,-6.265272354734117,3916,1
138,6.553772242172904,61.400502652959005,7.835847283667479,-2.160781446813994,-6.48084525094516,3916,2
138,6.631687585858331,62.39877879823937,7.899289765430773,-2.325428055068218,-6.609389450239099,3916,3
138,6.5086334131766055,60.73538863206823,7.793291258003144,-2.249042278510834,-6.480666043101877,3916,4
138,6.766042073567708,63.95485312720091,7.997177822657248,-2.4760036436412873,-6.7454241738803145,3916,5
138,6.765261795209802,63.951294264367405,7.996955312140202,-2.46156987478326,-6.744965200838835,3916,6
138,6.666577256244162,62.240899005462595,7.889290145853592,-2.387642495808938,-6.642120209293089,3916,7
117,6.420397509876479,58.36378071923713,7.639619147525426,-1.9382412837184786,-6.30836206012302,3917,1
117,7.536248076675284,75.07568092382725,8.664622376297034,-2.9508392449441874,-7.488263782272991,3917,2
117,7.659432419344911,76.9607033566419,8.772724967570904,-3.18188804794318,-7.64880737891564,3917,3
117,7.724988220084427,77.42409314341032,8.799096154913316,-3.3188981282130845,-7.716194397363907,3917,4
117,7.7606437471177845,77.29649557116348,8.79184255836986,-3.4863701222300127,-7.747256653940576,3917,5
117,7.823392101842114,77.99785580307272,8.83163947424671,-3.59518186036314,-7.8136904626830015,3917,6
117,7.70264823620136,76.19717982291101,8.729099599781813,-3.4696187516042,-7.6895874463594875,3917,7
117,6.171088593637841,54.98034118314756,7.414872971477499,-1.9200463651654696,-6.041022431137216,3918,1
117,6.3140869140625,56.99735940101611,7.5496595553055315,-2.1261815831784117,-6.229794412596613,3918,2
117,6.341309115418002,57.45326160297797,7.579792978899752,-2.216419809459302,-6.290656114235903,3918,3
117,6.1512705322004795,54.24243328944547,7.364946251633169,-2.098571089090434,-6.089733042268672,3918,4
117,6.411506709889469,57.53368935203791,7.585096528854324,-2.421175221244085,-6.383066821302104,3918,5
117,6.3740381175636225,57.191571983239534,7.562510957561617,-2.4182019986661656,-6.359879575224004,3918,6
117,6.421240121890337,57.721821987731985,7.597487873483708,-2.4502491715512194,-6.405817577981542,3918,7
138,4.499408480049907,31.011766233569325,5.568820901552619,-0.8529054988577194,-4.073693586432415,3919,1
138,5.251735604327658,41.47213845282119,6.439886524840418,-1.5490009443644257,-5.005980616030485,3919,2
138,5.797310732413029,47.69593808555142,6.9062245898574295,-2.0066809563345314,-5.713862764662591,3919,3
138,5.615607227104298,45.59235565892003,6.752211168122634,-1.8763603664197595,-5.455074372498886,3919,4
138,4.899776348169299,36.787573587643685,6.065276052055973,-1.3410602846287616,-4.667191422503928,3919,5
138,5.746829281682554,47.85161298412967,6.917486030642178,-2.0156837413998034,-5.662850642549818,3919,6
138,5.703539378401162,47.804686307421605,6.914093310581048,-2.0157110862905867,-5.623378629269808,3919,7
107,6.731527925651764,65.01210551050616,8.063008465238404,-1.9588412130898707,-6.594316687539359,3920,1
107,6.69360578840024,64.31659922535493,8.019763040474135,-2.015760554732108,-6.581958316196905,3920,2
107,6.441594712088041,59.3780417269951,7.705714874493807,-1.832855763362689,-6.287429640226275,3920,3
107,6.000364963139329,52.43148342738558,7.240958736754794,-1.5338219243757365,-5.810388137246961,3920,4
107,6.689996309369524,63.74413166550753,7.983992213517467,-2.172990113371069,-6.606692180455288,3920,5
107,6.131601191012659,54.80065613801762,7.402746526662765,-1.7949335399479414,-6.017456767715026,3920,6
107,6.183042312336859,57.153728124316416,7.560008473825702,-1.895549849434254,-6.060824242707725,3920,7
138,6.345732253530751,63.33043417882112,7.958042107127929,-1.2459247412218177,-6.081025047578674,3921,1
138,6.607171694437663,67.34756765778673,8.20655638241685,-1.4221948676477365,-6.339361591615539,3921,2
138,6.833994056867517,70.7065813323769,8.4087205526392,-1.5581402291120106,-6.57043338858563,3921,3
138,6.054163552712703,58.02911785119731,7.617684546579578,-1.0965654106453218,-5.460591157277425,3921,4
138,5.853346762449845,54.872468344861794,7.40759531459851,-0.9850534102477961,-5.24227507909139,3921,5
138,6.164812751438307,59.22865463507948,7.696015503822707,-1.128698907554655,-5.602292917776799,3921,6
138,6.567873705988345,68.12094258626135,8.253541214912623,-1.442321191702003,-6.332697965096736,3921,7
117,4.294546102866148,28.330511913900125,5.322641441417985,-0.7639511117362101,-3.8908752783750877,3922,1
117,6.174584262391441,52.640685464350895,7.255390097324257,-2.4066132416446133,-6.102259876381638,3922,2
117,6.3187396220671825,54.69732331320329,7.395763876247219,-2.640590269678932,-6.300978244879307,3922,3
117,5.662544894422221,46.29928630492608,6.804357890714309,-2.1472506320109734,-5.542951428992117,3922,4
117,6.358002140990689,54.1804450306412,7.360736717927167,-2.841067847522922,-6.3425993715596,3922,5
117,6.547059686774881,56.63285989434879,7.525480708522798,-3.064381094715416,-6.536878830347305,3922,6
117,6.541251435239091,56.677508547530444,7.528446622479995,-3.0303587740515425,-6.528447550586146,3922,7
117,5.6489703349578075,48.392886979248054,6.95649962116351,-1.3260283364847476,-5.370233389047476,3923,1
117,5.165164336180076,42.26845284019153,6.501419294291941,-1.096202791678199,-4.74698418022221,3923,2
117,4.806704887977014,37.52088009173985,6.125428972059006,-0.9072833048055275,-4.224388709435096,3923,3
117,5.433112201527653,47.88047316860116,6.919571747485618,-1.4704298656708046,-5.147612482054621,3923,4
117,5.701360433529585,48.48317276508369,6.96298590872362,-1.6133675632320386,-5.523350911262708,3923,5
117,5.372367386125092,44.39803067110897,6.663184724372345,-1.397813957318998,-5.107792275583642,3923,6
117,6.338935583065718,56.99687898617566,7.549627738251447,-2.1054587654298165,-6.2097302542792425,3923,7
138,7.071392726207125,66.38386619344287,8.147629483073151,-2.83445852196103,-7.006455459456513,3924,1
138,6.983938262082528,64.9286370873811,8.057830792923186,-2.8762740810012297,-6.941729929136193,3924,2
138,4.130433911862581,28.580997054629865,5.346119812969951,-0.7719851867600447,-3.2707278624824854,3924,3
138,4.733277300129766,35.12481100975641,5.926618851398866,-1.188860051409749,-4.276062930839649,3924,4
138,4.748497188955113,35.28733085864561,5.940314037039255,-1.2292994670294575,-4.399698395659958,3924,5
138,5.06697764603988,39.85517221725933,6.313095296069855,-1.515745799011698,-4.782393697379292,3924,6
138,5.667149025460948,47.60118710285013,6.899361354708864,-2.003375234791484,-5.532991582068844,3924,7
117,4.4233377407758665,31.541420525828745,5.616174901641574,-0.8686478279560619,-3.905462868193276,3925,1
117,3.528531857025929,21.71973271303288,4.660443403050066,-0.3404291474116148,-2.320947899777665,3925,2
117,4.086855317792322,27.275297161194974,5.222575720963266,-0.7394105724087654,-3.326549994639861,3925,3
117,4.522114607004019,32.677728129199785,5.716443660983618,-1.1371494238340207,-3.938757700797839,3925,4
117,5.01581904419467,38.007804231914164,6.165046977267421,-1.5890325333392434,-4.832809138501811,3925,5
117,5.144843077048277,39.51884676038416,6.286401733932071,-1.7356723164778463,-4.957140865488949,3925,6
117,5.135863410101996,40.32019924033846,6.349818835237621,-1.7634800739436036,-4.948528566931048,3925,7
138,4.365058712337328,31.654235295705966,5.626209673990649,-0.5384007314515136,-3.7728655096413433,3926,1
138,4.549684849338255,33.401509187945145,5.779403878251212,-0.6503470520087178,-3.6830468592436416,3926,2
138,4.864749811697697,37.35946458966714,6.112238917914379,-0.8638925536582636,-4.268294804338096,3926,3
138,5.319356116695681,44.17179026450977,6.646186144286794,-1.203056476624465,-4.959747369738593,3926,4
138,5.5575952391693555,47.051366141368234,6.859399838277999,-1.3659101175281094,-5.243149826492089,3926,5
138,5.656258071678272,48.136947354706564,6.938079514873447,-1.4067725961771003,-5.378851116567418,3926,6
138,6.77415344680565,62.967659198714266,7.935216392683584,-2.146574913268985,-6.719155076621235,3926,7
117,4.988293468442738,40.96376405070133,6.400294059705486,-0.8608538267842067,-4.6587419509887695,3927,1
117,5.038155319344284,41.34131392663112,6.429721139103244,-0.9286477873764871,-4.629747700487447,3927,2
117,5.870741583343245,51.39347204076558,7.16892405042525,-1.432186754591382,-5.671607115329841,3927,3
117,6.786492209149222,64.12262476606833,8.007660380290133,-2.081117706786437,-6.675748873979617,3927,4
117,6.24177624629094,56.514901692528646,7.517639369677735,-1.8046445750620568,-6.1039569398276825,3927,5
117,6.520430736052684,61.228480482183116,7.824862968907706,-2.0532768217019584,-6.466524058937008,3927,6
117,6.602082154689691,62.65946465497178,7.915773155856083,-2.115821503057519,-6.557626944321853,3927,7
117,6.11371570163303,56.70124772507099,7.530023089278743,-1.2443628365799633,-5.6887311853914175,3928,1
117,5.679037322345962,49.620954415539174,7.044214251109855,-1.0259828645685118,-5.1015591906686115,3928,2
117,6.13886826670068,55.67170106965483,7.461347135045711,-1.3013464200475604,-5.570219822418996,3928,3
117,5.413617272662301,46.24035572813056,6.800026156429882,-0.9439888954996314,-4.480325519529163,3928,4
117,5.856574368273091,54.17619485011809,7.360448006073957,-1.3411842259406752,-5.5085608245980024,3928,5
117,5.767947563758264,52.92480493856485,7.27494363817101,-1.2955417100633655,-5.488871908595419,3928,6
117,6.433096347711025,62.90346844992266,7.931170685965765,-1.721995349891185,-6.339931316864797,3928,7
96,5.242821117242177,41.69044725362329,6.456814017270692,-1.0651485951045387,-4.843970517317454,3929,1
96,4.852658957242966,36.3939018830576,6.03273585391053,-0.784699290460553,-4.171206206083298,3929,2
96,6.072322100400925,54.38350235832598,7.374517093228951,-1.5144617344674818,-5.695990930000941,3929,3
96,6.2297566930452986,56.9281216697701,7.5450726749163985,-1.5602540716429907,-5.894098977247874,3929,4
96,6.129200418790181,55.50114462949199,7.44990903498103,-1.5127997247709675,-5.805853346983592,3929,5
96,6.301468511422475,57.85735834719522,7.606402457613929,-1.4436917008739782,-6.009877920150757,3929,6
96,6.9281279146671295,67.64861630346321,8.2248778898816,-1.8556989849578969,-6.7221039434274035,3929,7
117,3.9913295680641108,26.32166984461205,5.130464876072348,-0.28890375536066726,-2.7975851531721587,3930,1
117,4.547144441523104,32.844370678553574,5.731000844403495,-0.6250086754016162,-3.62285640097072,3930,2
117,4.692920195750701,34.24134361119143,5.851610343417565,-0.7096572174365805,-3.8855545663426065,3930,3
117,5.362134770450429,42.2866097768661,6.50281552689803,-1.1461664618312426,-4.851952055580596,3930,4
117,4.823493933066343,35.8594292756408,5.988274315329985,-0.8718523570284733,-3.8693930063492212,3930,5
117,4.358067536965395,31.65462364793304,5.626244186660675,-0.6660010638165021,-3.3838470654609876,3930,6
117,6.507809924264239,59.964626317420496,7.743682994378095,-2.145892662525241,-6.326770684657952,3930,7
117,6.120959950308515,56.18571967839317,7.49571342024181,-1.2506475243359128,-5.749987080565885,3931,1
117,6.281941283462394,59.63201882932709,7.722177078345658,-1.4112068608325616,-5.843688141586434,3931,2
117,6.1743107168083515,57.1833202410772,7.561965368941939,-1.350606921667345,-5.76401237748627,3931,3
117,6.629040840344551,63.600758179526245,7.975008349809187,-1.6688227259077313,-6.181371379102397,3931,4
117,6.116750790522649,57.2351702368334,7.565392933406262,-1.4614755655945424,-5.870987207461626,3931,5
117,6.846831704816248,69.16763352721912,8.31670809438561,-2.001602259820783,-6.710544961130517,3931,6
117,7.551728273049379,79.50424368528168,8.916515220941513,-2.455378714780816,-7.504206795977731,3931,7
117,5.458918563321105,45.601624379393336,6.75289748029639,-1.0993808833116305,-4.970668597099109,3932,1
117,5.070067764347435,40.37517438973086,6.354146236098982,-0.889279314167444,-4.551408906268258,3932,2
117,5.300789205437033,42.69738861246426,6.534323883345871,-1.0164259095884831,-4.690783753354325,3932,3
117,5.739895445668799,48.90363483638309,6.993113386495538,-1.3468112887252057,-5.224003775506957,3932,4
117,5.053657474680843,40.63041035660617,6.374198801151889,-1.0079941025937909,-4.3744534141996985,3932,5
117,4.975916381575104,40.44477823252574,6.359620918932649,-1.0157286956679585,-4.318155891874916,3932,6
117,5.867978845906054,52.640042232483054,7.255345769326439,-1.615849340516295,-5.6774959156655855,3932,7
117,6.82100895123604,70.20432459047736,8.378802097583959,-1.3218192694110273,-6.479053619580391,3933,1
117,6.4534210058359,64.44169657182715,8.027558568570344,-1.1398115997867158,-5.921182298252726,3933,2
117,6.917289432297405,72.03099130997644,8.487107358221436,-1.4398944187542444,-6.613533973693848,3933,3
117,7.02675122481126,75.08475145866956,8.665145784040195,-1.593913406944841,-6.705672443422497,3933,4
117,6.818889308179545,71.69938534561254,8.467548957379138,-1.5290282363685277,-6.615731492001786,3933,5
117,7.2739793255797816,79.68775614814204,8.926799882832707,-1.8301783535954539,-7.109116097800752,3933,6
117,9.560429393735706,120.58219859597745,10.980992605223694,-3.3031115073885857,-9.53427926903097,3933,7
138,6.217521356499714,62.946379662022295,7.933875450372428,-1.0689400558920932,-5.933413318965746,3934,1
138,6.270960476087487,64.1668062294417,8.0104186051318,-1.141003960332994,-5.90643502663875,3934,2
138,6.66474669912587,70.50644643392218,8.396811682652064,-1.3689076229231363,-6.393918341484623,3934,3
138,5.711798667907715,54.41473052592142,7.376634091909495,-0.8250983001380594,-4.9922713404116426,3934,4
138,5.723817237909289,55.67823264305739,7.4617848161855616,-0.8708062057573147,-5.202671983967656,3934,5
138,5.659295047538868,53.79416888504025,7.334450823684092,-0.7974785823077888,-4.992778729701388,3934,6
138,6.395767474520033,65.57162125420889,8.097630595069703,-1.1870825280896207,-6.130822858948639,3934,7
117,6.387388873304057,68.85252646055453,8.297742250790545,-0.8716385772657091,-5.948667762625931,3935,1
117,5.906929146530282,61.37359150582159,7.834129913769722,-0.7270634443810484,-5.342887748000968,3935,2
117,6.244462632725382,66.14748133536231,8.133110188320476,-0.8919751560491977,-5.730422639439249,3935,3
117,6.491968277173164,71.69254417862625,8.467144983914368,-1.0957847355268306,-6.132150804894602,3935,4
117,6.607245225172776,72.2092459761984,8.49760236632654,-1.1557278456702242,-6.340558402558678,3935,5
117,6.7924418571667795,74.51351807465461,8.632121296335832,-1.2297477117443658,-6.566828923347669,3935,6
117,7.886572715563652,93.12837046221016,9.650304164232864,-1.756818695370875,-7.841803933820154,3935,7
138,5.611791748931442,57.029756178766405,7.551804829228997,-0.5573528491112854,-4.906518369481184,3936,1
138,6.244827491649683,67.12160966325578,8.19277789661454,-0.8649190247343004,-5.569139632625856,3936,2
138,6.1374740807906445,65.18500973950975,8.073723412373608,-0.8269254987722199,-5.375609266585198,3936,3
138,6.486254104669543,73.68987313699527,8.584280583543112,-1.0617783540332617,-5.066780346027319,3936,4
138,6.704349559286366,76.241851739071,8.731658017757624,-1.1347112669946915,-6.312417071798573,3936,5
138,6.707908188087353,75.42163906429742,8.684563262726424,-1.0968846400489456,-6.219828329224518,3936,6
138,7.9598594264707705,95.33976682663271,9.764208458786237,-1.639869070108995,-7.803349501844766,3936,7
117,6.628933278923361,69.86760377137891,8.358684332559696,-0.9980564720287661,-6.459588857797476,3937,1
117,7.173830317635821,80.97599496943091,8.998666288369122,-1.3943393883892057,-7.034714796604255,3937,2
117,7.740926987085587,91.22159758024839,9.550999820974157,-1.7171276709794312,-7.671139774159489,3937,3
117,6.764711893521822,76.41139247499565,8.741361019600761,-1.2506090776846364,-6.5233103189712915,3937,4
117,7.727417962163941,88.27631848357024,9.395547801143382,-1.7832891354027551,-7.669046524243477,3937,5
117,7.525364639412643,85.16844849878989,9.228675338248165,-1.6244055791528162,-7.418627192831447,3937,6
117,8.48242666782477,101.08308627233191,10.054008467886424,-2.1400983424047353,-8.451819428011902,3937,7
117,5.079358247610239,40.56926050063747,6.369400325041398,-0.7081986135620861,-4.605672013046395,3938,1
117,5.521020620297163,47.63522386933346,6.901827574587289,-1.0343068487516676,-5.07482250735291,3938,2
117,6.0042290483784475,54.90515428732851,7.409801231296863,-1.371529694773229,-5.652918416210729,3938,3
117,5.8594075879480085,52.76475643039305,7.263935326693999,-1.322256663074156,-5.5363071963318395,3938,4
117,5.955893492087339,53.89246363901483,7.341148659373057,-1.4410527196639311,-5.778574707161667,3938,5
117,6.340315191154806,59.70372743435053,7.7268187136978,-1.711910965199249,-6.237300465249608,3938,6
117,6.714211031921908,65.37044551778948,8.085199163767673,-1.9578108616154752,-6.656349932026659,3938,7
138,9.03232128723808,118.85620186590495,10.902119145648012,-1.9369914681690328,-8.860325046207594,3939,1
138,8.66250459007595,112.50486937509842,10.606831259857886,-1.8737719655293148,-8.495963628741277,3939,2
138,7.6433751755866455,88.6114235835653,9.413364094921926,-1.2949039626756051,-6.960021571836609,3939,3
138,8.46962541082631,105.3106702246478,10.262098724171766,-1.7539260746043999,-8.086582370426344,3939,4
138,9.089649055315101,117.98850838037414,10.862251533654252,-2.1037842092687216,-8.964021662007207,3939,5
138,9.1637235171553,119.82631252794512,10.946520567191437,-2.1551109495842415,-9.047639915908592,3939,6
138,9.450876477835834,124.06639400101149,11.138509505360737,-2.294249437031729,-9.37846621223118,3939,7
