n,mae,mse,rmse,r2,bias,station_id,horizon
144,4.7211432456970215,46.724151611328125,6.8355066828530076,0.9167344,2.9833600521087646,1,1
143,6.619228363037109,77.33831024169922,8.794220274799763,0.86226714,4.13730525970459,1,2
142,7.728395462036133,118.97073364257812,10.907370610856592,0.788358,1.2759554386138916,1,3
141,10.821117401123047,245.38400268554688,15.66473755559112,0.56509537,0.4024985134601593,1,4
140,12.423182487487793,326.75225830078125,18.076289948459593,0.42271638,-0.42204567790031433,1,5
139,12.935042381286621,386.170166015625,19.651212838286217,0.31960297,-1.0174453258514404,1,6
138,14.397100448608398,463.3388366699219,21.525306889099674,0.18619138,-0.9502052664756775,1,7
144,3.7520222663879395,24.867551803588867,4.986737591210196,0.80660397,1.265450119972229,2,1
143,5.615005016326904,48.93211364746094,6.995149294150979,0.60808516,1.8487452268600464,2,2
142,6.599740028381348,71.52192687988281,8.457063726842952,0.4153363,1.7117249965667725,2,3
141,8.018390655517578,105.5250015258789,10.272536275228182,0.1296848,1.862230658531189,2,4
140,9.428386688232422,138.212158203125,11.756366709282464,-0.143615,2.422053098678589,2,5
139,9.742849349975586,138.34368896484375,11.761959401598178,-0.14832592,2.4711010456085205,2,6
138,9.794232368469238,142.40899658203125,11.933524063830903,-0.17990923,2.412123680114746,2,7
144,7.255364418029785,95.75663757324219,9.785532053661782,0.6702294,1.3247146606445312,3,1
143,10.713665962219238,214.39564514160156,14.642255466341297,0.24747747,2.6891841888427734,3,2
142,12.425124168395996,273.0983581542969,16.52568782696493,0.027831316,3.7733099460601807,3,3
141,14.379023551940918,342.3207702636719,18.501912610961924,-0.22367346,6.766400337219238,3,4
140,15.635623931884766,407.6363830566406,20.190007009821482,-0.45871627,7.27700138092041,3,5
139,17.4334774017334,455.3807373046875,21.33965176156086,-0.6318741,8.637979507446289,3,6
138,17.624143600463867,480.2841796875,21.915386824957025,-0.71796,9.126725196838379,3,7
144,6.034841060638428,58.9442138671875,7.677513521133486,0.67803574,1.5071531534194946,4,1
143,7.736819744110107,97.2437515258789,9.86122464635498,0.45698285,1.4151047468185425,4,2
142,8.63731575012207,123.48509216308594,11.112384629911167,0.29482347,0.3378366529941559,4,3
141,9.364241600036621,140.50881958007812,11.853641616822998,0.18724298,1.6384251117706299,4,4
140,9.960360527038574,161.3981170654297,12.70425586429326,0.058486164,0.38912203907966614,4,5
139,9.74428653717041,146.79962158203125,12.11608936835773,0.13607061,-1.1082209348678589,4,6
138,10.592416763305664,172.1723175048828,13.121444947294593,-0.017049074,-2.4937915802001953,4,7
144,5.841020584106445,53.66946029663086,7.325944327977852,0.6399844,3.513819456100464,5,1
143,9.566471099853516,134.4458770751953,11.595079864977011,0.078621924,5.550988674163818,5,2
142,11.22457504272461,184.2118377685547,13.572466163839005,-0.28855777,6.936771869659424,5,3
141,12.044824600219727,210.35238647460938,14.503530138370085,-0.47094548,7.696460247039795,5,4
140,13.22474479675293,257.560546875,16.048692995848604,-0.7942982,7.8048906326293945,5,5
139,13.99985408782959,280.8103332519531,16.757396374495446,-0.9487437,8.407215118408203,5,6
138,13.726751327514648,280.2165832519531,16.739670942164697,-0.9347011,7.230626106262207,5,7
129,5.15440559387207,43.130897521972656,6.567411782580155,0.81511605,1.8130652904510498,7,1
127,7.803709506988525,86.82595825195312,9.318044765504892,0.6255859,3.7230632305145264,7,2
125,7.946187973022461,96.78248596191406,9.837809002105807,0.58125603,3.2973601818084717,7,3
123,9.469122886657715,131.55804443359375,11.469875519533494,0.42994654,4.902466297149658,7,4
121,9.809226036071777,158.28082275390625,12.58097066024344,0.31207317,2.2484583854675293,7,5
119,10.398453712463379,184.5930633544922,13.586502984745271,0.18919927,2.2844951152801514,7,6
117,9.932095527648926,169.9523468017578,13.036577265592292,0.24040228,0.6454804539680481,7,7
144,4.163924217224121,28.438920974731445,5.33281548290689,0.7464193,2.051907539367676,8,1
143,6.415294647216797,61.70219802856445,7.855074667281301,0.43863732,4.152944087982178,8,2
142,7.2264180183410645,81.6733627319336,9.03733161568909,0.24760658,4.166579723358154,8,3
141,9.224868774414062,125.76752471923828,11.214612107390888,-0.1681099,5.180074691772461,8,4
140,9.696440696716309,136.22573852539062,11.671578236270818,-0.2694496,4.700989723205566,8,5
139,9.794529914855957,137.49285888671875,11.725734897511488,-0.28705847,3.630908966064453,8,6
138,8.653170585632324,112.41177368164062,10.602441873532749,-0.051444173,3.0052387714385986,8,7
144,5.5354156494140625,61.08809280395508,7.815887205170958,0.8961581,0.34843137860298157,9,1
143,8.223299980163574,130.90728759765625,11.441472265301186,0.7772146,0.5555866956710815,9,2
142,8.829916954040527,162.1551971435547,12.734017321472226,0.72386336,0.13045598566532135,9,3
141,11.249482154846191,268.9285888671875,16.399042315549632,0.54340523,-1.1315151453018188,9,4
140,13.189583778381348,384.50506591796875,19.608800726152754,0.34878045,-2.3012027740478516,9,5
139,14.27096176147461,453.04095458984375,21.28475873929145,0.23398274,-2.9219985008239746,9,6
138,15.591950416564941,520.9320678710938,22.823936292215105,0.122020245,-3.158733367919922,9,7
144,6.109696388244629,93.007568359375,9.64404315416387,0.935506,-2.4229252338409424,10,1
143,9.675312995910645,231.4287872314453,15.21278367792842,0.8399562,-4.880366325378418,10,2
142,11.589132308959961,385.8898010253906,19.644078014134198,0.7339553,-3.694486379623413,10,3
141,13.479562759399414,568.3848876953125,23.84082397265901,0.60956955,-5.457396030426025,10,4
140,13.910356521606445,605.8945922851562,24.61492620921615,0.5853697,-5.9046807289123535,10,5
139,14.57603931427002,650.836181640625,25.511491168503362,0.55647206,-5.629791259765625,10,6
138,17.06949806213379,828.296875,28.780147237288414,0.43836755,-4.503326416015625,10,7
144,3.7462239265441895,29.368778228759766,5.4192968389598075,0.9728509,1.0281816720962524,11,1
143,5.628262996673584,66.52470397949219,8.156267772669812,0.93878263,0.49708855152130127,11,2
142,6.938875198364258,121.29379272460938,11.013346118442358,0.88892126,0.4106963872909546,11,3
141,9.808600425720215,300.4236755371094,17.33273421988318,0.72636837,-1.4043796062469482,11,4
140,10.468085289001465,347.0378723144531,18.628952528643502,0.6855979,-2.097119092941284,11,5
139,12.218856811523438,420.40240478515625,20.503716852930744,0.62117815,-1.9273133277893066,11,6
138,11.30233097076416,398.23175048828125,19.955744799136944,0.64317346,-1.6572790145874023,11,7
144,5.519640922546387,102.77340698242188,10.137721981906086,0.8877733,0.06660863757133484,12,1
143,7.513700008392334,180.57864379882812,13.437955342939198,0.8034855,-1.008013129234314,12,2
142,8.644413948059082,212.64691162109375,14.582417893514565,0.76955086,-1.5342624187469482,12,3
141,10.502284049987793,291.3338623046875,17.06850498153507,0.68583465,-1.8215656280517578,12,4
140,11.364036560058594,337.7152404785156,18.377030240996927,0.6377754,-1.7662321329116821,12,5
139,11.141286849975586,356.8136901855469,18.889512703760964,0.619295,-1.6035009622573853,12,6
138,11.961384773254395,416.0650634765625,20.397672991705758,0.5587356,-0.9784917235374451,12,7
144,5.528663635253906,53.32169723510742,7.302170720758823,0.94387096,2.892468214035034,14,1
143,7.495547294616699,94.17738342285156,9.70450325482204,0.90081847,3.3503758907318115,14,2
142,11.811840057373047,240.99575805664062,15.524038071862638,0.7462063,2.9914391040802,14,3
141,14.545342445373535,362.05572509765625,19.02776195714189,0.6193229,3.159128189086914,14,4
140,15.461223602294922,428.9389343261719,20.710840985488055,0.55032706,2.2650599479675293,14,5
139,16.10530662536621,505.8824768066406,22.49183133510121,0.4712367,0.14156775176525116,14,6
138,16.99075698852539,580.2318115234375,24.088001401599044,0.3957339,-0.4087674915790558,14,7
144,5.252169609069824,45.70974349975586,6.760898128189469,0.69585735,1.231590747833252,15,1
143,9.204791069030762,122.49771881103516,11.06786875649667,0.16523737,3.8209962844848633,15,2
142,11.210089683532715,192.70315551757812,13.881756211574173,-0.32676792,4.951918601989746,15,3
141,13.444252014160156,277.87982177734375,16.669727705554873,-0.90650475,6.917652130126953,15,4
140,15.251559257507324,330.2425537109375,18.172576969459712,-1.252543,7.646683216094971,15,5
139,16.158191680908203,355.2218322753906,18.847329579422933,-1.4083631,8.043088912963867,15,6
138,15.545040130615234,338.13580322265625,18.388469300696464,-1.276119,7.23781681060791,15,7
144,4.505395889282227,45.60564422607422,6.753195112394889,0.92631155,1.1115540266036987,16,1
143,7.955969333648682,118.3741226196289,10.879987252732832,0.8083078,3.147977113723755,16,2
142,9.162384033203125,182.58181762695312,13.512283953016718,0.704015,1.8591070175170898,16,3
141,11.102602005004883,296.8897705078125,17.230489560886323,0.51946974,-0.0019478222820907831,16,4
140,12.766504287719727,363.35968017578125,19.061995702858116,0.41325444,0.5284308195114136,16,5
139,13.38939380645752,407.08392333984375,20.176320857377437,0.34377664,-0.9765539169311523,16,6
138,14.228591918945312,483.2502746582031,21.98295418405368,0.22347969,-2.1893703937530518,16,7
103,4.678155899047852,35.18650436401367,5.931821336150784,0.81177056,1.1472452878952026,17,1
101,7.014273166656494,72.88907623291016,8.537509955069462,0.6113471,1.956626534461975,17,2
100,8.300938606262207,103.89082336425781,10.192684796669512,0.45029145,1.6047817468643188,17,3
99,9.437238693237305,133.80072021484375,11.567226124479618,0.29311806,1.2683875560760498,17,4
98,10.342219352722168,164.34706115722656,12.819791775111893,0.13048398,-0.0706198588013649,17,5
97,10.566268920898438,183.33518981933594,13.540132562842063,0.02915883,-0.6303550601005554,17,6
96,10.97601318359375,195.9994659423828,13.99998092650068,-0.03708422,-0.6094854474067688,17,7
144,4.8191094398498535,42.47120666503906,6.516993683059625,0.7659292,1.1959563493728638,18,1
143,6.2602033615112305,72.06322479248047,8.489006113349221,0.5944838,1.9714086055755615,18,2
142,7.4185566902160645,94.21309661865234,9.706343112555436,0.46369433,1.5984731912612915,18,3
141,8.461350440979004,113.44701385498047,10.651150823032244,0.3521369,2.1541130542755127,18,4
140,9.107532501220703,123.27217864990234,11.102800486809729,0.29697305,1.9657013416290283,18,5
139,8.912458419799805,111.05406188964844,10.53821910427224,0.36598545,1.2857540845870972,18,6
138,9.314070701599121,123.01969909667969,11.09142457471896,0.29856062,2.189453601837158,18,7
144,4.59080171585083,39.77287292480469,6.30657378651869,0.916779,0.2251403033733368,19,1
143,7.657474994659424,103.84095001220703,10.19023797623034,0.78135556,-0.4715299904346466,19,2
142,8.921212196350098,178.98971557617188,13.378703807774947,0.621786,-1.304691195487976,19,3
141,10.649643898010254,254.11090087890625,15.940856340827686,0.4629488,-1.3164918422698975,19,4
140,12.950546264648438,357.28497314453125,18.901983312460395,0.24611092,-2.16328763961792,19,5
139,13.914122581481934,390.81658935546875,19.769081651798313,0.17641544,-1.253509521484375,19,6
138,14.889046669006348,427.7937316894531,20.68317508724067,0.10118085,-1.7418328523635864,19,7
144,5.452974796295166,57.50454330444336,7.583175014757563,0.90636057,1.305687427520752,20,1
143,8.694809913635254,148.88096618652344,12.201678826560034,0.756985,1.3040592670440674,20,2
142,11.079524993896484,266.16485595703125,16.314559631109606,0.5648803,1.0857404470443726,20,3
141,12.611096382141113,369.7773132324219,19.229594723561437,0.3956371,-0.5399841070175171,20,4
140,13.081793785095215,371.598388671875,19.27688742177728,0.39399636,-0.24774998426437378,20,5
139,13.141487121582031,407.26397705078125,20.180782369640212,0.33666807,-2.350501298904419,20,6
138,14.121549606323242,454.6340026855469,21.322148172394517,0.26203537,-3.4168338775634766,20,7
144,6.073091506958008,60.38188934326172,7.770578443286041,0.5783262,3.2802820205688477,21,1
143,8.683457374572754,118.81524658203125,10.900240666243624,0.159033,3.8425405025482178,21,2
142,9.501012802124023,146.9958953857422,12.124186380361454,-0.04593408,4.581501007080078,21,3
141,10.267549514770508,179.77987670898438,13.408201844728636,-0.28550577,4.488441467285156,21,4
140,9.942790031433105,158.22296142578125,12.578670892657192,-0.12948167,2.085723638534546,21,5
139,9.639161109924316,145.86749267578125,12.077561536824446,-0.039016604,2.5634381771087646,21,6
138,8.548501014709473,122.43458557128906,11.065016293313311,0.13228124,0.8317776918411255,21,7
143,5.106932640075684,41.57342529296875,6.447745752816929,0.54785955,2.7207705974578857,22,1
142,7.646099090576172,95.85442352294922,9.790527234166158,-0.051138043,4.126265525817871,22,2
141,7.485710144042969,91.15971374511719,9.5477596191524,-0.005156398,2.896104574203491,22,3
140,8.443553924560547,116.67818450927734,10.801767656697553,-0.28670454,3.425398111343384,22,4
139,7.9830851554870605,93.03246307373047,9.645333746103889,-0.02782154,2.8541576862335205,22,5
138,9.124931335449219,121.816650390625,11.037058049617434,-0.33777392,5.058310508728027,22,6
137,8.677566528320312,120.28934478759766,10.967649920908201,-0.31167245,2.3820719718933105,22,7
144,4.527923583984375,33.97993469238281,5.829231054983394,0.6128018,1.892037272453308,23,1
143,7.050553798675537,82.3017578125,9.07203162541335,0.025168896,2.432729959487915,23,2
142,7.404104232788086,93.67948913574219,9.67881651524308,-0.14617884,0.7024261355400085,23,3
141,8.533164024353027,117.59033203125,10.8439075997193,-0.47864485,1.590232014656067,23,4
140,8.698665618896484,119.10108947753906,10.913344559645273,-0.5033115,0.6498165130615234,23,5
139,7.924529075622559,105.9241714477539,10.291946922120902,-0.344545,0.34387239813804626,23,6
138,8.886235237121582,125.53164672851562,11.204090624790377,-0.59298277,0.3477104604244232,23,7
144,5.157273292541504,42.91018295288086,6.550586458698248,0.56027865,2.8905727863311768,24,1
143,8.268949508666992,108.55276489257812,10.418865816036702,-0.13462806,5.124305248260498,24,2
142,9.22465991973877,142.00637817382812,11.916642907036701,-0.50047565,4.559151649475098,24,3
141,10.41889476776123,168.36854553222656,12.975690560899892,-0.7928004,4.983036518096924,24,4
140,8.418237686157227,112.82646179199219,10.62198012575773,-0.20103836,2.246004819869995,24,5
139,9.185490608215332,120.92566680908203,10.99662069951865,-0.28897297,3.5001296997070312,24,6
138,8.846452713012695,114.10276794433594,10.681889717851234,-0.2095958,2.2316172122955322,24,7
144,5.5366363525390625,52.11207580566406,7.218869427110041,0.5503235,1.790352702140808,25,1
143,10.04620361328125,143.76907348632812,11.990374201263617,-0.2657503,6.2622551918029785,25,2
142,7.822566509246826,109.1708755493164,10.448486758823806,0.023535728,-0.08090206980705261,25,3
141,7.842504978179932,113.31112670898438,10.644769922782944,-0.023566127,-2.0840203762054443,25,4
140,7.6407599449157715,103.20433807373047,10.158953591474393,0.0681802,-0.9501001834869385,25,5
139,8.632343292236328,119.06238555908203,10.911571177382386,-0.075785756,2.11721134185791,25,6
138,11.347655296325684,184.87103271484375,13.596728750506268,-0.6619452,6.011518955230713,25,7
144,5.286284446716309,44.23908233642578,6.651246675355364,0.7147417,1.7962706089019775,26,1
143,8.381059646606445,105.88245391845703,10.289920015163238,0.30928475,1.0712692737579346,26,2
142,8.78451156616211,122.61917877197266,11.073354449848187,0.19673121,1.7189207077026367,26,3
141,8.908761978149414,127.18550872802734,11.27765528503276,0.16448414,-0.947513997554779,26,4
140,9.426264762878418,130.89395141601562,11.440889450388708,0.1403262,1.8324397802352905,26,5
139,9.485945701599121,129.67501831054688,11.387493943381347,0.14927185,0.5423033833503723,26,6
138,9.494519233703613,132.71653747558594,11.520266380409176,0.13445395,0.20909571647644043,26,7
144,5.398674964904785,48.64748764038086,6.974775096042944,0.679603,1.86215078830719,28,1
143,7.569551944732666,84.59798431396484,9.197716255351914,0.43983662,1.620387077331543,28,2
142,8.69853401184082,108.93659210205078,10.437269379586347,0.27781647,2.015040874481201,28,3
141,8.346463203430176,119.27101135253906,10.921126835292183,0.21000344,-2.623464584350586,28,4
140,8.42662525177002,110.89090728759766,10.530475169126873,0.26832306,0.014468683861196041,28,5
139,8.559958457946777,117.00739288330078,10.816995557145283,0.23043054,-1.365957260131836,28,6
138,8.829629898071289,121.40186309814453,11.018251362995152,0.20650834,-1.2929145097732544,28,7
79,5.276299953460693,46.01087951660156,6.7831319843123765,0.56365216,-0.5549593567848206,29,1
74,7.847446918487549,101.8450927734375,10.091832973916953,0.04868138,0.14999841153621674,29,2
69,7.8048248291015625,104.63278198242188,10.229016667423211,0.07052332,0.9467363357543945,29,3
64,8.551233291625977,111.25746154785156,10.547865260224533,0.054020107,2.567023754119873,29,4
59,7.814324855804443,92.03996276855469,9.593746023767498,0.22106361,1.7885819673538208,29,5
55,8.374444007873535,98.6280746459961,9.931166832049298,0.11303121,1.4469797611236572,29,6
51,9.224535942077637,115.5519027709961,10.749507094327447,-0.18609059,2.300057888031006,29,7
144,4.859809875488281,37.68016052246094,6.1384167765361894,0.5052706,2.3925118446350098,30,1
143,7.777355670928955,92.48216247558594,9.616764657387948,-0.23998702,5.3434014320373535,30,2
142,7.941502571105957,96.85411834716797,9.841448996320002,-0.31214905,5.529238224029541,30,3
141,8.031579971313477,92.62889099121094,9.62439042179872,-0.26360774,4.216841220855713,30,4
140,8.978205680847168,115.85273742675781,10.76349094981539,-0.5848913,5.724884986877441,30,5
139,8.27357292175293,96.1536636352539,9.80579745024615,-0.31860197,3.8381083011627197,30,6
138,9.591625213623047,130.58349609375,11.42731359916888,-0.78318024,5.270236015319824,30,7
144,5.616298198699951,47.9551887512207,6.924968501821557,0.49504972,3.9410035610198975,31,1
143,6.991961479187012,76.72737121582031,8.759416145829602,0.189578,4.37194299697876,31,2
142,7.76920223236084,91.930419921875,9.588035248259937,0.025117576,4.575019836425781,31,3
141,7.481511116027832,81.55006408691406,9.030507410268488,0.13139439,2.134340524673462,31,4
140,8.031064987182617,96.16710662841797,9.806482887784895,-0.022146463,2.8179876804351807,31,5
139,8.14712142944336,95.06605529785156,9.750182321262077,-0.009499073,2.8252761363983154,31,6
138,7.691878795623779,87.34295654296875,9.345745371181945,0.077242434,1.1067806482315063,31,7
144,6.175711631774902,61.56803512573242,7.846530132850598,0.60618603,2.386676788330078,32,1
143,9.950210571289062,139.28762817382812,11.802017970407778,0.101937234,4.980554103851318,32,2
142,10.580780029296875,153.99537658691406,12.409487361970843,0.0069947243,4.598876953125,32,3
141,10.505375862121582,153.84893798828125,12.40358569077028,0.010211527,4.185665130615234,32,4
140,11.750248908996582,203.93585205078125,14.28061105313009,-0.3060658,4.615494728088379,32,5
139,10.97989273071289,171.15708923339844,13.082701908757167,-0.09152007,2.708763599395752,32,6
138,10.818283081054688,173.1171112060547,13.157397584859048,-0.09656668,1.8408856391906738,32,7
144,5.976780414581299,58.85215377807617,7.671515741890658,0.6626209,2.1391360759735107,33,1
143,8.17986011505127,96.92617797851562,9.84510934314676,0.4427579,1.2302056550979614,33,2
142,9.776275634765625,133.83753967285156,11.568817557246357,0.23168886,2.3922905921936035,33,3
141,9.600787162780762,141.2322235107422,11.884116437949528,0.19146883,1.9028055667877197,33,4
140,8.796168327331543,129.9193115234375,11.39821527799144,0.25970834,-1.0809760093688965,33,5
139,9.868779182434082,143.04913330078125,11.960314933177187,0.18763888,1.464449167251587,33,6
138,9.701416015625,140.48239135742188,11.852526792098885,0.20758116,0.7006222605705261,33,7
144,5.428316593170166,46.68716049194336,6.83280034041266,0.61975753,0.9207361936569214,34,1
143,7.764797687530518,95.21558380126953,9.757847293397736,0.21642548,1.3629035949707031,34,2
142,7.631839275360107,95.4584732055664,9.770285216183119,0.21288037,0.5242900848388672,34,3
141,8.23019027709961,105.86136627197266,10.288895289192745,0.1288119,1.924525499343872,34,4
140,7.917060375213623,106.30653381347656,10.310505992116806,0.12863457,0.9000080823898315,34,5
139,8.996137619018555,114.29145812988281,10.690718316833664,0.06582904,2.365016222000122,34,6
138,8.328392028808594,111.36495208740234,10.552959399495592,0.09531611,-1.1695976257324219,34,7
144,5.416431903839111,49.30509948730469,7.0217590023657666,0.6655958,-0.594683051109314,35,1
143,7.741293907165527,97.70337677001953,9.884501847337555,0.3358786,-0.3505764603614807,35,2
142,8.472991943359375,116.17649841308594,10.778520232995156,0.21193635,-2.584402322769165,35,3
141,9.201708793640137,131.81253051757812,11.480963832256338,0.11123258,-1.0835366249084473,35,4
140,9.498747825622559,157.7371063232422,12.559343387424446,-0.056157827,-4.31188440322876,35,5
139,9.489961624145508,153.15377807617188,12.375531426010435,-0.01888454,-3.7754621505737305,35,6
138,9.789117813110352,165.6409149169922,12.87015597873593,-0.09432638,-3.9282801151275635,35,7
129,6.341317653656006,69.95452117919922,8.363881944360479,0.597483,-2.4456841945648193,36,1
127,9.130910873413086,141.14324951171875,11.880372448358626,0.18704194,-3.9650111198425293,36,2
125,8.847015380859375,136.6854705810547,11.69125615924374,0.21322066,-2.489315986633301,36,3
123,9.202513694763184,148.54762268066406,12.188011432578493,0.14475888,-2.1316609382629395,36,4
121,9.285876274108887,163.69256591796875,12.794239559972635,0.057507396,-4.421297550201416,36,5
119,9.56037425994873,174.27215576171875,13.201217965086355,-0.00021493435,-4.93333625793457,36,6
117,11.607454299926758,248.0484161376953,15.749552886913817,-0.42283773,-9.22201919555664,36,7
144,6.623391151428223,75.7856674194336,8.705496391328504,0.5703918,4.332123279571533,37,1
143,10.451285362243652,168.2350616455078,12.970545927042076,0.045275748,6.792055606842041,37,2
142,11.370206832885742,186.509521484375,13.656848885609557,-0.05443275,6.734039783477783,37,3
141,11.53207015991211,204.1133270263672,14.286823545713974,-0.14909446,5.648785591125488,37,4
140,11.356863975524902,191.47848510742188,13.837575116595461,-0.07205677,5.909499645233154,37,5
139,11.804670333862305,189.3745574951172,13.7613428667088,-0.05551243,4.555171966552734,37,6
138,11.415284156799316,185.0017852783203,13.601536136713394,-0.023979664,3.85097599029541,37,7
144,4.960196018218994,40.32469177246094,6.350172578163599,0.7545376,-1.0518994331359863,38,1
143,7.811096668243408,106.68466186523438,10.328826741950625,0.34506935,-1.7075749635696411,38,2
142,8.210416793823242,124.24144744873047,11.146364763847021,0.23560268,-2.390547752380371,38,3
141,8.733986854553223,125.90342712402344,11.220669637950467,0.22709256,-1.964662790298462,38,4
140,8.20918083190918,125.74311065673828,11.213523561162132,0.23042351,-0.5164198875427246,38,5
139,8.117964744567871,114.14009857177734,10.683636954323061,0.30045182,-1.5109245777130127,38,6
138,8.766923904418945,129.16244506835938,11.364965687073559,0.2124325,-2.8750884532928467,38,7
144,4.199831485748291,28.29846954345703,5.31963058336357,0.71504986,0.05274397134780884,39,1
143,6.46523904800415,72.6255874633789,8.522064741796962,0.2622488,-1.3109160661697388,39,2
142,6.556246280670166,78.04647064208984,8.83439135662949,0.20770097,-1.5132311582565308,39,3
141,6.8215131759643555,79.40072631835938,8.910708519436565,0.1965251,-1.3163573741912842,39,4
140,7.194854259490967,81.6343765258789,9.03517440484017,0.17804348,-0.7010490894317627,39,5
139,7.7515764236450195,84.70051574707031,9.203288311634614,0.1495015,0.506199300289154,39,6
138,8.808293342590332,106.57157135009766,10.323350781122263,-0.06301534,2.2951605319976807,39,7
144,4.067467212677002,33.1826057434082,5.760434509948724,0.45179355,1.1553972959518433,40,1
143,6.164003372192383,64.3871841430664,8.024162519731664,-0.07787895,0.6306803822517395,40,2
142,7.051657676696777,78.04757690429688,8.834453967523793,-0.30639958,1.551124930381775,40,3
141,7.136824607849121,81.15193176269531,9.008436699155704,-0.35305715,0.7438853979110718,40,4
140,6.611884117126465,70.82703399658203,8.415879870612581,-0.17385316,0.23721201717853546,40,5
139,7.071890354156494,77.31829833984375,8.793082414025456,-0.27725947,1.1178637742996216,40,6
138,7.468286514282227,89.23055267333984,9.446192496098089,-0.47085524,0.9407568573951721,40,7
144,4.315710067749023,31.87596321105957,5.6458801980789115,0.5135217,-0.0749991238117218,41,1
143,6.241817951202393,63.16993713378906,7.9479517571377505,0.023341775,0.809681236743927,41,2
142,6.767100811004639,74.29754638671875,8.61960244945895,-0.14821815,1.7161422967910767,41,3
141,8.001346588134766,98.2240982055664,9.910807141982252,-0.5120641,2.7938318252563477,41,4
140,7.528436183929443,85.49993133544922,9.24661729149905,-0.30822694,1.867673635482788,41,5
139,7.252669334411621,81.1407241821289,9.007814617437957,-0.23826158,1.3361656665802002,41,6
138,7.01389741897583,75.0025634765625,8.660402038968082,-0.14144301,0.7907002568244934,41,7
144,5.702390670776367,52.49479675292969,7.245329306037766,0.5156846,1.522428035736084,43,1
143,7.55422306060791,86.67982482910156,9.310200042378336,0.18953913,1.3002899885177612,43,2
142,8.322410583496094,104.38993072509766,10.217139067522652,0.015422761,1.5920578241348267,43,3
141,9.265318870544434,126.73284912109375,11.257568526155804,-0.1937412,2.666283130645752,43,4
140,9.546037673950195,131.24998474121094,11.45643857144143,-0.23053443,2.7054622173309326,43,5
139,9.187946319580078,114.26384735107422,10.689426895351978,-0.07028425,2.1699085235595703,43,6
138,9.94035816192627,140.51502990722656,11.853903572546326,-0.31386673,3.486912488937378,43,7
144,5.207743167877197,43.70044708251953,6.610631367919371,0.7002059,0.03500570356845856,44,1
143,7.4502177238464355,94.5495376586914,9.723658656014793,0.3474896,-0.2991904020309448,44,2
142,7.846468448638916,110.96724700927734,10.534099250020256,0.23385662,-0.8775404691696167,44,3
141,8.429991722106934,119.35527801513672,10.924984119674349,0.17915869,0.13181759417057037,44,4
140,8.628851890563965,128.5507354736328,11.338021673715076,0.12081057,-2.2651734352111816,44,5
139,9.606497764587402,143.6590118408203,11.985783739114447,0.021645367,-0.6701096892356873,44,6
138,8.671244621276855,138.13946533203125,11.753274664195985,0.06516111,-3.6038496494293213,44,7
144,4.962984085083008,39.69295883178711,6.300234823543255,0.42103404,1.2946332693099976,45,1
143,7.416754245758057,92.2375717163086,9.604039343750555,-0.3684889,3.2080135345458984,45,2
142,7.7029314041137695,97.03386688232422,9.850576982203846,-0.44694424,2.5660994052886963,45,3
141,8.183935165405273,110.84827423095703,10.528450704208907,-0.6588671,3.1891748905181885,45,4
140,7.971345901489258,99.17435455322266,9.95863216276325,-0.48626375,2.891145706176758,45,5
139,8.069453239440918,108.31089782714844,10.407252174668798,-0.63004446,2.6486175060272217,45,6
138,7.022134304046631,84.5218505859375,9.193576593792946,-0.2663418,1.6469889879226685,45,7
144,3.0816714763641357,15.93149185180664,3.991427295067097,0.25782472,0.9893839955329895,48,1
143,4.214015007019043,28.257017135620117,5.315732981971547,-0.35032022,1.7306625843048096,48,2
142,4.815738201141357,35.71009826660156,5.975792689392894,-0.732543,2.109764337539673,48,3
141,4.937076091766357,38.889854431152344,6.236173059750054,-0.87976015,1.9371337890625,48,4
140,4.835300922393799,35.17869186401367,5.93116277503945,-0.6921797,1.9695689678192139,48,5
139,5.061565399169922,37.3010139465332,6.107455603320683,-0.7831423,1.939117670059204,48,6
138,4.470607757568359,28.66478729248047,5.353950624770504,-0.3617891,0.5422235131263733,48,7
144,3.7318437099456787,24.84095573425293,4.98407019756473,0.10776597,0.168864905834198,50,1
143,4.8056464195251465,37.24412536621094,6.1027965201382015,-0.36705768,0.5691443681716919,50,2
142,5.040482521057129,40.78154754638672,6.38604318388051,-0.5015825,1.6353490352630615,50,3
141,5.052680969238281,39.26781463623047,6.266403644534117,-0.43830144,2.124457359313965,50,4
140,5.363288879394531,44.72272491455078,6.687505133796218,-0.6309881,2.1710097789764404,50,5
139,5.52075719833374,46.812835693359375,6.841990623594816,-0.6951853,2.4415481090545654,50,6
138,6.412883758544922,61.007389068603516,7.810722698227323,-1.1940284,3.0921401977539062,50,7
144,3.2529830932617188,17.41311264038086,4.172902184377302,0.18262106,0.8144755959510803,51,1
143,4.274092197418213,30.62894058227539,5.534341928565255,-0.45284283,1.5106120109558105,51,2
142,4.502696990966797,31.35270118713379,5.599348282356956,-0.49446702,1.6335288286209106,51,3
141,4.805956840515137,33.99740982055664,5.830729784560131,-0.60958445,1.7436654567718506,51,4
140,4.836573600769043,32.31814956665039,5.684905414046076,-0.5199877,2.0703001022338867,51,5
139,4.7253313064575195,31.05624008178711,5.572812582689921,-0.45829618,2.189178705215454,51,6
138,5.041151523590088,35.4579963684082,5.954661734171657,-0.65371215,2.969320058822632,51,7
144,2.792043685913086,12.294123649597168,3.506297712630399,0.2941628,0.9860087633132935,52,1
143,3.7722508907318115,22.062633514404297,4.697087769501896,-0.287328,1.746749758720398,52,2
142,4.169169902801514,25.180463790893555,5.018013928925821,-0.47752273,2.2579548358917236,52,3
141,4.089625835418701,25.796100616455078,5.0789861799826825,-0.50303996,2.000608205795288,52,4
140,3.9333460330963135,23.554059982299805,4.853252515818624,-0.38307166,1.6571753025054932,52,5
139,3.8843841552734375,22.003297805786133,4.690767293928162,-0.29572058,1.6115257740020752,52,6
138,4.954833030700684,39.754417419433594,6.305110420875561,-1.3477736,3.4601638317108154,52,7
72,2.9097671508789062,13.713102340698242,3.7031206219482296,0.112320304,0.543014645576477,53,1
67,3.7124929428100586,21.39362144470215,4.625323928624042,-0.39250672,1.1367664337158203,53,2
62,3.901987314224243,24.16206932067871,4.915492785131386,-0.7700938,1.7301164865493774,53,3
58,4.808712959289551,35.11131286621094,5.925479969269236,-1.4879997,2.9216864109039307,53,4
54,4.266514301300049,26.854036331176758,5.1820880281192405,-0.800454,2.21401309967041,53,5
51,4.287193775177002,27.861434936523438,5.278393215413516,-0.80572414,2.0340332984924316,53,6
48,4.371709823608398,28.541358947753906,5.342411342058369,-0.76173043,1.87661612033844,53,7
144,3.3672657012939453,19.534515380859375,4.419786802647767,0.37717813,0.6301794052124023,54,1
143,4.318045616149902,30.372760772705078,5.511148770692466,0.009012938,1.0478702783584595,54,2
142,5.597003936767578,47.50540542602539,6.892416515709522,-0.58677745,2.443321704864502,54,3
141,5.459062576293945,49.49993133544922,7.035618759956313,-0.6691203,1.666510820388794,54,4
140,5.346683502197266,44.42988204956055,6.665574397571491,-0.52072275,1.150915503501892,54,5
139,4.9027204513549805,42.057804107666016,6.485198848737486,-0.4382254,0.2665313184261322,54,6
138,5.201528549194336,44.48989486694336,6.670074577314962,-0.5195917,0.9417144060134888,54,7
144,2.5034866333007812,10.083535194396973,3.175458265258256,0.3875696,0.7464619874954224,55,1
143,3.3935887813568115,18.088314056396484,4.253035863521078,-0.12404883,1.184523582458496,55,2
142,3.8403372764587402,21.783023834228516,4.667228710297848,-0.37791002,1.1460239887237549,55,3
141,4.03299617767334,23.882251739501953,4.88694707762443,-0.508708,1.3968323469161987,55,4
140,3.8870460987091064,22.815576553344727,4.776565351101639,-0.44304717,0.9700736999511719,55,5
139,4.310531139373779,27.678943634033203,5.261078181706978,-0.7382492,1.9675507545471191,55,6
138,4.505932807922363,29.5882625579834,5.439509404163522,-0.84598935,2.2033095359802246,55,7
144,5.384283065795898,42.53943634033203,6.522226333111419,0.45264965,2.876694679260254,56,1
143,8.355708122253418,103.03534698486328,10.150632836669017,-0.35085094,5.240036964416504,56,2
142,8.781964302062988,112.80657196044922,10.621043826312421,-0.489344,5.313641548156738,56,3
141,9.148536682128906,119.60818481445312,10.936552693351462,-0.5876982,5.322002410888672,56,4
140,8.243921279907227,100.93283081054688,10.04653327325137,-0.34251308,3.523338556289673,56,5
139,8.866416931152344,116.65391540527344,10.800644212512207,-0.55775166,4.338005065917969,56,6
138,8.121277809143066,101.06352233886719,10.053035478842556,-0.34300375,3.482647180557251,56,7
144,4.931513786315918,38.13296127319336,6.175189169020927,0.5327778,1.6992558240890503,57,1
143,7.109631061553955,81.67833709716797,9.037606823555004,-0.020118713,3.300210952758789,57,2
142,7.880867958068848,93.58255767822266,9.673807816895199,-0.17593503,3.7166099548339844,57,3
141,7.894186019897461,95.38346862792969,9.76644605923412,-0.20437431,3.7615885734558105,57,4
140,8.151873588562012,106.69367218017578,10.32926290594715,-0.34598815,3.913644790649414,57,5
139,7.878286361694336,93.7048568725586,9.68012690374246,-0.18331754,3.3435795307159424,57,6
138,8.121296882629395,101.1183090209961,10.055759992213224,-0.26829827,3.467689275741577,57,7
144,4.216590881347656,28.263368606567383,5.316330370336985,0.58776474,1.2044570446014404,58,1
143,6.152986526489258,61.543399810791016,7.8449601535502405,0.082559645,1.3394354581832886,58,2
142,6.916764259338379,79.35066986083984,8.907899295616215,-0.19087803,1.7003883123397827,58,3
141,7.203911781311035,83.4910659790039,9.137344580292675,-0.2565955,2.0304157733917236,58,4
140,7.023070812225342,76.60791015625,8.75259448142378,-0.14996898,0.9283813238143921,58,5
139,7.117975234985352,77.15005493164062,8.783510399130899,-0.16198933,0.8098831176757812,58,6
138,7.319300174713135,85.2788314819336,9.234653836605549,-0.27541065,-0.019452745094895363,58,7
144,5.522245407104492,52.38577651977539,7.237801912167491,0.68832386,0.45758506655693054,59,1
143,8.837886810302734,124.5376968383789,11.159645910080611,0.2564991,0.7647716403007507,59,2
142,9.612401962280273,143.7490997314453,11.989541264428983,0.14447254,0.8553380370140076,59,3
141,9.643265724182129,143.7756805419922,11.990649713088619,0.14785254,0.5208916664123535,59,4
140,9.534767150878906,143.9024200439453,11.995933479473171,0.15288872,-0.035574886947870255,59,5
139,9.549851417541504,142.74484252929688,11.947587309967519,0.16320533,-1.3911936283111572,59,6
138,9.571446418762207,156.7268524169922,12.519059565997447,0.081104636,-1.48830246925354,59,7
144,4.960422039031982,39.459739685058594,6.281698789742994,0.7134217,0.7700114846229553,60,1
143,7.675655841827393,91.17526245117188,9.548573843835102,0.33236748,-1.2075293064117432,60,2
142,8.633708000183105,121.67456817626953,11.030619573544794,0.10948986,-2.091691255569458,60,3
141,9.047104835510254,134.0945281982422,11.579919179262099,0.01967287,-2.4387848377227783,60,4
140,9.077666282653809,123.951171875,11.133336062250164,0.096102774,-3.3232781887054443,60,5
139,8.8941011428833,120.25743103027344,10.966194920311851,0.12449384,-2.6169192790985107,60,6
138,9.607952117919922,142.14764404296875,11.922568684766247,-0.027663589,-3.1513547897338867,60,7
144,5.143362998962402,41.6860237121582,6.45647145987328,0.7264817,0.6131789088249207,61,1
143,7.831900596618652,102.11844635009766,10.105367205109255,0.32464355,0.9074434638023376,61,2
142,8.854363441467285,130.62103271484375,11.428955889093446,0.1367681,-0.16287556290626526,61,3
141,8.28375244140625,120.56298828125,10.980117862812312,0.20411956,1.07225501537323,61,4
140,9.633395195007324,146.6450653076172,12.109709546790013,0.034037113,1.1922308206558228,61,5
139,8.716580390930176,125.22136688232422,11.190235336324443,0.17650455,-0.056777406483888626,61,6
138,8.949528694152832,120.80740356445312,10.991242130189523,0.21092671,-0.41979479789733887,61,7
129,5.235473155975342,40.232521057128906,6.3429110869638485,0.6240246,2.5200202465057373,62,1
127,8.207845687866211,113.23002624511719,10.640959836646184,-0.07450855,3.922072410583496,62,2
125,8.677624702453613,121.04383087158203,11.001992131954196,-0.14415455,2.997966766357422,62,3
123,8.389616012573242,116.98320007324219,10.815877221623875,-0.101410985,3.008230447769165,62,4
122,8.427377700805664,103.59796142578125,10.178308377416222,0.030482471,2.6477768421173096,62,5
121,8.523771286010742,103.59557342529297,10.178191068421391,0.03517604,1.9851409196853638,62,6
120,8.732193946838379,107.25901794433594,10.356592969907426,0.0028033257,1.4129791259765625,62,7
144,3.4895131587982178,19.392070770263672,4.403642897677294,0.16456884,1.2297714948654175,63,1
143,4.869533061981201,34.317237854003906,5.858091656333477,-0.48934984,2.850107192993164,63,2
142,5.362751007080078,40.25740051269531,6.344871985524634,-0.75722826,3.3380508422851562,63,3
141,5.798007965087891,45.13901138305664,6.718557239694891,-0.95647156,4.26143741607666,63,4
140,5.4984331130981445,41.50126266479492,6.442147364411569,-0.7860714,3.3934569358825684,63,5
139,5.462953090667725,43.44319152832031,6.591144933038593,-0.8605133,3.400123119354248,63,6
138,5.905537128448486,52.66571807861328,7.257114996926346,-1.239336,3.7626209259033203,63,7
144,3.670558452606201,24.905914306640625,4.990582561849932,0.30803168,0.01865914836525917,64,1
143,4.627458572387695,37.9116096496582,6.157240424870398,-0.07057679,-0.6194429397583008,64,2
142,5.0153093338012695,43.89728546142578,6.625502657265016,-0.24418795,-1.1240593194961548,64,3
141,5.468379497528076,51.86735534667969,7.201899426309679,-0.4687482,-0.3612304627895355,64,4
140,5.059049129486084,44.398101806640625,6.663190062323048,-0.25360572,-0.7244683504104614,64,5
139,5.448518753051758,46.12934112548828,6.791858444158586,-0.29690397,0.14928895235061646,64,6
138,4.89105749130249,39.450958251953125,6.280999781241289,-0.10220218,0.1682831048965454,64,7
129,3.4350032806396484,23.118099212646484,4.808128452178299,-0.07688928,-2.644906997680664,65,1
127,3.810365915298462,29.012557983398438,5.3863306604216605,-0.36752713,-3.0515646934509277,65,2
125,3.8666014671325684,29.784666061401367,5.45753296475627,-0.4037255,-3.060453176498413,65,3
123,3.882763385772705,29.640216827392578,5.444282948873302,-0.39342713,-2.9395923614501953,65,4
121,4.446158409118652,36.2137565612793,6.017786682932463,-0.7216823,-3.9629127979278564,65,5
119,4.430088043212891,36.458946228027344,6.038124396534684,-0.7182169,-3.925766706466675,65,6
117,4.59425163269043,38.621856689453125,6.214648557195582,-0.7995951,-4.084446430206299,65,7
144,3.0217044353485107,16.214616775512695,4.0267377336390675,0.2641908,0.5538357496261597,67,1
143,3.7780368328094482,24.834590911865234,4.98343164013165,-0.14605176,1.0391818284988403,67,2
142,4.067843437194824,27.126285552978516,5.208290079572999,-0.26893103,1.22006094455719,67,3
141,4.795023441314697,35.6391716003418,5.969855241154662,-0.65836453,2.437044620513916,67,4
140,4.517875671386719,31.921951293945312,5.649951441733399,-0.47698772,1.930962085723877,67,5
139,4.1251139640808105,27.72395896911621,5.26535459101438,-0.27369,1.2562878131866455,67,6
138,4.1436614990234375,27.12932014465332,5.208581394646082,-0.24454653,1.1629358530044556,67,7
144,2.939197540283203,15.37442398071289,3.921023333354813,0.18685758,0.5486180782318115,68,1
143,3.892648220062256,25.192106246948242,5.019173861000258,-0.35206735,1.4588241577148438,68,2
142,4.11998176574707,26.92854118347168,5.189271739220416,-0.46941304,1.142791986465454,68,3
141,4.147549629211426,27.586341857910156,5.252270162311737,-0.5000347,1.2394253015518188,68,4
140,4.067448139190674,26.15485191345215,5.114181450970639,-0.41242468,1.165052890777588,68,5
139,4.162693500518799,27.122434616088867,5.207920373439754,-0.4542265,1.7760096788406372,68,6
138,4.10823917388916,25.037860870361328,5.003784654675032,-0.33360076,1.6464366912841797,68,7
144,2.331547975540161,9.536764144897461,3.0881651744842697,0.2268244,1.0161117315292358,69,1
143,2.910539150238037,14.056586265563965,3.7492114191605634,-0.16629767,1.451390027999878,69,2
142,3.0171263217926025,15.373537063598633,3.92091023406538,-0.29364026,1.293387770652771,69,3
141,2.9711477756500244,14.476037979125977,3.8047388844868153,-0.21340549,1.3478693962097168,69,4
140,3.249361753463745,16.417505264282227,4.051852078282502,-0.37419152,1.5640066862106323,69,5
139,3.5825154781341553,19.50663185119629,4.4166312786100095,-0.62129486,1.9890358448028564,69,6
138,3.2647926807403564,16.225688934326172,4.02811232891117,-0.34008777,1.5615876913070679,69,7
144,5.756845474243164,50.427799224853516,7.101253355912146,0.64116037,2.107611656188965,70,1
143,7.689856052398682,92.9006118774414,9.638496349402297,0.3321581,1.6300393342971802,70,2
142,8.679917335510254,122.98287200927734,11.089764290068448,0.11725503,0.055472832173109055,70,3
141,9.653389930725098,142.4539031982422,11.93540544758502,-0.019397259,-0.7071713805198669,70,4
140,9.327896118164062,133.7570037841797,11.565336302251643,0.04618883,-0.5731887817382812,70,5
139,9.153555870056152,134.0868377685547,11.579587115633903,0.043785274,-1.199855923652649,70,6
138,9.551736831665039,139.89317321777344,11.827644449245735,0.00933069,-1.388268232345581,70,7
144,6.2036967277526855,62.54873275756836,7.908775680063783,0.7126441,1.1853303909301758,71,1
143,9.94000244140625,131.57858276367188,11.470770800764518,0.3946048,1.0506203174591064,71,2
142,11.08931827545166,171.54811096191406,13.097637609962877,0.2143178,-0.2953176498413086,71,3
141,11.715560913085938,185.77757263183594,13.630024674659834,0.15327996,0.4351961314678192,71,4
140,11.14835262298584,182.37237548828125,13.504531664899796,0.17395526,-0.7491695880889893,71,5
139,11.649824142456055,183.74415588378906,13.55522614653806,0.17222399,-0.6899312138557434,71,6
138,11.603850364685059,192.1175079345703,13.860646014330296,0.13948625,-1.5567084550857544,71,7
144,6.466902732849121,65.58251953125,8.098303497106663,0.68836987,1.6345295906066895,72,1
143,10.478178024291992,153.9490966796875,12.407622523259139,0.26769447,1.9993056058883667,72,2
142,10.675951957702637,159.7326202392578,12.638537108354662,0.24376881,0.24684970080852509,72,3
141,11.413290023803711,180.28387451171875,13.426983075572812,0.15070128,0.6215571165084839,72,4
140,11.07442569732666,172.91433715820312,13.149689622124285,0.19049102,-0.49498769640922546,72,5
139,11.05126953125,170.77102661132812,13.067938881527114,0.20479399,-0.9393289685249329,72,6
138,12.133503913879395,200.63052368164062,14.164410460080596,0.071187496,0.2995736002922058,72,7
144,6.022911071777344,52.34642028808594,7.235082604095543,0.6813134,2.383141040802002,73,1
143,8.497651100158691,103.80207824707031,10.188330493612304,0.37088317,3.4083468914031982,73,2
142,8.9708251953125,123.86876678466797,11.129634620447698,0.25380456,2.604823112487793,73,3
141,9.37918758392334,131.28781127929688,11.458089338074515,0.21303743,2.7070393562316895,73,4
140,9.482571601867676,140.7447052001953,11.863587366399562,0.16197246,2.499983072280884,73,5
139,10.118175506591797,158.6610565185547,12.596073059432241,0.06202835,1.6559710502624512,73,6
138,9.828407287597656,154.0224151611328,12.410576745708992,0.09351152,2.99226713180542,73,7
144,6.260486125946045,66.62494659423828,8.162410587212474,0.74741185,1.0170972347259521,74,1
143,10.345748901367188,165.84295654296875,12.87800281654608,0.3688255,1.1119732856750488,74,2
142,11.422073364257812,192.96263122558594,13.891098992721416,0.26622272,0.9392112493515015,74,3
141,11.972898483276367,223.22296142578125,14.940647958699156,0.15407777,-0.1258714348077774,74,4
140,12.685300827026367,263.80780029296875,16.242161195264895,0.0050305724,-0.9632871150970459,74,5
139,12.185202598571777,232.96678161621094,15.263249379349435,0.12516415,-0.28470709919929504,74,6
138,11.89476490020752,233.94692993164062,15.29532379296498,0.1272381,0.1279902309179306,74,7
144,6.312421798706055,64.23226165771484,8.014503207168541,0.78745216,1.7572873830795288,75,1
143,11.00147819519043,191.7541046142578,13.847530632363945,0.36307198,1.695157766342163,75,2
142,11.902639389038086,227.708251953125,15.090005034893958,0.24410737,1.5206419229507446,75,3
141,12.644857406616211,238.4360809326172,15.441375616589902,0.21119708,2.821725368499756,75,4
140,13.651473999023438,309.4619445800781,17.591530478616068,-0.018979669,2.830552816390991,75,5
139,13.304959297180176,293.5418395996094,17.133062761795085,0.037602723,2.8575096130371094,75,6
138,14.576071739196777,344.9640197753906,18.573207040664535,-0.12361109,1.1045777797698975,75,7
144,5.760778903961182,54.64004898071289,7.391890758169583,0.70066154,2.357083320617676,76,1
143,9.294727325439453,142.2550506591797,11.927072174644525,0.21702677,0.1140458956360817,76,2
142,10.08493709564209,181.7795867919922,13.482566031434528,-0.002783537,-0.8707875609397888,76,3
141,10.44281005859375,194.76551818847656,13.955841722679308,-0.07342088,-2.304774522781372,76,4
140,10.617377281188965,185.70652770996094,13.627418233471847,-0.018564343,-1.5181971788406372,76,5
139,10.325387954711914,173.6866912841797,13.17902467120309,0.05001962,-0.5545812249183655,76,6
138,10.608723640441895,185.2639617919922,13.611170478397227,-0.0065413713,-1.0519435405731201,76,7
144,4.68198823928833,34.74561309814453,5.8945409573727225,0.8454658,-0.052599694579839706,77,1
143,6.981447219848633,80.81491088867188,8.989711390732845,0.63820255,-0.008300808258354664,77,2
142,8.89529800415039,120.07070922851562,10.957678094766045,0.46185678,-0.4638094902038574,77,3
141,9.689082145690918,147.3328857421875,12.138075866552635,0.34199816,-0.9800628423690796,77,4
140,10.013299942016602,153.5946044921875,12.393329031869827,0.31727308,-0.3064287304878235,77,5
139,10.137951850891113,157.3651123046875,12.544525192476895,0.30291718,1.9604207277297974,77,6
138,10.920374870300293,187.37721252441406,13.688579638677421,0.17436409,1.8879717588424683,77,7
129,10.50753402709961,182.23243713378906,13.499349507801814,0.27095336,-8.485422134399414,78,1
127,8.5440034866333,117.5886001586914,10.843827744790646,0.5298091,-2.88620924949646,78,2
125,8.787120819091797,118.31777954101562,10.877397645623498,0.52926075,1.0843925476074219,78,3
123,10.698925018310547,182.49661254882812,13.509130710331739,0.27476823,3.5813443660736084,78,4
121,9.674345970153809,145.6990203857422,12.070584923098888,0.42593116,2.0449700355529785,78,5
119,13.298567771911621,276.9872741699219,16.642934662189894,-0.084361196,10.144266128540039,78,6
117,14.422087669372559,312.3503723144531,17.67343691290557,-0.21313822,11.448075294494629,78,7
144,5.559103012084961,48.65507125854492,6.975318720929168,0.7533218,3.1623942852020264,79,1
143,7.950412273406982,89.29869079589844,9.449798452660165,0.5463842,2.6987152099609375,79,2
142,8.206868171691895,98.832275390625,9.941442319433584,0.49641228,2.119516372680664,79,3
141,8.155277252197266,98.27444458007812,9.913346790064299,0.49857843,0.27480584383010864,79,4
140,9.318718910217285,134.3194122314453,11.589625198057327,0.3167333,0.6963173747062683,79,5
139,10.009195327758789,150.5128173828125,12.268366532787178,0.2381553,0.5305452346801758,79,6
138,10.181563377380371,153.62648010253906,12.39461496386794,0.22720659,1.1882261037826538,79,7
144,5.219460964202881,44.27219772338867,6.653735621693175,0.74186915,1.3353369235992432,80,1
143,8.092452049255371,93.15003204345703,9.651426425324757,0.45450002,1.0010429620742798,80,2
142,8.214150428771973,99.06989288330078,9.953386000919526,0.417082,0.3021693229675293,80,3
141,8.50178050994873,109.79534912109375,10.47832759180079,0.3542825,2.161315441131592,80,4
140,9.416051864624023,131.73170471191406,11.477443300313622,0.22992295,0.6067277193069458,80,5
139,9.66596794128418,138.40260314941406,11.764463572531222,0.19652116,1.3351106643676758,80,6
138,9.66190242767334,140.0394287109375,11.83382561604393,0.19264686,0.32947441935539246,80,7
116,9.66887378692627,144.68209838867188,12.02838718983854,0.5987456,2.601308822631836,81,1
114,14.364981651306152,301.9065246582031,17.37545753809675,0.15237701,0.9402209520339966,81,2
112,15.513692855834961,365.1989440917969,19.11017907011331,-0.02456808,2.1970713138580322,81,3
110,15.255087852478027,374.67376708984375,19.35649160074841,-0.03828323,1.370532512664795,81,4
108,16.180919647216797,390.9653015136719,19.772842524879216,-0.0642432,2.0873539447784424,81,5
107,15.480976104736328,356.1794738769531,18.872717713062766,0.02005899,0.6463620066642761,81,6
106,14.940807342529297,334.92559814453125,18.300972601054056,0.08090347,0.9031513333320618,81,7
144,5.719905853271484,47.21900939941406,6.871608938190099,0.7375463,2.781480550765991,82,1
143,8.572747230529785,102.30926513671875,10.114804255976422,0.42970192,3.829301357269287,82,2
142,8.873411178588867,109.74526977539062,10.475937656142797,0.39164233,2.411111354827881,82,3
141,9.819448471069336,141.19033813476562,11.882354065367924,0.22141927,2.241490602493286,82,4
140,9.444799423217773,127.2122802734375,11.278842151277653,0.30347484,2.073004722595215,82,5
139,8.686100006103516,114.54947662353516,10.702778920613802,0.3770659,1.9192878007888794,82,6
138,8.951582908630371,116.40564727783203,10.789144881677696,0.3714996,0.945190966129303,82,7
144,5.560321807861328,46.64091491699219,6.829415415465088,0.73013294,2.4113950729370117,83,1
143,8.831954002380371,108.60562133789062,10.421402081192848,0.3695615,3.7412006855010986,83,2
142,9.251272201538086,123.4900131225586,11.112606045503394,0.28697103,2.8564281463623047,83,3
141,10.580551147460938,151.73617553710938,12.318123864335403,0.12828994,3.0297303199768066,83,4
140,10.661961555480957,158.7418212890625,12.599278601930449,0.094477415,3.222885847091675,83,5
139,10.724349021911621,167.4886932373047,12.941742279820932,0.050932586,3.6451008319854736,83,6
138,10.920782089233398,173.7793426513672,13.182539309684124,0.02233392,1.9983018636703491,83,7
144,3.480158567428589,19.934755325317383,4.464835419734683,0.39421463,-0.032277610152959824,85,1
143,4.287208080291748,29.4013671875,5.4223027569013516,0.09437108,0.05040033906698227,85,2
142,4.561972141265869,34.488487243652344,5.872689949559089,-0.062713146,0.2450205236673355,85,3
141,5.633359909057617,50.46528625488281,7.103892331312659,-0.54502296,2.2737202644348145,85,4
140,5.381659030914307,45.419105529785156,6.739369816962499,-0.38232708,1.7872143983840942,85,5
139,5.977047920227051,54.76444625854492,7.400300416776668,-0.6550293,2.1759183406829834,85,6
138,5.545664310455322,46.77693176269531,6.8393663275697785,-0.4038607,2.0454726219177246,85,7
144,3.1966819763183594,15.62258243560791,3.9525412629861196,0.3496766,0.5361087322235107,86,1
143,3.990217685699463,26.168758392333984,5.115540869970054,-0.10232568,1.2647141218185425,86,2
142,4.496121406555176,30.684762954711914,5.539382903781965,-0.2918049,1.0860790014266968,86,3
141,4.889211654663086,36.08180236816406,6.006812995937535,-0.5083188,1.8128560781478882,86,4
140,4.724172115325928,31.612966537475586,5.62254093248556,-0.3155619,0.9738511443138123,86,5
139,4.727453231811523,32.71867370605469,5.720023925304394,-0.35432863,1.6514261960983276,86,6
138,4.553886890411377,30.430809020996094,5.516412694949145,-0.25195813,1.7443993091583252,86,7
144,2.591390371322632,12.141965866088867,3.484532374091087,0.47378188,0.10018649697303772,88,1
143,3.236658811569214,18.032472610473633,4.246465896539572,0.20330447,-0.3120695948600769,88,2
142,3.764451503753662,22.621671676635742,4.756224519157579,-0.008406639,0.11917717009782791,88,3
141,4.2976861000061035,29.645736694335938,5.44478986686685,-0.31930637,0.017915766686201096,88,4
140,4.236289024353027,28.677459716796875,5.355133958809702,-0.27074265,0.16618336737155914,88,5
139,4.408602714538574,29.29974937438965,5.412924290472724,-0.29024994,0.4586315453052521,88,6
138,4.216814994812012,27.979156494140625,5.28953272928154,-0.22542489,0.2933727502822876,88,7
129,2.441014528274536,9.843536376953125,3.1374410555344503,0.38189542,0.8184943199157715,89,1
127,3.6125473976135254,19.94019889831543,4.465444983236881,-0.26991498,1.3872696161270142,89,2
125,3.9517359733581543,22.391393661499023,4.731954528680408,-0.4562167,1.2502810955047607,89,3
123,4.384111404418945,27.40561866760254,5.2350375994449685,-0.81472814,1.9046344757080078,89,4
121,4.813556671142578,33.827239990234375,5.816118980061737,-1.2748599,2.4844932556152344,89,5
119,4.554924488067627,29.953975677490234,5.473022535810558,-1.101201,2.147184133529663,89,6
117,4.326737403869629,25.270875930786133,5.027014614140895,-0.83843434,1.6993094682693481,89,7
129,2.2859699726104736,9.291078567504883,3.04812705895028,0.35240847,0.8343687057495117,90,1
127,3.2727150917053223,17.928329467773438,4.234185809311329,-0.27272236,1.2743165493011475,90,2
125,3.9192605018615723,22.95265769958496,4.7908932047776815,-0.66428566,1.9691460132598877,90,3
123,3.967313289642334,23.44862937927246,4.842378483686757,-0.71910036,1.9467285871505737,90,4
121,3.7885396480560303,21.037504196166992,4.586665912857289,-0.5660789,1.9304672479629517,90,5
119,3.804964065551758,21.280555725097656,4.613085271821632,-0.5835582,2.016835927963257,90,6
118,3.500103235244751,18.33677101135254,4.282145608378181,-0.3648392,1.6099857091903687,90,7
144,2.320286989212036,9.962016105651855,3.1562661652103827,0.39001358,-1.0704439878463745,91,1
143,3.1891400814056396,16.714521408081055,4.088339688440902,-0.04687047,-1.5285793542861938,91,2
142,3.5114059448242188,21.676456451416016,4.65579815406725,-0.38268602,-2.5142805576324463,91,3
141,3.7052087783813477,23.452648162841797,4.842793425580096,-0.49321055,-2.6774165630340576,91,4
140,3.972146511077881,27.956192016601562,5.287361536399943,-0.76734996,-3.3637149333953857,91,5
139,3.8697352409362793,24.980195999145508,4.998019207560682,-0.5684811,-3.0836427211761475,91,6
138,4.250314235687256,29.13490104675293,5.397675522551622,-0.8166888,-3.6938321590423584,91,7
144,6.122349262237549,63.96137237548828,7.997585409077435,0.8849607,2.5477705001831055,95,1
143,8.616588592529297,122.07060241699219,11.048556576177369,0.77893955,2.404839515686035,95,2
142,10.598793983459473,198.97146606445312,14.105724584878763,0.638456,0.858917236328125,95,3
141,12.036078453063965,283.3957824707031,16.834363144197145,0.48474866,-1.2157869338989258,95,4
140,12.593339920043945,315.8407897949219,17.771910133548445,0.426028,-0.8693814873695374,95,5
139,13.081287384033203,329.0908508300781,18.1408613585485,0.40163165,0.7262514233589172,95,6
138,12.96192455291748,310.4374694824219,17.619235780317542,0.43677777,0.3032076060771942,95,7
144,4.962952613830566,53.20423126220703,7.294123063275464,0.93077123,-0.36515012383461,96,1
143,9.89364242553711,212.73597717285156,14.585471441569915,0.7231579,-0.9355588555335999,96,2
142,13.392491340637207,435.4302673339844,20.866965935036756,0.434241,-2.227566957473755,96,3
141,15.057952880859375,546.4256591796875,23.375749382205644,0.29203624,-3.6031267642974854,96,4
140,14.676836013793945,481.34307861328125,21.939532324397465,0.37827373,-2.5825259685516357,96,5
139,14.278759956359863,432.0987854003906,20.78698596238499,0.44349706,-1.1822593212127686,96,6
138,15.577686309814453,470.6199951171875,21.693777797266836,0.39636743,0.08932716399431229,96,7
144,5.057292461395264,38.202728271484375,6.180835564184212,0.6293073,1.7263965606689453,97,1
143,7.6144185066223145,86.62994384765625,9.30752082176861,0.15320325,2.195234775543213,97,2
142,8.8482027053833,117.77960968017578,10.852631463390608,-0.15326309,2.0852890014648438,97,3
141,9.546225547790527,140.00372314453125,11.83231689672531,-0.37151146,2.888683319091797,97,4
140,10.286170959472656,151.42079162597656,12.305315584168355,-0.4825095,3.061004161834717,97,5
139,10.121561050415039,147.19851684570312,12.132539587642116,-0.4370985,1.347190022468567,97,6
138,10.235076904296875,149.1202392578125,12.21147981441285,-0.44552743,1.7170358896255493,97,7
144,5.16032600402832,42.0752067565918,6.486540430506218,0.51305765,2.428312301635742,98,1
143,7.20885705947876,84.60868835449219,9.198298122723148,-0.0013275146,3.574702262878418,98,2
142,6.842126846313477,75.21096801757812,8.672425728570879,0.10015106,1.1845284700393677,98,3
141,7.805438041687012,95.90287017822266,9.793001081293857,-0.1549046,1.1533377170562744,98,4
140,7.918953895568848,95.2699203491211,9.760631145019316,-0.14855814,1.803475022315979,98,5
139,8.183499336242676,108.44190216064453,10.413544169044684,-0.3110602,1.610629677772522,98,6
138,7.81083869934082,94.55270385742188,9.723821463674756,-0.13715482,-0.6877829432487488,98,7
144,5.626213073730469,49.48116683959961,7.0342850979754585,0.68739337,1.5816885232925415,100,1
143,8.3069429397583,101.83975982666016,10.091568749538407,0.35989445,2.3952338695526123,100,2
142,8.897622108459473,123.50712585449219,11.11337598817264,0.22879905,2.3345859050750732,100,3
141,9.555534362792969,145.72653198242188,12.071724482542743,0.095178545,2.6221091747283936,100,4
140,9.461329460144043,143.09906005859375,11.962401935171455,0.11740577,2.1047990322113037,100,5
139,9.558746337890625,144.96888732910156,12.040302626142815,0.112201154,1.6251524686813354,100,6
138,10.193603515625,164.80661010742188,12.837702680285982,-0.0066410303,1.759680986404419,100,7
144,6.422082901000977,93.87236785888672,9.68877535392821,0.8174688,-2.279062271118164,101,1
143,9.248997688293457,195.8365936279297,13.99416284126813,0.6187254,-3.032273054122925,101,2
142,9.533757209777832,211.2510528564453,14.534478073066309,0.58910316,-4.0940165519714355,101,3
141,10.213690757751465,229.22633361816406,15.140222376773865,0.55484754,-4.926751136779785,101,4
140,10.245539665222168,260.9667053222656,16.15446394413215,0.49609786,-5.246685981750488,101,5
139,11.0703125,301.9450988769531,17.376567522872666,0.41874164,-6.1831746101379395,101,6
138,11.430743217468262,318.9916076660156,17.860336157699148,0.3874268,-7.187283992767334,101,7
144,3.0359458923339844,14.63595199584961,3.8256962759541704,0.018718243,1.6637892723083496,103,1
143,4.995823383331299,39.0325813293457,6.247606047867111,-1.6591535,3.933722734451294,103,2
142,5.105266094207764,37.76675796508789,6.145466456265781,-1.574367,3.830409526824951,103,3
141,6.565225601196289,59.38178634643555,7.705957847434383,-3.0194921,5.481850624084473,103,4
140,6.797821044921875,62.56325149536133,7.909693514628827,-3.248148,5.790968418121338,103,5
139,6.503868103027344,59.45417022705078,7.710653035058106,-3.028071,5.371463298797607,103,6
138,5.0067901611328125,37.392860412597656,6.114970189019539,-1.5250332,3.5256102085113525,103,7
144,6.939304828643799,74.38294982910156,8.624555051079538,0.5777224,4.039634704589844,104,1
143,9.148303031921387,129.4204559326172,11.376311174217115,0.2642185,3.974168062210083,104,2
142,9.555953025817871,143.23678588867188,11.96815716343464,0.18834645,4.689746856689453,104,3
141,10.916614532470703,179.31222534179688,13.390751485327359,-0.012126684,4.70572566986084,104,4
140,11.735365867614746,215.44313049316406,14.677981145006424,-0.20958316,6.26861572265625,104,5
139,12.138555526733398,216.11138916015625,14.70072750445216,-0.20785391,5.722117900848389,104,6
138,11.711455345153809,188.87783813476562,13.743283382611509,-0.048295856,4.737780570983887,104,7
144,6.313344478607178,67.73518371582031,8.230138742197504,0.6875276,-1.2165377140045166,105,1
143,9.014981269836426,124.11360931396484,11.14062876654477,0.423261,-0.4061034023761749,105,2
142,9.8915376663208,149.88929748535156,12.242928468522209,0.30409878,0.5969398617744446,105,3
141,10.991647720336914,189.057861328125,13.749831319988076,0.1252808,2.4126393795013428,105,4
140,11.614850997924805,199.48770141601562,14.12401151996187,0.08256221,0.7838882207870483,105,5
139,12.39692211151123,224.51348876953125,14.983774183079884,-0.026424766,1.5892770290374756,105,6
138,11.66117000579834,203.1147918701172,14.25183468435265,0.07807058,-0.3375706374645233,105,7
144,5.82368803024292,58.06452178955078,7.620007991436149,0.6958983,-0.5251578688621521,106,1
143,8.540581703186035,113.14957427978516,10.63717886846814,0.40748614,-1.2770136594772339,106,2
142,8.816390991210938,130.2487030029297,11.412655387898544,0.32113004,-1.533293604850769,106,3
141,10.034394264221191,172.53988647460938,13.135443900934957,0.105457485,-0.7277016043663025,106,4
140,9.65017318725586,150.46385192871094,12.266370772510953,0.22494471,-1.039184331893921,106,5
139,10.619357109069824,169.49331665039062,13.018959891265915,0.1318087,0.07134757190942764,106,6
138,10.383821487426758,178.95864868164062,13.377542699675477,0.08990711,-3.0373857021331787,106,7
144,5.709422588348389,54.31370162963867,7.369783011028118,0.5016442,3.4858553409576416,107,1
143,10.744575500488281,170.2545928955078,13.048164349651172,-0.5971323,7.757111549377441,107,2
142,10.984397888183594,184.20376586914062,13.572168797548187,-0.7581241,7.020936965942383,107,3
141,10.54791259765625,168.87142944335938,12.995054037723714,-0.6315342,6.380247116088867,107,4
140,9.112407684326172,121.42571258544922,11.019333581730304,-0.1738441,2.788483142852783,107,5
139,9.702324867248535,142.28610229492188,11.928373832795561,-0.37590742,3.118140697479248,107,6
138,9.620718955993652,144.4315643310547,12.017968394493916,-0.39072013,3.1260650157928467,107,7
129,4.529613494873047,30.510177612304688,5.523601869460243,0.7433101,-0.8136638402938843,108,1
127,7.2289228439331055,78.98674774169922,8.887448888274927,0.31927884,-2.2244441509246826,108,2
125,8.081623077392578,95.94300079345703,9.79504981066748,0.16898328,-2.3980469703674316,108,3
123,8.656098365783691,110.95143127441406,10.53334853094751,0.046721876,-2.81984543800354,108,4
121,8.326723098754883,98.1532211303711,9.907230749829697,0.16562408,-1.7061704397201538,108,5
119,8.974369049072266,117.9443130493164,10.860216989053045,0.004702151,-3.121478319168091,108,6
117,9.988525390625,138.75103759765625,11.77926303287503,-0.15576613,-3.36051869392395,108,7
144,6.826326847076416,68.44538879394531,8.27317283718558,0.4962895,3.2004683017730713,109,1
143,9.696290016174316,135.09312438964844,11.622956783437184,0.012627423,4.336790084838867,109,2
142,9.7631196975708,137.75157165527344,11.73676154888023,-0.0009459257,3.8694918155670166,109,3
141,10.629794120788574,167.1837615966797,12.9299559781416,-0.20631957,4.748435974121094,109,4
140,10.655174255371094,167.0604248046875,12.925185677764459,-0.19708717,3.9242496490478516,109,5
139,10.911001205444336,186.28884887695312,13.648767302469228,-0.3255353,5.447055816650391,109,6
138,11.079635620117188,184.50083923339844,13.583108599779303,-0.31889617,5.433218955993652,109,7
144,3.8077800273895264,26.237993240356445,5.122303509199396,0.8843935,0.13566605746746063,1001,1
143,6.371364593505859,69.03234100341797,8.308570334505086,0.69143105,0.2592776119709015,1001,2
142,7.254083156585693,95.57247161865234,9.776117410232569,0.56884134,0.5672856569290161,1001,3
141,8.353058815002441,127.96477508544922,11.31215165587207,0.4206407,0.6277714967727661,1001,4
140,9.649771690368652,168.12655639648438,12.966362496725301,0.23871595,-0.40494504570961,1001,5
139,9.803126335144043,174.2499542236328,13.200377048540425,0.21057278,-0.9844123125076294,1001,6
138,10.71951961517334,185.6610107421875,13.62574808009408,0.16080141,-0.23591238260269165,1001,7
144,7.1065568923950195,103.9329833984375,10.194752738464896,0.60277736,-2.315213441848755,1002,1
143,8.955074310302734,165.4079132080078,12.861100777460996,0.35457766,-1.3924576044082642,1002,2
142,10.109095573425293,215.32992553710938,14.67412435333398,0.14661616,-2.6793212890625,1002,3
141,12.149410247802734,267.0396728515625,16.341348562819487,-0.06252062,0.3709986209869385,1002,4
140,12.952025413513184,311.3182067871094,17.644211707727536,-0.23966455,1.1125825643539429,1002,5
139,12.55978012084961,286.34521484375,16.92173793804141,-0.14145052,-0.5060172080993652,1002,6
138,12.929691314697266,306.2179260253906,17.499083576730257,-0.21785796,-2.3231866359710693,1002,7
144,4.500528335571289,31.841447830200195,5.642822682860077,0.3938058,0.6378104090690613,1003,1
143,6.153404712677002,60.56834411621094,7.78256667920108,-0.1781193,1.8407819271087646,1003,2
142,5.9954047203063965,55.0601692199707,7.420253986217096,-0.07889438,-0.1511351466178894,1003,3
141,6.38671350479126,61.21006393432617,7.823686083575067,-0.2020725,-0.9340216517448425,1003,4
140,6.357959747314453,60.962005615234375,7.8078169557972075,-0.19602084,-1.2901639938354492,1003,5
139,7.226900577545166,81.19656372070312,9.0109135896813,-0.5975971,1.9611190557479858,1003,6
138,6.318240165710449,57.17319107055664,7.561295594708399,-0.1180768,0.18402935564517975,1003,7
144,7.826076984405518,229.7711639404297,15.158204509124083,0.7593661,-3.94985294342041,1004,1
143,10.466363906860352,327.69384765625,18.10231608541432,0.6571349,-3.8421216011047363,1004,2
142,12.4862642288208,457.9010925292969,21.398623612963917,0.5216342,-4.426079750061035,1004,3
141,13.291900634765625,517.648681640625,22.75189402314948,0.46060622,-3.8834259510040283,1004,4
140,15.414219856262207,550.6427001953125,23.465777212683847,0.4284625,-1.6391501426696777,1004,5
139,14.3512544631958,495.5536193847656,22.261033654903933,0.4873684,-2.418680429458618,1004,6
138,17.835742950439453,793.1705932617188,28.163284489947525,0.18321288,-4.467839241027832,1004,7
144,6.227592468261719,138.1140899658203,11.752195112651096,0.8490174,-2.1752421855926514,1005,1
143,9.808504104614258,293.4303283691406,17.129808182496983,0.6794681,-3.5804615020751953,1005,2
142,11.368285179138184,382.6329650878906,19.561006239145538,0.58256567,-4.044897556304932,1005,3
141,13.32407283782959,522.3378295898438,22.854711321516266,0.4315673,-4.325857639312744,1005,4
140,14.641197204589844,526.3504028320312,22.942327755309208,0.42937005,-1.781491994857788,1005,5
139,15.175105094909668,522.1177368164062,22.849895772550173,0.4358462,-2.2385692596435547,1005,6
138,17.78271484375,733.1972045898438,27.077614455299486,0.21129388,-1.813366174697876,1005,7
129,5.5121378898620605,56.81098937988281,7.53730650696141,0.86551684,1.4177162647247314,1006,1
127,7.934855937957764,100.78411865234375,10.039129377209148,0.6512909,3.5845279693603516,1006,2
125,8.411855697631836,121.72777557373047,11.033031114509306,0.5172155,2.5143933296203613,1006,3
123,9.4409761428833,153.14430236816406,12.375148579639925,0.31864583,3.5497539043426514,1006,4
121,10.223666191101074,176.47824096679688,13.284511318328457,0.16314214,2.7145657539367676,1006,5
119,10.788894653320312,218.0709228515625,14.767224615734756,-0.0807569,2.5591630935668945,1006,6
117,11.021597862243652,232.2413787841797,15.239467798587315,-0.22958243,2.8792755603790283,1006,7
144,6.337427139282227,143.2548828125,11.968913184266148,0.84530485,-2.4198269844055176,1007,1
143,10.06195068359375,334.7918395996094,18.297317825288204,0.63869894,-3.802748918533325,1007,2
142,10.82581901550293,377.0504455566406,19.417786834668895,0.5935296,-4.391393184661865,1007,3
141,12.267549514770508,449.0681457519531,21.19122803784512,0.51714003,-5.549903869628906,1007,4
140,13.410401344299316,508.7498474121094,22.55548375477922,0.45483905,-3.395329236984253,1007,5
139,15.95244026184082,671.4557495117188,25.91246320811124,0.28288293,-4.371044158935547,1007,6
138,15.824731826782227,696.7699584960938,26.396400483704095,0.25903028,-5.909956455230713,1007,7
144,7.229671955108643,151.9642333984375,12.327377393364637,0.8316709,-0.5822685956954956,1008,1
143,9.71190071105957,280.42669677734375,16.745945681786495,0.68951046,-1.6239920854568481,1008,2
142,11.292142868041992,396.100341796875,19.902269764950805,0.56192666,-4.4356608390808105,1008,3
141,13.516033172607422,578.9049682617188,24.060444057866405,0.3615762,-5.997917652130127,1008,4
140,14.595362663269043,689.284423828125,26.254226780237214,0.24237412,-7.049955368041992,1008,5
139,15.039200782775879,688.306884765625,26.23560338100927,0.24589062,-5.537146091461182,1008,6
138,15.679569244384766,671.7365112304688,25.917880145383588,0.2670346,-5.385344505310059,1008,7
144,7.818965435028076,266.8017578125,16.334067399533406,0.80423963,-4.0342559814453125,1009,1
143,11.260409355163574,427.79058837890625,20.683099099963385,0.68698263,-4.813667297363281,1009,2
142,12.160055160522461,441.44696044921875,21.01063922038591,0.67813563,-4.621445655822754,1009,3
141,13.480475425720215,524.8556518554688,22.90972832347579,0.61898166,-4.470846652984619,1009,4
140,14.469324111938477,625.4228515625,25.00845560130613,0.5481849,-5.3767595291137695,1009,5
139,15.372600555419922,704.29833984375,26.538619780307904,0.4936219,-5.462003231048584,1009,6
138,16.903812408447266,836.4234619140625,28.92098653078872,0.40191698,-4.511258602142334,1009,7
144,5.886744022369385,101.94512176513672,10.096787695358199,0.88167894,0.0621626116335392,1010,1
143,10.42180347442627,200.24578857421875,14.1508228938892,0.76759106,6.32675313949585,1010,2
142,11.00145149230957,315.0808410644531,17.750516642184056,0.6346814,0.5704252123832703,1010,3
141,14.640003204345703,473.667724609375,21.76390876220021,0.45224202,2.4079601764678955,1010,4
140,13.800288200378418,504.97467041015625,22.471641471200012,0.4181527,-0.43259409070014954,1010,5
139,14.759150505065918,548.694580078125,23.42423061870176,0.36987728,-0.6096063852310181,1010,6
138,15.022053718566895,623.6116943359375,24.97221845042882,0.28703058,-5.142800331115723,1010,7
144,4.819063186645508,55.786705017089844,7.469049806842222,0.89403504,-0.10639254003763199,1011,1
143,8.025272369384766,125.93435668945312,11.222047793939087,0.7596037,1.041643738746643,1011,2
142,8.981185913085938,160.9302978515625,12.685830593680592,0.6922095,0.1166057288646698,1011,3
141,10.919543266296387,232.76052856445312,15.256491358253152,0.55514014,-0.2649945318698883,1011,4
140,11.716937065124512,247.98655700683594,15.747588926779741,0.52683365,-0.6047001481056213,1011,5
139,11.712367057800293,246.28382873535156,15.693432662593342,0.5305679,0.31516578793525696,1011,6
138,12.558343887329102,295.6963195800781,17.195822736353097,0.4381476,-0.3193688988685608,1011,7
129,5.923394680023193,62.596763610839844,7.911811651628206,0.89557385,1.8093311786651611,1012,1
127,8.747495651245117,133.00497436523438,11.532778258738627,0.7769069,0.590056300163269,1012,2
126,10.158112525939941,191.86697387695312,13.851605462073815,0.679078,-0.578091561794281,1012,3
125,12.005504608154297,289.70513916015625,17.020726751821034,0.517642,-1.0121996402740479,1012,4
124,12.313257217407227,268.9810485839844,16.40064171256675,0.554749,0.27475884556770325,1012,5
123,12.253881454467773,256.84368896484375,16.026343593123286,0.5770607,1.0190989971160889,1012,6
122,12.198834419250488,256.6534729003906,16.02040801291873,0.5781947,2.0878968238830566,1012,7
144,5.06125020980835,53.59440612792969,7.320820044771603,0.8807962,0.920539140701294,1014,1
143,6.939496040344238,97.35816192626953,9.86702396501952,0.7819325,1.523317813873291,1014,2
142,8.946572303771973,165.62547302246094,12.869556053821784,0.6270411,1.2026790380477905,1014,3
141,11.035170555114746,231.92434692382812,15.229062575346788,0.47647202,3.6878268718719482,1014,4
140,12.400782585144043,296.6005554199219,17.222094977671034,0.33115363,1.602394700050354,1014,5
139,13.025544166564941,329.45831298828125,18.15098655688669,0.25787944,0.9746594429016113,1014,6
138,13.66787052154541,352.7916259765625,18.78274809437007,0.20676744,1.1130486726760864,1014,7
144,6.276144027709961,121.976318359375,11.04428894765865,0.8974098,-0.6814461350440979,1015,1
143,8.678732872009277,201.44451904296875,14.193115198678857,0.83082515,-1.416966199874878,1015,2
142,9.802008628845215,248.4830780029297,15.763346028141667,0.7917626,-2.5950868129730225,1015,3
141,12.059852600097656,376.5262756347656,19.404284981280956,0.685319,-2.7947795391082764,1015,4
140,13.486456871032715,522.3375854492188,22.85470598037128,0.56487525,-4.483555316925049,1015,5
139,15.466690063476562,691.4862060546875,26.296125304970076,0.42582458,-4.964582443237305,1015,6
138,16.23443603515625,770.5785522460938,27.759296681401956,0.36280894,-5.0311174392700195,1015,7
144,5.036007404327393,61.49193572998047,7.841679394745776,0.8568046,-1.7481077909469604,1016,1
143,6.160176753997803,83.09967803955078,9.115902480805222,0.8050312,-0.24687926471233368,1016,2
142,8.132204055786133,135.6325225830078,11.646137668042904,0.679998,0.14406053721904755,1016,3
141,10.405052185058594,197.93006896972656,14.068762169065428,0.53188574,3.2983763217926025,1016,4
140,12.584538459777832,280.9259338378906,16.760845260245397,0.33629858,1.0823966264724731,1016,5
139,13.13683795928955,317.4249267578125,17.816422950688292,0.25083202,1.9818341732025146,1016,6
138,13.509891510009766,370.4037170410156,19.245875325404548,0.12737256,0.7411587238311768,1016,7
144,4.968883037567139,64.84553527832031,8.05267255501677,0.9247737,-0.9628050327301025,1017,1
143,8.863480567932129,190.953125,13.818578979041224,0.778315,-2.5525381565093994,1017,2
142,11.2342529296875,334.8177795410156,18.29802665702003,0.6112142,-3.8517231941223145,1017,3
141,12.802668571472168,433.301513671875,20.815895697083874,0.49771893,-4.6670002937316895,1017,4
140,15.315560340881348,609.469970703125,24.687445609117297,0.2955771,-5.8804168701171875,1017,5
139,15.818144798278809,660.1156005859375,25.692714932173622,0.23921436,-5.717660427093506,1017,6
138,16.10017204284668,667.5379028320312,25.836754881989943,0.23350346,-6.548149108886719,1017,7
144,5.620724201202393,62.9503173828125,7.934123605213905,0.8870336,3.9684109687805176,1018,1
143,7.863858222961426,115.71868133544922,10.757261795431457,0.7924489,5.395289897918701,1018,2
142,8.930973052978516,150.7464599609375,12.277884995427247,0.72989684,3.894176721572876,1018,3
141,10.184840202331543,214.8824005126953,14.658867640875107,0.61639595,2.6603569984436035,1018,4
140,11.81328296661377,277.1704406738281,16.648436583470176,0.506725,1.4080779552459717,1018,5
139,12.680488586425781,337.0630187988281,18.35927609680807,0.40173513,0.8113129734992981,1018,6
138,13.83962631225586,388.69927978515625,19.71545788931001,0.31217742,0.6862004399299622,1018,7
144,5.154436111450195,91.7079086303711,9.576424626674148,0.93737537,-0.9452813267707825,1019,1
143,8.16433334350586,231.35836791992188,15.210469023666622,0.8424413,-3.852480173110962,1019,2
142,10.238876342773438,332.0567932128906,18.222425557891317,0.7745664,-4.822866916656494,1019,3
141,12.333979606628418,512.38232421875,22.635863672914052,0.65352964,-5.503655433654785,1019,4
140,13.270833969116211,584.2312622070312,24.17087632269528,0.6066111,-6.155749320983887,1019,5
139,15.136979103088379,699.6758422851562,26.451386396277158,0.530831,-6.241568565368652,1019,6
138,15.359039306640625,725.2483520507812,26.930435422599118,0.51600456,-5.531604290008545,1019,7
144,5.084831237792969,65.8780746459961,8.116530948995148,0.8794969,-0.9995710849761963,1020,1
143,8.464571952819824,173.49484252929688,13.171744095953917,0.6824571,0.08643047511577606,1020,2
142,10.096832275390625,219.65768432617188,14.820853022892166,0.59791815,-0.22700844705104828,1020,3
141,12.833243370056152,341.2295837402344,18.472400594947977,0.37766272,0.12226121127605438,1020,4
140,13.232809066772461,341.4830322265625,18.479259515104022,0.3787831,-0.3531356751918793,1020,5
139,13.291486740112305,389.72515869140625,19.74145786641418,0.2925086,-0.7739095091819763,1020,6
138,13.462574005126953,434.77923583984375,20.851360527309573,0.21269321,-1.3789745569229126,1020,7
144,5.908628463745117,120.24465942382812,10.965612587713835,0.8936359,-1.9216736555099487,1021,1
143,8.738658905029297,236.93496704101562,15.392692001109346,0.79077363,-2.7241342067718506,1021,2
142,10.085139274597168,325.5235900878906,18.042272309437372,0.71317697,-3.472996711730957,1021,3
141,11.361665725708008,405.8249206542969,20.145096690120326,0.6436753,-2.564824104309082,1021,4
140,13.221960067749023,550.7393188476562,23.46783583647321,0.5182934,-3.9885611534118652,1021,5
139,13.819955825805664,618.4649047851562,24.868954637964908,0.4610815,-4.773373603820801,1021,6
138,15.65336799621582,689.0941162109375,26.250602206633992,0.40222192,-4.964259624481201,1021,7
144,4.449888706207275,54.50669860839844,7.382865203184902,0.8866165,-1.9767794609069824,1022,1
143,7.164883613586426,128.84632873535156,11.351049675486033,0.7312584,-2.660423755645752,1022,2
142,8.17524528503418,155.8877716064453,12.485502457107817,0.6745939,-2.073221445083618,1022,3
141,9.257179260253906,190.48574829101562,13.801657447242183,0.6029742,-1.7065589427947998,1022,4
140,9.805587768554688,224.5966339111328,14.986548432215232,0.533159,-1.6908342838287354,1022,5
139,10.606139183044434,242.22079467773438,15.563444177871888,0.4977587,-1.4709571599960327,1022,6
138,10.743719100952148,259.59552001953125,16.111968223017673,0.4639238,-2.1734495162963867,1022,7
144,7.556740760803223,281.36614990234375,16.773972394824778,0.79479015,-4.300861835479736,1023,1
143,11.35264778137207,558.4387817382812,23.631309353023187,0.594437,-5.680430889129639,1023,2
142,12.496000289916992,626.3099975585938,25.02618623679193,0.5471544,-6.186255931854248,1023,3
141,13.859161376953125,715.4519653320312,26.747933851646025,0.4848907,-5.9828877449035645,1023,4
140,14.877167701721191,761.6220703125,27.597501160657643,0.45418227,-6.210574150085449,1023,5
139,15.648423194885254,810.4237670898438,28.467942796939926,0.42182195,-6.363706111907959,1023,6
138,16.041004180908203,877.7266845703125,29.626452446594286,0.37675005,-6.277453422546387,1023,7
144,7.157369136810303,199.9440155029297,14.14015613431937,0.8031144,-3.0535242557525635,1024,1
143,10.945985794067383,449.2373352050781,21.19521963097052,0.5580827,-5.881515026092529,1024,2
142,12.64536190032959,523.4005737304688,22.877949508871392,0.4859751,-6.088374614715576,1024,3
141,13.023004531860352,465.14794921875,21.56728887038772,0.5443776,-4.310990333557129,1024,4
140,13.865216255187988,485.31298828125,22.029820432342383,0.5263276,-5.037120342254639,1024,5
139,15.339055061340332,620.6373901367188,24.91259501008915,0.39629072,-4.8048858642578125,1024,6
138,16.39276123046875,735.3305053710938,27.116978175510148,0.28787798,-5.4219207763671875,1024,7
144,2.872087240219116,15.146126747131348,3.8918025061828803,0.3490678,0.9671342372894287,1025,1
143,4.11605978012085,27.776988983154297,5.2703879347875615,-0.2165513,1.7641950845718384,1025,2
142,4.534509181976318,31.72853660583496,5.632808944552883,-0.41027892,1.8883477449417114,1025,3
141,4.877711296081543,36.526912689208984,6.043749886387506,-0.6193999,1.9585679769515991,1025,4
140,5.052794456481934,39.76469421386719,6.305925325744604,-0.775242,2.0975468158721924,1025,5
139,5.13186502456665,40.42657470703125,6.358189577783227,-0.7947731,2.0167129039764404,1025,6
138,5.30698299407959,41.92143630981445,6.4746765409412115,-0.8503057,1.5720723867416382,1025,7
129,5.628818035125732,64.9058837890625,8.056418794294553,0.89929014,-0.7191192507743835,1026,1
127,8.494651794433594,131.99603271484375,11.488952637853624,0.7955302,-1.2494210004806519,1026,2
125,10.082976341247559,192.4542236328125,13.872787161663387,0.70191336,-2.0132086277008057,1026,3
123,11.57457447052002,276.7796936035156,16.636697196364295,0.5729036,-3.862276792526245,1026,4
121,13.619043350219727,372.6264343261719,19.303534244437515,0.42684525,-5.3799262046813965,1026,5
119,15.370903968811035,484.7823181152344,22.017772778263346,0.25759792,-6.0576629638671875,1026,6
117,15.134477615356445,499.4094543457031,22.34747087134701,0.2401073,-5.2979230880737305,1026,7
129,4.894582748413086,54.55992126464844,7.386468795347912,0.9212266,-0.11315042525529861,1027,1
127,7.120226860046387,117.668212890625,10.84749800141143,0.8310783,-0.672194242477417,1027,2
125,9.444534301757812,232.74917602539062,15.256119297691358,0.6680684,-3.0517144203186035,1027,3
123,10.831780433654785,303.9743957519531,17.43486150653205,0.5702364,-2.6076345443725586,1027,4
121,12.459480285644531,386.9282531738281,19.670491940310697,0.45879632,-4.143438816070557,1027,5
119,13.56677532196045,462.7611999511719,21.511885085951253,0.35901862,-6.277682304382324,1027,6
117,14.949915885925293,535.5385131835938,23.141705062151186,0.26487142,-8.4260835647583,1027,7
144,4.174783706665039,36.54311752319336,6.045090365180107,0.9230825,0.3844027817249298,1028,1
143,7.323844909667969,113.70146179199219,10.66308875476483,0.7592319,-0.33334511518478394,1028,2
142,8.35902214050293,166.83677673339844,12.91653114165713,0.6454955,-0.4507365822792053,1028,3
141,9.989201545715332,224.81918334960938,14.993971566920132,0.52213883,-0.5309857130050659,1028,4
140,11.816232681274414,310.49017333984375,17.62073135087882,0.34117907,-0.9819863438606262,1028,5
139,12.491910934448242,353.9727783203125,18.814164300343304,0.24972099,-1.4009487628936768,1028,6
138,13.629910469055176,414.9351501464844,20.369957048223846,0.122989595,-3.8832848072052,1028,7
144,4.434048652648926,41.816165924072266,6.466542037601879,0.9232179,0.3042459487915039,1029,1
143,6.713467597961426,107.42281341552734,10.364497740630144,0.801868,-0.582032322883606,1029,2
142,8.084174156188965,151.30685424804688,12.300685112953948,0.72020614,0.01129827369004488,1029,3
141,9.770292282104492,261.26458740234375,16.163681121648736,0.51703405,-2.4159789085388184,1029,4
140,11.116240501403809,282.3448791503906,16.803121113364345,0.4790796,-0.595353901386261,1029,5
139,11.695918083190918,327.6228332519531,18.100354506250785,0.39630508,-1.5304129123687744,1029,6
138,12.719799041748047,343.9847106933594,18.546824814327636,0.36796546,-2.800999641418457,1029,7
144,3.9121923446655273,27.723026275634766,5.265266021354929,0.8999162,0.7442091107368469,1031,1
143,5.626251220703125,55.95804214477539,7.480510821112111,0.7963127,1.5078457593917847,1031,2
142,6.996651649475098,86.71617126464844,9.312151806357564,0.68284786,1.5541465282440186,1031,3
141,7.777303695678711,102.578125,10.128085949477324,0.62420416,2.4602293968200684,1031,4
140,8.243742942810059,133.7632293701172,11.565605447624312,0.5104443,-0.03889923170208931,1031,5
139,8.744893074035645,145.32102966308594,12.054917239993229,0.468462,-0.08927774429321289,1031,6
138,9.737903594970703,169.3847198486328,13.014788505720437,0.38239926,-0.055781710892915726,1031,7
144,4.0716681480407715,29.170997619628906,5.401018202119754,0.80662847,0.34471142292022705,1032,1
143,6.949080467224121,80.61654663085938,8.978671763176298,0.45190674,1.722859263420105,1032,2
142,7.523576736450195,98.65971374511719,9.932759623846596,0.31868124,0.8117531538009644,1032,3
141,8.237975120544434,112.62894439697266,10.612678474210583,0.21778488,-0.9685032367706299,1032,4
140,8.14011001586914,112.87345123291016,10.624191791986352,0.21508849,-1.2142128944396973,1032,5
139,8.35708236694336,108.65829467773438,10.423928946310713,0.24263144,-0.09625079482793808,1032,6
138,8.270097732543945,123.47964477539062,11.112139522854752,0.14142823,-1.8235241174697876,1032,7
144,3.5414624214172363,20.179031372070312,4.492107675921217,0.8381795,0.043606504797935486,1033,1
143,5.593667984008789,53.51313781738281,7.315267446743339,0.5610962,1.0429072380065918,1033,2
142,6.733591079711914,76.80036163330078,8.763581552841325,0.36150628,-0.7199971079826355,1033,3
141,7.761786460876465,95.87127685546875,9.791387892197344,0.19828743,1.062792420387268,1033,4
140,8.586339950561523,109.1514892578125,10.44755900953962,0.08570123,-0.09800878167152405,1033,5
139,8.83534049987793,113.64573669433594,10.660475444103604,0.046201527,0.17479749023914337,1033,6
138,9.188966751098633,119.95130157470703,10.952228155709095,-0.0039892197,1.440901756286621,1033,7
121,4.163687229156494,29.37226104736328,5.419618164350998,0.868241,0.006512429099529982,1034,1
119,5.798367500305176,56.779319763183594,7.535205356404269,0.74630255,1.638617753982544,1034,2
117,7.586973667144775,93.43009185791016,9.665924262992657,0.58542645,0.8966953754425049,1034,3
115,8.71255874633789,116.96441650390625,10.81500885362126,0.4849435,1.4813249111175537,1034,4
113,9.771183967590332,135.801513671875,11.653390651302951,0.40717286,2.0420169830322266,1034,5
111,9.441751480102539,132.32005310058594,11.503045383748859,0.43045753,2.296501636505127,1034,6
109,9.664851188659668,131.91184997558594,11.485288414993589,0.4409954,3.982274293899536,1034,7
142,3.5076165199279785,22.382577896118164,4.731022922806247,0.90569884,1.0092928409576416,1035,1
141,5.643749713897705,53.962032318115234,7.345885400556916,0.7701194,0.4930923283100128,1035,2
140,6.745296955108643,82.161865234375,9.064318244323452,0.6479615,0.15658220648765564,1035,3
139,8.189927101135254,121.43344116210938,11.019684258730345,0.47879392,-0.8024730086326599,1035,4
138,8.538530349731445,136.30340576171875,11.674904957288463,0.41549534,-0.45266878604888916,1035,5
137,8.550629615783691,141.87966918945312,11.91132524908346,0.3916062,-0.9322691559791565,1035,6
136,8.685997009277344,137.01968383789062,11.705540732400644,0.41418582,-0.6253978610038757,1035,7
144,5.220792293548584,42.67255401611328,6.532423288192008,0.7583454,-0.09500709921121597,1036,1
143,9.377026557922363,126.61497497558594,11.25233197944257,0.276564,2.042041301727295,1036,2
142,8.799181938171387,124.35934448242188,11.151652096547036,0.28886193,-1.0233051776885986,1036,3
141,9.999712944030762,152.68943786621094,12.356756769727683,0.12691754,3.1027746200561523,1036,4
140,9.729548454284668,144.60781860351562,12.02529910661334,0.17522222,1.8365637063980103,1036,5
139,9.85042953491211,141.49771118164062,11.895281046769792,0.19444114,-0.11281508952379227,1036,6
138,9.501232147216797,141.9955596923828,11.916188975187612,0.19668788,-2.664344549179077,1036,7
144,5.1591057777404785,44.55171203613281,6.674706887656776,0.7197157,0.681979775428772,1037,1
143,7.8755316734313965,101.66818237304688,10.083064136116901,0.34704375,2.633964776992798,1037,2
142,9.722148895263672,141.3213348388672,11.887865024421634,0.085326254,2.998687982559204,1037,3
141,12.641308784484863,259.1152648925781,16.09705764705395,-0.6691114,5.849750518798828,1037,4
140,14.343754768371582,307.4170227050781,17.533311800828677,-0.9671645,7.376727104187012,1037,5
139,16.083871841430664,400.5976257324219,20.01493506690496,-1.5459163,10.134819984436035,1037,6
138,16.597192764282227,401.2539978027344,20.03132541303082,-1.532929,10.438863754272461,1037,7
129,4.116505146026611,34.84236526489258,5.9027421818077555,0.8640801,1.5360455513000488,1038,1
127,6.282949924468994,69.37950134277344,8.329435835803853,0.7267374,2.382941961288452,1038,2
125,7.740667343139648,114.76852416992188,10.71300724212963,0.54670954,1.180700421333313,1038,3
123,9.577970504760742,160.55343627929688,12.670968245532654,0.36890376,1.2946110963821411,1038,4
121,9.884799003601074,167.4899444580078,12.941790620235201,0.34681946,-0.1939479112625122,1038,5
119,11.81335163116455,232.4688720703125,15.246929922784865,0.09752637,0.5041009783744812,1038,6
117,10.947164535522461,213.1004638671875,14.597960948954052,0.1793164,-0.5493474006652832,1038,7
144,4.0334343910217285,23.923114776611328,4.8911261256086345,0.7559291,1.6547942161560059,1039,1
143,6.2928876876831055,58.91632843017578,7.6756972601957,0.3868549,2.2791738510131836,1039,2
142,6.947902679443359,75.82012939453125,8.707475489172005,0.2024743,2.2080745697021484,1039,3
141,7.704020977020264,88.29917907714844,9.396764287623077,0.066797614,1.900069236755371,1039,4
140,8.811370849609375,113.29058074951172,10.64380480606027,-0.19933999,4.161337375640869,1039,5
139,9.057578086853027,113.90553283691406,10.67265350495902,-0.20757496,3.9112277030944824,1039,6
138,8.22655200958252,103.70541381835938,10.18358550896291,-0.09357548,2.9369876384735107,1039,7
144,4.110667705535889,26.63564109802246,5.160972882899353,0.74906886,1.1145730018615723,1040,1
143,5.8284502029418945,52.00828552246094,7.211677025661988,0.50328594,1.4938081502914429,1040,2
142,7.204907417297363,80.21047973632812,8.956030355929357,0.22884119,0.5100188851356506,1040,3
141,7.978636741638184,98.79930114746094,9.939783757580491,0.046912313,1.7724940776824951,1040,4
140,8.511394500732422,108.58476257324219,10.420401267381319,-0.048829675,1.0089080333709717,1040,5
139,9.033543586730957,123.2137222290039,11.100167666706836,-0.19007516,1.4170434474945068,1040,6
138,8.296814918518066,111.21454620361328,10.545830749808822,-0.06779516,0.5965787172317505,1040,7
114,5.027286052703857,40.492881774902344,6.363401745521207,0.56425154,2.113163709640503,1041,1
111,7.465907573699951,84.69664764404297,9.203078161356828,0.06719619,4.412542343139648,1041,2
108,6.848972797393799,74.76531982421875,8.64669415581578,0.17541367,1.6979604959487915,1041,3
105,8.191279411315918,106.02611541748047,10.29689833966911,-0.16911459,2.7024805545806885,1041,4
103,8.036578178405762,100.14998626708984,10.007496503476274,-0.09259188,2.2749991416931152,1041,5
101,8.553980827331543,112.3954086303711,10.601670086848161,-0.22033441,2.6038074493408203,1041,6
99,7.920266628265381,104.80030822753906,10.237202167952876,-0.13697565,0.5540652275085449,1041,7
144,3.9055819511413574,23.807979583740234,4.879342126121126,0.8046613,-0.10375964641571045,1042,1
143,5.798858642578125,54.86166763305664,7.406866249167501,0.5432408,0.00635837996378541,1042,2
142,6.471865177154541,68.98019409179688,8.305431601777048,0.42173755,0.560912549495697,1042,3
141,7.55212926864624,90.98668670654297,9.538694182462448,0.2354334,-0.31925326585769653,1042,4
140,7.711662292480469,90.29591369628906,9.502416203065884,0.24204415,-1.0641614198684692,1042,5
139,8.04172134399414,99.50260162353516,9.975099078381886,0.16521913,-2.6040267944335938,1042,6
138,8.469989776611328,115.6236343383789,10.752843081640265,0.034880698,-3.4244022369384766,1042,7
144,8.148133277893066,98.04337310791016,9.901685367042832,0.7797253,3.89544415473938,1043,1
143,11.591012954711914,193.9261016845703,13.925735229587353,0.5661558,3.721177816390991,1043,2
142,12.453827857971191,236.1259307861328,15.366389647087985,0.47482306,-0.9037467241287231,1043,3
141,14.608298301696777,332.00311279296875,18.22095257644256,0.2665729,-1.2526895999908447,1043,4
140,13.385584831237793,276.3095397949219,16.622561168331487,0.39393258,-0.8002737760543823,1043,5
139,14.696871757507324,325.706787109375,18.04734847863738,0.2906847,-0.16304752230644226,1043,6
138,14.671504974365234,302.6575927734375,17.39705701472055,0.34527028,0.7168248295783997,1043,7
114,6.604346752166748,68.65728759765625,8.285969321549304,0.554116,1.2188280820846558,1045,1
111,9.644452095031738,153.98463439941406,12.409054532856807,-0.03959298,2.062601089477539,1045,2
108,10.565656661987305,178.0886993408203,13.344987798451534,-0.23129869,1.7512505054473877,1045,3
105,11.372429847717285,221.04281616210938,14.867508740946123,-0.64454305,1.0293759107589722,1045,4
103,10.784442901611328,195.84811401367188,13.994574449181078,-0.43986487,1.7604767084121704,1045,5
101,10.703514099121094,185.6282501220703,13.624545868471005,-0.34476995,0.2476356029510498,1045,6
99,10.054497718811035,176.5614013671875,13.287640925581467,-0.27065277,1.5945967435836792,1045,7
144,4.8296051025390625,36.62986373901367,6.052261043528581,0.8045152,0.893467903137207,1046,1
143,7.016546726226807,79.96018981933594,8.94204617631423,0.5684254,0.9972283244132996,1046,2
142,7.569836139678955,91.92807006835938,9.587912706546685,0.5010953,0.9152490496635437,1046,3
141,9.867304801940918,148.04229736328125,12.16726334733005,0.19648087,2.0456268787384033,1046,4
140,8.568445205688477,118.75048828125,10.897269762708914,0.35815585,0.24304433166980743,1046,5
139,9.580220222473145,143.23304748535156,11.968000981172736,0.22840786,0.6508890986442566,1046,6
138,9.666216850280762,140.8352508544922,11.86740286897231,0.2447232,2.599830389022827,1046,7
117,5.104860782623291,39.51068115234375,6.285752234406297,0.8262714,1.6328269243240356,1047,1
115,8.346312522888184,105.90389251708984,10.290961690585085,0.54168284,1.276698350906372,1047,2
113,8.697251319885254,116.85770416259766,10.810074197830359,0.5014093,2.2481861114501953,1047,3
111,11.703845024108887,206.893310546875,14.383786377267809,0.12755436,7.661627769470215,1047,4
109,11.8807954788208,199.64390563964844,14.129540177926826,0.16439873,6.8629255294799805,1047,5
107,12.886215209960938,230.79396057128906,15.191904441882494,0.03347075,8.795455932617188,1047,6
105,9.216163635253906,140.1851043701172,11.839979069665503,0.41011298,0.6539051532745361,1047,7
144,8.511370658874512,108.61680603027344,10.421938688664094,0.8026264,1.6056170463562012,1048,1
143,11.951738357543945,216.8708953857422,14.726537114533823,0.6078203,1.0229519605636597,1048,2
142,12.902267456054688,267.35589599609375,16.35102125238952,0.5194251,-0.3876064419746399,1048,3
141,14.623064041137695,325.37982177734375,18.038287662007825,0.41912216,0.6683464050292969,1048,4
140,14.777202606201172,324.22406005859375,18.006222814865804,0.42528123,0.5699836611747742,1048,5
139,15.68886661529541,356.85272216796875,18.89054584092182,0.37196112,-0.2478446662425995,1048,6
138,16.289161682128906,377.06427001953125,19.418142805622047,0.34079796,-1.0302320718765259,1048,7
144,5.693643569946289,49.31385803222656,7.022382646383388,0.78761244,1.2758921384811401,1049,1
143,7.797942161560059,97.45824432373047,9.872094221781438,0.57758987,1.122381329536438,1049,2
142,8.975275039672852,119.7654037475586,10.94373810667811,0.48037446,0.11173742264509201,1049,3
141,8.930387496948242,119.95218658447266,10.95226855881797,0.48142844,-0.551843523979187,1049,4
140,8.056806564331055,98.9045181274414,9.945075068969636,0.5744849,-0.3299213945865631,1049,5
139,9.098114013671875,126.08959197998047,11.228962195144325,0.4594009,0.4931811988353729,1049,6
138,8.523430824279785,115.5901107788086,10.751284145571104,0.50703764,1.243988275527954,1049,7
129,5.402153968811035,42.412330627441406,6.512475000139456,0.72717756,-0.0681256428360939,1050,1
127,7.87242317199707,84.86344909667969,9.2121359682041,0.44875997,-0.5110512375831604,1050,2
125,8.652809143066406,110.10176849365234,10.492938982651731,0.27770567,-2.966470718383789,1050,3
123,8.279094696044922,101.84687042236328,10.0919210471725,0.32731783,-3.624544620513916,1050,4
121,9.133602142333984,129.04425048828125,11.359764543699013,0.15084809,-4.7881178855896,1050,5
119,9.400198936462402,134.7295379638672,11.607305370492636,0.12367958,-5.275681018829346,1050,6
117,9.967503547668457,145.1416778564453,12.047475995263294,0.06725627,-4.451460361480713,1050,7
144,4.888784408569336,37.17048645019531,6.0967603241553885,0.6830939,0.015352672897279263,1051,1
143,7.539544582366943,84.82738494873047,9.2101783342523,0.27061224,-0.4721061885356903,1051,2
142,7.777882099151611,90.7646484375,9.527048254181354,0.21899283,-1.471864104270935,1051,3
141,8.04744815826416,94.32660675048828,9.712188566460615,0.18946028,-2.226386070251465,1051,4
140,7.620631694793701,85.20291900634766,9.230542725449444,0.27093542,-1.1024609804153442,1051,5
139,8.038674354553223,88.40441131591797,9.4023620072787,0.2460978,-1.4766143560409546,1051,6
138,7.986979007720947,93.77375793457031,9.683685142267397,0.20581001,-1.503420352935791,1051,7
144,5.399027347564697,45.53379440307617,6.747873324468693,0.66538334,1.0488955974578857,1052,1
143,7.835809230804443,92.14619445800781,9.599280934424609,0.32162225,1.6157008409500122,1052,2
142,8.549422264099121,109.5951156616211,10.468768583822124,0.19606405,0.16053986549377441,1052,3
141,8.970388412475586,116.80596160888672,10.807680676670953,0.14656687,-0.300205260515213,1052,4
140,8.78389835357666,113.40653228759766,10.649250315754516,0.17561007,-1.1145987510681152,1052,5
139,8.926248550415039,119.82815551757812,10.946604748394734,0.13207704,-0.930814802646637,1052,6
138,9.037188529968262,118.3524398803711,10.878990756516483,0.14876097,-1.1816723346710205,1052,7
129,7.1334967613220215,72.08672332763672,8.490390057449464,0.61178726,2.0266146659851074,1053,1
127,9.90892219543457,133.19483947753906,11.541006865847496,0.2909029,2.0534772872924805,1053,2
125,10.903420448303223,160.19944763183594,12.656992045183403,0.1555391,2.71736216545105,1053,3
123,12.026752471923828,195.59413146972656,13.985497183501435,-0.023482442,2.4004740715026855,1053,4
121,11.73490047454834,182.53736877441406,13.510639095705802,0.05820781,2.048603057861328,1053,5
119,11.38117504119873,174.16294860839844,13.197081063947378,0.1067881,2.454338550567627,1053,6
117,11.855060577392578,184.58181762695312,13.586089121853762,0.048528492,1.9424701929092407,1053,7
144,4.613417625427246,33.64750671386719,5.800647094408277,0.66982317,0.029768042266368866,1054,1
143,7.097308158874512,77.54698181152344,8.80607641413152,0.23288846,0.3641909956932068,1054,2
142,7.745734214782715,92.54730224609375,9.620150843208943,0.08551705,0.08375723659992218,1054,3
141,7.942084789276123,95.41124725341797,9.767868101761918,0.059296787,0.5514161586761475,1054,4
140,8.7770414352417,118.90167236328125,10.904204343430164,-0.16579163,-0.4757113754749298,1054,5
139,8.590977668762207,119.48703002929688,10.931012305788375,-0.16814947,-1.5187102556228638,1054,6
138,8.769474983215332,124.81993103027344,11.172284056103901,-0.21398318,-1.0961247682571411,1054,7
144,5.523268699645996,53.220176696777344,7.29521601440131,0.66745067,-1.2337455749511719,1055,1
143,8.774018287658691,126.21315002441406,11.234462605056553,0.20826942,-3.182180643081665,1055,2
142,9.761975288391113,154.10861206054688,12.414048979303525,0.036180258,-3.0839431285858154,1055,3
141,10.015353202819824,156.4000701904297,12.506001366960971,0.02570635,-3.6322553157806396,1055,4
140,10.656000137329102,181.83489990234375,13.48461715816744,-0.12498975,-4.531012058258057,1055,5
139,9.95020580291748,155.75804138183594,12.480306141350697,0.040127814,-4.1176066398620605,1055,6
138,10.862918853759766,194.90988159179688,13.961012914247908,-0.20073533,-6.420501708984375,1055,7
144,5.783237934112549,59.50675964355469,7.714062460439032,0.6105489,0.9126163125038147,1056,1
143,8.216120719909668,108.6876220703125,10.425335585500953,0.28534907,-0.12439044564962387,1056,2
142,9.010902404785156,131.57391357421875,11.470567273427184,0.13713121,0.1007118746638298,1056,3
141,9.715888023376465,153.41470336914062,12.386068923154781,-0.0022876263,-1.5738557577133179,1056,4
140,10.242131233215332,157.55499267578125,12.55209116744223,-0.022531748,-0.8234063386917114,1056,5
139,9.33159351348877,141.52972412109375,11.896626585763451,0.08501893,-0.29380589723587036,1056,6
138,9.627378463745117,150.01585388183594,12.248095928830567,0.030368567,-0.8382716774940491,1056,7
144,4.486560344696045,31.33864974975586,5.598093403093222,0.6757413,-0.4431828260421753,1057,1
143,6.832207202911377,80.31090545654297,8.961635199925457,0.15942466,1.5974810123443604,1057,2
142,7.5457539558410645,97.26461029052734,9.862282204973013,-0.017843366,1.3634397983551025,1057,3
141,7.73706579208374,95.23373413085938,9.758777286671695,0.0049063563,0.43409597873687744,1057,4
140,8.275720596313477,110.61627960205078,10.517427423189131,-0.14856231,0.062455423176288605,1057,5
139,8.814054489135742,120.07546997070312,10.957895325777807,-0.24628663,-0.030009208247065544,1057,6
138,8.656343460083008,112.70899963378906,10.616449483409651,-0.16268694,-0.975688099861145,1057,7
135,5.131628513336182,41.29664993286133,6.4262469554835295,0.44508594,1.5370715856552124,1058,1
134,7.354152679443359,84.94149017333984,9.216370770175201,-0.1355027,3.246580123901367,1058,2
133,6.921648979187012,76.96785736083984,8.773132699374827,-0.033458114,2.4483182430267334,1058,3
132,6.762051582336426,75.45438385009766,8.686448287424364,-0.023593545,2.2549500465393066,1058,4
131,6.7096476554870605,72.47888946533203,8.513453439429385,-0.0022501945,1.8370434045791626,1058,5
130,6.569643974304199,67.28873443603516,8.202971073704646,0.06642431,3.052755355834961,1058,6
129,6.200100898742676,62.80287170410156,7.924826288575767,0.12948692,1.7309492826461792,1058,7
129,7.307898044586182,87.18923950195312,9.337517844799715,0.2863748,-5.02485466003418,1059,1
127,8.448674201965332,105.48674774169922,10.270674161986603,0.10597724,-3.715062379837036,1059,2
125,8.887894630432129,116.41349029541016,10.789508343544211,-0.010788679,-3.9327280521392822,1059,3
123,9.378077507019043,132.67782592773438,11.518586108014055,-0.17049646,-1.6881507635116577,1059,4
121,9.991181373596191,148.67431640625,12.193207798042728,-0.33084738,-3.238090991973877,1059,5
119,9.567181587219238,135.76455688476562,11.651804876703249,-0.22195506,-4.094797134399414,1059,6
117,10.224535942077637,154.14581298828125,12.415547228708094,-0.3732065,-4.387878894805908,1059,7
144,4.3815016746521,32.64923095703125,5.713950556054126,0.54119635,1.1892716884613037,1061,1
143,7.459626197814941,79.67875671386719,8.926295800267162,-0.1474911,4.607997894287109,1061,2
142,8.759297370910645,107.12994384765625,10.350359599920008,-0.5627183,5.339121341705322,1061,3
141,8.453683853149414,103.85020446777344,10.190692050482806,-0.5279615,4.874279022216797,1061,4
140,8.584708213806152,104.98538970947266,10.246237831978753,-0.54994357,4.384890079498291,1061,5
139,8.238327026367188,103.4054183959961,10.168845479994083,-0.53244114,3.3135733604431152,1061,6
138,8.656343460083008,112.4311294555664,10.603354632170255,-0.6597365,3.1760988235473633,1061,7
144,4.806997299194336,36.81092071533203,6.067200401777745,0.62480867,1.3330597877502441,1062,1
143,6.9461140632629395,74.93019104003906,8.656222677359859,0.22633588,3.194882869720459,1062,2
142,6.581381320953369,66.99832153320312,8.185250242552339,0.3048011,1.1273850202560425,1062,3
141,7.763656139373779,90.98726654052734,9.538724576196094,0.05320263,0.8801915049552917,1062,4
140,7.787673473358154,89.50599670410156,9.46076089456348,0.06991184,0.45461776852607727,1062,5
139,8.476521492004395,107.18762969970703,10.353145884208676,-0.112372994,2.2976975440979004,1062,6
138,8.564258575439453,107.75505065917969,10.380513024854778,-0.11174178,0.9894747734069824,1062,7
129,5.237577438354492,45.291015625,6.729860000401197,0.551908,1.8506371974945068,1063,1
127,8.63252067565918,114.7573013305664,10.712483434319346,-0.13588583,4.717516899108887,1063,2
125,8.295008659362793,105.10499572753906,10.252072752743176,-0.03819585,4.189198017120361,1063,3
123,11.327481269836426,195.99490356445312,13.999817983261536,-0.93465436,8.456276893615723,1063,4
121,9.807762145996094,136.74642944335938,11.693862896552165,-0.3329407,5.2991943359375,1063,5
119,10.922038078308105,175.50733947753906,13.247918307324326,-0.69627047,7.08817720413208,1063,6
117,10.859448432922363,163.0920867919922,12.770751222696031,-0.6038319,4.784299373626709,1063,7
144,4.282619953155518,30.43982696533203,5.51723000837667,0.57721126,1.3759477138519287,1064,1
143,6.178743362426758,64.98020935058594,8.061030290886267,0.07107133,3.480768918991089,1064,2
142,7.4166741371154785,83.49960327148438,9.137811733204202,-0.214391,4.9167022705078125,1064,3
141,7.296444892883301,82.11444854736328,9.061702298539899,-0.20867121,3.1686136722564697,1064,4
140,7.702690601348877,86.20277404785156,9.2845449025707,-0.274482,2.8989341259002686,1064,5
139,7.316928863525391,76.60010528564453,8.75214860966406,-0.13855481,1.3294192552566528,1064,6
138,7.788663387298584,92.47206115722656,9.616239449869505,-0.37092745,0.5387866497039795,1064,7
144,4.540892601013184,33.76102066040039,5.8104234493193685,0.5967312,0.12300268560647964,1065,1
143,6.550352573394775,65.45657348632812,8.09052368430673,0.20488799,1.426203966140747,1065,2
142,6.509566307067871,69.49879455566406,8.3365937022062,0.151313,0.3738935887813568,1065,3
141,6.422943115234375,70.43231964111328,8.392396537408922,0.1391722,-0.20289157330989838,1065,4
140,6.8344597816467285,77.95948791503906,8.82946702327151,0.049329937,-0.16885168850421906,1065,5
139,6.547438144683838,67.73245239257812,8.229972806308544,0.17247725,0.2410297840833664,1065,6
138,7.287003993988037,84.3765869140625,9.18567291569118,-0.0246166,-0.9288924932479858,1065,7
144,4.601433753967285,34.80092239379883,5.899230661179374,0.66320634,0.4606682062149048,1066,1
143,7.1953959465026855,80.47571563720703,8.9708258057554,0.21182418,1.999418020248413,1066,2
142,7.597057819366455,89.30661010742188,9.45021746349902,0.12293249,1.672580361366272,1066,3
141,7.730186462402344,102.4321060180664,10.120874765457105,-0.0059621334,2.2473113536834717,1066,4
140,7.511397838592529,87.98555755615234,9.380061703216688,0.1383878,1.8002530336380005,1066,5
139,7.51209020614624,87.26468658447266,9.34155696789741,0.14615685,1.6741596460342407,1066,6
138,7.9124298095703125,106.30889892578125,10.310620685767722,-0.033831,-0.6609377861022949,1066,7
144,5.77780818939209,57.03630828857422,7.552238627623879,0.34835798,2.7638964653015137,1068,1
143,7.727877140045166,90.41478729248047,9.508669059993647,-0.04758048,3.9996073246002197,1068,2
142,8.690476417541504,117.68843841552734,10.848430228172523,-0.36835182,4.59447717666626,1068,3
141,8.610243797302246,112.19677734375,10.59229801996479,-0.3049438,4.072460651397705,1068,4
140,8.674548149108887,114.3038101196289,10.691295998129924,-0.32570887,5.142030715942383,1068,5
139,7.81421422958374,95.32019805908203,9.763206341109566,-0.10520911,2.974306344985962,1068,6
138,8.487929344177246,113.19498443603516,10.639313156216202,-0.30449557,2.9393086433410645,1068,7
129,5.765134811401367,54.23261260986328,7.36427950378469,0.5040666,2.1343491077423096,1069,1
127,8.62813949584961,123.9136734008789,11.131651872066378,-0.14044571,3.6137144565582275,1069,2
125,8.191876411437988,118.2184829711914,10.872832334364004,-0.08582425,1.712112545967102,1069,3
123,8.643782615661621,119.95989990234375,10.952620686499818,-0.096168995,3.521986722946167,1069,4
121,9.183295249938965,141.63172912597656,11.900912953466072,-0.28977537,4.003203868865967,1069,5
119,9.073315620422363,139.96917724609375,11.830856995420652,-0.27763212,3.063293218612671,1069,6
117,8.495220184326172,114.70845794677734,10.710203450298101,-0.032413244,0.9995601773262024,1069,7
129,4.227580547332764,26.270408630371094,5.125466674398644,0.53889394,0.40388959646224976,1070,1
127,5.247676372528076,38.905757904052734,6.2374480281644615,0.2526794,0.8995822668075562,1070,2
125,5.240983963012695,41.30742645263672,6.427085377730462,0.14605987,0.4057243764400482,1070,3
123,5.5159382820129395,46.50977325439453,6.819807420623733,0.030990422,-0.2725948691368103,1070,4
121,5.633167743682861,49.798492431640625,7.0568046899174295,-0.03540981,1.085253357887268,1070,5
119,6.674654960632324,70.14488983154297,8.375254612938223,-0.4677137,4.6990509033203125,1070,6
117,6.5952630043029785,69.56401062011719,8.340504218577987,-0.46922112,3.949139356613159,1070,7
140,6.948814868927002,79.07075500488281,8.892173806493146,0.5581003,2.353634834289551,1071,1
139,11.563580513000488,218.2750701904297,14.774135175719413,-0.21471167,6.3514790534973145,1071,2
138,12.046503067016602,223.84068298339844,14.961306192421784,-0.2369858,6.563877582550049,1071,3
137,13.410640716552734,306.02557373046875,17.493586645695867,-0.68132436,7.753695011138916,1071,4
136,11.4419527053833,192.45498657226562,13.8728146593352,-0.05023122,4.794066429138184,1071,5
135,11.141141891479492,169.47581481933594,13.01828770688895,0.08166647,3.9420740604400635,1071,6
134,11.679879188537598,187.883544921875,13.707061863210328,-0.01197958,4.990469932556152,1071,7
129,6.528135776519775,70.72848510742188,8.41002289577275,0.4693761,-3.0389280319213867,1072,1
127,8.155482292175293,99.06434631347656,9.95310736973517,0.25783873,0.8717551827430725,1072,2
125,8.808603286743164,111.73417663574219,10.570438809989971,0.17043215,0.5797845125198364,1072,3
123,9.169792175292969,117.84136962890625,10.85547648097062,0.13337475,2.3643558025360107,1072,4
121,8.588485717773438,115.82254028320312,10.762088100512981,0.15969789,-0.5106930732727051,1072,5
119,8.494403839111328,110.23509979248047,10.499290442333733,0.2100926,-1.5344741344451904,1072,6
117,8.779677391052246,114.34211730957031,10.69308736098094,0.19149119,0.7961064577102661,1072,7
144,4.334092140197754,29.33666229248047,5.416332919280394,0.6133621,0.8774076104164124,1073,1
143,6.062225341796875,55.80658721923828,7.470380660932767,0.2674989,1.6348018646240234,1073,2
142,6.75071907043457,66.74808502197266,8.169950123591493,0.1285404,2.363252639770508,1073,3
141,7.224286079406738,76.68287658691406,8.756875960461816,0.005158484,3.1476926803588867,1073,4
140,7.8345770835876465,88.0916748046875,9.385716531234443,-0.1355846,3.5163326263427734,1073,5
139,7.253835678100586,75.9288558959961,8.713716537505457,0.02560389,2.307823419570923,1073,6
138,7.177845478057861,76.90265655517578,8.76941597571787,0.020176291,2.0366761684417725,1073,7
129,4.840994834899902,38.12220001220703,6.174317777067118,0.61160016,0.26700523495674133,1074,1
127,6.749893665313721,65.75299835205078,8.108822254313557,0.3323356,1.939267873764038,1074,2
125,7.431437015533447,77.82246398925781,8.821704143149317,0.2159971,2.0125081539154053,1074,3
123,8.325055122375488,101.32862091064453,10.06621184511058,-0.011593223,4.143975257873535,1074,4
121,8.743438720703125,106.2478256225586,10.307658590706165,-0.052068353,4.434416770935059,1074,5
119,9.290782928466797,117.34095001220703,10.832402781110341,-0.18199062,4.252096652984619,1074,6
117,9.820879936218262,137.76748657226562,11.737439523689382,-0.47977066,4.607105731964111,1074,7
144,4.698019027709961,35.88121032714844,5.9900926810149135,0.63793075,-0.5680364370346069,1075,1
143,6.373777866363525,61.91633605957031,7.868693415019441,0.3724168,-0.04232318699359894,1075,2
142,7.483372688293457,82.42897033691406,9.079040166059078,0.16559911,1.1269103288650513,1075,3
141,7.544543743133545,85.15393829345703,9.22788915697718,0.14082634,1.834983229637146,1075,4
140,6.940097332000732,75.03087615966797,8.66203649032189,0.24675,-0.5154818296432495,1075,5
139,7.682963848114014,85.806640625,9.263187390148167,0.14172256,1.4386959075927734,1075,6
138,7.725348949432373,87.64903259277344,9.362106204950543,0.1293844,1.3936797380447388,1075,7
129,5.096367359161377,41.11920928955078,6.412426162502831,0.6372313,0.3462003767490387,1076,1
127,7.186145305633545,79.35271453857422,8.908014062549196,0.2961285,1.0765498876571655,1076,2
125,7.695573329925537,90.5683364868164,9.51673980346297,0.20342004,0.5700943470001221,1076,3
123,7.412585735321045,85.18790435791016,9.229729376201133,0.25940073,-0.8568403124809265,1076,4
122,7.898669719696045,95.19233703613281,9.756656037604934,0.17779821,0.9503249526023865,1076,5
121,8.283008575439453,102.71448516845703,10.134815497504482,0.11919469,1.3206937313079834,1076,6
120,8.515429496765137,107.41438293457031,10.36409103272305,0.0843336,1.8958187103271484,1076,7
144,4.863842487335205,39.40787124633789,6.2775688961840865,0.6414522,0.18350750207901,1077,1
143,7.1710920333862305,77.31439208984375,8.792860290590529,0.29142725,1.2216771841049194,1077,2
142,7.7801737785339355,87.66300964355469,9.36285264454988,0.19648004,1.0474144220352173,1077,3
141,8.297588348388672,104.18977355957031,10.207339200769724,0.047513068,-0.0026082247495651245,1077,4
140,8.279210090637207,108.90251922607422,10.435636982286908,0.009391904,-2.2338578701019287,1077,5
139,7.810220241546631,102.48628234863281,10.12355087647772,0.07109046,-2.622962713241577,1077,6
138,8.514512062072754,107.27745819091797,10.357483197713524,0.03424251,0.077398382127285,1077,7
144,3.204773187637329,18.85790252685547,4.342568655399183,0.23034185,0.8956817984580994,1078,1
143,4.557075023651123,33.20603942871094,5.762468171600685,-0.381994,1.5566471815109253,1078,2
142,5.589227199554443,51.3477668762207,7.165735613056116,-1.1507483,2.3362958431243896,1078,3
141,5.188898086547852,43.21279525756836,6.5736439862201514,-0.8043759,2.1410393714904785,1078,4
140,5.968788146972656,60.265987396240234,7.763117118544601,-1.5179937,3.3963606357574463,1078,5
139,5.287150859832764,46.89700698852539,6.848138943430207,-0.9492756,2.6598269939422607,1078,6
138,5.287738800048828,46.330135345458984,6.8066243722904956,-0.9150696,2.8684868812561035,1078,7
144,2.441605567932129,12.241583824157715,3.498797482587084,0.43838155,0.2329823225736618,1079,1
143,3.4618470668792725,20.630908966064453,4.542126040310248,0.03169614,0.37114831805229187,1079,2
142,3.907085657119751,23.96904754638672,4.895819394788448,-0.13414288,0.007703915238380432,1079,3
141,3.9258458614349365,24.8280029296875,4.982770607773099,-0.16955137,0.2799581289291382,1079,4
140,4.027623176574707,26.61176300048828,5.158659031229752,-0.2493093,0.15140143036842346,1079,5
139,4.3783464431762695,29.68916893005371,5.448776828798708,-0.3848071,1.0594662427902222,1079,6
138,4.176732540130615,27.6466007232666,5.258003492131458,-0.2804433,0.3945436477661133,1079,7
144,2.7221505641937256,13.131258010864258,3.623707771173644,0.4309072,0.4630206823348999,1080,1
143,3.3896324634552,19.28004264831543,4.3909045364611865,0.14818537,-0.12059439718723297,1080,2
142,3.777813196182251,22.87500762939453,4.782782415016863,-0.019699574,0.14459335803985596,1080,3
141,4.141692638397217,26.57325553894043,5.154925366961236,-0.18257356,0.43950632214546204,1080,4
140,4.425738334655762,30.213165283203125,5.496650369379803,-0.3387922,0.8252023458480835,1080,5
139,4.415274620056152,29.191057205200195,5.402874901864765,-0.28546357,0.5998912453651428,1080,6
138,4.6324639320373535,30.68865394592285,5.5397341042619415,-0.34409487,1.2486521005630493,1080,7
144,5.469797134399414,47.280303955078125,6.876067477495994,0.55774707,0.38172468543052673,1082,1
143,7.434211730957031,89.52466583251953,9.461747504162195,0.15517598,0.6928349137306213,1082,2
142,7.829224586486816,98.13021087646484,9.90606939590395,0.072761595,-0.17872080206871033,1082,3
141,8.278351783752441,115.68047332763672,10.755485731831767,-0.08896375,-0.9029556512832642,1082,4
140,8.428488731384277,109.7792739868164,10.477560497883866,-0.027471423,0.39685550332069397,1082,5
139,8.016640663146973,99.37854766845703,9.968878957458408,0.072752714,-1.427646279335022,1082,6
138,8.534562110900879,108.9197998046875,10.436464909378438,-0.012201905,-0.5072734951972961,1082,7
144,2.7077090740203857,13.766555786132812,3.7103309537200064,0.17618704,0.3003373146057129,1083,1
143,3.4330904483795166,20.14746856689453,4.488593161213715,-0.23329425,0.3421494662761688,1083,2
142,3.9330525398254395,25.28658676147461,5.028577011588329,-0.567539,0.7967928647994995,1083,3
141,4.656465530395508,32.13420486450195,5.6687039845543135,-0.9795102,1.974788784980774,1083,4
140,4.306197643280029,28.33742332458496,5.323290648140956,-0.7337016,1.393519401550293,1083,5
139,4.343506813049316,28.11150360107422,5.302028253515274,-0.7079662,1.6697030067443848,1083,6
138,4.360781669616699,28.488117218017578,5.337426085485173,-0.71846306,1.791843056678772,1083,7
144,3.179229259490967,18.278331756591797,4.275316567997251,0.30590183,0.01982983574271202,1084,1
143,3.8849050998687744,24.757579803466797,4.975698926127544,0.04539299,0.09090125560760498,1084,2
142,3.9681010246276855,26.34684181213379,5.1329174756792835,-0.016545177,-0.8041449785232544,1084,3
141,4.1555399894714355,27.0141544342041,5.1975142553151406,-0.037609696,0.18259592354297638,1084,4
140,4.153850555419922,27.36673355102539,5.231322352046889,-0.054039955,-0.34223300218582153,1084,5
139,4.1927170753479,26.826614379882812,5.179441512352738,-0.03325808,0.28895843029022217,1084,6
138,4.127688407897949,26.46892738342285,5.144796145953973,-0.012359977,0.027087224647402763,1084,7
144,2.8536436557769775,15.244425773620605,3.9044110661687,0.29844505,0.4432072639465332,1085,1
143,3.8553168773651123,24.544382095336914,4.954228708420405,-0.14999759,1.3488662242889404,1085,2
142,4.110607624053955,26.84791374206543,5.181497249064736,-0.27481318,1.0018296241760254,1085,3
141,4.532533168792725,32.83395004272461,5.730091626032223,-0.55081785,1.2805699110031128,1085,4
140,3.901181936264038,25.11972999572754,5.011958698525711,-0.17928684,0.21488390862941742,1085,5
139,3.9924492835998535,24.688295364379883,4.96873176619345,-0.15088022,0.18095529079437256,1085,6
138,4.073424339294434,26.160144805908203,5.114698896895907,-0.2158122,0.9875699281692505,1085,7
144,2.3487064838409424,10.540854454040527,3.2466682081852047,0.33371675,-0.41134506464004517,1086,1
143,2.808269500732422,14.560352325439453,3.815802972565467,0.06936562,-0.600554883480072,1086,2
142,3.0010199546813965,17.243452072143555,4.15252357875829,-0.11519313,-0.8476846218109131,1086,3
141,2.91310453414917,17.46420669555664,4.1790198247384085,-0.13540399,-1.5625874996185303,1086,4
140,2.922062873840332,16.768112182617188,4.094888543369305,-0.08538234,-1.305786371231079,1086,5
139,2.9244191646575928,16.490262985229492,4.06082048177822,-0.059809566,-0.8927282094955444,1086,6
138,2.901427745819092,15.033146858215332,3.877260225754177,0.03922993,-0.3077836036682129,1086,7
144,2.4650182723999023,12.111065864562988,3.4800956688808125,0.30395418,-0.0601385235786438,1087,1
143,3.1680126190185547,17.838029861450195,4.22350918803904,-0.035404325,-0.11372308433055878,1087,2
142,3.298823356628418,17.70880126953125,4.208182656388771,-0.030579925,0.22971510887145996,1087,3
141,3.427220582962036,18.53673553466797,4.305430934838924,-0.08118677,0.21535128355026245,1087,4
140,3.599874258041382,21.310476303100586,4.616327144289125,-0.25239933,0.6287816762924194,1087,5
139,3.4130280017852783,20.16073989868164,4.490071257639642,-0.18097949,0.538873016834259,1087,6
138,3.4933338165283203,19.944618225097656,4.465939791924837,-0.16324663,0.8693181872367859,1087,7
114,3.0017576217651367,17.403888702392578,4.171796819404389,0.14927024,-1.5760643482208252,1088,1
111,3.211199998855591,20.9554500579834,4.577712317084091,-0.09141433,-1.706911325454712,1088,2
108,3.230769157409668,20.204713821411133,4.49496538600812,-0.10029352,-1.3021363019943237,1088,3
105,3.4749135971069336,21.749990463256836,4.663688504098107,-0.29519832,-1.8046197891235352,1088,4
102,3.247528076171875,19.196557998657227,4.3813876795665125,-0.18389285,-0.7182760834693909,1088,5
99,3.443186044692993,19.4511775970459,4.410348920102115,-0.24455488,-0.8007499575614929,1088,6
96,3.6455440521240234,22.785852432250977,4.773452883631615,-0.42233217,-1.8380922079086304,1088,7
144,3.117356300354004,16.53270721435547,4.066043188943702,0.43623453,0.16736020147800446,1089,1
143,3.9777302742004395,26.955890655517578,5.191906264130505,0.0682168,0.020350957289338112,1089,2
142,4.394805431365967,30.557836532592773,5.5279143022113475,-0.07066715,0.4819532036781311,1089,3
141,4.659427642822266,34.87570571899414,5.9055656561411745,-0.21863592,0.16129954159259796,1089,4
140,4.83900260925293,37.92069625854492,6.157978260642443,-0.3322661,0.7020808458328247,1089,5
139,5.230015754699707,43.14326477050781,6.56835327692625,-0.5070021,1.562923550605774,1089,6
138,5.139499187469482,39.644569396972656,6.296393364218333,-0.38441813,0.856186032295227,1089,7
144,5.193469524383545,44.41093444824219,6.664152943041012,0.6657287,1.6255614757537842,1090,1
143,7.500942230224609,84.69744110107422,9.203121269497334,0.35824537,2.844444751739502,1090,2
142,8.194129943847656,96.7072525024414,9.833984568954815,0.2667635,2.70117449760437,1090,3
141,8.504693984985352,102.42523956298828,10.120535537361068,0.22418422,2.182023763656616,1090,4
140,8.550677299499512,111.83952331542969,10.575420715764913,0.15611899,0.9953427910804749,1090,5
139,8.74768352508545,111.52439880371094,10.560511294615944,0.16127682,1.3003002405166626,1090,6
138,8.971753120422363,118.92208862304688,10.905140467827403,0.11133319,0.8639688491821289,1090,7
129,4.344601631164551,30.091228485107422,5.485547236612535,0.2504322,-2.3110203742980957,1091,1
127,5.127864360809326,41.43482208251953,6.4369885880370745,-0.05428171,-2.6523995399475098,1091,2
125,5.396956443786621,44.079166412353516,6.639214291793383,-0.12609994,-0.6673365235328674,1091,3
123,6.348050594329834,57.00531005859375,7.550186094302163,-0.4513564,2.3128979206085205,1091,4
121,5.583389759063721,45.666290283203125,6.757683795739715,-0.15205681,0.38469815254211426,1091,5
119,5.565948009490967,45.3836555480957,6.736739237056434,-0.13005602,-0.03077414073050022,1091,6
117,5.742747783660889,46.58444595336914,6.825279917583537,-0.15462363,0.8187487721443176,1091,7
144,6.51922082901001,60.49101257324219,7.777596837921222,-2.0429978,-6.402713298797607,3901,1
143,6.691241264343262,63.09183883666992,7.943037129251627,-2.246828,-6.609640598297119,3901,2
142,6.7573065757751465,64.10896301269531,8.006807292091855,-2.4036655,-6.7283782958984375,3901,3
141,6.7649922370910645,64.2108154296875,8.013165131811991,-2.4053273,-6.736130714416504,3901,4
140,6.79938268661499,64.4681396484375,8.0292054182489,-2.452279,-6.769110202789307,3901,5
139,6.81525993347168,64.65510559082031,8.040839856061076,-2.4713476,-6.7838029861450195,3901,6
138,6.857797145843506,65.25936889648438,8.078327110020018,-2.5028746,-6.825249671936035,3901,7
129,4.231345176696777,29.5285587310791,5.434018653913427,-0.5535476,-3.7236697673797607,3902,1
127,6.211343765258789,56.225425720214844,7.498361535709974,-1.9743655,-6.110572338104248,3902,2
125,6.272862911224365,56.950469970703125,7.546553516056394,-2.0087361,-6.169097423553467,3902,3
123,6.3410258293151855,57.80356979370117,7.60286589344447,-2.0449011,-6.242382049560547,3902,4
121,6.4399566650390625,59.24909591674805,7.6973434324283625,-2.1502178,-6.360801696777344,3902,5
119,6.4377360343933105,59.16433334350586,7.691835498988903,-2.161957,-6.37639856338501,3902,6
117,6.503284931182861,60.5383415222168,7.780638889076963,-2.1817958,-6.432390213012695,3902,7
129,5.410539627075195,44.938472747802734,6.703616393246464,-1.3822904,-5.255493640899658,3903,1
127,6.073694229125977,53.86116409301758,7.339016561707541,-1.862613,-5.943799018859863,3903,2
125,6.233381271362305,56.0318603515625,7.485443230134238,-1.9674938,-6.1067728996276855,3903,3
123,6.319814682006836,57.148563385009766,7.5596668832039,-2.0082545,-6.185708522796631,3903,4
121,5.632527828216553,48.2614631652832,6.947047082414456,-1.5524173,-5.4618425369262695,3903,5
119,5.561728000640869,46.93444061279297,6.8508715221344625,-1.493072,-5.291698455810547,3903,6
117,6.380661487579346,58.049076080322266,7.61899442710928,-2.0333443,-6.280506610870361,3903,7
144,4.662548542022705,34.36894226074219,5.862503071277847,-0.68308294,-4.140157222747803,3904,1
143,6.019994735717773,54.104244232177734,7.355558730115458,-1.6778326,-5.825620174407959,3904,2
142,6.014754295349121,53.92327880859375,7.343247156986734,-1.6635795,-5.8050665855407715,3904,3
141,6.04450798034668,54.63338851928711,7.391440219557154,-1.6799092,-5.846781253814697,3904,4
140,5.91068696975708,52.716400146484375,7.260606045398991,-1.5690198,-5.678133010864258,3904,5
139,5.975804805755615,53.791107177734375,7.334242099749256,-1.6094918,-5.762081146240234,3904,6
138,5.8690505027771,52.67603302001953,7.257825639957158,-1.5454073,-5.635924339294434,3904,7
129,6.387913227081299,58.51022720336914,7.649197814370416,-2.0083342,-6.251579284667969,3905,1
127,6.43381929397583,59.22725296020508,7.695924438311819,-2.0856178,-6.328859806060791,3905,2
125,6.55051851272583,60.92644119262695,7.805539135295329,-2.2476878,-6.494199275970459,3905,3
123,6.608102798461914,61.59048843383789,7.847960781874352,-2.2874131,-6.555028915405273,3905,4
121,6.739865303039551,63.1356086730957,7.945791884582411,-2.4791834,-6.706447124481201,3905,5
119,6.811370372772217,63.94474792480469,7.9965459996679,-2.5502877,-6.777193069458008,3905,6
117,6.888136863708496,65.04801177978516,8.065234762843867,-2.604539,-6.852598190307617,3905,7
129,5.2041778564453125,42.598148345947266,6.52672569869052,-1.111752,-4.923267364501953,3906,1
127,7.292545795440674,72.1546859741211,8.49439144224712,-2.6371083,-7.233999729156494,3906,2
125,7.464764595031738,74.9045181274414,8.65473963371755,-2.8829205,-7.453025817871094,3906,3
123,6.511082172393799,60.54801559448242,7.7812605402005675,-2.1523342,-6.355288028717041,3906,4
121,6.6244707107543945,61.792442321777344,7.860816899138241,-2.3148806,-6.573343753814697,3906,5
119,7.5036163330078125,74.52760314941406,8.63293711024319,-3.0372653,-7.487001419067383,3906,6
117,7.009963035583496,67.61853790283203,8.223049185237313,-2.6471882,-6.978693008422852,3906,7
129,5.505535125732422,45.70896911621094,6.760840858666246,-1.4421799,-5.285910606384277,3907,1
127,6.098086833953857,54.30957794189453,7.369503235761182,-1.9280164,-5.9821295738220215,3907,2
125,6.179670333862305,55.31737518310547,7.43756513807479,-2.018538,-6.08025598526001,3907,3
123,6.233748912811279,55.87600326538086,7.4750253019893425,-2.04943,-6.142970085144043,3907,4
121,6.065869331359863,53.719703674316406,7.329372665809565,-2.022676,-5.982769966125488,3907,5
119,6.706689834594727,62.06694412231445,7.878257683162849,-2.5087168,-6.696985721588135,3907,6
117,6.489395618438721,59.286346435546875,7.699762751900014,-2.3222826,-6.431827068328857,3907,7
114,6.513456344604492,61.8160285949707,7.862316999140311,-1.8954833,-6.372872352600098,3908,1
111,6.685546398162842,64.1405258178711,8.008778047734317,-2.109482,-6.5955634117126465,3908,2
108,6.784242630004883,65.48678588867188,8.092390616416875,-2.274187,-6.741942405700684,3908,3
105,6.8195624351501465,66.05091857910156,8.12717162234818,-2.2505972,-6.773152828216553,3908,4
102,6.827589988708496,66.25537872314453,8.139740703679973,-2.2785528,-6.787275791168213,3908,5
99,6.8280158042907715,65.19957733154297,8.074625522681716,-2.4165583,-6.793144226074219,3908,6
97,6.8127360343933105,64.30010223388672,8.018734453383946,-2.4841158,-6.775845527648926,3908,7
129,5.801386833190918,49.80793380737305,7.0574736136505,-1.7139597,-5.64298152923584,3909,1
127,5.87168025970459,50.874427795410156,7.132631197209776,-1.7958553,-5.7260332107543945,3909,2
125,6.186076641082764,55.0087776184082,7.416790250398632,-2.0577204,-6.085641860961914,3909,3
123,6.274087429046631,56.36540222167969,7.507689539510786,-2.1322277,-6.201916217803955,3909,4
121,6.40479040145874,57.60893249511719,7.5900548413774445,-2.3011048,-6.350538730621338,3909,5
119,6.525884628295898,59.929344177246094,7.741404535176165,-2.4523365,-6.44984769821167,3909,6
117,6.60148811340332,60.01144790649414,7.7467056163568095,-2.424091,-6.556718349456787,3909,7
123,5.915452480316162,51.69275665283203,7.1897674964377,-1.8317871,-5.785176753997803,3910,1
121,5.933823108673096,51.80376052856445,7.197482930064124,-1.908303,-5.830695152282715,3910,2
119,5.9419732093811035,50.88973617553711,7.133704239421277,-2.0625207,-5.855922698974609,3910,3
117,6.053607940673828,52.9457893371582,7.276385733120407,-2.215851,-5.964078903198242,3910,4
115,6.54267692565918,57.52534866333008,7.584546701242605,-2.5765798,-6.497318267822266,3910,5
113,6.336870193481445,55.43976974487305,7.445788725506053,-2.4575102,-6.2979736328125,3910,6
111,6.572801113128662,57.731239318847656,7.598107614323955,-2.5577068,-6.524721622467041,3910,7
129,6.461742401123047,66.29179382324219,8.14197726742357,-1.3101511,-6.272963047027588,3911,1
127,6.960082530975342,74.80634307861328,8.649066023485616,-1.6470037,-6.827213764190674,3911,2
125,7.087642192840576,75.92668151855469,8.713591769101573,-1.6861074,-6.921130180358887,3911,3
123,7.016958713531494,75.81761932373047,8.707331354883106,-1.7085614,-6.910646438598633,3911,4
121,7.198465824127197,78.46485900878906,8.858039230483746,-1.8430886,-7.147697448730469,3911,5
119,7.609729766845703,83.9334945678711,9.161522502721429,-2.0467093,-7.578301429748535,3911,6
117,7.125422954559326,77.77467346191406,8.818995036959373,-1.7770443,-7.0808892250061035,3911,7
129,7.659347057342529,90.0469970703125,9.48930962032078,-1.6187658,-7.501612663269043,3912,1
127,7.787418842315674,92.4988784790039,9.617633725558688,-1.7477467,-7.668600082397461,3912,2
125,7.973440647125244,95.08942413330078,9.751380627034347,-1.8295836,-7.851607799530029,3912,3
123,8.13119125366211,97.57097625732422,9.877802197722135,-1.9337327,-7.946263790130615,3912,4
121,8.145211219787598,98.74750518798828,9.937177928767719,-2.002663,-8.101778984069824,3912,5
119,8.11894702911377,98.12171936035156,9.905640784944282,-1.984935,-8.07612133026123,3912,6
117,8.316994667053223,101.35010528564453,10.067278941483867,-2.0314927,-8.279922485351562,3912,7
144,5.709234237670898,51.91881561279297,7.205471227670885,-1.1275172,-5.45195198059082,3913,1
143,6.459416389465332,63.484073638916016,7.9676893538162,-1.6320648,-6.276760578155518,3913,2
142,6.636834144592285,65.17340087890625,8.073004451807657,-1.7033558,-6.405498504638672,3913,3
141,7.1754584312438965,73.28104400634766,8.560434802412063,-2.018258,-7.090381145477295,3913,4
140,6.5862226486206055,64.2509765625,8.0156706870043,-1.6356192,-6.45021390914917,3913,5
139,6.869482517242432,69.71609497070312,8.349616456502845,-1.8433139,-6.801262378692627,3913,6
138,6.419332504272461,63.21921157836914,7.951050973196509,-1.561923,-6.313669204711914,3913,7
114,6.402446746826172,63.3975944519043,7.962260637024155,-1.1665134,-6.1837286949157715,3914,1
111,7.653916835784912,84.63092041015625,9.19950653079589,-1.9823778,-7.517403602600098,3914,2
108,7.576159954071045,82.27613067626953,9.07061909002189,-1.9262214,-7.363284111022949,3914,3
105,7.87895393371582,90.29267120361328,9.502245587418443,-2.2590885,-7.645984649658203,3914,4
102,7.999115467071533,92.9033203125,9.638636849290464,-2.4076374,-7.898493766784668,3914,5
99,8.011946678161621,94.26475524902344,9.709003823720714,-2.461139,-7.8638129234313965,3914,6
96,8.112078666687012,94.27271270751953,9.709413612959308,-2.3906498,-8.069522857666016,3914,7
114,5.580487251281738,47.032188415527344,6.858001780076128,-1.6387236,-5.405238628387451,3915,1
111,5.534450054168701,46.40349578857422,6.812011141254411,-1.6622505,-5.383397579193115,3915,2
108,5.530182361602783,46.37980270385742,6.810271852419507,-1.6748676,-5.393330097198486,3915,3
105,5.597053050994873,47.39370346069336,6.884308495462225,-1.6798863,-5.47176456451416,3915,4
102,5.699542999267578,48.35472106933594,6.953755896588256,-1.7469525,-5.574563980102539,3915,5
99,5.700409412384033,48.53398132324219,6.9666334282235765,-1.7665429,-5.610215187072754,3915,6
96,5.810874938964844,50.14066696166992,7.081007482108031,-1.8763494,-5.730210781097412,3915,7
144,6.5103044509887695,60.48671340942383,7.777320451763822,-2.1133363,-6.4117207527160645,3916,1
143,6.631303787231445,62.107887268066406,7.880855744655298,-2.2667801,-6.565353870391846,3916,2
142,6.670845031738281,62.68304443359375,7.917262433037934,-2.3963346,-6.65163516998291,3916,3
141,6.453250408172607,59.688018798828125,7.725802145979932,-2.223121,-6.42458438873291,3916,4
140,6.749362468719482,63.62153244018555,7.976310703588818,-2.4646895,-6.73090124130249,3916,5
139,6.754695415496826,63.70899963378906,7.981791755852132,-2.4708998,-6.734182834625244,3916,6
138,6.634408950805664,61.8917350769043,7.8671300406758435,-2.3686385,-6.610421180725098,3916,7
129,4.908140182495117,37.64366912841797,6.13544367820437,-1.0045943,-4.673627853393555,3917,1
127,7.278221607208252,70.61087799072266,8.403027906101626,-2.8596458,-7.233916759490967,3917,2
125,7.403922080993652,72.44316864013672,8.511355276343288,-3.0648456,-7.393222332000732,3917,3
123,7.476866245269775,73.24441528320312,8.55829511545396,-3.1684475,-7.4653849601745605,3917,4
121,7.640444755554199,75.34550476074219,8.680178843822413,-3.403596,-7.627306938171387,3917,5
119,7.759334564208984,76.87094116210938,8.767607493615882,-3.567803,-7.748879432678223,3917,6
117,7.727945804595947,76.64791870117188,8.754879707978395,-3.4960585,-7.71541166305542,3917,7
129,5.296013832092285,42.55033493041992,6.523061775762968,-1.3898525,-5.070919990539551,3918,1
127,6.080975532531738,53.47053146362305,7.312354714018122,-2.0540617,-5.99906063079834,3918,2
125,6.142733573913574,54.378578186035156,7.374183221620897,-2.1582284,-6.095383644104004,3918,3
123,6.179573059082031,54.55305480957031,7.386003981150451,-2.1850772,-6.1330084800720215,3918,4
121,6.280921936035156,55.850868225097656,7.473343844966432,-2.3398743,-6.254757881164551,3918,5
119,6.3528547286987305,56.71839141845703,7.531161359209948,-2.4265056,-6.339199066162109,3918,6
117,6.351461410522461,56.72371292114258,7.531514649865761,-2.3905888,-6.337711811065674,3918,7
144,4.51909065246582,31.53887176513672,5.61594798454693,-0.94051075,-4.1673688888549805,3919,1
143,5.263941764831543,41.561283111572266,6.446804100604599,-1.6147377,-5.070634365081787,3919,2
142,5.8195271492004395,48.00578308105469,6.9286205756308155,-2.0757139,-5.755206108093262,3919,3
141,5.373035907745361,42.48362731933594,6.517946556956105,-1.7047024,-5.239659309387207,3919,4
140,5.1830315589904785,40.68191146850586,6.378237332406647,-1.5958488,-5.023195743560791,3919,5
139,5.785147666931152,48.073577880859375,6.933511223100412,-2.047142,-5.713587760925293,3919,6
138,6.000953674316406,51.01301193237305,7.142339387929773,-2.2181053,-5.950989246368408,3919,7
119,5.682289123535156,48.998077392578125,6.9998626695513195,-1.3662755,-5.394275665283203,3920,1
117,6.613925457000732,62.915122985839844,7.9319053818007585,-2.0805943,-6.519637107849121,3920,2
115,6.563591003417969,61.44700622558594,7.838814082856279,-2.022955,-6.451880931854248,3920,3
113,6.068512916564941,53.239463806152344,7.296537795842104,-1.6435328,-5.922207355499268,3920,4
111,6.702952861785889,63.704769134521484,7.981526742078954,-2.2132537,-6.6225457191467285,3920,5
109,6.79680871963501,64.97006225585938,8.060400874389522,-2.3245683,-6.7501726150512695,3920,6
107,6.90324068069458,67.20120239257812,8.19763395087742,-2.40458,-6.8671417236328125,3920,7
144,5.737062931060791,53.54133605957031,7.317194548429768,-0.94616663,-5.415652275085449,3921,1
143,6.8717875480651855,72.06424713134766,8.489066328598668,-1.6538842,-6.7075629234313965,3921,2
142,6.9498724937438965,73.232177734375,8.557580133096915,-1.6934526,-6.784390449523926,3921,3
141,6.699779033660889,69.56493377685547,8.34055956017673,-1.5410118,-6.4894022941589355,3921,4
140,6.823876857757568,70.92379760742188,8.42162677915745,-1.5754471,-6.635618209838867,3921,5
139,7.261022567749023,78.35099792480469,8.851609905819657,-1.8265858,-7.1277666091918945,3921,6
138,6.710484027862549,70.3563461303711,8.387868986242637,-1.5224667,-6.51895809173584,3921,7
129,3.9900479316711426,24.462675094604492,4.945975646382066,-0.6067004,-3.4372880458831787,3922,1
127,5.958849906921387,49.5447883605957,7.038805890248409,-2.3204339,-5.890314102172852,3922,2
125,6.194369316101074,52.65986633300781,7.256711812729496,-2.6263254,-6.178532123565674,3922,3
123,6.193323135375977,52.48800277709961,7.244860438759301,-2.6448343,-6.174089431762695,3922,4
121,6.285207748413086,53.42227554321289,7.309054353554425,-2.800909,-6.273746013641357,3922,5
119,6.488835334777832,55.80177688598633,7.470058693610535,-3.024837,-6.4785380363464355,3922,6
117,6.541250705718994,56.677513122558594,7.5284469263294005,-3.0303588,-6.528447151184082,3922,7
129,5.253654479980469,42.460205078125,6.516149559220153,-1.1564243,-4.917155742645264,3923,1
127,5.263736248016357,43.81233215332031,6.619088468461523,-1.2574635,-4.916236877441406,3923,2
125,5.423708915710449,45.871971130371094,6.772884993145174,-1.4183722,-5.135672092437744,3923,3
123,6.117990493774414,55.90523910522461,7.476980614206821,-1.9553826,-6.054137706756592,3923,4
121,6.306691646575928,57.024009704589844,7.551424349391964,-2.099338,-6.264562129974365,3923,5
119,6.008542060852051,52.858245849609375,7.270367655738558,-1.895808,-5.916932582855225,3923,6
117,6.057982921600342,53.175010681152344,7.292119765963279,-1.8972254,-5.918136119842529,3923,7
144,5.875605583190918,49.53894805908203,7.038391013511684,-1.9491949,-5.7535200119018555,3924,1
143,6.828585147857666,62.36629104614258,7.897233125984226,-2.8093412,-6.784565448760986,3924,2
142,6.114434719085693,53.027889251708984,7.282025079035981,-2.342654,-6.073868751525879,3924,3
141,5.678174018859863,47.389610290527344,6.884011206449866,-1.9814146,-5.489922046661377,3924,4
140,5.546205997467041,45.72296142578125,6.761875584908469,-1.8949294,-5.367579936981201,3924,5
139,5.214670658111572,42.54250717163086,6.5224617416762865,-1.6982088,-4.896252632141113,3924,6
138,5.687772274017334,47.868736267089844,6.9187236010040065,-2.0202563,-5.578197956085205,3924,7
129,4.213716983795166,28.655227661132812,5.353057786081971,-0.79250586,-3.844146490097046,3925,1
127,5.583737373352051,45.315128326416016,6.731651233272266,-1.8984165,-5.452969074249268,3925,2
125,6.36227560043335,55.528133392333984,7.451720163313568,-2.6579413,-6.333927631378174,3925,3
123,5.377200126647949,43.4692497253418,6.593121394706896,-1.9003029,-5.217116355895996,3925,4
121,5.772541522979736,47.098724365234375,6.862851037668993,-2.220573,-5.7108306884765625,3925,5
119,5.790451526641846,47.28343200683594,6.8762949330897625,-2.2894754,-5.736298561096191,3925,6
117,5.23845911026001,41.559696197509766,6.446681021852235,-1.848433,-5.067451000213623,3925,7
144,4.438652515411377,32.84741973876953,5.731266852866784,-0.64549637,-3.9055323600769043,3926,1
143,5.025747776031494,39.8416633605957,6.312025297841866,-1.0191317,-4.5534563064575195,3926,2
142,4.881799697875977,37.48932647705078,6.122852805437248,-0.90970457,-4.310770034790039,3926,3
141,5.964485168457031,53.19606018066406,7.293562927723601,-1.6907372,-5.807773590087891,3926,4
140,5.931195259094238,52.06522750854492,7.215623847495442,-1.6358678,-5.730381488800049,3926,5
139,5.936354160308838,52.05741500854492,7.215082467203332,-1.6197329,-5.762448310852051,3926,6
138,6.692855358123779,62.2990608215332,7.892975409915655,-2.1131642,-6.646486282348633,3926,7
129,5.700729846954346,50.13117599487305,7.08033727973979,-1.4194505,-5.502323627471924,3927,1
127,5.673556804656982,49.372283935546875,7.026541392146415,-1.414386,-5.459542274475098,3927,2
125,6.06342077255249,54.59876251220703,7.3890975438281385,-1.6723154,-5.941011905670166,3927,3
123,6.634833335876465,62.65415954589844,7.915438051421945,-2.0735345,-6.528970241546631,3927,4
121,6.476909637451172,59.96666717529297,7.743814768916736,-2.0055692,-6.411830902099609,3927,5
119,6.6581244468688965,62.835018157958984,7.926854240993648,-2.1766968,-6.616466045379639,3927,6
117,6.694880485534668,64.26559448242188,8.016582469008965,-2.1956882,-6.655892848968506,3927,7
129,5.502097129821777,48.058692932128906,6.932437733736157,-1.0129831,-5.133075714111328,3928,1
127,6.289799213409424,59.06760787963867,7.685545385959195,-1.5200658,-5.9871344566345215,3928,2
125,6.221348285675049,58.104705810546875,7.622644279418191,-1.4752686,-5.8346757888793945,3928,3
123,5.4734206199646,48.42682647705078,6.9589386027648485,-1.075037,-4.780694961547852,3928,4
121,6.1565022468566895,57.9995002746582,7.615740297217219,-1.5329258,-5.87489128112793,3928,5
119,6.396477699279785,61.228824615478516,7.8248849586098395,-1.6912038,-6.276902675628662,3928,6
117,6.402955055236816,62.42887878417969,7.901194769411756,-1.7014582,-6.322617053985596,3928,7
114,5.407752513885498,45.5151481628418,6.746491544709873,-0.95555997,-4.888978958129883,3929,1
111,5.742812156677246,49.48372268676758,7.034466766341823,-1.168886,-5.157008647918701,3929,2
108,6.386474609375,59.52554702758789,7.715280100397385,-1.6441107,-6.01295280456543,3929,3
105,6.0797648429870605,55.02633285522461,7.417973635382146,-1.3768494,-5.71297550201416,3929,4
102,6.415252208709717,60.0885124206543,7.7516780390218925,-1.575058,-6.056796073913574,3929,5
99,6.515527725219727,60.63174057006836,7.78663859249088,-1.569833,-6.232882499694824,3929,6
96,7.456350803375244,76.79203796386719,8.763106638850584,-2.241677,-7.34795618057251,3929,7
129,4.063178539276123,27.298009872436523,5.224749742565334,-0.4205004,-3.0271592140197754,3930,1
127,4.775701999664307,35.3865966796875,5.948663436410527,-0.8493761,-4.042511463165283,3930,2
125,4.916369915008545,36.97880172729492,6.0810197933648364,-0.9236572,-4.2526140213012695,3930,3
123,5.681889057159424,47.465431213378906,6.889516036223365,-1.4739778,-5.291739463806152,3930,4
121,5.269785404205322,41.56960678100586,6.447449633847934,-1.1929715,-4.484723091125488,3930,5
119,4.704893589019775,35.45172119140625,5.9541347978867805,-0.890334,-3.8688900470733643,3930,6
117,6.606255531311035,61.57245635986328,7.846811859593887,-2.230243,-6.445595741271973,3930,7
129,5.323616981506348,45.7963752746582,6.767301919868671,-0.9345491,-4.950994491577148,3931,1
127,5.800421714782715,52.38703536987305,7.23788887520892,-1.2333484,-5.217007160186768,3931,2
125,5.636847496032715,50.34992599487305,7.095768175107826,-1.1464117,-5.1796183586120605,3931,3
123,5.770674705505371,51.91413879394531,7.205146687885356,-1.2292721,-5.201018333435059,3931,4
121,6.3157525062561035,60.62126541137695,7.78596592667711,-1.6360409,-6.127316951751709,3931,5
119,7.176441669464111,73.44219207763672,8.56984201007444,-2.2250478,-7.082608699798584,3931,6
117,7.596869945526123,80.44425201416016,8.969071970619934,-2.4962325,-7.555821418762207,3931,7
129,4.99627685546875,40.12822341918945,6.334684160965679,-0.9609777,-4.5730695724487305,3932,1
127,5.398820400238037,44.15386962890625,6.644837818104085,-1.1779375,-4.963882923126221,3932,2
125,5.455765247344971,46.24319839477539,6.800235172019817,-1.2703209,-4.966226100921631,3932,3
123,5.921066761016846,52.38711929321289,7.237894672707865,-1.5779059,-5.716673851013184,3932,4
121,5.613016605377197,48.49246597290039,6.9636532059616805,-1.4228783,-5.207780838012695,3932,5
119,5.301390647888184,44.547828674316406,6.674415980017757,-1.2499433,-4.80483865737915,3932,6
117,5.89834451675415,52.821475982666016,7.267838467017963,-1.6248653,-5.750950813293457,3932,7
129,5.482840061187744,50.84634017944336,7.130661973438606,-0.75994265,-4.99798059463501,3933,1
127,6.373291969299316,63.23371124267578,7.951962728954141,-1.2132268,-5.952600479125977,3933,2
125,5.945369720458984,56.93117141723633,7.545274774137542,-0.9972836,-5.518019199371338,3933,3
123,5.959964752197266,60.19306182861328,7.758418771155195,-1.1325033,-5.490686416625977,3933,4
121,7.096255779266357,76.1959457397461,8.729028911611309,-1.7240603,-6.9483256340026855,3933,5
119,7.61142110824585,85.19610595703125,9.23017366884455,-2.0599115,-7.458764553070068,3933,6
117,9.484537124633789,118.62348937988281,10.891441106661818,-3.2332125,-9.459075927734375,3933,7
144,6.191603183746338,62.707275390625,7.918792546255079,-1.1196432,-5.944550514221191,3934,1
143,6.071035385131836,60.53017044067383,7.780113780702299,-1.0713961,-5.662262439727783,3934,2
142,6.52405309677124,67.98139190673828,8.245082892654159,-1.326024,-6.252484321594238,3934,3
141,6.536390781402588,68.52674865722656,8.278088466380785,-1.328752,-6.313721656799316,3934,4
140,6.421958923339844,66.07049560546875,8.128375951287486,-1.2331929,-6.177577018737793,3934,5
139,6.408261775970459,65.77008819580078,8.109875966733448,-1.2081721,-6.109528541564941,3934,6
138,6.711121559143066,70.349365234375,8.387452845433767,-1.3464401,-6.520602226257324,3934,7
129,6.163734436035156,64.7552261352539,8.047063199407216,-0.8549397,-5.873739719390869,3935,1
127,6.505508899688721,71.71991729736328,8.468761261091451,-1.1050496,-6.150747299194336,3935,2
125,7.006141662597656,79.93645477294922,8.94071891812673,-1.349731,-6.7547221183776855,3935,3
123,7.8968610763549805,94.29067993164062,9.710338816521318,-1.8036146,-7.757308483123779,3935,4
121,7.806610584259033,91.42218780517578,9.561495061190785,-1.7523282,-7.762042999267578,3935,5
119,7.66032600402832,87.86129760742188,9.373435741894317,-1.6452477,-7.6007232666015625,3935,6
117,7.786818504333496,92.15758514404297,9.59987422542832,-1.7280812,-7.725486755371094,3935,7
144,5.866449356079102,61.28017807006836,7.828165689998415,-0.7160691,-5.317622661590576,3936,1
143,6.638415813446045,74.46174621582031,8.629121984061896,-1.1146498,-6.119602680206299,3936,2
142,6.790574073791504,77.01667022705078,8.77591421032879,-1.1899998,-6.190982341766357,3936,3
141,7.30192232131958,87.11184692382812,9.333372751788504,-1.4618773,-6.2234015464782715,3936,4
140,7.163835048675537,84.54352569580078,9.19475533637523,-1.374614,-6.909916877746582,3936,5
139,7.480349540710449,88.90818786621094,9.429113843103758,-1.479388,-7.2137908935546875,3936,6
138,7.699137210845947,90.97847747802734,9.538263860788678,-1.5191092,-7.49519157409668,3936,7
129,7.143252849578857,79.27931213378906,8.903893088632021,-1.2825339,-7.0013108253479,3937,1
127,8.257745742797852,100.82765197753906,10.041297325422601,-1.975981,-8.183996200561523,3937,2
125,7.743305683135986,90.51215362548828,9.513787554149413,-1.6569326,-7.636126518249512,3937,3
123,7.377201080322266,85.36803436279297,9.23948236443974,-1.4914815,-7.2431416511535645,3937,4
121,8.003273010253906,93.74738311767578,9.682323229353365,-1.8760147,-7.919493675231934,3937,5
119,8.217775344848633,97.48031616210938,9.873212048877983,-1.989548,-8.15356731414795,3937,6
117,8.393625259399414,100.34053802490234,10.017012430106211,-2.1170313,-8.362808227539062,3937,7
129,5.2254533767700195,42.73404312133789,6.53712804841223,-0.89867127,-4.8837890625,3938,1
127,6.363533020019531,60.34458541870117,7.768177741188803,-1.7013485,-6.211084365844727,3938,2
125,6.100849628448486,56.53181076049805,7.518763911740948,-1.5246944,-5.902629852294922,3938,3
123,6.397116661071777,60.95304489135742,7.807243104409995,-1.7404604,-6.262033939361572,3938,4
121,6.525704383850098,62.34385681152344,7.895812612487928,-1.8428097,-6.4047017097473145,3938,5
119,6.281815052032471,58.309627532958984,7.6360740916362895,-1.6760721,-6.172140598297119,3938,6
117,6.824934482574463,67.17330169677734,8.195932021239399,-2.0393844,-6.777575969696045,3938,7
144,8.823978424072266,113.30886840820312,10.6446638466512,-1.9107137,-8.626473426818848,3939,1
143,8.88906478881836,114.73970031738281,10.711661884011408,-2.0253818,-8.763782501220703,3939,2
142,8.906604766845703,114.67334747314453,10.708564211561908,-2.0477293,-8.780587196350098,3939,3
141,9.054951667785645,117.2168960571289,10.826675207889489,-2.1271791,-8.941899299621582,3939,4
140,9.045999526977539,116.9987564086914,10.81659634121064,-2.117477,-8.928789138793945,3939,5
139,8.447391510009766,104.86009979248047,10.240122059452244,-1.7810473,-8.17910099029541,3939,6
138,8.838177680969238,112.13514709472656,10.589388419296299,-1.9774473,-8.711260795593262,3939,7
