n,mae,mse,rmse,r2,bias,station_id,horizon
138,4.44849901959516,41.3585493871798,6.431061295554552,0.9107642750856065,2.6104087311288584,1,1
138,6.250836911408798,69.62232432146337,8.343999300183537,0.8577255939406483,4.0029748971911445,1,2
138,7.431490462759267,102.84868438082134,10.141434039662307,0.797062449367316,2.5326992186947144,1,3
138,10.142911710600922,207.4545868889047,14.403283892533143,0.5975294452846153,1.133497245069863,1,4
138,11.769365435061248,290.19393461236143,17.035079530555805,0.45256937497172,0.12183528015579002,1,5
138,12.947251001993815,387.0235572471383,19.672914304879647,0.293641562533415,-0.44620209845943726,1,6
138,13.553275861601898,390.96526920855166,19.772841707972873,0.3133083797407725,-0.34888105116028717,1,7
138,3.661251157954119,23.46125728884221,4.843682203535055,0.7974894979851359,1.203490858492644,2,1
138,5.498599591462509,48.393507224070966,6.956544201259054,0.5789528149599777,1.8574250262716543,2,2
138,6.628682482069817,74.03313230349038,8.60425082755555,0.3623895304257212,1.97138982579328,2,3
138,8.225758386694867,113.00800886393802,10.630522511332076,0.021511334143389238,1.7195716111556343,2,4
138,9.629313081934832,144.13358878533032,12.005564909046567,-0.2548223107790004,2.6513853073120117,2,5
138,9.722302270972211,140.5671058572029,11.85609994294932,-0.21100257592675398,2.4940184579379316,2,6
138,10.107618069303209,145.76874482405566,12.073472773980802,-0.2077458933596279,2.654456276824509,2,7
138,6.306870660920074,69.39701021174032,8.330486793203644,0.6788898258943707,2.1044651736383853,3,1
138,9.830020261847455,165.3313748617602,12.85812485791611,0.2706978274704085,3.4998011589050293,3,2
138,11.898247456205064,237.20270808282822,15.401386563645113,-0.010220625833117225,5.283468412316364,3,3
138,14.279501666193424,316.9149755971486,17.8021059315225,-0.28824958008820456,8.648620038792707,3,4
138,15.280273022858992,377.6221753050428,19.432503063296885,-0.5113674137097666,8.769552811332371,3,5
138,16.955718634785086,429.70683384306756,20.729371284317033,-0.6326231634269219,9.065407241600147,3,6
138,16.579288316809613,425.44349803279573,20.626281730665752,-0.521796683287018,5.698432811792346,3,7
138,6.150705005811608,62.43225030379455,7.901408121581529,0.6329570932238862,1.4701148599818132,4,1
138,8.004959293033766,103.2634467279821,10.161862365136722,0.3856196569782282,2.027439248734626,4,2
138,8.457353094349736,121.44930671386346,11.020404108464602,0.2714035645804517,-0.18373818328415137,4,3
138,8.902407141699307,127.56482154074062,11.294459771974072,0.2272541846167866,0.3297441247580708,4,4
138,9.466917791228363,150.54661038251152,12.269743696691936,0.08395565053769083,-0.29507722025332245,4,5
138,9.680897401726764,148.45563928887702,12.184237328978659,0.10750892001408052,-2.023863992829254,4,6
138,10.088110930677773,162.67469063830433,12.754398874047508,0.0390547569041203,-1.6934478939443394,4,7
138,5.611030067222706,50.45068825037329,7.1028647917846,0.5515271788457163,3.5684514391249507,5,1
138,9.19072363342064,126.99628111493877,11.269262669533388,-0.10767720822540383,5.85076964419821,5,2
138,11.036201428675998,181.21904221089227,13.46176222531405,-0.51684793605889,7.600603497546652,5,3
138,12.768126646677652,224.45604787111938,14.981857290440308,-0.7942189844427476,8.872294004412664,5,4
138,13.16897868419039,256.3561644855814,16.01112627161442,-1.0214500924254444,8.035073466922926,5,5
138,13.33417893147123,251.50608714493816,15.858943443525428,-0.8925484743001357,8.297058361164037,5,6
138,14.28754294436911,292.24595086236724,17.0952025686263,-1.0177555733608186,7.354869752690412,5,7
117,4.920534109457945,39.71819434376567,6.302237249085889,0.8085142770539921,2.026386089814015,7,1
117,7.432801303700504,80.4920436803349,8.971735823146762,0.6140882221754189,4.288106445573334,7,2
117,7.7483642773750505,88.9077247161668,9.429089283497468,0.5838363153473594,3.936077346149673,7,3
117,8.21431618062859,100.49399556903892,10.024669349611433,0.5283433710054579,4.343470125116854,7,4
117,9.612603391337599,143.36186186963022,11.973381388297552,0.32836530930315555,2.725148893829085,7,5
117,9.810277759519398,163.6851393975782,12.793949327614918,0.2529111579383342,2.1314553806924414,7,6
117,9.230794629480085,143.81848608612916,11.992434535411446,0.3572068987256354,1.3889883644560463,7,7
138,4.160049314084261,28.258440148242713,5.315866829430805,0.7263871167034993,2.0200134360271953,8,1
138,6.3396083168361494,61.68056753893283,7.853697698468717,0.4055781168025999,4.0221035169518515,8,2
138,7.417179149130116,85.89396660474715,9.267899794707922,0.17981109037665965,4.07561076896778,8,3
138,9.211019709490348,126.58935247982099,11.251193380251758,-0.21633734920917225,4.601182440052861,8,4
138,9.581587777621504,131.09125300203843,11.449508854184026,-0.2577678041422764,4.036868855573129,8,5
138,9.886554248091104,141.71129887827692,11.904255494497626,-0.3521688745188052,3.730562901151353,8,6
138,9.482224561166072,131.54549545032594,11.46932846553476,-0.23041162538037807,2.5760180708290874,8,7
138,5.503625807554825,58.5340453441544,7.650754560443983,0.8829655348874448,0.5607163733330326,9,1
138,7.978539024574169,130.21156294552068,11.411028128329221,0.7548857555380885,0.43942306352698285,9,2
138,8.599449807319088,152.36999820000264,12.343824293953745,0.7232379695757712,0.4747330071269602,9,3
138,11.052197774251303,279.56474171073774,16.720189643384362,0.5002382253376959,-1.0533485412597656,9,4
138,13.554547987122467,413.323454487267,20.330357952757915,0.2723809828587753,-1.9300276438395183,9,5
138,14.099433525748875,443.8856700448484,21.06859440126105,0.23298749976413746,-2.5727800148120825,9,6
138,15.327164567035178,509.80770475688513,22.578921691632775,0.14076917947104928,-3.8761424050814863,9,7
138,6.031728229660919,91.09134010602632,9.544178335824741,0.9314582296782099,-1.9720173469488171,10,1
138,9.407435769620148,206.33682006554423,14.36442898501518,0.8486852182079636,-4.06179586355237,10,2
138,11.30715178752291,364.54162466532387,19.092973175106174,0.7352661872999013,-4.2031961316647735,10,3
138,13.441208445507547,555.3555882458749,23.565983710549297,0.5992874848260327,-5.151897022689599,10,4
138,13.248798529307047,574.2598608758422,23.963719679462162,0.5914192893431431,-6.388108288032421,10,5
138,14.276519968889762,641.7133156761482,25.332061023062224,0.5527552748414191,-5.173723082611526,10,6
138,16.39823375923046,757.0817747086805,27.515119020434575,0.48665538132240327,-6.053500755973484,10,7
138,3.522959183955538,26.918462666559748,5.188300556690963,0.9654578272144817,1.0901811433875042,11,1
138,5.196246133334395,58.2694139337993,7.633440504372802,0.9313639871693887,0.9578607531561367,11,2
138,6.860559373662092,124.84534568370783,11.173421395602505,0.8637880563421425,0.3736524789229683,11,3
138,9.088412388511326,242.48201432629048,15.571834006509654,0.7499276455472521,0.44136014883069025,11,4
138,9.442770833554475,275.6226671838278,16.601887458473744,0.7252699580162871,-1.4163370961728303,11,5
138,12.128045116645703,420.24485853062936,20.49987459792448,0.5994792002833497,-1.557977406874947,11,6
138,12.04616682080255,425.1813728866511,20.619926597508808,0.6190258788290413,-1.6015002762061963,11,7
138,5.379388214885324,99.74645574767717,9.987314741594819,0.8665111911989699,-0.04002065243928329,12,1
138,7.070279059202774,170.89675208426613,13.072748451808677,0.779598746889079,-0.256099389946979,12,2
138,8.521089533100957,207.28745171421457,14.397480741928936,0.7445577056665059,-0.9657764642134957,12,3
138,10.027009259099545,273.47302463653796,16.5370198233097,0.6742363802964234,-0.5988402297531349,12,4
138,10.335337265678074,292.76927176370464,17.110501797542486,0.6623881322682412,-1.6667979143667913,12,5
138,11.302005228788957,366.74843851902773,19.15067723395253,0.5889266033624387,-1.2102502878161445,12,6
138,12.326338560684867,433.19866255540774,20.813425055848153,0.5405643184421663,-0.9009943975918535,12,7
138,5.334899981816609,48.20795345341619,6.943194758424697,0.9445991502536315,2.838842029156892,14,1
138,7.449797422989555,96.93458328491563,9.845536211142369,0.8928425449576768,3.2301209767659507,14,2
138,10.64650957826255,200.25999664995587,14.151324907935507,0.7808995861319932,3.353616099426712,14,3
138,13.965416977370994,343.78270182575574,18.541378099422808,0.6256844084910252,3.784440026767012,14,4
138,15.592303137848342,396.1231960114411,19.90284391767772,0.5730230036401247,3.3191423416137695,14,5
138,16.074892748957094,480.7543644082884,21.926111474866865,0.48788764239447535,1.4534001695937004,14,6
138,17.601468100064043,609.2420280135241,24.682828606412272,0.36552205864779297,-0.11572555873704993,14,7
138,5.111994259599326,42.443480035628035,6.514866079638785,0.6911113916063325,1.3270757647528164,15,1
138,9.030972273453422,115.77798767771326,10.760018014748546,0.14338862477932346,3.6666753188423487,15,2
138,10.78075309421705,175.2506373638167,13.238226367750958,-0.30609226062813466,5.204128210095392,15,3
138,12.726412828417791,249.61604586425182,15.799241939544183,-0.8592336938182548,7.380719710087431,15,4
138,15.627532641092936,356.9267323289334,18.89250466002148,-1.6546390181780013,9.70036742998206,15,5
138,15.90754643039427,345.61325226497445,18.590676487556188,-1.5268454523230521,7.747673850128616,15,6
138,15.519437527311021,326.8232105045256,18.078252418431536,-1.1999698019907106,6.876373387765193,15,7
138,4.469808046368585,47.44174639410491,6.887796918761826,0.9119056696304889,0.9075061203776926,16,1
138,7.824412843455439,122.20736631300996,11.054744063659275,0.782078840790132,3.2685047232586406,16,2
138,9.19074337033258,188.38132271968573,13.72520756563214,0.6754969037948656,1.4750195309735727,16,3
138,11.27082111524499,289.2887383429438,17.00849018410934,0.5070814201382148,2.173975239629331,16,4
138,12.533456484476725,364.01897372690354,19.079281268614483,0.3886870227625109,-0.2399655908778094,16,5
138,12.994784451913143,408.38612699310636,20.20856568371705,0.3247350891073969,-1.5707473202028137,16,6
138,13.854278522989024,472.28412776260313,21.73209901879253,0.24110089914567645,-2.508092976998592,16,7
96,4.42623907327652,31.08053906193076,5.574992292544517,0.8203610367830336,0.9487735629081726,17,1
96,7.176785250504811,77.09750024785183,8.78051822205568,0.5643435082580354,1.8965964516003926,17,2
96,8.169005235036215,101.44743542434692,10.072111765878441,0.44464530955746695,1.3893448114395142,17,3
96,9.752337455749512,140.2932399224786,11.844544732596463,0.23304599513131585,2.3166640996932983,17,4
96,10.39152854681015,162.543563212708,12.74925735926246,0.10754928007369846,1.0706279476483662,17,5
96,10.761799216270447,188.0245029826423,13.712202703528062,-0.022744122093830255,-0.17786022027333578,17,6
96,11.260233243306478,211.42887913731943,14.540594181027108,-0.11872516040665615,-0.7565319935480753,17,7
138,4.4166898520096485,33.19382462987344,5.761408215868187,0.7804092314849396,1.508803720059602,18,1
138,6.12766634899637,63.59398980032466,7.974583989169884,0.5911658218921827,1.6048504787942637,18,2
138,7.319612364838089,90.79138429266185,9.528451306097011,0.45223698490290687,1.8474971937096638,18,3
138,8.366175914156264,108.75224426820121,10.42843441117607,0.33957406398446643,2.4907283782958984,18,4
138,8.38508383433024,103.11150870732585,10.154383718735758,0.3709095818479582,1.833889795386273,18,5
138,9.118628612463025,121.5113466599366,11.023218525455105,0.26102688018090314,3.0424872273984165,18,6
138,9.695139290629953,135.06374159550762,11.621692716446585,0.22988729911117656,2.9127143362294072,18,7
138,4.271023225093233,34.01001451324034,5.8318105690463184,0.9200896535307864,-0.009060445039168648,19,1
138,7.366494247878808,97.12500681417663,9.855202017928228,0.7756537500937153,-0.5069695901179659,19,2
138,8.916426948879076,183.41647822828278,13.543133988419475,0.5891825414644513,-0.946690849635912,19,3
138,10.545073495394941,264.53201919666367,16.264440328417813,0.41281902594259234,-0.7456517703291299,19,4
138,12.639404186304064,343.5797653580367,18.53590476232646,0.24518881109574164,-1.3733505027881567,19,5
138,13.92308078987011,385.191801566107,19.626303818246242,0.16528386849287036,-1.3448718941730002,19,6
138,14.111263275146484,382.48710241825285,19.557277479706954,0.19637268939878016,-1.3800872305165166,19,7
138,5.0427091156227,49.90883104602506,7.0646182519669845,0.9085846531010324,1.646612512892571,20,1
138,8.414909031080162,136.22094256349902,11.671372779733282,0.7576484456999076,1.4495561295661374,20,2
138,11.022405603657598,271.9164050898663,16.489887964745737,0.5363566514983141,0.9847059457198434,20,3
138,13.833277218583701,402.6118418118025,20.065189802536196,0.3167978086845348,1.057495573292608,20,4
138,13.215468164803326,382.25910083885077,19.55144753819652,0.35741245301150437,0.5370923954507579,20,5
138,12.950882566147957,395.9889459867793,19.899470997661705,0.3404526151592806,-2.325959965802621,20,6
138,13.294711831687152,399.3260171635764,19.983143325402448,0.3518115985315543,-2.071164103521817,20,7
138,6.330305348271909,66.63140994725221,8.162806499437078,0.5426050119397157,3.772098458331564,21,1
138,8.541780416516291,116.4944697179268,10.793260384051095,0.19131063030135775,4.049523754396301,21,2
138,10.225547569385473,163.9901624322728,12.805864376615613,-0.14094588612115766,5.208540792050569,21,3
138,10.348669522050498,179.2051123664935,13.386751374642524,-0.25970585955995285,4.406221445055976,21,4
138,10.526905958203303,170.83910850414497,13.070543542796718,-0.20722909821585134,2.9294287225474482,21,5
138,9.912496829378432,148.9311650296143,12.203735699760722,-0.054708753122963305,2.655211006385693,21,6
138,10.03230657439301,157.56764718996715,12.552595237239474,-0.11671397441754294,2.6454188720039697,21,7
137,5.235468773946275,42.64785248714102,6.530532328006732,0.5520473379614917,2.616940783758233,22,1
137,7.864467690460874,99.1541832262613,9.957619355361064,-0.054098482610066556,4.095908770596024,22,2
137,7.685011842825117,91.5395382929158,9.56762971131909,0.01768992156431115,3.323156677023338,22,3
137,8.421853142063114,113.6537714633591,10.660852285974096,-0.22782515992236752,3.1272391994504165,22,4
137,7.878857187981153,90.54982037232124,9.515766935582294,0.01311954685635719,2.8781222322561444,22,5
137,8.94069187136462,113.94400091895261,10.67445553267016,-0.24334262391774875,4.19517313824953,22,6
137,8.832987165799105,115.67041512859687,10.755018137064988,-0.2613061781774595,3.5940696131573975,22,7
138,4.594525966091433,33.98504204085644,5.829669119328853,0.5708850674578788,2.050899484883184,23,1
138,6.997519721155581,79.58466836556289,8.921023952751327,-0.02850271415035932,2.8094268398008486,23,2
138,7.57756206954735,99.05039031207679,9.952406257387043,-0.2490761605759786,1.6948784676150999,23,3
138,9.345938834591188,144.11640431027516,12.004849199814013,-0.8595405563417651,2.8228296196979024,23,4
138,8.71958569512851,116.72601177880242,10.803981292967997,-0.5184667685055728,0.21220160221707993,23,5
138,8.00406033059825,106.83528819914294,10.336115721059963,-0.3888158264153754,0.2547792075336843,23,6
138,8.92233439459317,134.15152246143265,11.582379827195819,-0.7023681034104161,0.9375253483869027,23,7
138,5.146813793458801,43.110730226211594,6.565876196381683,0.5668857722582903,2.7028490978738535,24,1
138,8.203784044238104,105.53049306096487,10.272803563826423,-0.08062779141975152,4.891187239384306,24,2
138,9.08050925489785,134.20783859496012,11.584810684467836,-0.38208781736167596,4.111858879310497,24,3
138,10.79480797311534,177.32396197481145,13.316304366257608,-0.8506533821919098,5.107979774475098,24,4
138,8.959835494773975,131.8977423778772,11.484674239083892,-0.3858837511434816,3.5498792675958164,24,5
138,9.057769416035086,119.56589485391021,10.934619099626206,-0.26628180115489486,3.27174963467363,24,6
138,9.488125524659088,128.3454401950688,11.328964656801997,-0.3605814109020422,3.1703794313513716,24,7
138,5.420560594918071,47.69371871915971,6.906063909287237,0.5554938303592672,1.599136525306149,25,1
138,10.608334251072096,155.73022700841577,12.47919176102426,-0.46312365533906164,7.61648142165032,25,2
138,8.366113344828287,117.20591073764204,10.826167869456027,-0.041957559170558545,2.345597985861958,25,3
138,8.712664825328883,127.99345632266312,11.313419302874932,-0.14938877252772675,1.875102098437323,25,4
138,7.516207059224446,100.98756463494259,10.049256919540996,0.08753763781827717,-0.14040348495262256,25,5
138,8.653243175451307,118.24373086782802,10.873993326640772,-0.06595120413801281,2.4398383679597275,25,6
138,11.302399441815805,189.3762686293182,13.761405038342495,-0.7024460877584313,5.818139794943989,25,7
138,5.450789306474769,47.71816604017485,6.907833672011425,0.7035862309257623,2.1945506731669107,26,1
138,8.761903769728066,114.8341499330975,10.716069705498258,0.27378207450369507,2.095421452453171,26,2
138,8.500540090643842,114.23716509600243,10.688178754867568,0.2693904456467492,1.432944125023441,26,3
138,8.6289226628732,118.735108785892,10.896564081667762,0.23307532750259996,-1.0282178201537202,26,4
138,10.122365944627402,157.10676907459015,12.534223911937673,-0.01868653165003953,2.6225067843561587,26,5
138,10.091736689857814,145.4935658998168,12.062071376833117,0.051734235386513894,1.3620722604834514,26,6
138,9.450564377549766,126.37560950139725,11.241690686965073,0.17580801494509757,0.7218912718952566,26,7
138,5.573746100715969,48.68576300473078,6.977518398738249,0.6847085872014048,1.009069069572117,28,1
138,7.57048591669055,84.78184311432028,9.207705637905693,0.4439274152636866,1.1215699651966924,28,2
138,8.751619712166164,109.18744266365948,10.449279528448814,0.2782356092366298,1.8251651404560476,28,3
138,10.207363847373188,181.79670874126674,13.483200982751342,-0.2059064694518875,-6.892650023750637,28,4
138,8.503895234370578,111.19219533466068,10.544770994889396,0.26749208442414885,0.5736318809398706,28,5
138,8.93457942078079,113.94615084101672,10.674556236257164,0.25130377833610684,0.08971373240152995,28,6
138,9.01524021314538,119.74466405696649,10.942790505943467,0.21733990447544738,0.5878902656444605,28,7
51,5.277955055236816,49.27136363674052,7.019356354876173,0.3874639537822101,-1.5084094066245883,29,1
51,8.092247327168783,114.1158380927285,10.682501490415458,-0.48855484825401274,-0.6749924865423464,29,2
51,8.080983386320227,105.76222252471254,10.284076162918696,-0.3330195811643202,1.601299715977089,29,3
51,9.231362081041523,123.22394956123605,11.100628340829903,-0.40526276037272924,4.263760978100347,29,4
51,7.8761490466547945,93.20080743855671,9.654056527623853,0.07772204803814153,1.3061942306219363,29,5
51,8.956199795592065,111.24973608527944,10.54749904409948,-0.013078222300022091,2.741343255136527,29,6
51,8.634739707497989,106.4763844703398,10.31873948068948,-0.09293431187712065,3.294925801894244,29,7
138,4.767939049264659,36.38957305517709,6.032377065069547,0.5362577792961584,1.9942950027576392,30,1
138,7.649908224741618,92.5070262585891,9.618057301689833,-0.2059349154334129,5.132762487383856,30,2
138,8.097683498824852,101.06141135805987,10.052930486085133,-0.33507859092627257,5.435279811637989,30,3
138,7.581807682479638,85.27225680519852,9.234297851228241,-0.141915714312441,3.941955241604128,30,4
138,8.959775060847186,115.72783736676604,10.75768736145302,-0.5648096020920537,5.390167561130247,30,5
138,8.749148707458938,106.87376956784058,10.33797705394245,-0.45872489140091943,4.25812908531963,30,6
138,8.99328302991563,119.16750485914164,10.916386987421326,-0.627289289303028,4.112202761829764,30,7
138,5.635202352551446,49.32737834380495,7.023345238830635,0.4929336410191897,4.197295783222586,31,1
138,6.891824888146442,73.68778724519026,8.584159087830926,0.23846148663635736,3.942938376164091,31,2
138,7.721450294273487,87.05867821661643,9.330524005468098,0.09053337256800764,4.009199736774832,31,3
138,8.150982082753941,103.45455842425321,10.171261397892259,-0.09101332104156512,4.068730547808219,31,4
138,7.711737618930098,89.73118298006733,9.47265448436009,0.055214346396893155,1.9408741273741792,31,5
138,8.199373646058898,95.15953117984272,9.7549746888366,-0.004939861220056407,2.5542671784110693,31,6
138,7.782107311746349,92.50643151471661,9.61802638355274,0.022691475153355345,1.1253931902456975,31,7
138,6.365389830824258,65.11415132885314,8.069334007763784,0.5882586253202251,2.6141924581665923,32,1
138,9.96930570187776,139.35087528550088,11.804697170427579,0.10517371806381814,5.147921576016191,32,2
138,10.705262695533643,155.74186700913663,12.47965812869634,-0.007763054257575064,4.920373584913171,32,3
138,11.180328811424365,177.5367671304854,13.324292368845912,-0.14917783361349568,4.713562149932419,32,4
138,11.785127916197846,204.9861718886908,14.317338156539112,-0.3133876239604576,4.567421871682872,32,5
138,10.813320367232613,169.09381073973412,13.00360760480468,-0.07777557023649018,3.2397669501926587,32,6
138,11.109689187312473,175.60242677152527,13.25150658497083,-0.11230936551728843,3.1303561390310093,32,7
138,6.262157564577849,65.16174674050026,8.07228262268488,0.633533191576215,2.588957427204519,33,1
138,8.09102131663889,100.66987735384693,10.033437962824454,0.42829165352217535,-0.33764511605967645,33,2
138,10.064087411631709,142.1263423820954,11.921675317760311,0.18917780767739378,2.913553984268852,33,3
138,9.467599592347076,132.3231994092726,11.503182142749571,0.24421431650862413,1.0755668031996575,33,4
138,9.087485147559125,127.62604518373435,11.29716978644361,0.2761370466871442,0.8806589790012526,33,5
138,9.454235394795736,136.65910131108305,11.690128370171264,0.22597618631692307,0.7124388736227284,33,6
138,10.089045151420262,149.6154255330776,12.231738450975707,0.1560644453337241,0.8577801801156306,33,7
138,5.490152849667314,47.32972484779325,6.879660227641569,0.6249844578873853,0.7147951471632805,34,1
138,7.669710152391074,94.46008961690326,9.719058062225129,0.23792902228116208,1.1130989116171133,34,2
138,7.659856429998426,94.97631309641964,9.74557915654168,0.22668392404410853,-0.30443338725877844,34,3
138,8.526601632436117,114.23517414784592,10.688085616603468,0.06541959334349845,2.056846349135689,34,4
138,8.200889483742092,109.24543841150823,10.452054267535557,0.10974183656312686,1.6743870956310327,34,5
138,8.743743751360023,113.17436096859058,10.638343901594391,0.07820345998869116,1.2763393167136372,34,6
138,8.223026738650557,110.02331247183938,10.489199801311793,0.10621508706376115,-1.1653626276099163,34,7
138,5.462480738543082,50.924862376827534,7.136165803625048,0.6609517930293407,-0.6758686286815698,35,1
138,8.076943867448447,102.89558490979073,10.143746098448577,0.3090997934997497,-0.412170700404955,35,2
138,8.580773049506588,116.0709425177311,10.773622534585622,0.21837540729379767,-1.631429216136103,35,3
138,9.239714788353961,138.64027383928058,11.774560452062769,0.06755359773517278,-3.9569633732671323,35,4
138,9.772605315498684,152.00281750382473,12.328942270277071,-0.0133444830140248,-2.52530847079512,35,5
138,9.609576709028604,156.03975463631545,12.491587354548479,-0.034715672566079325,-3.511336893275164,35,6
138,9.492811299752498,159.3573543024563,12.62368227984435,-0.0528133187497668,-4.391888756682907,35,7
117,6.571995596600394,74.94714893142817,8.657202142229796,0.5843256795559099,-2.302508525359325,36,1
117,9.148450329772427,142.08792424061053,11.920063936095751,0.21094681241915836,-3.3327881739689755,36,2
117,9.169722891261435,151.46353884514383,12.307052402795067,0.15569081695375697,-3.4050364698100295,36,3
117,10.152868531708025,171.06884070926264,13.079328756066293,0.034829948521371445,-0.2982689132038345,36,4
117,9.413457316211145,153.88550284507576,12.405059566365482,0.12888332731112118,-2.428448000524798,36,5
117,9.49470458071456,160.61333812853113,12.6733317690547,0.08763735233619907,-2.4756662743723292,36,6
117,9.768715760646723,170.77666602493807,13.068154652625521,0.020402966880585405,-3.751440545432588,36,7
138,6.85880826867145,78.51694629008502,8.860978856203474,0.5594779671391157,4.293867069741954,37,1
138,10.553478496662084,168.974556267704,12.999021358075538,0.04414897978011134,6.750533815743267,37,2
138,11.404294324957807,188.7799627527923,13.73972207698512,-0.06867888040605674,6.338079169176627,37,3
138,11.909101645151773,213.0871245268618,14.597504051270608,-0.20541325559598222,5.717418470244477,37,4
138,12.249830999236176,218.1397218747321,14.769553882048438,-0.22236202810094086,6.451611788376518,37,5
138,12.259265948032986,202.96992448789769,14.246751366114932,-0.13068534694120038,5.194630104562511,37,6
138,12.765568795411482,225.8937168380023,15.029761037288726,-0.25031543913549337,4.957375063412432,37,7
138,5.182594257852306,42.9435656398406,6.553134031884332,0.7450578014298663,-1.3901832276496335,38,1
138,7.71040291717087,104.31347506989671,10.213396842867544,0.3714582165945488,-1.9911219555398691,38,2
138,8.131694862808006,121.29800650534914,11.01353742016384,0.26277064102679004,-2.1517178493997324,38,3
138,8.943855541339818,131.74402741464195,11.477980110395816,0.19627755223572185,-1.9542855594469153,38,4
138,8.157993717470031,125.39789409325647,11.198120114253841,0.23665594734203033,-1.1663142356319705,38,5
138,8.350629322770713,116.54158566544665,10.795442819331065,0.2871695744806241,-1.527833344279856,38,6
138,8.988039382989855,131.51531648788492,11.46801275234227,0.1980859404386548,-3.5360894479613374,38,7
138,4.321108735125998,30.03014287463602,5.479976539606353,0.7064169682975141,-0.2720193033633025,39,1
138,6.6297191329624345,75.11170790078512,8.666701096771776,0.25358258126957045,-0.9790678231612496,39,2
138,6.611139276753301,80.22467405987247,8.956822765907143,0.19770437734823687,-1.6632989731387815,39,3
138,7.223669598068017,88.20010943068219,9.391491331555505,0.1148611930391975,-1.4322508452595144,39,4
138,7.367691268091616,82.72027272184232,9.095068593575439,0.17513166537983216,-0.20001504732214886,39,5
138,7.515370431153671,81.0387774319835,9.00215404400433,0.19114823967899053,0.5456404685974121,39,6
138,8.98215043026468,112.47067329132804,10.605219153385187,-0.12185686599123113,2.5641700426737466,39,7
138,4.254664593848629,34.522981207899484,5.87562602689275,0.4496543064524331,1.5780204759127852,40,1
138,6.189423008241516,63.457708150936696,7.966034656649235,-0.030694802867488047,1.0157432279725005,40,2
138,6.676107613936715,71.1625751025632,8.435791314545613,-0.16389364111696847,1.2123198163682136,40,3
138,7.1274295613385625,80.7352966473601,8.985282224135206,-0.32449854100433173,1.2377886979476265,40,4
138,6.478313024493231,68.2452889799418,8.26107069210413,-0.11713146130029184,-0.1971094642860302,40,5
138,6.8660120411195615,74.97982910414396,8.659089392317414,-0.23001559377181025,0.7156075118244558,40,6
138,7.431131093398385,84.54532638328975,9.194853255125377,-0.3936249727066843,1.1914841955986575,40,7
138,4.286804081737131,31.96788002475054,5.654014505176878,0.5291546363997268,0.19127476042595462,41,1
138,6.187721653261047,64.1160007240673,8.007246763030805,0.037448400755382916,0.6768022896586985,41,2
138,7.086876157401265,79.87819896441347,8.937460431487988,-0.20730309081353915,2.06205161412557,41,3
138,7.907515180283698,99.14277775297468,9.957046638083739,-0.5033513431808134,2.245552546736123,41,4
138,7.168197189552196,76.956833946368,8.772504428404012,-0.16369031839581205,1.4387771634088047,41,5
138,7.043261327605316,77.90545804931371,8.826406859493488,-0.18101130290226575,1.5797407523445461,41,6
138,8.104202802630438,95.17480789221116,9.75575767904324,-0.4484387252615447,2.2703931573508442,41,7
138,5.8730601780656455,54.57892066712587,7.387754778491627,0.511064165231951,1.4832985159279644,43,1
138,7.2537376638771836,83.65081129294492,9.146081745367518,0.2347197575207406,0.21130930168041284,43,2
138,8.804215327553127,113.13807377595815,10.636638274189743,-0.05207385182823909,2.386731707531473,43,3
138,9.165280390476834,122.34970768541106,11.061180212138805,-0.144355793100432,2.7809114110642583,43,4
138,9.225453908892645,123.7474710062369,11.124184060246257,-0.1510708445392286,1.9661141478497048,43,5
138,9.836842820264291,127.5271750194209,11.292793056610083,-0.18792742892056546,3.225705347199371,43,6
138,9.317635791889135,122.5058792671945,11.068237405621298,-0.14547458736904373,2.256182843360348,43,7
138,5.282365854235663,45.305905743891344,6.730966182049301,0.6949641471770829,-0.07572914897531703,44,1
138,7.61829716226329,98.82614104833578,9.941133790888028,0.32550929833814135,-0.42209868500198144,44,2
138,8.035195972608483,116.60041336459255,10.798167129869428,0.1985526821512642,-2.123688020567963,44,3
138,8.893907629925272,138.34348988724707,11.761950938821633,0.04728161882857962,-0.7578917517178301,44,4
138,9.306283626003541,150.83319870861757,12.281416803798232,-0.028751834133844856,-2.739395687545555,44,5
138,8.900348490562992,136.84160846362622,11.69793180282849,0.0701387295114505,-3.0548420297926753,44,6
138,9.277571063110793,133.71184451313914,11.563383783008291,0.09512439290075037,-1.0947958006375078,44,7
138,5.077330596205117,41.46702928998124,6.439489831499173,0.4094431552546087,1.4051287761632947,45,1
138,7.48442032026208,94.08496580573373,9.699740501979099,-0.3661157970322837,3.2854047443555747,45,2
138,8.019740726636803,107.31489415544121,10.359290234154134,-0.5751156319903221,2.711376466612885,45,3
138,8.575615744659865,117.55271960731245,10.842173195781022,-0.7376315393090378,3.6326519095379375,45,4
138,8.201773560565451,104.53585938265475,10.224277939427056,-0.5442836888379485,3.0031045968981758,45,5
138,8.335396213807922,114.96108611265386,10.72199077189744,-0.7177155060068616,3.4647367864415264,45,6
138,7.303189871967703,85.4498819890027,9.2439105355365,-0.28024589073553074,2.0777226876521455,45,7
138,3.0700306546860845,16.088182402940827,4.011007654310925,0.2720063360505084,0.9841388619464376,48,1
138,4.24150430292323,28.48643813351007,5.337268789700409,-0.3320015985203506,1.5863892997520557,48,2
138,4.925974928814432,37.868109838715405,6.153706999745389,-0.8088441136083788,2.1251341363658076,48,3
138,4.984002355216206,38.98425703469594,6.243737425188214,-0.8686745764094395,2.214006541431814,48,4
138,5.021727022917374,38.58707806044301,6.211849809874915,-0.8530942430865496,2.0779335464256397,48,5
138,5.142072159311046,38.58669061770143,6.211818624018366,-0.8344522451501597,2.2119822640349898,48,6
138,4.328180333842402,28.532555330136038,5.341587341805433,-0.35550720329319896,0.9209602535634801,48,7
138,3.748612127442291,25.20344775784101,5.020303552360256,0.11465898062735069,0.15086164336273636,50,1
138,4.832754660343778,37.53652757067249,6.126706094686809,-0.3551360120142355,0.7210075682488041,50,2
138,5.3184752602508105,44.784695328180575,6.692136828262,-0.6328713773682741,1.9093535948490752,50,3
138,5.425779895506043,46.567889948778664,6.8240669654377415,-0.6936149196317853,2.7865214140518852,50,4
138,5.232848782470261,43.178421897819945,6.571028983182158,-0.5733485071730946,1.5786461415498152,50,5
138,5.298108128533847,44.41736432476237,6.664635348221414,-0.6036834491140632,2.1210395978844683,50,6
138,6.971669487331225,70.77225146416029,8.412624528894671,-1.5452050968441835,3.6621961731841597,50,7
138,3.367184231246727,18.471717551535107,4.297873608138693,0.15645752721390127,1.021312914032867,51,1
138,4.320587939110355,29.994295473174155,5.476704800623652,-0.3872033548607303,1.557960613914158,51,2
138,4.641648603522259,32.86948659960355,5.733191659067709,-0.5374638917610355,1.7809287015942559,51,3
138,4.927777311076289,37.31841529774434,6.108880036286876,-0.7419518816759401,1.9935235078784004,51,4
138,4.985516181890516,34.64460163534006,5.8859664996787115,-0.6179982801371828,2.263725481171539,51,5
138,4.614599172619806,29.624047816424735,5.4427977930862665,-0.38222584927038716,2.031891007354294,51,6
138,5.130749066670735,36.15712020528185,6.013079095212523,-0.6863183490299509,3.1930044837619946,51,7
138,2.7895756873531616,12.279181857147693,3.5041663569453565,0.3147337594559795,1.1258555702541186,52,1
138,3.8174099438432334,22.55769655580643,4.7494943473812485,-0.2863864810255323,1.8779142766759016,52,2
138,4.22981231800024,25.813979939032123,5.080746002215829,-0.4891820410862895,2.1131340800852016,52,3
138,4.12485506914664,25.764456954392816,5.075870068706726,-0.486332711460445,2.045012681380562,52,4
138,3.9154794596243594,23.17350973604551,4.813887175250944,-0.35693109101145626,1.3724517338517783,52,5
138,4.209557215372722,25.152593835866146,5.015236169500509,-0.4705540557718453,2.0053122700124546,52,6
138,4.110901265904523,25.77010967438889,5.076426860931702,-0.5219033285968855,2.0803653191829072,52,7
48,2.9636612137158713,14.35095448287577,3.7882653659525714,0.11738250005193962,0.28921900192896527,53,1
48,3.5007556279500327,19.979616714545045,4.469856453460787,-0.3074206601644558,0.8553428649902344,53,2
48,4.029405891895294,25.732817656176337,5.072752473379352,-0.7646923049486807,1.673497498035431,53,3
48,5.300133307774861,46.35159314599431,6.8082004337412325,-2.1874497235239914,2.9015000263849893,53,4
48,4.458763758341472,29.246945539757423,5.408044520874197,-1.021700512080434,2.471618135770162,53,5
48,4.409577667713165,31.459300007749544,5.608859064707326,-1.0037724991330812,2.246895452340444,53,6
48,5.11766763528188,38.4057984972408,6.197241200505335,-1.3706182099554125,2.706424872080485,53,7
138,3.3734870855359063,19.609117630367606,4.428218335896234,0.3955178322967111,0.5916113369706748,54,1
138,4.355262552482494,31.2172804159672,5.587242648746088,0.008352184187936151,0.8891788323720297,54,2
138,5.704647299172222,48.878149822243756,6.991290998252309,-0.5994978106532212,2.4125124198803003,54,3
138,5.708063491876574,50.46149414145548,7.103625422378032,-0.6764639925476668,1.7369656424591506,54,4
138,5.056113574815833,42.52938660563518,6.521455865497764,-0.444546530579911,0.7225713038790054,54,5
138,4.97530574383943,42.96874067267124,6.555054589602686,-0.4668322993010481,0.1986318740291872,54,6
138,5.273839570473934,45.82869862449401,6.76968969927677,-0.565319774163973,0.8424460162287173,54,7
138,2.552451569101085,10.427386069630032,3.2291463375991545,0.38442039246762993,0.709844568501348,55,1
138,3.559875654137653,19.309572533093846,4.394265869641235,-0.16839812875232774,1.2815182589102483,55,2
138,3.916184259497601,22.15950048891716,4.707387862596109,-0.3724275433676285,1.3436156148495881,55,3
138,3.88550269085428,23.285972058516403,4.825554067515605,-0.45059642425890445,0.8038514593373174,55,4
138,3.9574706796286763,23.48018496166204,4.8456356612587,-0.4746314978351749,1.0534794226936672,55,5
138,4.37381246815557,27.8815400617051,5.280297345955538,-0.7400766999157364,2.0908423852229463,55,6
138,4.504958104396212,29.24672660321138,5.408024279088564,-0.8246811351599579,2.1257913078086963,55,7
138,5.806009803993114,48.41901762589722,6.958377513896269,0.4005047677958591,3.3340098754219385,56,1
138,8.718501325966656,108.91053628577099,10.436021094544174,-0.37998147275825134,5.4223635300346045,56,2
138,8.802253875179566,108.64184745492153,10.423139999775573,-0.39497775541663893,5.352656779081925,56,3
138,8.942058010377746,117.06839781662111,10.81981505464031,-0.5219579956297657,4.890654190726902,56,4
138,8.678367089534152,112.68098594547723,10.61513004844864,-0.47810259278083067,4.9016144241111865,56,5
138,9.15069271861643,126.26288638404209,11.23667594905371,-0.6739783110368709,5.167365875796995,56,6
138,7.860424525495889,89.86625428640207,9.479781341697818,-0.1942065949431626,2.4331603810407114,56,7
138,4.900603550067847,37.505744925995415,6.124193410237418,0.5578602686687538,1.4005201242972112,57,1
138,7.291377081387285,84.84855425889738,9.211327497103628,-0.02449445786274329,3.201945208121037,57,2
138,8.054767484250275,98.85909158060365,9.942790935175276,-0.20808406374857014,4.166292784870535,57,3
138,7.918664089147596,96.68823040112353,9.833017359952311,-0.1953196103937489,3.3753159426260684,57,4
138,8.250680135644,107.4932482625475,10.367895073858893,-0.3368907198360589,4.327546672544617,57,5
138,7.689714127692623,90.36498240215856,9.506049779070093,-0.13301879483345358,3.381794169329215,57,6
138,8.030254972153816,97.3780832353065,9.868033402624178,-0.2213856106594363,3.5297907677249634,57,7
138,4.360922246739484,29.55913823569284,5.436831635768468,0.5833177062312009,1.2287913336270098,58,1
138,6.29717218703118,64.37477065311037,8.023388975558294,0.06899751503952123,1.5562620024750198,58,2
138,7.1112750924151875,85.82102094944673,9.263963565852725,-0.25474873413845867,1.7642542659372524,58,3
138,7.409332303033358,93.18708842024759,9.65334597019332,-0.3744619828331024,2.114143261011096,58,4
138,6.7947469932445586,72.38126092875886,8.507717727378997,-0.07223919289301839,0.9259559658990391,58,5
138,7.037742324497389,74.71581754020085,8.64383118415676,-0.1183509553854809,0.44854063227556756,58,6
138,7.274495732957038,86.97160363139042,9.325856723721978,-0.30072746661818583,-1.1016163342240928,58,7
138,5.712241794752038,53.73168899368854,7.330190242666867,0.6928114229820252,0.46280791794044385,59,1
138,8.872696185457533,124.07310227429227,11.138810631045502,0.2833306195266506,0.4800337501194166,59,2
138,9.759431908096092,142.9108941719812,11.954534460696543,0.17160431271586596,0.3754950675411501,59,3
138,10.147821536962537,157.64073823162053,12.555506291329735,0.08397380763595463,0.6974127396293308,59,4
138,9.860476949940557,147.92627724580535,12.16249469664038,0.14018043708494599,0.14276982735896457,59,5
138,9.769920777583469,149.0852170751028,12.210045744185514,0.1310392394907891,-1.0183600688326186,59,6
138,9.662360910056293,155.1160452995264,12.454559217392095,0.0905487911484415,-1.5919483433599058,59,7
138,5.026046974071558,39.97431651631042,6.322524536631741,0.6939008757912906,0.4324197078096694,60,1
138,7.9384288649628125,94.91307438521986,9.742334134344802,0.27570999683550246,-1.2836991600368335,60,2
138,8.8092157529748,124.52449073766007,11.159054204441345,0.06396643694759319,-2.053923551587091,60,3
138,9.340046606202057,141.03484930869828,11.87580941699126,-0.05896499313655279,-1.9118929462156433,60,4
138,8.608059689618539,110.92163158235044,10.53193389565043,0.17969859727113457,-2.6356347540150518,60,5
138,8.651412010192871,115.5977563004366,10.751639702874934,0.15404427777650054,-2.394049561542013,60,6
138,9.373251555622488,137.63779719313266,11.731913620255336,0.0049405158192805665,-3.182067442631376,60,7
138,5.096629695615906,41.6943592135151,6.457116942840288,0.7109496368492085,0.6290912213532821,61,1
138,7.875354849773904,102.23268012439497,10.111017759078212,0.29480762205108724,0.5371698849443076,61,2
138,8.988954212354576,136.32207645188848,11.675704537709425,0.07397360100062267,0.039838707965353264,61,3
138,8.844960862311764,134.4159842488519,11.593790762682062,0.08818026200084439,0.061831266983695655,61,4
138,9.879755932351816,152.70532206935673,12.357399486516439,-0.019959777512915444,1.276334486145904,61,5
138,8.756559758946516,120.38124179229224,10.971838578483199,0.20468579715378443,0.2065056234166242,61,6
138,9.19526659924051,128.2122481525096,11.323084745444133,0.162560773188677,0.33926500790361047,61,7
120,5.327791746457418,42.824034527894845,6.544007528104995,0.6087480394264877,2.529961609840393,62,1
120,8.636243987083436,120.26758612794869,10.966657928829033,-0.10594008725525961,3.9542161067326864,62,2
120,8.920151972770691,129.0112113298323,11.358310232153034,-0.18605699282542254,3.168128720919291,62,3
120,8.39885938167572,116.2682465476321,10.782775456608197,-0.06901643170369143,2.8891827344894407,62,4
120,8.890889430046082,119.51568599790656,10.932322991839683,-0.10040711712842776,2.9784942070643106,62,5
120,8.802263363202412,109.10266687981245,10.445222203467596,-0.007791310452233802,1.826263435681661,62,6
120,8.59338193734487,105.64135034013258,10.278197815771623,0.01784294267312503,2.24195495446523,62,7
138,3.5065671602884927,20.01992014301082,4.474362540408501,0.16353484761380543,1.2314359208811885,63,1
138,4.8969367276067315,34.42852441610791,5.8675825018578065,-0.45600799660120095,2.7832323364589526,63,2
138,5.4454484746076055,40.507217889126835,6.364528096342009,-0.7343974325588409,3.197236074917558,63,3
138,6.073673289755116,49.303062511970694,7.0216139534989175,-1.1081260126027366,4.337338447570801,63,4
138,5.429810012596241,40.274664884647635,6.3462323377455725,-0.7213333216937838,3.384564911109814,63,5
138,5.290834274844847,40.27391572900747,6.346173313817348,-0.7125292424291674,3.140117907869643,63,6
138,5.643054360928743,47.54206214328574,6.895075209400238,-1.0214791377121237,3.3570870316546895,63,7
138,3.7058748576952065,25.654434433343642,5.065020674522824,0.3039342617405004,0.20066869431647702,64,1
138,4.789656431778617,39.50669434604191,6.2854350960010645,-0.09356699632505916,-0.4867665802223095,64,2
138,5.019589320473049,43.80137602050755,6.618260800278843,-0.225189603555364,-0.5212370485499285,64,3
138,5.592808861663376,51.410168574967706,7.170088463538487,-0.44396434286149167,0.20101775293764862,64,4
138,5.018950040789618,42.108405450144495,6.489098970592488,-0.18462467056614762,-0.17856794854869013,64,5
138,5.230796655019124,43.606210134744344,6.603499839838292,-0.22190834998878528,0.19333484898442807,64,6
138,5.204823728920757,43.28264577337272,6.578954762982698,-0.2092538933481749,0.6561407559159873,64,7
117,3.504693903474726,23.842356836113257,4.882863589750717,-0.05787423898751376,-2.685750521146334,65,1
117,3.933144634605473,30.6116779134725,5.53278211331989,-0.39587133114428585,-3.169900022001348,65,2
117,4.441628227885972,36.486281311874855,6.040387513386443,-0.6789834794120153,-3.9328127559433637,65,3
117,4.001096725463867,30.997396068896286,5.567530518003138,-0.4188458519198792,-3.1751427283653846,65,4
117,4.3414776630890675,35.36955219541888,5.94723063243884,-0.639362516308408,-3.8247481289072933,65,5
117,4.23644897265312,33.86984821100413,5.819780770012229,-0.5772966136996982,-3.5863474658411794,65,6
117,4.5768154258401985,38.355216066022024,6.193158811626101,-0.7871709652382004,-4.068253892099755,65,7
138,2.9958877770797065,15.985856515272888,3.998231673536801,0.29624829235849115,0.549035010130509,67,1
138,3.819197440492934,24.761828010907404,4.97612580336424,-0.11628903018330772,1.1282168056653894,67,2
138,4.327631902003634,30.208974748055308,5.496269166266815,-0.3869134831415264,1.6373412989187932,67,3
138,4.8193720043569375,35.62252475947587,5.968460836721296,-0.6385098675641045,2.5314462841420933,67,4
138,4.7700989142708154,34.45612818096486,5.8699342569542345,-0.5853922187563221,2.167967360952626,67,5
138,4.113508611485578,27.282613098179695,5.223276088642041,-0.24442557725080838,1.3930281487064085,67,6
138,4.100795849509861,27.812904815430958,5.273794157476281,-0.2759056660918424,1.1997532153475112,67,7
138,3.0011470214180322,15.848641761580122,3.9810352625391454,0.18880340880989022,0.5661939814470817,68,1
138,4.049169996510381,26.342568371521192,5.132501180859211,-0.3783337509818032,1.5123226193414219,68,2
138,4.251824855804443,28.231626089935972,5.313344153161545,-0.5115845212120724,1.3582349514615708,68,3
138,4.115903405175692,27.23704809506756,5.218912539511231,-0.4637159924479801,1.1451254651166392,68,4
138,4.44031846696052,30.0289984733772,5.479872121991279,-0.6137928070069054,1.7688345978225486,68,5
138,4.181298995363539,27.056394268243157,5.201576133081506,-0.440758607112103,1.7764153895170793,68,6
138,4.243033443672069,26.773486132447196,5.174310208370503,-0.42604597173288594,2.1437227484108745,68,7
138,2.3403905992922573,9.593727307611575,3.0973742601777356,0.24013447541840116,1.0115473304969678,69,1
138,2.8808480138364048,13.674837900848773,3.6979505000538846,-0.1032390219853021,1.3045462870943374,69,2
138,2.9424068893211475,14.836865306213967,3.851865172382591,-0.22048888756018714,1.1339802396470222,69,3
138,3.005752280138541,15.420140649473643,3.926848691950537,-0.27159291377007944,1.337532147117283,69,4
138,3.418635078098463,18.079108153637893,4.25195345149002,-0.49955620309561843,1.6395345770794412,69,5
138,3.1486186704773833,15.584651737031587,3.947740079720496,-0.2864577660737373,1.4637931740802268,69,6
138,3.4062608635943867,18.031299861528854,4.246327809004959,-0.48921425282533737,1.5921630168306655,69,7
138,5.863208984983141,51.64830148289527,7.186675273232767,0.5574093034191225,2.4390602871991587,70,1
138,7.568975794142571,91.79729449144426,9.581090464631062,0.2300514364827434,1.7103834705076355,70,2
138,8.511367597441742,117.35407608095112,10.83300863476768,0.08234378046569857,0.837687043176181,70,3
138,9.155082578244416,129.9086988044988,11.397749725472078,0.020925826554460514,-0.011947175730829653,70,4
138,9.26150197568147,132.59106123990884,11.514819201355653,0.016863308438470392,0.2565158484638601,70,5
138,9.021702379420184,125.38858507781178,11.197704455727155,0.07786713106654086,-0.560303591299748,70,6
138,9.611694024956744,144.27782696233862,12.011570545200932,-0.02171967043116818,-1.9690661844999895,70,7
138,6.248439298159834,63.550420888979716,7.97185178543729,0.6965677755840247,1.3941382739854895,71,1
138,10.151643960372262,140.56685940227405,11.856089549352857,0.3311085159002004,1.4100086792655613,71,2
138,11.181220400160637,176.75277255123484,13.294840072420383,0.17223879570793466,-0.28127811266028363,71,3
138,11.643129818681357,182.17040304114616,13.497051642530904,0.14838603425596575,0.07727415665336278,71,4
138,11.82500970536384,199.61511180621707,14.12852121795544,0.07358625125990481,-0.03717645009358724,71,5
138,11.505812520566193,183.24254437120024,13.536710987946822,0.16332083518494234,-0.33373412533082825,71,6
138,11.898910660674607,198.61724631515534,14.093163105391044,0.11037326508662615,-0.34870924465898157,71,7
138,6.582767617875251,68.37077500972913,8.268662226123952,0.6625027983471056,1.9846320290496384,72,1
138,10.62209955851237,158.71199886462355,12.598095049039102,0.2193616417587705,1.9907785222150278,72,2
138,10.644735640373783,157.34389995643386,12.54367968167371,0.23802934613178306,0.4961796912594118,72,3
138,11.223284831945447,177.73396191209156,13.331690137116583,0.14083020274423763,0.26249922876772674,72,4
138,11.008740853572238,169.8064696918056,13.030981148470962,0.18536524135124277,-0.21287240843841995,72,5
138,10.894333424775496,165.68222879632037,12.871760905032394,0.21818955939236584,-0.3822818286177041,72,6
138,11.99937679456628,196.53656413678686,14.019149907779246,0.090140316672356,-0.29115580130314483,72,7
138,6.108468885007112,52.37483634184131,7.237046106101667,0.6609479353741378,2.588279129802317,73,1
138,8.689459842184316,107.34379401271117,10.360685016576422,0.31124659220066153,3.5231725720391758,73,2
138,9.13464587667714,128.39838416760597,11.33130108008811,0.18681432052662295,3.1036711430204087,73,3
138,9.265175390934598,128.1590449206078,11.320735175800547,0.20078004880841327,2.6050689531409223,73,4
138,9.722178127454674,148.83710615569458,12.199881399247067,0.08834547459308584,2.7401609420776367,73,5
138,9.807023628898289,151.06460717943025,12.290834275159284,0.09431511584934826,1.910129643868709,73,6
138,9.945358870685965,153.94557981287045,12.407480800423205,0.09396377788768484,3.026214171147001,73,7
138,6.476295609405075,70.01816346777557,8.367685669752154,0.7312606982759888,1.001865456069725,74,1
138,10.412242198335951,163.56943159166954,12.789426554449951,0.36804811328972276,1.1642009624536487,74,2
138,11.388457422671111,198.61587684337607,14.093114518919375,0.23553612734497664,0.34726833951646,74,3
138,11.978337467580602,225.3272390712873,15.010904005798162,0.14167483386383428,-1.0921312138654184,74,4
138,12.17509028531503,229.18034402216512,15.138703511931434,0.12938200896265128,-0.6184129784072655,74,5
138,11.984044551849365,223.9794430798305,14.965942772836948,0.15497133941935481,-0.06474311800970547,74,6
138,11.714477767115055,213.18948823364133,14.60100983609152,0.20467575743656774,1.1847923458486362,74,7
138,6.119906777920931,61.146438950285116,7.819618849425151,0.7955389067157297,1.9217729914015618,75,1
138,11.43143053331237,202.35699689914955,14.225223966572532,0.31867991673001617,1.5070936576179836,75,2
138,12.39977829007135,232.0853049833524,15.234346227631574,0.22118612433362794,1.2809720592222351,75,3
138,13.342037041982016,276.1014665270468,16.616301228824867,0.08237651654417943,3.579860113669133,75,4
138,13.941702815069668,308.6145341409039,17.56742821647221,-0.023254483428945205,1.9693958724754443,75,5
138,13.050843190455783,280.86455721608417,16.75901420776545,0.07503334032010411,2.596181088599606,75,6
138,13.756436493085777,305.13911856527494,17.468231695431424,0.006105995588314483,2.2832187224125517,75,7
138,5.744839212168818,54.28140562883705,7.3675915758704384,0.7074568008569226,2.0604329316512398,76,1
138,9.780417082966238,155.46990499034564,12.468757154999276,0.15277297932406597,0.13595058607018512,76,2
138,10.474495735721312,193.40207375165642,13.906907411486438,-0.06020929371626149,-0.8957074897876685,76,3
138,10.152458557184191,185.55366199425015,13.621808323209153,-0.014807801638829332,-2.1060565796451294,76,4
138,10.581139474675275,186.34177112379805,13.65070588371891,-0.015395772371975092,-2.3336797451627427,76,5
138,9.85235769852348,161.28618730341606,12.699849892948187,0.12049484068815375,-1.4634860080221426,76,6
138,10.496968815292137,182.20844095523816,13.498460688361401,0.010059380362345105,-2.2988120438396065,76,7
138,4.575403773266336,32.9205433158919,5.737642661920652,0.8284718882109693,-0.05695443222488182,77,1
138,7.172872508781544,86.39493258921001,9.294887443600919,0.5747785499668832,-0.3368145002835039,77,2
138,8.894139061803402,123.55734600913694,11.115635204932596,0.405618546435522,-0.30255446917768836,77,3
138,9.337823390960693,134.5232030054107,11.598413814199366,0.36374708049519766,0.7606160467949467,77,4
138,9.592923088350158,139.92970366355442,11.829188630821406,0.35560170960483517,0.25803512766741327,77,5
138,10.150041338326275,159.43542478227775,12.62677412414896,0.2727987512436313,1.703262474225915,77,6
138,11.109743664230125,189.6257644745747,13.770467111705932,0.16445642037320263,1.8963870656663093,77,7
117,10.636575258695162,193.60057499465614,13.914042367143207,0.03919844114577653,-9.026825440235626,78,1
117,8.183790092794304,110.24530739108816,10.499776540054944,0.49152383362553265,-3.0519566332173143,78,2
117,9.25074805561294,130.51024848336613,11.424108213920512,0.42340744692672083,0.5219627282558343,78,3
117,10.692017514481504,192.77962869703924,13.884510387371938,0.17191138174467957,3.252295665251903,78,4
117,10.431015748244066,180.65356235878653,13.440742626759375,0.2572691857603545,3.7962654798458786,78,5
117,12.162481299832336,234.03195648940806,15.29810303565145,0.057997603265230846,7.433116725367358,78,6
117,11.7046234342787,212.2573288272638,14.569053806862811,0.17561327277878658,8.122478167215982,78,7
138,5.545296143794405,49.34271690478314,7.024437123697751,0.6855042504997484,3.2621763063513716,79,1
138,7.602853781935098,82.47010552152075,9.08130527630917,0.505831610158094,2.8890278373939404,79,2
138,7.974146974259528,95.0012860778248,9.746860318986048,0.4529683797824884,2.137564209924228,79,3
138,8.502588534700697,110.24835785936251,10.499921802535603,0.3822093265182388,1.0999760973280754,79,4
138,8.838895445284637,120.98105456925907,10.999138810345976,0.34765100225426027,0.31689388855643896,79,5
138,9.791010607843814,141.40909354762886,11.891555556260453,0.25527821090237324,1.1037717487501062,79,6
138,9.782159791476484,141.83028246596865,11.909251969203131,0.2865454639278574,1.1668999298759128,79,7
138,5.011656844097635,38.67645444417369,6.219039672182007,0.7272428596029086,1.6179010833519092,80,1
138,7.848571480184361,90.41451450388614,9.508654715777944,0.39980780154149975,1.733693392380424,80,2
138,8.276777212170588,100.62206090885454,10.0310548253339,0.35462612613139044,0.601711604906165,80,3
138,8.618142376775326,107.79746075981184,10.382555598686281,0.3221323092210373,1.2445670556331025,80,4
138,9.40165324833082,127.5824395284686,11.295239684418767,0.2199159751495493,0.5399344209311665,80,5
138,9.784173536991727,146.1587963603385,12.08961522796894,0.12353572440269767,2.3809316469275434,80,6
138,9.92499840086785,153.02422417813995,12.370296042461552,0.11778715088170721,2.814883667489757,80,7
106,10.206381752805889,160.10959468537123,12.653442009404841,0.5616579868684168,3.579725814315508,81,1
106,14.740899364903289,308.423113802825,17.561979210864163,0.16104070660218972,0.8318725172078835,81,2
106,16.12921825444923,374.42557483805064,19.35007945301648,-0.013588036036613849,1.9511794953976038,81,3
106,16.571565133220744,412.2512782702769,20.30397198260175,-0.11327577988263315,1.3761820973090406,81,4
106,16.410950849641043,404.748864196171,20.11837131072421,-0.08946942825420456,3.060053042645724,81,5
106,15.817146094340199,360.8205393095732,18.99527676317387,0.010266372885780473,0.32082378639365144,81,6
106,15.298010907083187,347.4418345858875,18.639791699101348,0.04655666161082983,1.6308605176097941,81,7
138,5.87223207777825,49.355901713906256,7.025375556787427,0.5994833569264473,3.1945723519809004,82,1
138,8.428597298221312,101.95257001155615,10.09715653100199,0.19252942877815327,4.57458518207937,82,2
138,8.987310520116834,112.9015920799701,10.625516085347106,0.18231474942980364,3.5283897234045942,82,3
138,9.251979406329168,124.72770529813346,11.168155859323125,0.15842321020387418,2.3204529596411665,82,4
138,9.591011130291482,128.5385123384089,11.33748262792093,0.19702460303709102,2.49550219549649,82,5
138,8.651956606602322,111.49965287862416,10.559339604285116,0.34949283351983595,1.795455663100533,82,6
138,9.13958936497785,125.1007898394348,11.184846437901362,0.32455253151108865,1.612531330274499,82,7
138,5.76323572103528,49.67639986780566,7.048148683718701,0.5950210367797186,3.0337554475535518,83,1
138,8.848461510478586,109.31783967320563,10.455517188221998,0.12951809644237755,4.314913652945256,83,2
138,9.090449201887932,120.10820551234141,10.959388920571321,0.11812174371857165,3.493076718371847,83,3
138,10.466322200885717,148.94148130267516,12.204158361094597,-0.028352629123319595,2.844117862590845,83,4
138,10.807232428288113,165.75156312663475,12.874453896248754,-0.06673913965287848,4.043695035188095,83,5
138,10.625476035518922,163.43946079457217,12.784344363109598,0.012720909020856541,3.48489542974942,83,6
138,11.531490830407627,191.4286916347506,13.83577578723906,-0.07695956429163053,3.3841963436292564,83,7
138,3.47616043643675,19.909047068968018,4.46195552072945,0.4096571398471621,-0.07731897934623387,85,1
138,4.442515497622282,31.203267853376058,5.585988529649525,0.060438428639672415,0.3289216635883718,85,2
138,4.863943314206773,38.176373791555626,6.178703245144213,-0.1584416703594922,0.603363831837972,85,3
138,5.051002460977306,39.9487332489961,6.320501028320152,-0.21053345850682592,1.1018907021785127,85,4
138,5.212137989375902,43.323822793075976,6.582083469014654,-0.3143517608271358,0.864929427271304,85,5
138,5.558950444926387,47.720401483752006,6.9079954750819,-0.4372482925085459,1.7619500436644624,85,6
138,5.448277494181758,46.02385935034908,6.7840886897466985,-0.38125972052922497,1.217325894728951,85,7
138,3.19678276863651,15.644105405678213,3.9552630008228546,0.36855685807626304,0.41299128186875494,86,1
138,4.111904876819556,27.197788178787775,5.215149871172234,-0.11617993451681552,1.2756012626316235,86,2
138,4.5490673866824825,31.416547873303543,5.6050466432763555,-0.2963676368661401,1.2792571247487827,86,3
138,4.663400290668875,32.451547434698455,5.696625969352249,-0.33762732718716704,1.9466186191724695,86,4
138,4.851734182109004,32.5022107667081,5.701071019265425,-0.3432894402190081,1.2164610918017402,86,5
138,4.805631209110868,33.190875146443865,5.761152241213893,-0.36436099307265346,1.5639424945997156,86,6
138,4.702013375102609,31.826154681837025,5.641467422740029,-0.3093642315026395,1.2192262290180593,86,7
138,2.6692098292751587,12.503980089790844,3.536096730830598,0.47456853306105673,0.05112728519716125,88,1
138,3.30896788749142,18.441842537252413,4.294396644145999,0.2067409553144013,-0.25169739515885065,88,2
138,3.8013927902000537,23.070669251410514,4.80319365125023,-0.007696034538232643,0.21447835452314737,88,3
138,4.276162686555282,28.480096044188098,5.336674624163263,-0.25070891297296516,-0.15005071612371915,88,4
138,4.461962036464525,30.498019018129657,5.522501156009807,-0.3425518827977665,0.2871057123377703,88,5
138,4.3850281480429825,28.84210280903758,5.370484411022676,-0.2650922732556693,0.8597628551980724,88,6
138,4.202190385348555,26.74100200873289,5.171170274583201,-0.17119646503516806,0.5049679244773976,88,7
117,2.502807282993936,10.163568938275557,3.1880352787062374,0.4023459051301038,0.7685463163587782,89,1
117,3.6383318289732323,20.505712056771674,4.528323316280726,-0.23455734898223435,1.2814892825917301,89,2
117,4.2733378206562795,26.54989167105663,5.152658699259697,-0.6446709042241923,1.8502732545901568,89,3
117,4.446376596760546,29.46745894344903,5.428393771959532,-0.8885100986302121,1.748395862742367,89,4
117,4.646011874207065,31.40002038171356,5.603572109084843,-1.0784119807006247,2.17582030989166,89,5
117,4.420285347180489,27.6484084058836,5.258175387516434,-0.9150111242550922,2.065974439311231,89,6
117,4.605719427777152,29.309140589172188,5.41379170167935,-1.1322145925443254,2.2678068601168118,89,7
118,2.3530489388158764,9.663360000337148,3.1085945377834574,0.3196428143467348,0.8019373942229707,90,1
118,3.34567305193109,18.754963573559902,4.330700125102164,-0.3122219531183872,1.2586764561927926,90,2
118,3.845920522334212,22.141576257934247,4.70548363698507,-0.545160363653562,1.6782882738921603,90,3
118,4.454636412151789,27.979509809808345,5.289566126801739,-0.9818707460333242,2.559523000555523,90,4
118,4.170234817569539,25.01283425088667,5.001283260412938,-0.8259643996933528,2.4057761127665893,90,5
118,3.858335705126746,22.178165673669433,4.709369986916449,-0.6390866834467137,2.0259154853174244,90,6
118,3.522483518568136,18.458670391536373,4.296355477790027,-0.3739123454290554,1.6291546579134666,90,7
138,2.3333415328592495,10.210367606752897,3.195366584095305,0.39353173128108876,-1.0972655303236367,91,1
138,3.2278824958248413,17.05329335142786,4.129563336652904,-0.03936080578046397,-1.6817064699919329,91,2
138,3.540123649265455,21.171169236448105,4.601213887274542,-0.3210556989213773,-2.3574623024981953,91,3
138,3.9692335197891015,26.20342792143194,5.118928395810195,-0.6438529107352762,-3.3411703040634375,91,4
138,4.018524646759033,27.78978501718258,5.271601750624053,-0.7417718117253873,-3.4853061662204023,91,5
138,3.7431334758150405,23.484191736069317,4.8460490851898435,-0.4673646382249286,-2.7796104818150615,91,6
138,4.4409028481746065,31.05481881471118,5.572685063298588,-0.9364040522565136,-3.8325501455776934,91,7
138,5.411565594051195,51.70013692101229,7.19028072616169,0.8924794956074072,1.9814174831777378,95,1
138,7.9154165862263115,107.6409422085055,10.37501528714563,0.7843930667484806,1.8339931446573008,95,2
138,9.843022159908129,184.12707489640974,13.569343200627278,0.6456209700916946,0.743551883144655,95,3
138,12.029814920563629,272.91107775280614,16.520020513086724,0.480204655812405,0.7897127607594365,95,4
138,12.280015579168348,292.1721325924714,17.09304339760686,0.44562732440182407,0.3619276060574297,95,5
138,13.09716562602831,334.5378998186161,18.290377246481718,0.3740423595837824,0.7950187973354174,95,6
138,13.11976497069649,318.9566478092606,17.859357429909412,0.42132156099984,0.6396902402242025,95,7
138,4.672527534374292,45.91853332013781,6.776321518356239,0.9259413477187648,0.13440416861271512,96,1
138,9.762859745302062,214.98062965981904,14.662217760619265,0.6712351755138051,-0.28350031203117926,96,2
138,12.345136594081271,416.79898534594946,20.415655398393397,0.38448515658686633,-1.9362976585609326,96,3
138,14.383379258971283,460.3761336091351,21.45637745774284,0.33286713101113263,-0.8055229601652726,96,4
138,14.137907138769178,430.3080431792679,20.743867604168415,0.39712989970614254,-1.4463525440381921,96,5
138,14.410137757011082,474.39465779239,21.780602787627114,0.36179562831729417,-1.9663049172664033,96,6
138,15.115023046300031,482.26530362969316,21.960539693497818,0.3814308259939183,-1.2710857114930083,96,7
138,5.158070363860199,40.26058153858791,6.345122657489602,0.5499215966434821,2.084237699923308,97,1
138,7.724626119586005,89.86711650535429,9.479826818320802,0.025076085408065163,2.5149908964184746,97,2
138,8.614144732986672,116.80683462749946,10.807721065400395,-0.24154070779560555,2.7471010028452114,97,3
138,9.47942616974098,139.30889219277427,11.802918799719595,-0.4420909936664368,3.147383917932925,97,4
138,10.169494262640027,151.00526875481694,12.288420108167564,-0.5554317604793095,3.2417739577915357,97,5
138,10.07921798678412,145.60799719275292,12.066813879096376,-0.48067046199079355,2.003098688263824,97,6
138,9.407744843026865,123.5779379612447,11.116561427044097,-0.1979279745017899,1.3251187766807666,97,7
138,5.138403083967126,41.11470046860153,6.412074583830223,0.5304043345921619,2.2601983512657275,98,1
138,7.262694759645324,84.67481289349055,9.201891810573006,0.012383340117975261,3.627203181170035,98,2
138,7.0232539384261425,78.12909067787396,8.839066165487957,0.08017959190458879,1.3830005949822024,98,3
138,7.598758269047392,86.70996913670301,9.311818787793447,-0.030542796146030282,0.9887160563814468,98,4
138,7.308709545411926,81.34167903333154,9.018962192698867,0.025826333454762707,1.5882981618245442,98,5
138,8.187324689782184,109.5762675153139,10.467868336739524,-0.32299403339716815,1.269067404926687,98,6
138,7.482739255048227,85.15740726448888,9.228077116305915,-0.024160692038359022,0.18324706865393597,98,7
138,5.578055271203967,48.94916578455411,6.99636804238843,0.6767877951472976,1.359943099643873,100,1
138,8.663479459458504,108.02434008088721,10.393475842127465,0.29031395866531906,2.3754294575124546,100,2
138,8.862473308176234,121.03646513034936,11.001657381065334,0.21622482242743724,1.7265458037887795,100,3
138,9.23239999577619,134.87189122150906,11.613435806061403,0.1473477409037771,2.1287744909093,100,4
138,9.647143239560334,150.2668748510233,12.258338992335922,0.06320047024747033,1.0384367790775022,100,5
138,9.498709326205047,149.96688642238675,12.24609678315449,0.07340707885223019,1.5637955112733704,100,6
138,10.414352969846863,167.7311212029932,12.951105018607223,-0.02450391080255354,2.3328223573988764,100,7
138,5.788451602493507,73.06517812927099,8.547817155816507,0.7837936689838279,-1.420132229293602,101,1
138,8.175590204155963,143.2322803922575,11.967968933459742,0.6216508677684083,-1.7309216969255088,101,2
138,8.62606023705524,165.42409692452694,12.861729935141964,0.6116402828290872,-3.1436431166054546,101,3
138,9.127444585164389,176.64141145540407,13.290651280332506,0.6012979624336601,-3.4937312361122905,101,4
138,9.550882837046748,221.96214121910475,14.898393914080295,0.5225780439945784,-4.782019186710966,101,5
138,10.887912162836047,290.1838850308457,17.034784560740583,0.40517996121697974,-6.187975752180901,101,6
138,11.403444255607715,295.08458236928317,17.178026148812418,0.43333644749297995,-6.4169694997262265,101,7
138,3.068547919176627,14.846003162570982,3.8530511497475586,0.03762097537783715,1.7029780443163887,103,1
138,5.048477235047714,39.046154963537056,6.248692260268308,-1.589860756676432,3.9926502048105434,103,2
138,4.4927823370781494,29.55504558294414,5.436455240590521,-0.9728901394400669,2.928883241570514,103,3
138,6.612894507421964,59.38523211963993,7.706181422704758,-2.963940451047485,5.48805726783863,103,4
138,6.5476723615674,57.38430915548223,7.575243174676456,-2.8704126065204023,5.381446651790453,103,5
138,6.682234183601711,62.92961151862301,7.932818636438313,-3.2347705028204663,5.586259634598441,103,6
138,5.678089307702106,46.51324583668745,6.8200620112054295,-2.1409068478465043,4.113252114558565,103,7
138,7.1663827965225,75.39908786100276,8.683264815782296,0.5766204563914792,4.179455128268919,104,1
138,9.482003446938336,137.25903700727292,11.715760197583123,0.22267153027362174,4.332488737244537,104,2
138,9.633241100587707,142.17626302476677,11.923768826372255,0.1937389930459965,4.084470970043237,104,3
138,11.197123983631963,184.41716280772263,13.58002808567503,-0.04523243739742533,5.8175507973933565,104,4
138,11.70464052670244,210.33690657739825,14.502996468916285,-0.18132436789794948,6.52676384690879,104,5
138,10.755957727846893,162.38682768285756,12.743109027347195,0.09306088823172154,3.762155698693317,104,6
138,11.3399366710497,182.57413334687394,13.511999605790178,-0.013309398385719762,4.554186903912088,104,7
138,6.352097877557727,68.81268772458637,8.295341326587254,0.6902353200356398,-1.3113886307978975,105,1
138,8.924208737801814,123.24394358273544,11.101528884921006,0.4369045923574576,0.2410527381344118,105,2
138,10.115798107091932,155.40138565415586,12.46600921121735,0.28530888303776625,0.923806715702665,105,3
138,11.288268034008967,198.16309567026752,14.077041438820428,0.08692325423445102,3.164614677429199,105,4
138,10.87160056570302,180.4151377488158,13.431870225281951,0.17522323153711206,-0.5114339607349341,105,5
138,12.34588162795357,220.6105349885177,14.852963845257205,-0.004763640278430792,1.4988977045252703,105,6
138,12.605504492054814,236.31976381339257,15.372695398445666,-0.07264530733940266,2.500836303268654,105,7
138,5.976868698562401,60.73201505504975,7.793074813900464,0.6839695297526056,-0.8439396706180297,106,1
138,8.756050517593605,124.02978683418121,11.136866113686615,0.35014184043210184,-2.40006511107735,106,2
138,9.159621812295223,134.5851897912985,11.60108571605686,0.29538304713864394,-1.3633149672245635,106,3
138,10.44975317388341,180.75135411034947,13.444380019560198,0.0568153061303549,0.4439948054327481,106,4
138,9.92251051336095,155.82051935293825,12.482808952833423,0.1966435595122772,-0.5327069863029148,106,5
138,10.347924888997838,161.47516709888436,12.707287952151095,0.17361090514956812,-0.33472060466158216,106,6
138,9.979178808737492,171.21978059764206,13.08509765334757,0.1292629628572164,-2.9127593593320986,106,7
138,5.462892504705899,48.84657377170837,6.989032391662552,0.4947949729816026,3.4360957767652427,107,1
138,10.371552923451299,160.20662948961672,12.657275753084338,-0.6665690495255652,7.848757508872212,107,2
138,10.841744616411734,180.55714388056967,13.437155349275741,-0.7410064224249155,7.085072959678761,107,3
138,11.407481608183488,188.5591023812243,13.731682430832148,-0.8351398741931972,7.225422306337219,107,4
138,10.103051600248918,151.06966452883708,12.291040010057614,-0.47838115377948043,3.4204874591550967,107,5
138,9.873377164204916,146.18520706342332,12.090707467448848,-0.4270976934303752,3.732254981994629,107,6
138,9.976353838823844,154.77221141152137,12.44074802459729,-0.4902893835156117,3.468243958293528,107,7
117,4.410698148939344,30.51604752117988,5.52413319183923,0.7507709527501858,-1.1737120701716497,108,1
117,7.2067084516215525,79.08973028010631,8.89324070741967,0.32971437966754114,-2.057389691344693,108,2
117,8.300542635795397,103.12501101755603,10.155048548261895,0.119469186292267,-3.017019793518588,108,3
117,9.132550965007553,123.41626587483806,11.109287370251886,-0.05921608604220041,-2.1770990974882727,108,4
117,7.887681308974567,90.12481163138189,9.493408852007896,0.23591178495539944,-1.2020897009433844,108,5
117,8.996540542341705,116.07864186689568,10.773979852723675,0.03684845360140554,-2.0030640659169254,108,6
117,9.21222409631452,129.47486024753582,11.378702045819454,-0.07849750979540104,-2.859979711027227,108,7
138,6.998999602552773,70.97881059500935,8.42489231949046,0.4761303445558154,3.5046988431958184,109,1
138,9.722900521927986,134.3030551298306,11.588919497944172,0.011332682424263996,4.258024264073026,109,2
138,9.924710930257604,140.6929739885914,11.861406914383782,-0.026982191898116348,3.644482992697453,109,3
138,10.35437732503034,153.3920657583315,12.385155055885717,-0.11235088485674072,4.310489730558533,109,4
138,10.796721078347469,174.91941547843723,13.225710395983924,-0.25364988121608456,3.878511366636857,109,5
138,11.139904167341149,191.97587185446167,13.855535783738631,-0.3659024959469359,5.65678130025449,109,6
138,11.264094110848248,191.174400030203,13.826583093092921,-0.36660177165681684,5.533885147260583,109,7
138,3.593003839686297,22.784860360960998,4.773348967021057,0.8850318747244432,0.06600468400595845,1001,1
138,6.287844982700071,67.8352332394768,8.236214739762241,0.6625096645580608,0.6407093725342682,1001,2
138,7.536949033322542,103.25028641573071,10.16121481003776,0.5011553612959994,0.9800236052361088,1001,3
138,8.809081879214965,148.22124171431665,12.174614643360037,0.28812941248375246,-0.4116553016330885,1001,4
138,9.806630328081656,173.49993067681513,13.171937240847116,0.17113898351590873,-0.12758673792300018,1001,5
138,10.045244700666787,182.90135693387114,13.524102814378155,0.1395994869589855,-0.7134486350460328,1001,6
138,11.35658149442811,214.63261281534602,14.650345143215775,0.029848010514553658,-0.056523488915484886,1001,7
138,6.147412030593209,69.35185828451824,8.327776310907867,0.6457807515921332,-0.9751694236976512,1002,1
138,7.871647026227868,117.41829738732723,10.835972378486725,0.42444027028493625,-0.11753040120221567,1002,2
138,9.227635141732037,170.35114740467114,13.051863752149389,0.1907562138812885,-0.43781358608301135,1002,3
138,11.403211324111275,229.07242151808074,15.135138635575187,-0.03906422925198427,2.906666527623716,1002,4
138,11.634041115857553,245.97694742585577,15.683652234918236,-0.0993728989210989,0.03741041128186212,1002,5
138,11.84857049886731,245.76645238221337,15.67694014730596,-0.04369849138321902,-0.2328408628270246,1002,6
138,13.44225893849912,305.87401306394565,17.4892542169169,-0.2164902744039674,1.244810512100441,1002,7
138,4.464506999306057,31.32957775511877,5.5972830690540185,0.42275208387906993,0.7699203145676765,1003,1
138,6.130535726961882,58.896902330648956,7.674431726886946,-0.11165698230095789,1.9604666267616162,1003,2
138,6.0302025822625644,55.41425953825242,7.444075465647324,-0.05943949619114419,-0.33071341721907904,1003,3
138,6.091175680575163,57.53845015795597,7.585410348686218,-0.10800739172509588,-1.0344479394995647,1003,4
138,6.702858862669571,68.32109044678032,8.26565729066844,-0.321552033601221,-1.4781095186869304,1003,5
138,6.986153015192004,75.63382702293505,8.696771068789557,-0.4774988543552823,1.2420551811439404,1003,6
138,7.0566345090451446,73.39841009789305,8.567287207622554,-0.4353765703115986,1.500054891558661,1003,7
138,7.560197695441868,228.74131143005,15.124196224264283,0.7494636803334027,-3.57272241772085,1004,1
138,10.062141943668973,321.6519893897954,17.934658886909318,0.6522814621687971,-3.1698140268740445,1004,2
138,11.74485228718191,442.87199655324184,21.04452414651474,0.5244237873684943,-3.724078579225402,1004,3
138,13.056218050528264,498.64445529375604,22.330348302114682,0.46661686351657794,-3.168648678323497,1004,4
138,14.690084139506022,526.678064816421,22.949467636884762,0.4431946298512509,-1.4041086418041284,1004,5
138,15.027768950531447,524.9802318878799,22.912447095146337,0.4505787140902766,-1.5136298027591428,1004,6
138,16.93648724625076,665.9316082526364,25.805650703918246,0.3142403265841657,-3.1329508173292964,1004,7
138,6.554610988368159,160.08002053610386,12.65227333470566,0.8150676868130475,-2.529257563577182,1005,1
138,9.701066397238469,298.60059067368354,17.280063387432453,0.6602264398589639,-3.0871148247649702,1005,2
138,11.003636463828709,361.0730422022354,19.00192206599731,0.5924096200453779,-3.5350965486056563,1005,3
138,13.43439615636632,505.96364713319167,22.493635702864747,0.4321017160919134,-2.9862079965895503,1005,4
138,14.2883146258368,511.1091988617844,22.607724318510797,0.4335967642459304,-2.256464045980702,1005,5
138,14.931386553722879,515.0123218224114,22.693882916381046,0.43560614093008754,-1.843711749367092,1005,6
138,17.793119230132174,744.878037664304,27.29245385934185,0.1987286990661421,-2.2935678578805234,1005,7
117,5.390377656007424,52.03520535944246,7.2135431903775595,0.8418781861997747,1.905968356336284,1006,1
117,7.781205291422005,97.25712626089216,9.861902770809097,0.5252121011138411,4.185297281314165,1006,2
117,8.026725149562216,109.4001083606417,10.459450672030616,0.3774585981083851,2.998243380815555,1006,3
117,8.757302618434286,138.3395958520835,11.761785402398885,0.09463020262135335,3.082234814635709,1006,4
117,9.920365602542192,175.7169400773912,13.255826646323918,-0.17372153973532822,2.8282299367790547,1006,5
117,10.438859515719944,205.30228035305285,14.328373262623112,-0.247424392971348,2.6552301227536974,1006,6
117,11.566112616123297,274.2798440670649,16.561396199205696,-0.45215146154688,3.229436238606771,1006,7
138,6.14458557833796,144.95780709835432,12.039842486442849,0.829295072231907,-2.139427119407101,1007,1
138,9.460824123327283,311.77273488446446,17.657087383950515,0.6415515691378211,-2.9840052369712056,1007,2
138,10.312946969184322,367.03374933646194,19.15812489092975,0.5828824853863215,-3.3288740213366523,1007,3
138,12.216619622880135,444.7115230565572,21.088184441922856,0.49895612332926875,-3.732898553212484,1007,4
138,13.176051754882371,495.71941100692874,22.264757151312672,0.44978546913807194,-3.0930700233017188,1007,5
138,14.95021837345068,602.6640106898946,24.5492160911483,0.34229850135193607,-3.37629046647445,1007,6
138,16.762076184369516,746.5814278722814,27.32364228781151,0.20605902971475987,-5.028219471807065,1007,7
138,6.960079628488292,144.29912949112716,12.012457262822089,0.8209838087324084,0.07429373782614003,1008,1
138,10.05617924704068,298.2956359577793,17.271237244557188,0.6418320668482491,-0.6301882854406384,1008,2
138,11.14695003758306,412.88999646029004,20.319694792498485,0.5123719177182329,-3.57103271069734,1008,3
138,12.16668544990429,464.82677857851564,21.55984180318853,0.45662452829143774,-4.608899669370789,1008,4
138,13.310949608899545,577.6216424513042,24.033760472537463,0.3365873256390963,-5.603733415188997,1008,5
138,14.315155291902846,669.7199246478025,25.878947518162374,0.24655575375426686,-6.878299008245054,1008,6
138,15.359974031863006,671.1226226836415,25.906034483950673,0.2677045324155978,-5.806696919427401,1008,7
138,7.717770106550576,275.89425123114194,16.610064756982194,0.7848789512614515,-3.7616823859836743,1009,1
138,10.79943369436955,412.6316169212588,20.313335937783798,0.686001205474327,-4.110602779664855,1009,2
138,11.709860041521598,466.92841061089194,21.60852634056501,0.6472616989675023,-4.781641918679942,1009,3
138,13.564821063608363,590.4751935755826,24.29969533915153,0.5573765955301648,-5.636461686396944,1009,4
138,14.609207554139953,666.013622218637,25.807239724903496,0.5076458084763578,-5.59347831339076,1009,5
138,14.160760229912357,619.2442198099146,24.88461813671077,0.5489655966131397,-4.690048314523006,1009,6
138,16.335026685742363,756.3575390955147,27.501955186777444,0.4591679219137962,-3.9893022481945977,1009,7
138,5.833879049273505,101.769336069803,10.088078908781544,0.8732110831528854,0.1968743766563526,1010,1
138,10.168340689894082,201.82620071353656,14.20655485026319,0.7539970718981137,5.8467937206876455,1010,2
138,11.439834214638973,345.15287344233155,18.578290379965846,0.5835460474099811,0.4965008790942206,1010,3
138,14.21850400040115,445.0351857921887,21.095857076501744,0.4668393375313099,3.1383030863775723,1010,4
138,14.203326798867488,540.5894011730986,23.25057851265423,0.3609928484218382,-0.7165742335112198,1010,5
138,14.877144267593605,576.3119737813548,24.00649857395607,0.3280127573785784,-1.3973789837049402,1010,6
138,16.21861831692682,661.739621801614,25.724300219862425,0.24343931176027556,-2.1016363544740537,1010,7
138,4.643121373826179,55.66558225791274,7.460937089797282,0.8756480849958991,-0.025699187016141586,1011,1
138,7.930333738741667,124.677493328734,11.165907635688825,0.7326176167918672,1.2188551598700925,1011,2
138,9.114811669225277,167.92515317783096,12.958593796312583,0.6515383929498084,0.28141754952029907,1011,3
138,10.612459217292676,210.572466082096,14.511115259761945,0.5694850940185258,0.6892463919045269,1011,4
138,11.549847181292547,234.3333804655641,15.307951543742359,0.5280831243159856,1.4392124742701433,1011,5
138,11.370316457057346,241.6292586307863,15.544428539859107,0.5242101025259154,-0.10202773412068684,1011,6
138,11.935668758724047,250.26351745706143,15.819719259742298,0.5244744692404855,-0.35866001377935,1011,7
122,5.565742273799708,55.0211786313459,7.417626212700792,0.8935194795165361,1.5669292700095254,1012,1
122,8.432614029430953,125.50059631790221,11.202704866142918,0.7683996481132395,0.6397408970066758,1012,2
122,9.779393665126113,187.20268208191584,13.682203115065784,0.6696064397297793,-0.42763023689144947,1012,3
122,11.080124917577525,238.24371327103682,15.435145391963006,0.5858016589670763,0.6529903255525182,1012,4
122,12.51819483960261,271.6562454600609,16.481997617402477,0.5315544959889571,0.689716417281354,1012,5
122,11.505751547266225,225.72906697092048,15.024282577578221,0.6181663208591602,1.3302174396202213,1012,6
122,11.44648970932257,221.36096062562584,14.878204213735804,0.6361972862568932,0.5631959321068936,1012,7
138,4.847873521887737,48.43479652325949,6.959511227324768,0.8771084683192126,1.1139407088791116,1014,1
138,6.6676774785138555,92.36383695054326,9.610610643998813,0.7719605678201025,1.5890739136847898,1014,2
138,8.8266067850417,160.78587208387893,12.680136911085736,0.6167082424253321,2.4398099166759546,1014,3
138,10.509925545125768,230.8030394720235,15.192203246139893,0.45044524038946654,3.7733374678570293,1014,4
138,12.556389815565469,285.62628998276307,16.900481945280823,0.3249052399517055,3.848306096118429,1014,5
138,12.158216013424639,295.9290328733495,17.202587970225572,0.31061893923456374,1.0024312959201094,1014,6
138,13.144761949345686,340.4911025869982,18.452400997891797,0.23442452268396619,1.8071325205374456,1014,7
138,6.360743916553,127.58927249128928,11.295542151277612,0.8897570439078627,-0.782868958901668,1015,1
138,8.74142523088317,204.91800897516546,14.314957526139064,0.8250228951327206,-1.444923656574194,1015,2
138,9.512219498122947,236.04556880289476,15.363774562355918,0.799176161812716,-2.071425037107606,1015,3
138,11.899793728538182,364.5506736028609,19.093210143997812,0.6901419874589465,-2.7511165522146914,1015,4
138,13.148482550745426,506.1702918991893,22.49822863914378,0.5716149947290372,-3.638346665147422,1015,5
138,15.323183439779973,663.6383317014697,25.761178771583214,0.442669233863069,-4.123561092044996,1015,6
138,16.887878024059795,799.7676568836006,28.280163664370836,0.3386725160247064,-5.467866849208224,1015,7
138,4.587656960971113,54.13754275430433,7.357821875684701,0.8560917336067186,-1.2611065463743347,1016,1
138,6.020514004472373,81.0753027804049,9.004182515942516,0.7902240872701747,-0.4620819921078889,1016,2
138,8.142434825067935,137.83100072202598,11.740144833945873,0.6558318734819288,-0.49096007969068445,1016,3
138,9.09265561034714,168.43040211841006,12.978073898634191,0.5797889498529389,2.358192236527153,1016,4
138,11.932405927906865,250.1921429034131,15.817463225922578,0.3800802847002698,2.2046179978743843,1016,5
138,12.49648630446282,293.10804045854314,17.120398373243045,0.28375042806753314,2.2202701568603516,1016,6
138,12.741447379623635,307.39387624475125,17.53265171743143,0.27581624605229516,0.7978025657543237,1016,7
138,4.673722042553667,56.7493288400727,7.533215040079017,0.9281650387659387,-0.4546605158543241,1017,1
138,8.152822418489318,167.27891977575908,12.933635211175513,0.7952904356597668,-1.5919647838758386,1017,2
138,10.209283669789633,290.6744970575684,17.04917877956497,0.6483172396075814,-3.0247953041740088,1017,3
138,11.339554530986842,345.29766847794167,18.58218685940763,0.5847873515588159,-3.9887589371722676,1017,4
138,14.54460672710253,564.6191779151973,23.761716644956383,0.3286107532118754,-5.37945790912794,1017,5
138,15.762306814608367,650.6168190089204,25.507191515510296,0.23596512065669484,-5.472316748854043,1017,6
138,16.66845843411874,711.1512223458442,26.667418741712595,0.18342461083705985,-6.503867170085078,1017,7
138,5.386939390845921,56.32526800307891,7.5050161893948575,0.8775421548386464,3.6014035231825234,1018,1
138,7.36654305803603,105.03436953168229,10.248627690168195,0.783567730262403,5.438579110131747,1018,2
138,8.397307706915814,136.5591489976181,11.685852514798315,0.7281839842328688,4.136147340138753,1018,3
138,9.749303140502045,189.56774088134895,13.768360137697915,0.6289562125744699,3.4011946830196655,1018,4
138,11.254313724628393,258.08588684952883,16.06505172259115,0.5089752529346627,2.232017123180887,1018,5
138,12.028307624485182,312.17617322204393,17.668507951212064,0.4253697057836653,0.4980449123658996,1018,6
138,13.28880174609198,348.94831660605513,18.680158366728456,0.38251869667312444,0.9435781119526296,1018,7
138,5.115946175395578,87.74257774730059,9.367100818679203,0.9328991771464994,-1.117804789888686,1019,1
138,7.428659750067669,181.1313561247262,13.458504973611527,0.8658990206185633,-3.183136808699456,1019,2
138,9.332208985867707,291.2868325076826,17.067127248241945,0.7873054283626686,-3.836861520573713,1019,3
138,11.55974901586339,425.4004858502395,20.625239049529572,0.6924187161060205,-4.164335271586543,1019,4
138,12.9592400841091,562.7475188913597,23.7223000337522,0.6012100459173135,-6.060981736666914,1019,5
138,14.759603362152541,639.7080570753868,25.29245059450323,0.5580588249112929,-5.531104378078295,1019,6
138,14.95463676729064,713.4358229986913,26.710219448718338,0.5238876557489642,-5.325359994086666,1019,7
138,4.783172631609267,59.69544764571981,7.7262829126119765,0.8690621250771109,-0.15705205737680628,1020,1
138,7.545776325723399,150.49823984625144,12.267772407664378,0.6860175281075185,0.6985785028208857,1020,2
138,9.64968394542086,206.63753834446211,14.374892637667319,0.5824438953719233,0.3784932191821112,1020,3
138,11.852036925329678,311.45429458298304,17.64806772944231,0.3809107747998809,0.6969512372777082,1020,4
138,13.438327360844266,369.5893070938262,19.22470564387986,0.28397730784277697,0.3850543395332668,1020,5
138,12.680992969568225,353.5992756037219,18.804235576160014,0.33362639942135375,0.2084718372510827,1020,6
138,13.912428931913514,460.31086334974697,21.45485640478041,0.16646001494531615,-2.20897100282752,1020,7
138,5.526202675225078,112.19309967486615,10.592124417455931,0.8896258498391499,-1.5630805768828462,1021,1
138,8.31017271677653,233.49542084499834,15.28055695467277,0.7775526527352893,-2.608326068822888,1021,2
138,9.81655937001325,334.13765693377155,18.279432620674296,0.6861824164657244,-3.1542111479717754,1021,3
138,11.407025876252547,390.6071118452897,19.763782832375224,0.6365016786224578,-1.6920078664586164,1021,4
138,12.744880247807156,523.1282652396686,22.871997403805132,0.5217708876396632,-3.0518338161966074,1021,5
138,13.034064797387607,543.1658369317579,23.305918495776087,0.5143854382180688,-3.821532131969065,1021,6
138,15.099820061006408,647.6815147846339,25.449587713450956,0.43814667572738375,-4.249368121658546,1021,7
138,4.081867667212003,49.424192893749876,7.030234199068326,0.8798105320395315,-1.544464035310607,1022,1
138,7.028491061666737,129.32316488265684,11.372034333515566,0.6958218188093195,-2.097299575805664,1022,2
138,7.861028975334721,156.50497227817704,12.510194733823173,0.6439539545056052,-2.251990746760714,1022,3
138,8.74119696409806,179.23068501031568,13.387706488055214,0.5989352309275976,-0.798024260479471,1022,4
138,9.790590770002725,229.5455977903284,15.150762284133707,0.4960012471636852,-1.4360586111096367,1022,5
138,10.170610027036805,223.45389570501635,14.948374349908967,0.5208741842246032,-0.5869815798773281,1022,6
138,11.528460516445879,287.7422908049517,16.96296821918121,0.40579950375935636,-1.5466644729393115,1022,7
138,6.204513383948284,212.8088868370339,14.587970620927159,0.8065362475232313,-2.7035612714463384,1023,1
138,9.836005217787148,464.6116760783976,21.554852726901142,0.6081440112713283,-4.017614233321038,1023,2
138,11.198325827501822,532.3701598459755,23.073148026352527,0.5735202545695144,-4.394704355709795,1023,3
138,13.023526703102002,673.6905721186694,25.955549929035783,0.47802381119783743,-3.7549884906713515,1023,4
138,13.356345460034799,658.0492215520724,25.652470086759138,0.5045463874877112,-4.9699204831883526,1023,5
138,14.326231832089631,696.398183979306,26.389357399893353,0.4877893152260173,-5.452660076860068,1023,6
138,15.74752043986666,842.1097470079588,29.019127261307478,0.4020406844307456,-6.347423048986905,1023,7
138,7.304303839586783,222.58065210918988,14.919137110074091,0.7698333952334266,-3.073516894077909,1024,1
138,10.49965462477311,433.4259928255351,20.818885484711593,0.5585816744628961,-5.2309635065603945,1024,2
138,12.685384183690168,553.8561749357656,23.534149122833515,0.43983822004393025,-5.4092672182166055,1024,3
138,12.342385782711748,471.70221411236906,21.71870654786719,0.5247051036285928,-4.7883022626241045,1024,4
138,13.771264207535896,515.016052225578,22.693965105850896,0.4862837446092142,-4.722667438396509,1024,5
138,14.969687669173531,592.5559626784418,24.34247240274582,0.4154718461885293,-4.136668440224468,1024,6
138,16.181487981823906,704.2185743782197,26.537116919104452,0.3180080076775996,-5.6004530865213145,1024,7
138,2.8749388750048652,15.063656284380428,3.8811926368553813,0.3728190926764584,0.7854599399843077,1025,1
138,4.104440350463425,27.83314515804331,5.275712763034329,-0.1874749048233706,1.632045310476552,1025,2
138,4.735172962796861,34.185663518355085,5.846850735084237,-0.4890323494874269,1.941885395326476,1025,3
138,4.84595905525097,35.654853176513086,5.971168493394997,-0.5602131594367277,1.5348182761150857,1025,4
138,4.935048559437627,37.896812700929374,6.156038718277312,-0.6822892453804041,1.719956384188887,1025,5
138,5.0440287244492685,38.3813606438728,6.195269214801953,-0.6977542010754265,2.0491974872091543,1025,6
138,5.400240953417792,44.964389323904605,6.7055491440973425,-0.9846139313228732,2.0378793357075127,1025,7
117,5.836997578286717,68.23897816907765,8.26068872244183,0.8854856184540894,-0.4650382343520466,1026,1
117,8.387539537543924,123.80463950744779,11.126753322845248,0.798957505085171,-0.3717857344537719,1026,2
117,10.230388323465982,197.19462932475753,14.0426005185919,0.6831568622423599,-1.4272439337184286,1026,3
117,11.419655424916845,269.3185588448832,16.41092803118956,0.5712016041899741,-3.279626023056161,1026,4
117,13.377962723756449,366.73285533632406,19.150270372407906,0.42051032148171197,-4.8049912004389315,1026,5
117,15.134470744010729,470.03890914607206,21.680380742645458,0.26842878736937315,-5.345772580203847,1026,6
117,16.46799360585009,540.9003532571494,23.25726452653341,0.17697549745392416,-4.432868900462093,1026,7
117,4.60471229471712,51.62999517571822,7.185401531975664,0.9201489335947155,-0.11540683925661266,1027,1
117,6.91466249156202,114.5374729811546,10.702218133693341,0.827809994642166,-0.3015351825290256,1027,2
117,9.35152743412898,219.38089208084583,14.81151214700396,0.6815405250962767,-1.5749249743600178,1027,3
117,11.856629176017565,327.1197319182525,18.086451612139196,0.5275498227959502,-0.3797672711885892,1027,4
117,13.017560624668741,459.9190924033678,21.44572433851018,0.34216446705954284,-4.950832424000797,1027,5
117,12.867327062492697,414.9170400672683,20.36951251422744,0.41342324073057035,-3.5445623968401527,1027,6
117,15.513263800205328,610.5689814614451,24.709694078669713,0.16187785323399329,-6.395552610739683,1027,7
138,4.0333348426266,32.05270124158094,5.661510508828977,0.923479751398905,-0.14471532296443332,1028,1
138,6.809832904649817,104.13665549439709,10.204736914511667,0.7572003543230917,-0.7143704096476237,1028,2
138,8.25862315081168,157.53372719904576,12.551244049856004,0.6447006711158072,-0.5228713768115942,1028,3
138,9.694710482721744,215.2266080648661,14.670603534444863,0.5185949230337412,0.4449274228966754,1028,4
138,11.488525819087375,303.87990027826123,17.43215133821013,0.32803714462571876,-0.061559082805246544,1028,5
138,12.668130764062854,358.7872260055565,18.94167959832381,0.21770411533968237,-1.0011769170346467,1028,6
138,13.511107389477717,406.1121057473689,20.152223345015035,0.14163807204855072,-2.5883421275926675,1028,7
138,4.174027560413748,37.345232248256906,6.111074557576344,0.9220876338595225,0.0022312869196352753,1029,1
138,6.7786760330200195,110.04001383835748,10.489995893152555,0.7772636670907095,-0.8550322021263234,1029,2
138,8.155890782674154,163.4064592117434,12.783053594964835,0.680546157975755,-0.7894724140996519,1029,3
138,9.890430892723193,249.6495141123968,15.800301076637647,0.5164258169581741,-1.198721788931584,1029,4
138,11.040297328561977,283.4347277542428,16.835519824295382,0.45766018091010463,-0.35078532453896344,1029,5
138,11.443861463795537,316.34383832111257,17.786057413634776,0.40241265887535815,-1.445293246835902,1029,6
138,12.665934659432674,334.7133881746552,18.295173903919448,0.3850004960342295,-2.035866999971694,1029,7
138,3.8656425890715225,28.846007514098506,5.370847932505491,0.8797344247492278,0.4849919443545134,1031,1
138,5.727735401927561,56.35422020336961,7.506944798209829,0.7707952462689912,1.724887288135031,1031,2
138,7.267686678015667,93.77622056041166,9.683812294773771,0.6299332168223983,1.5978142835091853,1031,3
138,8.092684054720229,119.61017362613951,10.936643617954253,0.5331287862180816,1.335761788962544,1031,4
138,8.09375098131705,130.60853148853369,11.428408965754318,0.4962215809953865,0.19920798315518146,1031,5
138,8.960999253867328,151.0888038017856,12.291818571789351,0.4284885776700804,0.33023986263551575,1031,6
138,9.596616178319074,175.179140704866,13.235525705647888,0.3612720316186585,-0.965231950732245,1031,7
138,3.943307475767274,26.999900647037368,5.1961428624545505,0.7833319400666978,0.45014845806619397,1032,1
138,6.769622858019843,76.19504273308047,8.728977187109637,0.4024606661707455,2.6923800205838853,1032,2
138,7.428255150283593,94.27543294267264,9.70955369430916,0.2843869100866413,0.34919845194056415,1032,3
138,8.647669723068459,113.41106084771604,10.649462937055374,0.14715154211656145,1.7621531832045403,1032,4
138,8.000297643136287,107.45088507099894,10.365851873869264,0.1954955013942996,-1.2794173282125723,1032,5
138,8.18153082806131,105.378115478601,10.265384331753049,0.22505645508310368,-0.4506905873616536,1032,6
138,8.330605271933734,117.39979014213569,10.835118372317659,0.1837022802903996,-0.8933946637139805,1032,7
138,3.580473886019942,19.82252705682523,4.45224966245439,0.8106141687198962,0.07351847662441972,1033,1
138,5.640988833662393,54.3135116298328,7.369770120555512,0.49292650365550295,1.1939209094945935,1033,2
138,6.971249566561934,80.65087853001566,8.980583418131344,0.26683708126077177,-0.4221443784409675,1033,3
138,7.799041969188745,99.70880807826482,9.985429789361339,0.1025794318058112,1.0473922508350317,1033,4
138,8.475245766017748,110.98271036214841,10.534833190997777,0.007243397444451349,0.3003001282180565,1033,5
138,8.601296093152916,103.21080788353206,10.15927201543162,0.09155371128040557,1.074873509614364,1033,6
138,9.23323470958765,123.13078868025104,11.096431348872981,-0.030601520778220648,1.246897213700889,1033,7
109,3.995759526523975,26.805603837589384,5.177412851761909,0.8576654959961922,-0.06539311540236167,1034,1
109,5.880813143668918,59.24650205442855,7.6971749398353,0.7034421505231481,1.4296133058880447,1034,2
109,7.778852602757445,94.97676676369673,9.745602432056046,0.551334210697033,1.2090901191081476,1034,3
109,8.553035526100649,118.38210398274772,10.880354037564574,0.44839513312433854,2.6590010616757453,1034,4
109,9.116965862589145,117.32458114173214,10.831647203529672,0.45965901694132716,2.466282065855254,1034,5
109,9.864323607278527,138.16598094902525,11.754402619828252,0.37965536656037446,4.185082216875268,1034,6
109,8.705418193012203,108.96802398804387,10.438775023346555,0.5382246938410549,2.3751175906680047,1034,7
136,3.1700707113041595,17.536293953716115,4.187635843016452,0.901990602271462,0.6628565858392155,1035,1
136,5.497155294698827,51.33336187640731,7.164730411983923,0.742775933403966,0.3569566993152394,1035,2
136,6.78051178595599,84.74185741442925,9.20553406459556,0.5980682355946138,0.08909156743217916,1035,3
136,8.14768251250772,118.47972012319323,10.88483900309018,0.46067072263881337,-0.859294709037332,1035,4
136,7.695510443519144,114.29138577002334,10.690714932595638,0.4980279230742115,-0.9652668167563045,1035,5
136,8.435111606822295,131.19630542620484,11.454095574343913,0.42987739164703964,-0.09421682357788086,1035,6
136,9.012376799302942,136.65351157018821,11.689889288192091,0.41575142532662457,0.02225041389465332,1035,7
138,5.524112611577131,46.072238990043886,6.787653422946982,0.748011140804498,0.24418086590974228,1036,1
138,9.388231788856396,128.8454550372959,11.351011190078877,0.28383881692774204,1.352931879568791,1036,2
138,9.34246361773947,128.71336090503482,11.345191091605061,0.27873894099367635,0.6917762479920319,1036,3
138,10.037957509358725,150.21480328257948,12.256214883991692,0.15270906901304526,2.770236803137738,1036,4
138,9.821834757708121,153.67054508455513,12.396392422174893,0.13335297018452896,-0.10773830137391022,1036,5
138,9.779255604398424,145.16742014627812,12.048544316483968,0.17849423808178355,-0.6773503621419271,1036,6
138,9.967581748962402,144.53204076927776,12.02214792660936,0.1823382755310785,-0.9431404583696006,1036,7
138,5.085336595341779,41.22975593669719,6.42104009773317,0.7228893357329675,0.9554414541825004,1037,1
138,7.609716353209122,92.14678723571228,9.599311810526434,0.3689768340695343,2.3138135481571807,1037,2
138,9.7636417651522,144.68102487110843,12.028342565420576,-0.001263529047386358,3.559712665668432,1037,3
138,12.270317443902941,232.33657034326387,15.242590670331072,-0.608154849876076,6.231797073198401,1037,4
138,14.973806844241377,324.6205063431276,18.017228042713107,-1.2443750964920701,7.862468988999076,1037,5
138,16.22403275448343,415.38082786899895,20.380893696523685,-1.82850563958139,10.728667445804762,1037,6
138,16.072072257166322,415.5900979346932,20.386027026733117,-1.6234259056348863,10.819605889527693,1037,7
117,3.831410081977518,25.628272127496817,5.0624373702295635,0.8889780880625056,1.2815285299578283,1038,1
117,6.266506406995985,68.08617413423819,8.251434671270093,0.7096942703207242,1.785948745205871,1038,2
117,7.974115575480665,119.45068537128937,10.929349723166945,0.5052001404762319,0.4685654517931816,1038,3
117,9.46899217621893,154.9731021160044,12.448819306103065,0.3617365708842891,1.2390850996359801,1038,4
117,10.220751566764635,184.83348104322172,13.59534777205871,0.24680246921698623,0.18332681085309413,1038,5
117,11.544846192384378,233.6872415205051,15.28683229189439,0.05910010157564427,1.6950183689084828,1038,6
117,11.915300002464882,241.5252597796283,15.54108296675712,0.06984799986667345,-0.882703984904493,1038,7
138,4.107786192410234,25.053980535765284,5.005395142819924,0.7057391339190642,1.6923410581505818,1039,1
138,6.078367495882338,56.42712323860565,7.511798934916033,0.34800595916790933,2.2666978006777554,1039,2
138,6.716330555902011,71.47021410365612,8.45400580220147,0.1889024473468779,2.233758249144623,1039,3
138,8.03644361357758,94.67232829411213,9.72997062144137,-0.058999040263006064,2.160800201305445,1039,4
138,9.206045441005541,122.5716089147646,11.071206298988589,-0.3654335679741527,4.086408628933672,1039,5
138,8.686023974764174,104.65659558232477,10.230180623152496,-0.1544588086456795,3.8538613664931147,1039,6
138,8.578500706216563,112.2562556483619,10.595105268394548,-0.18374429742378107,3.083877522012462,1039,7
138,4.060254235198532,26.203104543585457,5.118896809233944,0.7092758089808122,1.3306930514349453,1040,1
138,5.687187402144723,48.998960959579904,6.99992578243369,0.47039123362905155,1.6448815801869268,1040,2
138,7.112936932107677,76.10248196014199,8.723673650483608,0.19640259224453693,1.5608710136966428,1040,3
138,7.838418089825174,92.38691918511469,9.611811441404512,0.040292300559900296,1.3845569638238437,1040,4
138,8.800149848495705,113.78225633967634,10.666876597189841,-0.17217324746318896,1.4400567455568176,1040,5
138,8.899936441062152,121.45631172762589,11.020721924067674,-0.22685391502946506,1.9487168547035991,1040,6
138,8.942764641582102,117.85713290433732,10.856202508443609,-0.13157197832340906,1.1007883928824163,1040,7
99,5.305288989134509,43.97740431066683,6.631546147820041,0.5233778055551123,2.2883073440705886,1041,1
99,7.804788512412948,90.61149872204601,9.519007234057867,0.02700536344291804,4.19993651033652,1041,2
99,7.160559740933505,79.07247281975475,8.892270397359425,0.16153628948427623,2.0736421334623087,1041,3
99,8.517683029174805,114.47986353830525,10.699526323081095,-0.21727628849924852,2.619331571790907,1041,4
99,7.80406063734883,102.15198703157589,10.107026616744209,-0.08729694049755143,1.3814174575035019,1041,5
99,8.982894666267164,125.0366904755516,11.181980615058837,-0.34321213188703203,2.940400364423039,1041,6
99,8.581736651333896,114.03955415833792,10.678930384562769,-0.2372121529049218,0.9263508536598899,1041,7
138,3.81454534807067,23.169363333988173,4.813456485103836,0.7781010321810732,0.014726396920024485,1042,1
138,5.901963462000308,57.56559973546747,7.587199729509397,0.46233827289992846,0.1849407182223555,1042,2
138,6.567992120549299,71.80242063588504,8.473630900380606,0.3434349144236939,0.30128819700600445,1042,3
138,6.998229047526484,78.42548192365467,8.855816276530057,0.2934056827861139,-0.03145446639130081,1042,4
138,7.859539633211882,96.69770960850012,9.833499357222744,0.14414963254618374,-1.4769614468450132,1042,5
138,7.987031542736551,96.87703713456516,9.842613328510124,0.1542895142710684,-2.161671797434489,1042,6
138,8.850447081137395,120.89410373835858,10.995185479943418,-0.009112269730014999,-2.414982318878174,1042,7
138,7.750274333401003,87.54394915910946,9.356492353393415,0.6989031065646572,3.793903882952704,1043,1
138,10.884957776553389,171.9311542894319,13.112252067796435,0.44738403555371054,3.9790732134943423,1043,2
138,12.174583511076111,223.36830582148835,14.9455112265017,0.35912355595277,0.8138510317042253,1043,3
138,13.988030772278274,293.98886293699326,17.146103433054208,0.20709720606184867,0.9505141921665358,1043,4
138,12.940252310987832,247.5601808719142,15.734045279962627,0.37408792919107525,-1.497537384862485,1043,5
138,14.238821313001107,291.58317863798544,17.075806822460407,0.3054285522628355,0.13215076750603275,1043,6
138,13.993037811224012,283.8629773105479,16.848233655506675,0.38592804954519,0.7398824484451957,1043,7
99,6.624869500747835,68.66860626320728,8.286652295300394,0.5312149099428551,1.268240254334729,1045,1
99,9.794533026338827,150.7081383755105,12.276324302310952,-0.053837897443348215,2.387427493779346,1045,2
99,10.635994997891514,175.2447092970601,13.23800246627338,-0.2209211831454987,2.419092544401535,1045,3
99,11.520409112024788,226.7089879839578,15.056858503152569,-0.6096707987865462,1.9633133435490155,1045,4
99,11.240514023135407,214.48122668722235,14.645177591522144,-0.5327621431663208,2.2513103870430378,1045,5
99,11.694634293064926,208.06013206036334,14.424289655312782,-0.48514931709484643,2.2224938749062892,1045,6
99,10.151569462785817,175.75348104238458,13.257204872912864,-0.26483851019395277,-0.25679341711179177,1045,7
138,4.583381576814514,34.088822516049646,5.8385633948814535,0.7880551276569909,0.9215380696282871,1046,1
138,6.9293698780778525,79.46797008580839,8.914480920715933,0.5183436620009851,1.1617827691893647,1046,2
138,7.684199934420378,93.45912853854716,9.66742615893947,0.4445416055061866,1.4450926089632339,1046,3
138,9.300823716149814,134.55305279164517,11.599700547498852,0.20806420050069796,1.0707030434539353,1046,4
138,8.277180595674377,112.50385673219827,10.606783524339425,0.34810108911057736,1.2515079318613247,1046,5
138,9.706984651261482,142.56709533494345,11.940146369912869,0.19028527146572216,2.086468330328015,1046,6
138,10.603990962539894,166.61749760882725,12.908040037466078,0.106457170386002,3.508854679439379,1046,7
105,5.481329036894299,45.045830218968156,6.711619046025196,0.7309891044790056,1.8571289244152251,1047,1
105,7.944308217366537,92.66235899587018,9.626128972534607,0.49237471389497944,1.8423478262765067,1047,2
105,9.435296703520276,127.76318720706372,11.303237908098003,0.3612666557836446,4.618302663167317,1047,3
105,11.204609335036505,189.55941550816326,13.768057797240802,0.08892685489855268,7.363283375331334,1047,4
105,12.72905137198312,231.03879768715265,15.19996045018383,-0.07192877566024314,9.54444207691011,1047,5
105,12.138928931100027,210.02126627987667,14.492110483979781,0.05923705518293543,8.228376424880254,1047,6
105,9.048092142740886,142.4551178443389,11.935456331633864,0.4005609669498271,0.5619865780784971,1047,7
138,8.17211509787518,96.46640343320782,9.82173118310656,0.721219048470291,2.0440465471018916,1048,1
138,10.86657120524973,176.6623319819792,13.291438296210806,0.5271588081641898,1.6452962350154268,1048,2
138,12.263199032216832,236.4510131251491,15.37696371606401,0.440448481550174,0.8067172921222189,1048,3
138,14.02194298868594,290.63119147502545,17.04790871265521,0.3562971711686873,1.3886864496314006,1048,4
138,14.834078042403512,328.4912768168505,18.124328313536214,0.32094604805871996,0.4318318436111229,1048,5
138,15.04011320722276,325.38719583879094,18.038492061111732,0.36824941300713143,0.6437335290770599,1048,6
138,16.015786813653033,391.308756916415,19.78152564683561,0.3158950483096056,-0.769358199575673,1048,7
138,5.400849515113277,43.850195749306984,6.621948032815342,0.7776734296776514,0.9486079216003418,1049,1
138,7.798502846040588,97.26822655172025,9.862465541218395,0.5343892159267332,0.6501088833463364,1049,2
138,8.477076799973197,104.87003234791895,10.240607030245764,0.5093394162352993,0.6356326186138651,1049,3
138,9.255156731259996,138.25768623812252,11.758302863854228,0.36417300266720454,-0.04402574594470038,1049,4
138,8.361946928328361,104.65496783674419,10.230101066790308,0.5317683588466746,-0.8215931118398473,1049,5
138,8.627253249071646,113.48401852793288,10.652887802278444,0.4979326514046041,0.6559831716012263,1049,6
138,8.043276199396105,104.76946881159247,10.235695814725664,0.5531849605881897,0.5881369010261868,1049,7
117,5.519106938288762,44.643366010998285,6.6815691279068785,0.6411142416741269,-0.22051824259961772,1050,1
117,7.670782863584339,82.72773697435932,9.095478930455467,0.34001797085997343,-0.6360529956654606,1050,2
117,8.13423542283539,98.07890984890241,9.903479683873867,0.24730295145575842,-2.12638488997761,1050,3
117,8.500690191220015,109.7218195483509,10.474818353954921,0.17532646885593972,-4.233170085483128,1050,4
117,9.07357113993066,124.82190638610797,11.172372460051086,0.09665931617792412,-4.807137603433723,1050,5
117,9.126618890680819,127.90991636103692,11.309726626273374,0.11919014041047604,-5.271332773387941,1050,6
117,9.352378233885153,135.07056727663053,11.621986373965104,0.13197761932560204,-4.395482568659334,1050,7
138,4.837505022684733,35.866793855575345,5.988889200475773,0.6842067610514975,0.3891820216524428,1051,1
138,7.6373622521110205,86.13158874119685,9.280710573075579,0.23653826793633703,-0.07925007999807164,1051,2
138,8.124249672544176,98.64200443442124,9.931868124095347,0.13217752582253972,-1.2564116975535518,1051,3
138,8.236627419789633,97.58549733556244,9.878537206265026,0.151240522903761,-2.1879835474318354,1051,4
138,7.672469533008078,87.18012478256558,9.337029762326218,0.2452501211987892,-1.1611425220102505,1051,5
138,8.12139732250269,90.74527036381411,9.526031196873864,0.22027921804121864,-1.4030128838359446,1051,6
138,8.223320318304975,103.7911201131328,10.187792700734189,0.12097078062674427,-2.8199611815853394,1051,7
138,5.5200362827466884,48.52991423214131,6.966341524224987,0.6311263992292657,1.085635364919469,1052,1
138,7.825058301289876,92.36640408452072,9.610744200347897,0.30037713354005335,1.5405391610187034,1052,2
138,8.628846721372742,113.11058135294779,10.635345850180322,0.15643466132089623,0.10110967055610988,1052,3
138,8.690940179686615,111.68219329957337,10.567979622405286,0.167736946883291,-1.1592375022777612,1052,4
138,9.048801712367846,122.38179164754818,11.062630412679807,0.0978217678301635,-1.824295389479485,1052,5
138,8.962139613386514,123.42773649535548,11.109803620917674,0.09994921390401024,-1.3657649910968284,1052,6
138,9.14003826915354,121.75464101157334,11.034248547661655,0.12429095258263945,-1.343070223711539,1052,7
117,7.16722902477297,71.70663001671191,8.46797673690191,0.58864041974689,1.8678626362075152,1053,1
117,9.900151961889023,133.82468434343,11.568261941338898,0.2544220897454905,1.7495972070938501,1053,2
117,10.639445378230167,150.7941903345945,12.27982859548921,0.18043931940397173,1.4700172619941907,1053,3
117,11.156229133279915,170.1572134592953,13.044432278152058,0.07987674453949611,2.02974358583108,1053,4
117,12.075005751389723,199.20810110893436,14.114110000596366,-0.05805449129139828,2.023606194390191,1053,5
117,11.523333345722948,178.70013305767185,13.367876909130779,0.0725756629440425,2.0435896490374184,1053,6
117,11.465690922533344,173.36659888217193,13.166875061386886,0.10634000634625085,1.6069931780171192,1053,7
138,4.61357053120931,33.64923157466616,5.800795770811636,0.6719128690589894,-0.0865970832714136,1054,1
138,7.056000985961029,76.15516567617286,8.72669271122645,0.2492822709487057,0.10988502226014069,1054,2
138,8.170830422553463,102.14116243744316,10.106491104109436,-0.00403385758594399,0.8338421393131864,1054,3
138,8.283212758492732,102.43135178510671,10.120837504135055,-0.006375289473307788,0.20222250620524088,1054,4
138,8.496533338574396,112.08140694314106,10.586850662172441,-0.09840679214952375,-1.3562731397324714,1054,5
138,8.621662948442543,122.82339106611808,11.082571500609328,-0.2024078508289764,-1.7784670746844748,1054,6
138,8.939697804658309,137.90326167756575,11.743221946193717,-0.3412299929851208,-1.7594108719756638,1054,7
138,5.563763881075209,53.99228100851756,7.347943998733085,0.6755946568942585,-1.2929997513259666,1055,1
138,9.151770356772602,133.99096343654415,11.575446576117232,0.18623783420362705,-3.5554246073183804,1055,2
138,10.102228378904039,163.38762014080285,12.78231669693733,0.004236587745906295,-3.2164803864299385,1055,3
138,10.637134676394256,180.5169026542389,13.435657879472776,-0.10295641948700274,-4.364586857781894,1055,4
138,10.570963783540588,179.87947054374612,13.411915245174573,-0.09932420666531483,-3.6187159565911777,1055,5
138,10.293711385865143,167.11291918195286,12.927216219354918,-0.02427567516522755,-3.2727011113926983,1055,6
138,10.950333242831023,183.15248272401905,13.533384008592199,-0.12830425520387068,-5.302988943846329,1055,7
138,5.972402703934821,61.01855034511312,7.811437149789604,0.6161159733857763,0.9439785100411677,1056,1
138,8.39380599450374,110.80038890022718,10.526176366574292,0.29486385710722873,0.010541148807691492,1056,2
138,9.055281383403834,131.1782449740433,11.45330716317533,0.16202125443266946,0.12634319498919058,1056,3
138,9.326312134231346,139.9838368956116,11.831476530662249,0.10335204878896198,-0.18886480469634567,1056,4
138,9.921562637107959,146.96763208468403,12.123020749164954,0.05817985380927215,0.06667005843010501,1056,5
138,9.550291476042375,145.81250401028686,12.075284841786832,0.06274010268373464,-0.03613040758215863,1056,6
138,9.548908641372902,148.31335800208078,12.178397185265423,0.04137272180696294,-1.6030748408773672,1056,7
138,4.58267879486084,32.16331514469982,5.671271034318482,0.6743686758414241,-0.40276828710583673,1057,1
138,7.002568396969118,85.54175227119458,9.248878433150399,0.11930531509505204,1.4529558264690896,1057,2
138,7.689953486124675,97.0420790927691,9.850993812441926,-0.00015219271844912896,1.5342154848402825,1057,3
138,7.680394621862882,93.36861197389183,9.662743501402272,0.034535470218618136,-0.1675638046817503,1057,4
138,8.348885978477588,106.02149052521723,10.296673760259536,-0.09578714044886061,-0.6848849559175796,1057,5
138,8.522242615188377,111.94901722395564,10.580596260322745,-0.1613148733646328,-0.2873806884323341,1057,6
138,8.601528340491695,116.15906418159558,10.777711453810387,-0.19827720912649172,-0.7298551987910616,1057,7
129,5.17481048347414,41.35634858652987,6.4308901861662875,0.4671526706759349,1.3418648594109588,1058,1
129,7.43366198576698,85.47644320062031,9.245347110878006,-0.10133582272223562,3.2415153887844825,1058,2
129,6.9470272655634915,77.83867151987089,8.822622712089126,-0.014144529026995922,2.038454913353735,1058,3
129,7.999061436616173,99.63215636783204,9.981590873594852,-0.32125266389384266,3.6830542216929354,1058,4
129,6.784782690595287,73.20048904031388,8.555728434231295,0.002990432352779182,2.3400581862575325,1058,5
129,6.670507297959438,69.5841263135369,8.3417100353307,0.04200126770565893,2.9509973452072735,1058,6
129,6.90214466124542,76.39960045764592,8.740686498075876,-0.05897789171817647,3.4851763377818026,1058,7
117,7.658280486734505,94.31637425231558,9.711661765749236,0.08317313387161684,-5.1151545027382355,1059,1
117,7.973146544562446,96.33487685025,9.815033206782848,0.056230928553038906,-2.769936920231224,1059,2
117,8.787693219307142,114.68215077627646,10.708975243984668,-0.08091991006713517,-3.3386677962083082,1059,3
117,8.938482977386213,120.02507804726014,10.955595741321424,-0.11774145110147782,-1.5667426035954402,1059,4
117,9.524114372383835,137.41687371467975,11.722494346967276,-0.28489261336220717,-2.7995700917692266,1059,5
117,9.230838522951828,127.01441463744588,11.270067197556804,-0.18567615906678903,-5.001796127384544,1059,6
117,10.3200897233099,151.9852421612702,12.32822948201688,-0.35395907932428905,-5.50801819206303,1059,7
138,4.535247540128404,34.245501101651776,5.851965575911377,0.5250769841732843,1.2777747140414473,1061,1
138,7.344126950139585,76.06139640503879,8.7213185015248,-0.0773869211481999,4.109692158906356,1061,2
138,8.177269451860068,96.56763857444673,9.826883461934752,-0.3824818299931412,4.667058999987616,1061,3
138,8.588693356168443,103.3866201493511,10.167921132136652,-0.5013581133433522,4.991691962532375,1061,4
138,9.105157962743787,117.0786425738536,10.820288469992544,-0.7179816047528202,5.068923065627831,1061,5
138,9.163312248561693,124.03849518297912,11.137257076272377,-0.836458048272418,4.580673549486243,1061,6
138,8.232993858447973,99.6491557994442,9.982442376465,-0.4710457546783011,3.0763545105422754,1061,7
138,4.786241876906243,36.518669723760624,6.043067906598488,0.6420738778755354,0.9856941527214603,1062,1
138,6.958296789639238,74.98166661690824,8.659195494785196,0.25070388813038647,3.1612413931584014,1062,2
138,6.680054775182752,68.2506406901483,8.261394597169918,0.31029596787335323,0.8145820645318516,1062,3
138,7.37757879063703,87.09627087617363,9.332538286884958,0.11102941134803812,-0.19348912999249887,1062,4
138,7.713865584221439,87.54689041305491,9.356649529241485,0.10301656244440893,0.5409625785938208,1062,5
138,8.519080631974814,110.90291180982379,10.53104514328107,-0.14276533619053744,2.503747262816498,1062,6
138,8.288790647534357,103.15599835041789,10.156574144386378,-0.06429197586300828,-0.43842560312022333,1062,7
117,5.170701793116382,43.89654273191845,6.6254466062234965,0.5894459156866387,1.9315954273582523,1063,1
117,8.675133558420034,111.63958027027861,10.565963291166529,-0.041488106925801516,4.39270083924644,1063,2
117,8.910862058655828,117.87418332747123,10.856987764913029,-0.1154029618014718,4.605015118916829,1063,3
117,11.358185246459438,218.35020776222646,14.776677832389337,-1.0955096571608052,8.497198064103086,1063,4
117,9.872402541657799,135.67952201806654,11.648155305372029,-0.2869811165492011,5.038904752486792,1063,5
117,10.675740030076769,163.83924295120224,12.799970427747176,-0.5630646372268782,6.26063791095701,1063,6
117,11.771905841990414,196.03510468331984,14.001253682557138,-0.9277904236744485,6.516170200119671,1063,7
138,4.397524819857832,31.916637096009662,5.649481135114061,0.5503016590386942,1.6091032995693926,1064,1
138,6.547815544017847,70.61958217106634,8.40354580942273,-0.014933712013654343,3.7593029685642407,1064,2
138,6.588601084722989,69.19343315249002,8.318259021723838,0.002098638551206289,3.5027394363845605,1064,3
138,7.683249611785446,87.82193184899194,9.371335649147987,-0.2865570661688168,3.7486405718153804,1064,4
138,7.932927421901537,93.57914974704946,9.673631673112713,-0.3857743179229658,3.3516649992569634,1064,5
138,7.422838998877483,78.0107150983497,8.832367468484863,-0.16354731042747628,1.6542268974193628,1064,6
138,8.167104831640271,95.45094146575055,9.769899767436232,-0.41509023375317367,1.3863384136255237,1064,7
138,4.530547722526219,34.20292906842444,5.84832703158984,0.6069171812890874,0.05569077920222628,1065,1
138,6.567746597787608,66.5152853006216,8.155690363213994,0.2173984025527178,1.041254188703454,1065,2
138,6.336540837218796,66.02350857370304,8.125485128514054,0.21360800698639248,-0.017313383627628933,1065,3
138,6.473226609437362,74.6530658512116,8.640200567765287,0.10366506903426409,-0.3373087385426397,1065,4
138,7.0273373437964395,81.17961951662461,9.00997333606624,0.022738675686934995,-0.0909017410831175,1065,5
138,6.600819815760073,69.67886562620086,8.347386754320231,0.15443322254111969,0.14719102693640668,1065,6
138,7.237761988156084,82.32565553051785,9.073348639312712,0.00028870984503115427,-0.5221237721650497,1065,7
138,4.8102738546288535,35.925664420434636,5.993802167275346,0.6631412637806836,0.31545487694118335,1066,1
138,7.3390172806338985,84.48150879971011,9.19138231169339,0.19230629266379784,1.867771445841029,1066,2
138,7.431205742601035,85.57740830940057,9.250805819462462,0.17350084653766495,0.8606311894845271,1066,3
138,7.777876059214274,97.37981908493344,9.868121355401616,0.052817440557927475,2.437405786652496,1066,4
138,7.46163096635238,89.72130565013713,9.47213310981941,0.12794905178737748,1.5853961377904036,1066,5
138,7.352006504501122,83.0579366890537,9.113612713356526,0.1900718003814711,0.9502453251161437,1066,6
138,8.218005201090937,104.71494994783195,10.233032294869002,-0.018330211094152338,1.1676179153331812,1066,7
138,5.829501366269762,56.990568202833266,7.549209773402331,0.37392552821382197,2.7035396479178164,1068,1
138,7.817107020944789,91.4582050206237,9.563378326753767,-0.02608283958776436,3.9045987612959268,1068,2
138,8.613159248794334,111.91525765509249,10.579000787177042,-0.26907689691139725,4.272290865580241,1068,3
138,9.163989108541738,120.23155150487086,10.965014888492895,-0.3737288559318015,3.770008418871009,1068,4
138,8.562915456467781,109.52040802019218,10.465199855721446,-0.2557529758551116,4.320562984632409,1068,5
138,8.01268820831741,99.60562524340618,9.980261782308427,-0.1483528780300991,3.45938273443692,1068,6
138,7.830237513003142,94.88795354102214,9.741044786932362,-0.093519470398024,2.191885768503383,1068,7
117,5.935550159878201,56.494074201794255,7.516254000617213,0.48401870232190336,2.6672030962430515,1069,1
117,8.859575459080883,133.28874094208368,11.545074315139061,-0.24215137805115572,4.863912541642148,1069,2
117,7.8624176204714,107.42598696983576,10.364650836850982,-0.009679748321885562,2.4097060423630934,1069,3
117,9.531541473845131,147.09355689459704,12.12821326060014,-0.38038704621535757,5.371639080536672,1069,4
117,8.630915283137917,125.29047005855355,11.193322565643927,-0.16730364649975282,3.793327225579156,1069,5
117,8.65894861302824,125.86886644495632,11.219129486950239,-0.14740494562464912,2.927787413963905,1069,6
117,9.030050481486525,130.45263652545637,11.421586427701556,-0.1741158781164318,1.5529824525882037,1069,7
117,4.351085776956673,27.011662731215118,5.197274548377748,0.5467201772509493,0.9457349043626052,1070,1
117,5.183162884834485,38.56403105572735,6.209994448928867,0.28468113462580613,0.6237627339159322,1070,2
117,5.2218576904036045,41.29883197949394,6.426416729367459,0.16238788582711572,0.633128418881669,1070,3
117,5.4075535831288395,44.69254359395568,6.68524820735593,0.08009785175457818,-0.1880036378518129,1070,4
117,5.689528147379558,50.723533112765395,7.122045570814988,-0.03140818674756818,0.8742838802500668,1070,5
117,7.100276229727982,77.79123520259819,8.81993396815408,-0.6070842282414683,5.050223749926967,1070,6
117,6.241325036073342,62.479988341036595,7.904428400652169,-0.31960349016026846,3.4636279864188952,1070,7
134,7.117985255682647,84.30968275701127,9.182030426709076,0.534551198151772,2.4613544691854448,1071,1
134,11.472628956410423,210.59663048560896,14.511947852911026,-0.16603526062436758,6.657819584234437,1071,2
134,11.878766195097967,207.8051813388178,14.41544939774053,-0.14957084303895307,5.87048138433428,1071,3
134,13.281840502326169,277.8099946045256,16.667633143446782,-0.5327958113038218,7.685745630691301,1071,4
134,12.51757628170412,230.96775437982055,15.197623313525723,-0.25788377472174995,5.534583767848228,1071,5
134,11.098737738025722,171.3781274067083,13.091146909522799,0.07384709576088178,3.772789535237782,1071,6
134,12.121255839048926,203.2045934719854,14.254984863969003,-0.09450184922615645,5.183060482366761,1071,7
117,6.804859218434391,77.10971112137535,8.781213533525726,0.4534173011330894,-3.352679855803139,1072,1
117,8.24440120631813,102.0285410963343,10.100917834352197,0.2698962921660223,0.2258510508088984,1072,2
117,8.943886381948095,119.59611177824407,10.936000721390068,0.13823789141716658,-0.3067508029122638,1072,3
117,8.775088848211826,108.58169326413629,10.420253992304424,0.2147350825641675,1.343227427229922,1072,4
117,9.133374377193613,123.64413503180253,11.119538436095382,0.11853895288185812,-0.6927136722792927,1072,5
117,8.673963359278492,115.12969282362207,10.729850549920165,0.1806467454022549,-1.7412133909698226,1072,6
117,8.950432190528282,110.21940316069302,10.498542906551034,0.22064278346465493,1.1296676652044313,1072,7
138,4.450030831323153,30.919508947871762,5.560531354814192,0.5997671601152319,0.8428347698156384,1073,1
138,6.0410289280656455,54.10797945422839,7.355812630445965,0.29856477563581607,1.4390175929967908,1073,2
138,6.873252225958782,67.5943495917197,8.221578290797924,0.12299095431864382,2.4980390451956485,1073,3
138,7.284894563149715,78.03902088741042,8.833969712842036,-0.010667183557078186,3.3200483805891396,1073,4
138,7.745836527451225,84.6509415418807,9.200594629798701,-0.08555911533050731,3.0960028482520063,1073,5
138,7.142923928689266,73.29910007851628,8.561489361000005,0.06336454031128469,2.810314973195394,1073,6
138,6.991116516831992,73.10006712314274,8.549857725315828,0.06862542970886665,1.8142621206200642,1073,7
117,4.861212078322712,38.74661269455877,6.224677718127965,0.6273518790489221,0.21507073263836723,1074,1
117,6.688693095476199,64.38382744948214,8.02395335539048,0.3728500298189983,1.8661161977001743,1074,2
117,7.65254590450189,79.64924419706358,8.924642524889363,0.22321625528502276,2.748661277640579,1074,3
117,8.807984678154318,113.94641908168994,10.674568800738038,-0.1138187235197532,4.581496711470123,1074,4
117,9.609196076026329,132.06897731413505,11.492126753309636,-0.2886613621566225,5.6387781077979975,1074,5
117,9.32249682988876,116.97781857190573,10.815628440913905,-0.17028055753578752,4.213856436248518,1074,6
117,10.073407336177988,145.1480586654981,12.047740811683246,-0.5590458272799055,4.183435073265662,1074,7
138,4.808584448220073,37.144666702878645,6.094642458986306,0.6316424787297925,-0.5583945426388063,1075,1
138,6.747208387955375,66.51395466062642,8.15560878540814,0.33230943597763385,0.3382524407428244,1075,2
138,7.456215595853502,81.90922723337366,9.050371662720469,0.17288972341919073,0.6382778001868207,1075,3
138,7.704896221990171,87.23306982136441,9.339864550482753,0.11933308743661752,1.4548604799353557,1075,4
138,6.950095729551453,79.24267125894636,8.901835274759152,0.20520264986246417,-0.7118964402571969,1075,5
138,8.060308815776438,90.68906593258392,9.523080695477903,0.09398379688254777,1.572454784227454,1075,6
138,7.688415375308714,86.43397267305771,9.296987290141775,0.14145357270520797,1.0025607813959536,1075,7
120,5.246634991963704,44.48396394324147,6.669629970488728,0.617534691686983,-0.12414023081461588,1076,1
120,7.113371117909749,79.65349467080297,8.92488065302853,0.3096958749936317,0.07721439997355144,1076,2
120,7.782111390431722,92.81831892318125,9.634226430968978,0.1951965244241889,0.044205888112386064,1076,3
120,8.052706416447958,94.67633336210882,9.730176430163475,0.18115478035501742,1.2792052745819091,1076,4
120,8.501632928848267,105.55113702574837,10.273808301975873,0.0952856513717163,1.5494736512502034,1076,5
120,8.720132811864216,110.80968953082139,10.526618143108516,0.05455101540915208,2.252422984441121,1076,6
120,9.04959913889567,127.44207447619102,11.289024513933478,-0.08639475670732377,4.106023089090983,1076,7
138,4.901303837264794,40.48542444726795,6.3628157640519465,0.6404303146156534,0.45060827421105426,1077,1
138,7.275897613470105,78.7127573424772,8.872021040466327,0.2903767072101253,1.1003812914309294,1077,2
138,7.738970334979071,87.8236593129876,9.371427816132801,0.20227688175262515,0.7123179850370988,1077,3
138,8.715966369794762,111.89930891141447,10.5782469677832,-0.018918176715200463,1.1545141399770542,1077,4
138,8.411843292955039,108.04781437659977,10.39460506111703,0.023007487076349586,-1.0048884999924812,1077,5
138,8.008947075277135,101.83014299742813,10.091092259880895,0.08074110864168405,-2.047096052031586,1077,6
138,7.804311786872753,102.62744753230679,10.130520595325137,0.07610382943210858,-2.200829402260158,1077,7
138,3.300454105156055,19.36334096195153,4.400379638389343,0.23562515507092663,0.9440300084542537,1078,1
138,4.669214545816615,34.43339927543252,5.867997893270968,-0.3957397384229897,1.5661787295687026,1078,2
138,5.383903434311134,49.364248127978456,7.025969550743759,-1.0272012435582525,1.936695707017097,1078,3
138,5.447060626486073,46.522008286056966,6.820704383423824,-0.918328042181261,2.5848593366318853,1078,4
138,5.625365402387536,53.62277690974221,7.322757466265164,-1.227229664251189,2.907402086949003,1078,5
138,5.225866587265678,46.3605523737299,6.808858375214593,-0.9168517932970386,2.4965310787809067,1078,6
138,4.99001910029978,39.38411921520412,6.27567679339879,-0.6279540665718379,2.4280157711194907,1078,7
138,2.5097756005715635,13.076762534787473,3.61618065571778,0.4182007345343779,0.3283275486766428,1079,1
138,3.5107786689979443,21.186349349963066,4.602863168720429,0.0311294554674989,0.5007683090541674,1079,2
138,3.9611982124439185,24.353514520203873,4.934928015706396,-0.12849433710550984,0.2261723228122877,1079,3
138,3.848646474921185,24.451438290142104,4.94483956161796,-0.1361255173960263,-0.24203838818315146,1079,4
138,4.314248472020246,29.52890080462884,5.434050129013243,-0.37590377368551,0.8417220046554786,1079,5
138,4.3319127732428955,28.922466172169745,5.377961153836066,-0.34383320422831387,0.8514525233835414,1079,6
138,4.292087278504303,28.493172650901624,5.3378996478860135,-0.31965202991648867,0.38493044480033545,1079,7
138,2.7583973822386367,13.082752958907259,3.6170088414195587,0.4502478387332889,0.45787330641262775,1080,1
138,3.5053525385649307,20.008053440210993,4.47303626636438,0.13937182112146862,-0.1988256219504536,1080,2
138,3.862341977547908,23.229836881476384,4.819734109001905,-0.014648264137485212,0.2556248678677324,1080,3
138,4.272830009460449,27.94507144523801,5.286309813588115,-0.2272132044778663,0.6081923747408218,1080,4
138,4.349160021629887,30.103966774463547,5.486708191116377,-0.3252053272283659,0.8770531571429708,1080,5
138,4.424650551616281,29.3918967042456,5.421429396777717,-0.289207713565828,0.637405754863352,1080,6
138,4.43902453823366,28.691503718847922,5.356445063551751,-0.25662410559948756,0.9453361345374066,1080,7
138,5.550933879354726,48.45514991854714,6.960973345628264,0.5582314970706415,0.4396100113357323,1082,1
138,7.225558336230292,86.03713062537162,9.275620228608522,0.20249857371699287,0.35573938618535583,1082,2
138,8.243992860766424,105.3829384003674,10.265619240959962,0.015474138847139218,-0.48329621467037476,1082,3
138,9.157634016396344,125.7009506202662,11.211643528950882,-0.1773835848980405,-0.2435479647871377,1082,4
138,8.491092363993326,109.10172147994827,10.445176948235403,-0.01507864790360891,-0.2995299049045729,1082,5
138,8.127885196519935,98.88742993354889,9.944215903405803,0.08158729503570972,-0.7285968946373981,1082,6
138,8.395612792692322,105.51362906642088,10.271982723234151,0.01945200827087057,-0.8548113021297731,1082,7
138,2.764771931413291,14.143466012521445,3.7607799739577223,0.1793267479282058,0.18173224684120953,1083,1
138,3.5487391015757686,21.203164769053203,4.604689432421388,-0.2643286838935357,0.19293579156847968,1083,2
138,4.06602918928948,27.098303544516096,5.20560309133496,-0.6459569800723841,0.891024188718934,1083,3
138,4.329491069351417,29.43552015723573,5.425451147806579,-0.7893550466538517,1.2836248771004055,1083,4
138,4.483414421910825,30.857556311677193,5.554957813672143,-0.8757961943959272,1.545156250829282,1083,5
138,4.249343291572902,27.115233110181286,5.2072289281518325,-0.6394403234286445,1.4978504319121873,1083,6
138,4.553186831266983,30.306409140077594,5.50512571519285,-0.828146380858251,2.047983736231707,1083,7
138,3.1389749153800635,18.278739042101925,4.275364199936881,0.3141117134199638,-0.15515160906142084,1084,1
138,3.929291172304015,25.428419537170303,5.042659966443336,0.02772890448863663,0.1432728836501854,1084,2
138,4.08092833256376,27.636164222190164,5.257010958918591,-0.06548878236486577,-0.9658328761225161,1084,3
138,4.198581819948942,28.146738905739266,5.3053500266937395,-0.08208632661117998,0.04030855151190274,1084,4
138,4.123943080072817,26.053341891376515,5.104247436339319,-0.007909134692471786,0.20335592739823935,1084,5
138,4.226371481798697,27.754745755492237,5.268277304346483,-0.06760061296645192,0.11628099109815515,1084,6
138,4.1839247855587285,27.098324648954417,5.205605118423257,-0.036432579240327057,0.6089163517606431,1084,7
138,2.8534223238627114,15.15277273754042,3.8926562573055974,0.32359314740656053,0.2326053743777068,1085,1
138,3.917642220206883,25.050499643638986,5.005047416722341,-0.1465921445123819,1.415747172590615,1085,2
138,4.203795363937599,28.139630337946482,5.30468004105304,-0.3121384405631482,0.9525170395339745,1085,3
138,4.322495709294858,30.38220326487247,5.512005375983633,-0.4193587953709801,0.9445411156916964,1085,4
138,3.8742742814879487,25.07161461742196,5.007156340421373,-0.17119660981043783,0.08415849658026212,1085,5
138,4.057592661484428,25.694241284266006,5.068948735612347,-0.18917402827750163,0.4371866212374922,1085,6
138,3.8089669683705205,22.45318054481574,4.7384787162986965,-0.04352820820037784,0.4375078643577686,1085,7
138,2.381067310554394,10.955624994591751,3.3099282461394464,0.333627236846049,-0.4755602366682412,1086,1
138,2.894280993420145,14.794615009130956,3.846376867797922,0.08376923560157201,-0.32603047550588415,1086,2
138,2.970853162848431,16.846980547488712,4.104507345283806,-0.062072934185770645,-0.9089818968289141,1086,3
138,3.1015814905581265,18.644743326903917,4.317955919981573,-0.18997217756111984,-1.6510731932045757,1086,4
138,2.9532838144164155,17.210863940818832,4.148597828281121,-0.10072445696096888,-1.463223947994951,1086,5
138,2.9240585548290308,16.22225879350208,4.027686531186617,-0.035806249063793594,-0.6225204744200775,1086,6
138,2.920741889787757,15.761207655077333,3.9700387473017607,-0.0073005740949654285,-0.5432963094849518,1086,7
138,2.4584865915602534,12.0471115832004,3.4708949254047434,0.3303957784623198,-0.010356992915056753,1087,1
138,3.1404795784881148,17.22919628398541,4.15080670279711,0.026305810356927806,0.00842437882354294,1087,2
138,3.2319558461507163,17.424160167951083,4.174225696815049,0.005643671063831346,0.19023423955060434,1087,3
138,3.7461911491725757,22.02857613745778,4.69346099775611,-0.26813559284058575,1.3521975641665251,1087,4
138,3.3902411460876465,20.069379227490778,4.47988607304815,-0.17204878536202162,0.22331013195756552,1087,5
138,3.496856641078341,21.201027123545135,4.604457310427054,-0.23397409105674227,0.740978731625322,1087,6
138,3.3059060400810796,19.113460160691705,4.371894344639599,-0.11477034075697712,0.6691556944363359,1087,7
96,3.0995870480934777,18.16775022925192,4.262364394236129,0.18363153945415522,-1.5748909463485081,1088,1
96,3.3145481646060944,21.879035006173023,4.677503073881729,-0.06794176856416745,-1.7426446378231049,1088,2
96,3.254552255074183,20.520959136355703,4.530006527186877,-0.04808217665751657,-1.1679566999276478,1088,3
96,3.3588779171307883,20.709355529890882,4.550753292575953,-0.1941241719764466,-1.4836543798446655,1088,4
96,3.344536562760671,20.74553517806358,4.554726685330699,-0.2589575597598812,-0.7527252038319906,1088,5
96,3.512987345457077,20.268194891805848,4.502021200728163,-0.278161854316769,-0.8671159644921621,1088,6
96,3.825282504161199,24.97897337232838,4.997896894927743,-0.5592305768069146,-2.435091584920883,1088,7
138,3.1597973989403765,17.2048603776642,4.147874199835887,0.4337886353619863,0.11269141625666963,1089,1
138,4.008270540099213,26.955158136408432,5.191835719320136,0.09455000340878139,-0.16834221715512482,1089,2
138,4.50518334430197,32.617015683920435,5.711130858588379,-0.11813143711969709,0.3373918256897857,1089,3
138,4.619393155194711,34.8096887710597,5.899973624607122,-0.19866430270699897,0.12762183037357053,1089,4
138,5.035962305207184,40.29813239067385,6.3480810006390005,-0.4054601123271868,1.1753822893336199,1089,5
138,5.2595586154771885,44.00399022675255,6.633550348550356,-0.5292745961867726,1.6454911646635637,1089,6
138,4.778218994969907,35.74131925796857,5.978404407362266,-0.24811360103861868,0.8637098851411239,1089,7
138,5.2401482678841855,46.89148240029382,6.8477355673458815,0.6555500778717407,1.610596145408741,1090,1
138,7.22703506635583,76.51777603496149,8.747443971524566,0.42996133964919914,1.9641949612161387,1090,2
138,8.125070129615674,94.00717406340718,9.695729681844847,0.2939288568103461,2.2033059216927793,1090,3
138,8.534277860669123,103.21203106045962,10.159332215281653,0.22207654776371177,1.4645077111064524,1090,4
138,9.103578125221143,119.46210311275887,10.929872053814668,0.10476325167742473,1.9466644231823906,1090,5
138,8.842871237492215,115.86937510356374,10.76426379756478,0.13093349135436405,0.8188111125559047,1090,6
138,9.210996406665746,123.61497584892705,11.118227190021216,0.07626473295722103,1.1949556599492612,1090,7
117,4.390281970684345,30.747176660554842,5.545013675416396,0.220598632762528,-2.4730899191310263,1091,1
117,4.990646761706752,38.98095267820565,6.2434728059154425,-0.00891318320476997,-2.0317139503283377,1091,2
117,5.3337435274042635,40.506769175709586,6.364492845129892,-0.060297134311640965,0.13776622674404046,1091,3
117,7.182837266188401,72.78098518589569,8.531177245016991,-0.92635664886485,4.054038577609592,1091,4
117,5.1872771010439624,38.4848208860199,6.203613534547417,-0.02156451271962201,0.3889091524303469,1091,5
117,5.517671519874508,44.02309631588441,6.634990302621731,-0.11789301587732703,0.026448714427458934,1091,6
117,5.935111314822466,52.16653544528058,7.222640475981106,-0.29297900374109953,-0.9803006587884365,1091,7
138,6.628381615099699,62.644554962943374,7.914831328774062,-2.0602603979214216,-6.506197794623997,3901,1
138,6.7310174409893975,64.008434377959,8.000527131255728,-2.222926219112237,-6.647336479546367,3901,2
138,6.774964187456214,64.68856733059212,8.042920323526282,-2.3755294528941744,-6.742753823598226,3901,3
138,6.8769907882248145,66.01007554286686,8.124658487768384,-2.4658649819754754,-6.84695195460665,3901,4
138,6.73220774056255,63.46166761727955,7.966283174560113,-2.3890301632143682,-6.693705641705057,3901,5
138,6.824735185374385,64.85503270852345,8.053262240143646,-2.458705876019299,-6.791320082070171,3901,6
138,6.853848395140274,65.16305129207694,8.072363426659935,-2.497704577550733,-6.8213224203690235,3901,7
117,4.457870083996373,32.11504030171057,5.667013349349953,-0.6062158650030329,-4.004117631504679,3902,1
117,6.405510967613285,59.37581016810668,7.705570074180539,-2.009540462845331,-6.297967739594289,3902,2
117,6.456040211212941,59.89901651201332,7.739445491248925,-2.053507145601031,-6.348103352082082,3902,3
117,6.556134533678365,61.23454659735195,7.825250577288369,-2.1512616083946523,-6.462280803256565,3902,4
117,6.561295819078755,60.93103316605694,7.805833278136098,-2.215140700451647,-6.476061902494512,3902,5
117,6.041983808207716,53.79676502384684,7.334627804043422,-1.8354561669133571,-5.932509071806557,3902,6
117,6.492627225370488,60.35263777357594,7.768696015006376,-2.172035642498787,-6.4217478189712915,3902,7
117,5.434665166414701,45.27668190779141,6.72879498185161,-1.2839625970318713,-5.245816181867551,3903,1
117,6.217618819994804,56.432432212221215,7.512152302251414,-1.8489452506919788,-6.076456534556853,3903,2
117,6.407202883663341,59.13434474257652,7.689885873182808,-2.0021050172310675,-6.28259576487745,3903,3
117,5.795409471560747,49.42383495450857,7.030208741887297,-1.5265785343580904,-5.3690774542653665,3903,4
117,6.609528647528754,61.58589088490087,7.847667862804903,-2.215841342772414,-6.521515528361003,3903,5
117,6.142203811906342,54.61575144284152,7.390247048836833,-1.8622532481628018,-5.9684828733786555,3903,6
117,5.453028287643042,45.58228293938481,6.7514652438848275,-1.3818945136763587,-5.119262475233811,3903,7
138,4.59320767029472,33.640021734299395,5.800001873646197,-0.6043700500118443,-4.017958164215088,3904,1
138,6.058224602022033,54.97206562894074,7.414314912986954,-1.6539164424590385,-5.85450596049212,3904,2
138,6.051865702090056,54.57784399504672,7.387681909438625,-1.6473267711547828,-5.832983542179716,3904,3
138,6.155465962230295,55.33104901421252,7.438484322374587,-1.6826652519420309,-5.888370589933533,3904,4
138,6.046293058257172,54.55414702100546,7.386077918693077,-1.6460384265978663,-5.838308576224507,3904,5
138,5.898075290348219,52.43956143684243,7.241516514987895,-1.5307796176256359,-5.656845859859301,3904,6
138,6.0044543915900634,54.28628365143213,7.367922614375923,-1.623217719678078,-5.799849745156108,3904,7
117,6.424707347511227,59.62145598417558,7.721493118832366,-1.8962139098446147,-6.276096849360018,3905,1
117,6.627126555157523,62.427848581203015,7.901129576282306,-2.124551048648301,-6.514403066064557,3905,2
117,6.706575214353382,63.60314117325047,7.97515775224857,-2.2674995076071185,-6.646402864374666,3905,3
117,6.807059002737714,64.80049359639098,8.049875377693184,-2.3692604185756716,-6.752497452955979,3905,4
117,6.783845819978633,63.94855704573112,7.996784169010136,-2.487029046364196,-6.750472402980185,3905,5
117,6.824244132408729,64.3615034661725,8.022562150969756,-2.5203961968218134,-6.788767545651167,3905,6
117,6.655313157627726,61.59440254662544,7.848210149239471,-2.413162226137226,-6.602353699186928,3905,7
117,5.333482338831975,44.37567085918515,6.66150665083997,-1.0843506196370916,-5.02935572159596,3906,1
117,7.310515587146465,73.19357458052167,8.555324341047607,-2.5563950143787144,-7.240449697543413,3906,2
117,7.644133437393058,78.23526723012948,8.84507022188798,-2.9106033444734534,-7.631044363364195,3906,3
117,6.640950757214147,63.00726857982081,7.937711797477961,-2.197275622252578,-6.464739228925135,3906,4
117,6.934876083308815,66.28676170097398,8.141668238203641,-2.520566157382219,-6.8953429572602625,3906,5
117,7.828291159409743,79.79202473065783,8.932638173051556,-3.257688967518936,-7.817404567685902,3906,6
117,7.535687462896363,75.13075887006148,8.667800117103617,-3.052380180881997,-7.514072295946953,3906,7
117,5.889575485490326,51.54317851020007,7.179357806252595,-1.5896239347712688,-5.6832176436725845,3907,1
117,6.254705290509086,56.957718664637405,7.547033765966428,-1.932606078325151,-6.130553424867809,3907,2
117,6.245528147770808,56.53913087287239,7.519250685598426,-1.9780477944790626,-6.13026019039317,3907,3
117,6.347618396465595,57.688827704286446,7.595316168816572,-2.077936041845121,-6.243755601410173,3907,4
117,6.0825377407237,53.96125354729325,7.345832393084752,-2.0106968624764767,-5.979916238377237,3907,5
117,6.466058250166412,58.852927892568594,7.671566195541077,-2.2805406362528933,-6.4275422300029,3907,6
117,6.358921189593453,56.70494769629193,7.530268766537615,-2.1776263992528846,-6.316305494716024,3907,7
97,6.517192486635189,62.81616338566997,7.9256648544882315,-1.8006973357374592,-6.356958507262554,3908,1
97,6.601802462155057,63.42632682639186,7.964064717616995,-1.9993046106630428,-6.502761044453099,3908,2
97,6.775593275876389,65.35433569966371,8.084202848745429,-2.268695408682412,-6.73429375088092,3908,3
97,6.7046913068319105,64.4040214727544,8.025211615450049,-2.1931503621575867,-6.669491561417727,3908,4
97,6.835449513700819,65.62764113551628,8.10108888579284,-2.373962326974047,-6.801039056679637,3908,5
97,6.767939823189962,63.81707075213631,7.988558740607489,-2.4453622481992006,-6.733821465797031,3908,6
97,5.537173104040401,45.53017691415072,6.747605272550457,-1.4670630829163023,-5.192722123922761,3908,7
117,5.540648134345682,46.322945160603105,6.806096176267501,-1.376859217892282,-5.316141267108102,3909,1
117,6.077709956046863,54.014218189595304,7.349436589943157,-1.8364610795643714,-5.9261262600238505,3909,2
117,6.303433695410052,56.998503529434714,7.549735328436005,-2.059927501448937,-6.202499593425001,3909,3
117,6.243624401907636,55.83815494118191,7.472493221220205,-2.033168342505494,-6.0947460109352045,3909,4
117,6.385347358181945,57.7292943969603,7.597979625990076,-2.2785355241362955,-6.300587800832895,3909,5
117,6.656675289838742,61.51636784302123,7.843237076808353,-2.497554612531019,-6.596491821810731,3909,6
117,6.811555300003443,63.51010279711899,7.96932260591319,-2.6237154258483932,-6.77695858784211,3909,7
111,5.90524029087376,51.82933527967571,7.199259356327962,-1.6840227031962205,-5.75863149144628,3910,1
111,6.119761845013043,54.67098183096204,7.393982812460552,-1.9391332742815734,-6.006815738506146,3910,2
111,6.134221953314704,53.52020256363714,7.315750307633329,-2.1284105238214566,-6.035864761283806,3910,3
111,6.538977820594032,59.19656233745311,7.693930226968082,-2.528332409428055,-6.495147481694952,3910,4
111,6.536261223457955,57.59617803414457,7.589214586117892,-2.556349715292919,-6.484089378838067,3910,5
111,6.428901010805422,56.61982085135062,7.52461433239941,-2.4895860955719233,-6.384823919416548,3910,6
111,6.270029549126153,54.65194549860675,7.392695414975972,-2.367944600017298,-6.210447912817603,3910,7
117,6.9993869015294266,75.61904313514192,8.695921063069854,-1.5007866641268177,-6.794722051701994,3911,1
117,7.238096171974117,79.74556400532416,8.930037178272224,-1.70005398902875,-7.092973415668194,3911,2
117,7.467682276016626,81.82585708950656,9.045764593969189,-1.8116243714701712,-7.271903388520592,3911,3
117,7.239491267082019,79.12533842092061,8.895242459928825,-1.7764212958662187,-7.13543511252118,3911,4
117,7.369468403677655,81.25843027298724,9.0143458039387,-1.9175718663873056,-7.315757026020278,3911,5
117,7.5538638351310015,83.00563882351757,9.110743044533612,-1.988975135174516,-7.520030046120668,3911,6
117,7.2489423914852305,79.94812379384247,8.941371471639151,-1.8546502091471506,-7.206907150072929,3911,7
117,7.878863530281262,94.69831362242286,9.731305853914101,-1.613989946561579,-7.7109336608495465,3912,1
117,8.137551193563347,99.22829950897513,9.961340246622195,-1.8232856006904363,-8.010933631505722,3912,2
117,8.242245339939737,100.22039089045111,10.011013479685817,-1.8995961016745389,-8.113535872891418,3912,3
117,8.352904547992935,100.95642848956429,10.047707623610686,-1.9826393029297704,-8.162239245879345,3912,4
117,8.332255404219667,101.60507278520592,10.079934165717846,-2.064523614369715,-8.28615511380709,3912,5
117,8.218064968402569,99.92123781134902,9.996061114826631,-2.0202783567009,-8.175251072288578,3912,6
117,7.611085500472631,87.8407804297364,9.372341245907364,-1.6274142066869923,-7.499840989072099,3912,7
138,5.740124819935232,52.45648729643685,7.24268508886289,-1.0851457858993947,-5.452982287476028,3913,1
138,6.4248620599940205,63.257232851791514,7.953441572790456,-1.5540053560111948,-6.221505994382112,3913,2
138,6.714634777843088,66.65076337866924,8.16399187767046,-1.7089262674766101,-6.461863400279611,3913,3
138,6.898516088292219,69.51651622958855,8.337656519045897,-1.8220736790394216,-6.743345191513282,3913,4
138,6.587018358534661,64.46568840212605,8.02905277116336,-1.6253171239523092,-6.44463392617046,3913,5
138,6.7922829614169355,68.44457371712862,8.27312357680753,-1.7739341522807832,-6.71907223134801,3913,6
138,6.615435441335042,65.93503205404915,8.120038919491035,-1.67198004517802,-6.522123523380445,3913,7
96,6.436379055182139,63.19637837583243,7.949614982867562,-1.2258764509297406,-6.175988833109538,3914,1
96,7.584167122840881,81.71326447404984,9.039538952515766,-2.053134129319496,-7.426168123881022,3914,2
96,7.4426984389623,78.64997419371282,8.868482068184658,-2.0203655786399417,-7.199226915836334,3914,3
96,7.68891116976738,83.42031130390316,9.133472028965938,-2.2433529356544293,-7.53597045938174,3914,4
96,8.058557172616323,91.88111769222958,9.58546387465049,-2.590083661819168,-7.9254070520401,3914,5
96,8.220791578292847,96.46993098328794,9.821910760299543,-2.6332157257419126,-8.104472279548645,3914,6
96,8.453403184811274,98.62580449011482,9.931052536872153,-2.5472148939303763,-8.420046736796698,3914,7
96,5.506321916977565,46.52583919146276,6.820985206805741,-1.5147398011179019,-5.297417451937993,3915,1
96,5.397847553094228,44.82119060851809,6.6948630014749435,-1.548692174786332,-5.221529384454091,3915,2
96,5.40507584810257,44.60170675573713,6.678450924858034,-1.6107219680245093,-5.24677050113678,3915,3
96,5.496102452278137,45.71644367437991,6.761393619245955,-1.6711009868120485,-5.3555960059165955,3915,4
96,5.701756199200948,48.17805221133585,6.941041147503439,-1.786835033802991,-5.563393771648407,3915,5
96,5.7089678545792895,48.44459722678955,6.960215314686001,-1.7827847067981768,-5.627795547246933,3915,6
96,5.836521377166112,50.47904287312446,7.1048605104621485,-1.8957608411978333,-5.771168301502864,3915,7
138,6.616237453792406,62.40209545425023,7.899499696452316,-2.12065357847435,-6.512454357700071,3916,1
138,6.665340458137401,62.93965270849683,7.933451500355745,-2.240013973083422,-6.597640279410542,3916,2
138,6.721372673476952,63.678767366115174,7.979897703988139,-2.3936426896453438,-6.701280206873797,3916,3
138,6.74892949366915,63.913766160589795,7.994608568315887,-2.4190697237914405,-6.729998699132947,3916,4
138,6.840728255285733,64.97844889526594,8.06092109471777,-2.531636991939863,-6.8228224118550616,3916,5
138,6.72330767866494,63.33730416630968,7.958473733468603,-2.4283356822418893,-6.7024683053942695,3916,6
138,6.666577256244162,62.240899005462595,7.889290145853592,-2.387642495808938,-6.642120209293089,3916,7
117,4.988374738611727,38.97269375058775,6.242811365930237,-0.9620246718861096,-4.747745126740545,3917,1
117,7.49711439344618,74.44142339122871,8.62794433171823,-2.917461598276763,-7.4484938108004055,3917,2
117,7.6091919271355,76.18475583455218,8.72838792873874,-3.139724638216779,-7.5978360135331116,3917,3
117,7.71018188020103,77.19179673118647,8.785886223437364,-3.305940087644422,-7.701133190057217,3917,4
117,7.755010181003147,77.18356643683738,8.78541782938281,-3.479815596175161,-7.741544625697991,3917,5
117,7.825913437411317,78.03795122279872,8.833909169942757,-3.5975440502401765,-7.816251852573493,3917,6
117,7.70264823620136,76.19717982291101,8.729099599781813,-3.4696187516042,-7.6895874463594875,3917,7
117,5.803014910119211,50.02301437031034,7.072694986376151,-1.6567590914007941,-5.625762148800059,3918,1
117,6.266911425142207,56.35698323232467,7.507128827476232,-2.091058338770113,-6.1780410424256935,3918,2
117,6.275570576007549,56.59427328673747,7.522916541258282,-2.168330859252394,-6.221008423047188,3918,3
117,6.2127293154724645,55.02429878177205,7.417836529728332,-2.143234753000069,-6.157883733765692,3918,4
117,6.407817066225231,57.49081954153813,7.582270078382735,-2.4186260168549167,-6.381550446534768,3918,5
117,6.382313434894268,57.29924614244199,7.569626552376411,-2.4246374228629053,-6.368290803371331,3918,6
117,6.421240121890337,57.721821987731985,7.597487873483708,-2.4502491715512194,-6.405817577981542,3918,7
138,4.666602272918259,33.35631601279019,5.775492707361874,-0.9929887545338016,-4.317721822987432,3919,1
138,5.365346839462501,42.961249093459045,6.55448312939007,-1.6405261121241508,-5.185643265212792,3919,2
138,5.829271703526594,48.00716152409017,6.9287200494817345,-2.0263000187406623,-5.758968961411628,3919,3
138,5.602077698362047,45.589607546924874,6.752007667866268,-1.8761869917320273,-5.4950385093688965,3919,4
138,5.1964242631110595,40.43202336600096,6.358618039008237,-1.5729830727710605,-5.021570578865383,3919,5
138,5.686507349428923,46.84454960356689,6.844307825015389,-1.9522170268226051,-5.586813567341238,3919,6
138,5.703539378401162,47.804686307421605,6.914093310581048,-2.0157110862905867,-5.623378629269808,3919,7
107,6.569123348343038,62.76874541368436,7.922672870545922,-1.8567410540786389,-6.404826297938267,3920,1
107,6.758652125563577,65.55147856461586,8.096386759821684,-2.0736631871170714,-6.6520539043105655,3920,2
107,6.793473315016132,65.71487593593871,8.106471238210785,-2.135178588234808,-6.68545028650872,3920,3
107,6.029238175008898,53.54162922587939,7.317214581101157,-1.587471212543845,-5.838986477005148,3920,4
107,6.774420871912876,64.89773126441219,8.055912813853697,-2.2304128129431766,-6.698064287132192,3920,5
107,6.806568689435442,65.35667729406967,8.084347672760597,-2.3333098963029544,-6.765187976516295,3920,6
107,6.183042312336859,57.153728124316416,7.560008473825702,-1.895549849434254,-6.060824242707725,3920,7
138,5.8422000442726025,55.144428295792856,7.4259294566938125,-0.9556195604209434,-5.497318488964136,3921,1
138,6.98836766809657,74.22656387049086,8.61548396031766,-1.6696020109264098,-6.820345678191254,3921,2
138,6.914553821950719,72.64496067460679,8.523201316090498,-1.6282701389619638,-6.692833333775617,3921,3
138,6.7764663143434385,70.80345951135425,8.414479158649943,-1.5580965153767021,-6.557806802832562,3921,4
138,7.1239685874054395,75.98690280155374,8.717046678867433,-1.7488841871010234,-6.969551411227903,3921,5
138,6.980741604514744,72.94478112152237,8.540771693560387,-1.6216613705291154,-6.776097691577414,3921,6
138,6.567873705988345,68.12094258626135,8.253541214912623,-1.442321191702003,-6.332697965096736,3921,7
117,4.137777450757149,26.39263766218541,5.13737653498217,-0.6432926693082788,-3.6149953613933334,3922,1
117,6.159208049122085,52.438742975713616,7.241460003045907,-2.3935446436623873,-6.086946833846915,3922,2
117,6.328072556063661,54.8242084664474,7.404337138896865,-2.6490355980110354,-6.30833493746244,3922,3
117,6.4066375748724,55.48195732566773,7.448621169429127,-2.7714539292981533,-6.391014612638033,3922,4
117,6.47981496142526,55.80993292937069,7.470604589279953,-2.956588743894257,-6.467631551954481,3922,5
117,6.583030912611219,57.11792836811186,7.557640396850849,-3.099193094993753,-6.572938397399381,3922,6
117,6.541251435239091,56.677508547530444,7.528446622479995,-3.0303587740515425,-6.528447550586146,3922,7
117,5.393108726566673,44.558332533326144,6.675202808404112,-1.141718557594459,-5.036211682181073,3923,1
117,5.516222684811323,46.84263604622513,6.844168031705909,-1.32304846408516,-5.155016499706822,3923,2
117,5.623312664847089,48.45406639123328,6.960895516471518,-1.4630454203627008,-5.342343257023738,3923,3
117,5.890582100957887,53.28452297709218,7.2996248518052065,-1.7492559749170185,-5.792914977440467,3923,4
117,6.440412961519682,58.74518718799314,7.664540898709664,-2.1665165033023306,-6.394831094986353,3923,5
117,5.966758548703968,52.441213535032986,7.241630585374608,-1.8322038579714155,-5.8640163617256365,3923,6
117,6.338935583065718,56.99687898617566,7.549627738251447,-2.1054587654298165,-6.2097302542792425,3923,7
138,4.746309422064519,35.60529915606973,5.9670176098340555,-1.0566298801899103,-4.432889022688935,3924,1
138,6.8982047931007715,63.686852023078075,7.980404251858302,-2.8021388538524716,-6.8526414477306865,3924,2
138,6.623185123222462,59.94878247283494,7.742659909413233,-2.7167476803947146,-6.607424756755,3924,3
138,5.762373993362206,48.62462521858571,6.973135967309522,-2.030123055357371,-5.575437697811403,3924,4
138,5.612770868384319,46.63919642083339,6.829289598547816,-1.9464607606662354,-5.455142532569774,3924,5
138,5.3453492565431455,43.82057414286061,6.619711031673559,-1.76605065734585,-5.08455382913783,3924,6
138,5.667149025460948,47.60118710285013,6.899361354708864,-2.003375234791484,-5.532991582068844,3924,7
117,4.741927448500935,34.90227316770548,5.907814584743286,-1.0677590247450768,-4.46115834488828,3925,1
117,5.068071911477635,39.15440351127922,6.257347961499282,-1.4164065188768005,-4.821139368236574,3925,2
117,6.8595105603209925,62.684346593443514,7.91734466809697,-2.9975298727192343,-6.847300920730982,3925,3
117,5.366920177753155,44.129264758258,6.642986132625749,-1.8860890322438557,-5.187070520515116,3925,4
117,5.78212167462732,47.44920093803977,6.888338038891513,-2.2321657983700103,-5.711935059637086,3925,5
117,5.863986536987826,48.24219155664665,6.945659907931474,-2.3395414782204194,-5.813810454474555,3925,6
117,5.135863410101996,40.32019924033846,6.349818835237621,-1.7634800739436036,-4.948528566931048,3925,7
138,4.497879380765169,33.486381659996795,5.7867418864156015,-0.6274433281410503,-3.923975384753683,3926,1
138,4.90171015780905,38.717189786084624,6.222313861103812,-0.9129914060466353,-4.343327833258587,3926,2
138,4.915856658548549,38.158395592844215,6.177248221728201,-0.9037518386898893,-4.3626257232997725,3926,3
138,5.968522368997768,52.87766002638653,7.271702691006181,-1.6372594520687644,-5.788460061170053,3926,4
138,5.921494781107143,51.978841212878876,7.209635303736166,-1.6136810980885383,-5.700200640636941,3926,5
138,6.022799450418224,53.47151107267109,7.312421696857416,-1.6734924958489752,-5.87418752476789,3926,6
138,6.77415344680565,62.967659198714266,7.935216392683584,-2.146574913268985,-6.719155076621235,3926,7
117,5.999544469719259,54.80109482379849,7.40277615653739,-1.4894398593013012,-5.7711860624134035,3927,1
117,5.832643305134569,51.98039052525752,7.209742750282947,-1.4249801385466774,-5.605239012302497,3927,2
117,6.10356575403458,55.270453079965264,7.434410069397925,-1.615664179970696,-5.945909826164572,3927,3
117,6.64077390361036,62.44774134102357,7.902388331449143,-2.000638889886239,-6.5088533906855135,3927,4
117,6.688404694581643,63.11763084949058,7.9446605244963475,-2.132315825583324,-6.62312431824513,3927,5
117,6.780498814379048,64.63676124927733,8.039699077034994,-2.2232373463804938,-6.737014134724935,3927,6
117,6.602082154689691,62.65946465497178,7.915773155856083,-2.115821503057519,-6.557626944321853,3927,7
117,5.8023666887201815,52.2948061179234,7.23151478722981,-1.0699459730817558,-5.417644036121858,3928,1
117,6.484160545544746,61.983738489920015,7.872975199371583,-1.530745197096572,-6.1360667791122046,3928,2
117,6.457305362081935,61.140993420789414,7.819270645065908,-1.527435009593781,-6.027333911667522,3928,3
117,5.454006260276859,47.11572548521911,6.864089559819212,-0.980790279495064,-4.513978729900132,3928,4
117,6.0164438720442295,55.80427283065961,7.470225754999618,-1.411540412771262,-5.705952000414205,3928,5
117,6.3621135124793415,60.873126749924005,7.802123220631933,-1.6402894000012118,-6.2192433675130205,3928,6
117,6.433096347711025,62.90346844992266,7.931170685965765,-1.721995349891185,-6.339931316864797,3928,7
96,4.884830902020137,37.138749662668744,6.094157010011208,-0.8396789130904281,-4.361158659060796,3929,1
96,5.346275756756465,42.51473179295024,6.520332184248763,-1.084855092174699,-4.701819529136022,3929,2
96,6.024665902058284,53.259458452172424,7.297907813351196,-1.4624907273178889,-5.570605685313542,3929,3
96,5.908129155635834,51.45805634355156,7.173427098922213,-1.314246358533409,-5.481601456801097,3929,4
96,6.276718964179357,57.203244132886205,7.563282629446436,-1.5898618320881033,-5.997007975975673,3929,5
96,6.451879988114039,59.878605180029005,7.7381267229239015,-1.529062071245428,-6.163603812456131,3929,6
96,6.9281279146671295,67.64861630346321,8.2248778898816,-1.8556989849578969,-6.7221039434274035,3929,7
117,4.201585353949131,28.417993232444264,5.330852955432579,-0.39155526276799146,-3.128993556030795,3930,1
117,4.991781128777398,38.22644441968907,6.1827537893473545,-0.8912922527790703,-4.226187754900027,3930,2
117,5.134060484731299,39.45804377873698,6.281563800419206,-0.9701250657172731,-4.520780881245931,3930,3
117,5.614309889638526,46.25680787551277,6.801235760912333,-1.3476653772350287,-5.079160649552304,3930,4
117,5.296155358991053,41.885620814995086,6.471910136504916,-1.1864178998913637,-4.5887382376907215,3930,5
117,4.534113492721167,33.857653806603686,5.818733006987319,-0.7819478091888732,-3.546967669429942,3930,6
117,6.507809924264239,59.964626317420496,7.743682994378095,-2.145892662525241,-6.326770684657952,3930,7
117,5.573261660388392,49.09987314760044,7.007130164882085,-0.9668077329505271,-5.152284434717944,3931,1
117,5.9414573897663345,54.56837205462813,7.387040818529983,-1.2064594770666082,-5.308006938706097,3931,2
117,5.763443653400127,51.44733412273724,7.172679703063371,-1.114820531238895,-5.166234097929082,3931,3
117,5.759499615074223,51.670508078730755,7.188220091144313,-1.1682041247128865,-5.102418809874445,3931,4
117,6.240654440007658,58.87083137444152,7.672732979482704,-1.5318193753037685,-6.018230951749361,3931,5
117,7.4089556066398945,77.76532064301702,8.818464755444511,-2.3747079417703527,-7.336229087960007,3931,6
117,7.551728273049379,79.50424368528168,8.916515220941513,-2.455378714780816,-7.504206795977731,3931,7
117,5.303986410809379,44.00243858401085,6.633433393349996,-1.0257585039911556,-4.874550517807659,3932,1
117,5.400819868104071,44.4513056276274,6.667181235546804,-1.0800141046913048,-4.871241699936044,3932,2
117,5.701555521060259,49.39873424215083,7.028423311252022,-1.3329035068357977,-5.2309010579035835,3932,3
117,5.961447422321026,53.15889396597792,7.291014604702004,-1.551014722584371,-5.711499572819115,3932,4
117,5.727272587963658,49.49587197906913,7.035330267945431,-1.4461337742937292,-5.309205943702633,3932,5
117,5.4492639802459975,46.69619007031938,6.833461060862159,-1.3272930256151345,-5.054860897553273,3932,6
117,5.867978845906054,52.640042232483054,7.255345769326439,-1.615849340516295,-5.6774959156655855,3932,7
117,5.762568693894607,54.37817437449901,7.374155841484435,-0.7984119046026743,-5.238179443228958,3933,1
117,6.635674533680973,68.3393494063815,8.266761724301814,-1.2692346781816943,-6.196698849017803,3933,2
117,6.1334441176846495,59.39800831309125,7.707010335602986,-1.011979376273795,-5.672971440176679,3933,3
117,6.5077236126630735,67.62927183296179,8.223701832688354,-1.3363528746046285,-6.092637583740756,3933,4
117,7.366148532965244,79.9773200102301,8.94300397015623,-1.8210130337934713,-7.20656626448672,3933,5
117,7.723722164447491,87.07080944890146,9.33117406594162,-2.092393763405784,-7.595674922323634,3933,6
117,9.560429393735706,120.58219859597745,10.980992605223694,-3.3031115073885857,-9.53427926903097,3933,7
138,6.053117952485016,60.772615703642536,7.795679297126232,-0.9974921449924636,-5.778855012810749,3934,1
138,6.156190975852635,62.169377765631786,7.884756037166387,-1.0743573169546816,-5.7436236713243565,3934,2
138,6.460295020670131,66.77301178104179,8.171475495957985,-1.2434699891149652,-6.115352692811386,3934,3
138,6.5991339683532715,69.79808550265018,8.354524851997878,-1.3410640091857862,-6.383351332899453,3934,4
138,6.258342894954958,63.83575570090955,7.989728136858572,-1.1449015574915284,-5.9604348168856855,3934,5
138,6.3489358528800635,64.55099638922138,8.03436347131628,-1.1569072611607845,-6.036812111951303,3934,6
138,6.395767474520033,65.57162125420889,8.097630595069703,-1.1870825280896207,-6.130822858948639,3934,7
117,6.623555460546771,71.83022713888963,8.475271508269786,-0.952582294912949,-6.311343616909451,3935,1
117,6.830992454137558,76.48429068136586,8.745529754186757,-1.1522811239207238,-6.433048174931453,3935,2
117,7.411227364825387,85.70316516171518,9.257600399764248,-1.451314184718052,-7.162063940977439,3935,3
117,7.515731884883,88.31855543657288,9.397795243384103,-1.5818121321872773,-7.341369474036062,3935,4
117,8.186168833675547,98.27559824511876,9.913404977358624,-1.9339102053043744,-8.133440555670322,3935,5
117,8.01776515112983,93.62428285622244,9.675964182251938,-1.8016195699311286,-7.964750395880805,3935,6
117,7.886572715563652,93.12837046221016,9.650304164232864,-1.756818695370875,-7.841803933820154,3935,7
138,6.011081446772036,63.74807442089938,7.984239125984352,-0.7408148303062476,-5.460881399071735,3936,1
138,6.7234263005463974,75.83516754891743,8.708338966124218,-1.1070181036392825,-6.169041377910669,3936,2
138,6.839993967526201,77.62977210461548,8.810775908205558,-1.17571203392544,-6.280153723730558,3936,3
138,7.761703090391297,95.0565733127912,9.749696062585295,-1.6595999819478053,-7.097400513248167,3936,4
138,7.521443871484286,90.27083316631631,9.501096419167437,-1.5275115995429203,-7.295401856519174,3936,5
138,7.2051937200021055,83.97856110817673,9.163981727839527,-1.334785574349914,-6.891852496326834,3936,6
138,7.9598594264707705,95.33976682663271,9.764208458786237,-1.639869070108995,-7.803349501844766,3936,7
117,7.23833977462899,81.21062234524244,9.011693644662053,-1.3224413149383896,-7.121838219145424,3937,1
117,8.454556505904238,104.46147106440188,10.220639464554157,-2.088769885853179,-8.409854530269264,3937,2
117,7.801976587018396,92.8034325091651,9.63345382036812,-1.7642442263817895,-7.743236558050172,3937,3
117,7.79679498101911,91.89783848913648,9.586336030472564,-1.7067444110631476,-7.723855540283725,3937,4
117,8.327013284732134,98.36473858759045,9.91789990812523,-2.101369800197631,-8.29920479375073,3937,5
117,8.248316194257166,98.78654173742602,9.939141901463426,-2.044037502744893,-8.175844477792072,3937,6
117,8.48242666782477,101.08308627233191,10.054008467886424,-2.1400983424047353,-8.451819428011902,3937,7
117,5.173444617507804,42.18851118847468,6.495268369241927,-0.7763783571866834,-4.736636267768012,3938,1
117,6.6220903641138325,64.87781563343727,8.054676631214766,-1.7706678788197374,-6.457923497909155,3938,2
117,6.38185675531371,60.94423049651742,7.806678582887694,-1.6323767635956066,-6.182581502148229,3938,3
117,6.611213773743719,63.54923981828169,7.971777707530592,-1.7968980733567048,-6.434960838057037,3938,4
117,6.761755103738899,66.01397702639433,8.124898585606735,-1.990095224361836,-6.6857823754987145,3938,5
117,6.368549550700392,60.08620356425992,7.751529111359894,-1.7292841051220242,-6.258981549841726,3938,6
117,6.714211031921908,65.37044551778948,8.085199163767673,-1.9578108616154752,-6.656349932026659,3938,7
138,8.824137549469436,114.73914972073985,10.71163618317668,-1.8352572142173629,-8.61926581894142,3939,1
138,8.902309832365617,116.11096914500716,10.775479996037632,-1.9658844979132613,-8.772260306538016,3939,2
138,8.934085265449855,116.12187145791806,10.775985869419005,-2.0073836102042812,-8.797039764514867,3939,3
138,8.74107205349466,112.13508982715169,10.589385715288289,-1.9323880200775965,-8.599371156830719,3939,4
138,9.110906607862832,118.7137061382533,10.895581955006042,-2.122861129389163,-8.992913584778274,3939,5
138,8.441296957541203,104.68504097678114,10.231570797134776,-1.756430637607148,-8.148533675981605,3939,6
138,9.450876477835834,124.06639400101149,11.138509505360737,-2.294249437031729,-9.37846621223118,3939,7
