n,mae,mse,rmse,r2,bias,station_id,horizon
144,3.9850802421569824,34.733909606933594,5.893548133928626,0.9381018,0.22035159170627594,1,1
143,6.523435115814209,89.37345123291016,9.453753288134303,0.8408336,0.3987371325492859,1,2
142,8.628085136413574,158.84878540039062,12.60352273772657,0.71741724,0.019908420741558075,1,3
141,9.745309829711914,207.83590698242188,14.416515077591459,0.6316435,-0.5281826853752136,1,4
140,11.171223640441895,272.1454162597656,16.49683049133274,0.519192,-0.1388530135154724,1,5
139,11.873976707458496,314.0690612792969,17.721993716263892,0.44663858,-0.43573546409606934,1,6
138,13.292010307312012,375.0508117675781,19.366228640795764,0.3412605,-0.1277695745229721,1,7
144,3.5696334838867188,22.036876678466797,4.694345181009466,0.8286183,-0.6403172612190247,2,1
143,5.8517069816589355,52.66094207763672,7.256785933017228,0.57821965,-1.7326536178588867,2,2
142,6.446800708770752,67.70348358154297,8.228212660204097,0.44655055,-1.8648360967636108,2,3
141,7.226579189300537,83.08728790283203,9.115222866328175,0.3147394,-2.00883150100708,2,4
140,8.21220588684082,99.43034362792969,9.97147650189929,0.17727911,-1.3412258625030518,2,5
139,8.458867073059082,107.4887924194336,10.367680185047838,0.10778612,-1.373801827430725,2,6
138,8.222695350646973,102.559326171875,10.127157852619609,0.15025944,-2.0913918018341064,2,7
144,6.703550815582275,75.02891540527344,8.661923308669584,0.7416123,-0.6290423274040222,3,1
143,9.555963516235352,163.77944946289062,12.797634526071239,0.4251389,-1.9973180294036865,3,2
142,10.840721130371094,197.8918914794922,14.067405285961309,0.29554945,-4.095941543579102,3,3
141,12.146234512329102,238.2066650390625,15.433945219517351,0.14849693,-4.854994773864746,3,4
140,12.986124038696289,291.9493713378906,17.086526017242083,-0.044733286,-4.898186683654785,3,5
139,12.830965042114258,282.39434814453125,16.804593066912727,-0.011970878,-5.302671909332275,3,6
138,12.642477035522461,297.9405822753906,17.260955427652046,-0.06572318,-5.862117290496826,3,7
144,5.243454456329346,50.88694381713867,7.133508520856947,0.722046,-0.035831794142723083,4,1
143,7.768308162689209,99.11225891113281,9.955513995326047,0.44654894,-0.44541749358177185,4,2
142,8.160003662109375,109.09436798095703,10.44482493778412,0.37700343,0.01232308428734541,4,3
141,8.921443939208984,124.39009857177734,11.153030914140665,0.2804799,0.09700748324394226,4,4
140,9.480368614196777,136.6437225341797,11.689470583999075,0.20289057,-0.659623384475708,4,5
139,9.199460983276367,129.9697265625,11.400426595636674,0.235116,-1.1662336587905884,4,6
138,8.986313819885254,128.16314697265625,11.320916348629039,0.24292004,-2.309231996536255,4,7
144,4.803767681121826,38.62336730957031,6.214770093058174,0.74091387,-0.7446321845054626,5,1
143,6.968490123748779,89.589599609375,9.465178266117073,0.38602883,-1.498003363609314,5,2
142,8.349609375,116.1987075805664,10.7795504349934,0.18719256,-2.682488203048706,5,3
141,8.776407241821289,127.49604034423828,11.291414452770667,0.1084497,-2.418219566345215,5,4
140,9.481082916259766,158.0025177001953,12.569905238314062,-0.10072625,-2.2097718715667725,5,5
139,9.656371116638184,161.73489379882812,12.717503442060794,-0.122394085,-1.8046960830688477,5,6
138,9.39204216003418,156.09422302246094,12.493767367069907,-0.07772231,-1.6681753396987915,5,7
129,4.130958557128906,31.210275650024414,5.586615760012891,0.8662147,-0.4636494815349579,7,1
127,6.465075492858887,76.25177764892578,8.73222638557463,0.67118424,-1.7949155569076538,7,2
125,7.312875270843506,93.25955200195312,9.657098529162532,0.5964985,-1.616851806640625,7,3
123,8.496668815612793,123.4914321899414,11.112669894761627,0.46489996,-1.793883204460144,7,4
121,9.31135082244873,145.4683074951172,12.061024313677391,0.36775947,-2.345660924911499,7,5
119,9.276139259338379,155.52471923828125,12.470955025108593,0.31687814,-2.12495756149292,7,6
117,9.688459396362305,166.2669219970703,12.894453148430541,0.25687414,-2.5264551639556885,7,7
144,3.749746561050415,23.24153709411621,4.820947738164791,0.7927627,0.08812136203050613,8,1
143,5.361001491546631,42.77616882324219,6.540349289085575,0.6108251,0.13987451791763306,8,2
142,6.129037857055664,56.49822235107422,7.516529940808739,0.47952563,0.6512537002563477,8,3
141,6.879776477813721,70.27700805664062,8.383138317875986,0.34727764,0.3559209406375885,8,4
140,7.484321594238281,80.6812744140625,8.9822755699245,0.24815369,0.7779589891433716,8,5
139,7.77305793762207,90.13216400146484,9.493796079622989,0.15628082,0.14005792140960693,8,6
138,7.562600612640381,86.06745147705078,9.27725452259723,0.19496757,-0.3870702087879181,8,7
144,4.363039016723633,40.70692825317383,6.380198135886833,0.9308035,-0.5349984169006348,9,1
143,7.7392730712890625,125.74605560302734,11.213654872655361,0.7859983,-1.4624236822128296,9,2
142,9.223196983337402,201.5933380126953,14.198356877212776,0.6567036,-1.9569661617279053,9,3
141,10.91753101348877,282.698486328125,16.813639889331668,0.52002627,-2.7837448120117188,9,4
140,12.873357772827148,366.75311279296875,19.150799272953826,0.37884617,-1.7768605947494507,9,5
139,13.061562538146973,387.2839050292969,19.679530101841785,0.34516704,-2.6413919925689697,9,6
138,13.973410606384277,438.5763854980469,20.942215391358356,0.26082265,-2.9096570014953613,9,7
144,5.270185470581055,78.85899353027344,8.880258640955985,0.94531703,-0.8263240456581116,10,1
143,8.521175384521484,176.7159423828125,13.29345487007845,0.8777927,-1.605757713317871,10,2
142,11.753437995910645,398.2744140625,19.95681372520423,0.725417,-2.6851813793182373,10,3
141,14.085378646850586,641.11669921875,25.32028236846402,0.5596092,-4.623291969299316,10,4
140,15.259929656982422,749.4071655273438,27.375302108421447,0.4871601,-5.583832740783691,10,5
139,16.325899124145508,875.5652465820312,29.589951784043706,0.40332502,-6.234462738037109,10,6
138,17.39069175720215,970.4227905273438,31.151609758202603,0.34199804,-7.2245025634765625,10,7
144,3.4469385147094727,31.78927230834961,5.6381976116796055,0.97061336,-0.1175510585308075,11,1
143,5.4368462562561035,92.92796325683594,9.639915106308559,0.9144858,-0.5165756940841675,11,2
142,8.726157188415527,220.2776641845703,14.841754080450542,0.79827356,-1.1731523275375366,11,3
141,11.107565879821777,363.7437744140625,19.072067911321586,0.6686952,-2.1018407344818115,11,4
140,12.119612693786621,478.2828674316406,21.869679179897464,0.5666953,-3.509645938873291,11,5
139,13.345736503601074,556.3508911132812,23.587091620487705,0.49867582,-3.0717694759368896,11,6
138,13.684124946594238,639.0905151367188,25.28023961786594,0.42735744,-4.142329692840576,11,7
144,4.628084182739258,62.53207778930664,7.907722667703176,0.9317161,-0.15688827633857727,12,1
143,7.517563819885254,155.23291015625,12.459249983696852,0.831068,-0.4226895868778229,12,2
142,9.513723373413086,272.0997619628906,16.49544670395108,0.70512074,-1.6697741746902466,12,3
141,11.192232131958008,353.92230224609375,18.81282281440225,0.6183413,-2.1121301651000977,12,4
140,12.896896362304688,462.9539489746094,21.516364678416505,0.5034477,-2.7468345165252686,12,5
139,13.720161437988281,529.3633422851562,23.00789738948686,0.43519187,-2.7179713249206543,12,6
138,14.650520324707031,587.6817016601562,24.24214721637001,0.3767249,-3.001659631729126,12,7
144,4.778383255004883,52.46724319458008,7.243427586065873,0.9447704,0.04464856907725334,14,1
143,7.479091644287109,136.61859130859375,11.688395583166825,0.8561222,-1.6082097291946411,14,2
142,9.944485664367676,254.9516143798828,15.96720433826419,0.7315093,-2.5891788005828857,14,3
141,12.320619583129883,391.4617004394531,19.785391086340777,0.58840454,-4.001583099365234,14,4
140,14.322134017944336,494.70172119140625,22.241891133431217,0.4813854,-3.9065966606140137,14,5
139,14.815680503845215,558.2960815429688,23.628289856503976,0.4164524,-4.68246603012085,14,6
138,15.686420440673828,610.0692749023438,24.699580460047166,0.3646605,-4.975832939147949,14,7
144,4.838830947875977,42.7443962097168,6.537919868713351,0.7155881,-0.024631287902593613,15,1
143,7.383889675140381,92.57757568359375,9.621724153372604,0.36912864,-0.149129718542099,15,2
142,8.327033042907715,111.57601928710938,10.562955045209147,0.23179519,-0.9628329277038574,15,3
141,9.364875793457031,133.79049682617188,11.566784204184492,0.082077324,-1.0513569116592407,15,4
140,10.699126243591309,170.4908447265625,13.05721427895562,-0.16289675,0.31905078887939453,15,5
139,10.784209251403809,169.86036682128906,13.03304902243865,-0.15163374,0.014659634791314602,15,6
138,10.424576759338379,162.50823974609375,12.74787196931683,-0.0939039,0.21417737007141113,15,7
144,4.145672798156738,40.11476135253906,6.3336215037322106,0.9351836,-0.4935890734195709,16,1
143,7.452596664428711,124.65428161621094,11.164868186244338,0.7981379,-0.3070719838142395,16,2
142,9.068414688110352,194.52621459960938,13.947265488245693,0.68465185,-0.41730552911758423,16,3
141,10.624103546142578,255.06272888183594,15.970683419373009,0.5871688,-1.4388924837112427,16,4
140,12.728897094726562,345.55694580078125,18.5891620521416,0.44200188,-0.8744688034057617,16,5
139,12.798569679260254,366.0301818847656,19.13191526964213,0.40995568,-1.9467145204544067,16,6
138,13.903514862060547,419.1789245605469,20.47385954236638,0.32643402,-2.717180013656616,16,7
103,4.049050331115723,27.840702056884766,5.276428911383604,0.8510668,0.48306864500045776,17,1
101,5.691019535064697,50.736507415771484,7.12295636767287,0.7294671,0.8104445934295654,17,2
100,6.902313232421875,72.89170837402344,8.537664105247023,0.61431444,1.3494607210159302,17,3
99,7.744813442230225,95.94022369384766,9.794908049279874,0.49313867,0.24818721413612366,17,4
98,8.313791275024414,102.5066146850586,10.12455503639832,0.45766515,0.6330333352088928,17,5
97,9.216496467590332,132.78741455078125,11.523342160622553,0.29683173,-0.4914492070674896,17,6
96,9.138260841369629,130.70115661621094,11.432460654479023,0.30842614,-1.461695671081543,17,7
144,4.565067291259766,43.79709243774414,6.617937173904278,0.7586219,0.3452894389629364,18,1
143,6.904512882232666,87.38890075683594,9.348203076358361,0.5082427,-0.1428537368774414,18,2
142,7.56835412979126,95.67316436767578,9.781265990027865,0.45538294,-1.1042333841323853,18,3
141,8.164280891418457,109.08155822753906,10.444211709245417,0.3770668,-1.0784485340118408,18,4
140,9.167421340942383,134.82876586914062,11.61157895676297,0.23106533,-0.845099151134491,18,5
139,9.111520767211914,127.59799194335938,11.29592811341146,0.2715351,-1.1795659065246582,18,6
138,9.055315971374512,136.92892456054688,11.701663324525573,0.21925235,-1.87083101272583,18,7
144,4.1703782081604,33.829139709472656,5.816282292794312,0.9292157,-0.90470290184021,19,1
143,7.55271053314209,110.23160552978516,10.499124036308228,0.7678996,-2.3291611671447754,19,2
142,9.069881439208984,182.32342529296875,13.502719181445222,0.6147417,-2.762812852859497,19,3
141,10.703749656677246,243.3079833984375,15.598332712134253,0.48578024,-3.618227243423462,19,4
140,12.458561897277832,293.84375,17.141871251412432,0.37997502,-3.1313750743865967,19,5
139,12.756226539611816,323.55010986328125,17.98749871058456,0.31816894,-3.746819257736206,19,6
138,13.68260669708252,389.23974609375,19.72915979188546,0.182185,-5.29526948928833,19,7
144,5.033651351928711,58.69798278808594,7.6614608781932665,0.9044172,-0.21555522084236145,20,1
143,7.931171894073486,142.67520141601562,11.944672511878073,0.7671145,-1.1506357192993164,20,2
142,9.183355331420898,204.34609985351562,14.294967640869833,0.66594005,-1.5327731370925903,20,3
141,10.758028984069824,275.45477294921875,16.596830207880622,0.54979753,-2.2821409702301025,20,4
140,12.41239070892334,333.63153076171875,18.265583230811952,0.45591283,-2.1289291381835938,20,5
139,12.630176544189453,347.33270263671875,18.63686407732585,0.43428123,-2.6175918579101562,20,6
138,13.439784049987793,387.3650817871094,19.68159246064986,0.37122667,-3.35107421875,20,7
144,4.945478439331055,37.95626449584961,6.160865563851366,0.73493445,-0.44677984714508057,21,1
143,7.164149761199951,88.7898178100586,9.422834913658342,0.3715511,-0.9013475775718689,21,2
142,7.98169469833374,116.11079406738281,10.775471872144756,0.17382574,-0.6853712797164917,21,3
141,8.515851974487305,126.84928894042969,11.26273896263381,0.092971385,-0.8239989876747131,21,4
140,9.425692558288574,145.80419921875,12.074940961294594,-0.040829778,-1.0322210788726807,21,5
139,9.61810302734375,150.2913055419922,12.259335444549684,-0.070527434,-0.8210932016372681,21,6
138,10.217442512512207,165.56590270996094,12.86724145689203,-0.17339921,-1.1729224920272827,21,7
143,4.459436893463135,32.28752136230469,5.682210957215922,0.6488503,1.1742547750473022,22,1
142,6.834738731384277,69.9840316772461,8.365645921101734,0.23255628,2.093390703201294,22,2
141,7.702418327331543,91.24732971191406,9.552346816982414,-0.00612247,1.8226807117462158,22,3
140,7.876468181610107,95.13172149658203,9.753549174356072,-0.04909432,1.2346105575561523,22,4
139,8.511857032775879,105.79402923583984,10.285622452522738,-0.1688112,1.617785930633545,22,5
138,8.473581314086914,108.38387298583984,10.410757560611996,-0.19025707,1.2725913524627686,22,6
137,8.690964698791504,114.86653137207031,10.71758048124997,-0.25254047,0.8894321322441101,22,7
144,3.9746170043945312,26.543779373168945,5.152065544339371,0.6975361,-0.4559551775455475,23,1
143,5.840490818023682,57.32158279418945,7.571101821676251,0.32104897,-1.2177983522415161,23,2
142,6.564333438873291,70.3582763671875,8.387984046669825,0.13915879,-1.4914273023605347,23,3
141,7.151407241821289,81.78357696533203,9.043427279816653,-0.028391242,-1.974669337272644,23,4
140,7.857047080993652,96.94522857666016,9.846076811434093,-0.2236569,-1.6016088724136353,23,5
139,7.574211597442627,93.26542663574219,9.657402685802337,-0.18386161,-1.6551893949508667,23,6
138,7.3037261962890625,89.51817321777344,9.461404399864401,-0.13597572,-1.7151119709014893,23,7
144,4.156235218048096,27.8630313873291,5.2785444383209565,0.7144741,0.04495204985141754,24,1
143,6.21218204498291,60.76954650878906,7.795482442337296,0.36481738,0.028955072164535522,24,2
142,7.176620960235596,83.62191772460938,9.144502049024286,0.11642951,0.1586616486310959,24,3
141,7.753664493560791,98.3479232788086,9.917052146621424,-0.04721582,-0.126922145485878,24,4
140,8.201576232910156,108.71314239501953,10.42655947065088,-0.15725207,0.0837797299027443,24,5
139,8.213886260986328,112.51458740234375,10.607289352249412,-0.19931734,-0.14458224177360535,24,6
138,8.577545166015625,119.79517364501953,10.945098156024894,-0.26994073,-0.3324575126171112,24,7
144,4.606949806213379,37.87712097167969,6.154439127303128,0.67315733,-0.3521985113620758,25,1
143,7.026213645935059,86.20234680175781,9.28452189408576,0.24107015,-0.6368169188499451,25,2
142,7.426478385925293,100.37826538085938,10.018895417203405,0.10218006,-1.1443862915039062,25,3
141,7.821876049041748,109.48240661621094,10.463384090064311,0.011019647,-1.7325505018234253,25,4
140,8.506940841674805,128.28292846679688,11.32620538692447,-0.1582514,-1.7750389575958252,25,5
139,8.712498664855957,134.9011688232422,11.614696243261903,-0.21889675,-1.969236969947815,25,6
138,8.767772674560547,129.3551788330078,11.373441820003645,-0.16287136,-1.71699857711792,25,7
144,4.93801736831665,36.46421432495117,6.03856061698077,0.7648749,0.23426669836044312,26,1
143,7.18234920501709,79.28336334228516,8.904120582195928,0.48280162,-0.3349352777004242,26,2
142,8.227743148803711,110.68510437011719,10.52069885369395,0.27491045,-0.18280069530010223,26,3
141,8.446210861206055,120.5036849975586,10.977417045806295,0.20837885,-0.6233354210853577,26,4
140,8.892468452453613,127.12452697753906,11.274951307102796,0.1650827,-1.170527458190918,26,5
139,9.643060684204102,143.98800659179688,11.999500264252545,0.05537206,-0.7465320229530334,26,6
138,9.847293853759766,151.43028259277344,12.305701223123103,0.012407362,-1.3929916620254517,26,7
144,4.918672561645508,43.49946594238281,6.595412492208718,0.71350837,0.1263066977262497,28,1
143,7.446885585784912,86.52935028076172,9.302115365913375,0.4270481,0.282012939453125,28,2
142,8.79918384552002,122.46096801757812,11.066208384879534,0.1881581,0.05046527460217476,28,3
141,9.131851196289062,125.5444107055664,11.204660222673708,0.16845131,-0.22578608989715576,28,4
140,9.412805557250977,131.5201873779297,11.468225118907009,0.13220757,-0.17644859850406647,28,5
139,9.458500862121582,137.15609741210938,11.711366163352137,0.097910464,0.11923887580633163,28,6
138,9.309503555297852,138.05735778808594,11.74978118043421,0.09764677,-0.6710103154182434,28,7
79,4.92665433883667,40.801353454589844,6.387593713957537,0.61305714,0.008245347067713737,29,1
74,8.19718074798584,108.43161010742188,10.413049990632997,-0.012842178,0.18592001497745514,29,2
69,9.035276412963867,130.1707305908203,11.409238826092665,-0.15633607,0.003973891958594322,29,3
64,9.321961402893066,146.7052459716797,12.112194102295408,-0.24737895,-1.0826255083084106,29,4
59,9.172478675842285,152.71072387695312,12.357618050294041,-0.2923944,-1.7497910261154175,29,5
55,8.67847728729248,135.6331329345703,11.646163872046895,-0.2197578,-2.275958776473999,29,6
51,8.066600799560547,127.17376708984375,11.277134702123751,-0.30538416,-3.0151915550231934,29,7
144,4.483979225158691,32.79610061645508,5.726787984241697,0.56939685,0.43055546283721924,30,1
143,6.372584342956543,61.85333251953125,7.8646889652122445,0.17067981,0.7312782406806946,30,2
142,7.153031826019287,79.50154876708984,8.916364100186232,-0.07706189,0.7833700180053711,30,3
141,7.558046817779541,85.78429412841797,9.261981112506005,-0.17023635,0.41438570618629456,30,4
140,8.07106876373291,96.3333740234375,9.814956649086001,-0.31786203,0.8713972568511963,30,5
139,8.184520721435547,99.89386749267578,9.994691965872475,-0.3698932,0.5165144205093384,30,6
138,8.029996871948242,102.66172790527344,10.13221238946724,-0.40189505,-0.25779563188552856,30,7
144,3.707392692565918,23.223432540893555,4.819069675870391,0.75546587,0.28235137462615967,31,1
143,5.24199104309082,42.6777229309082,6.532818911534913,0.5492226,0.37672245502471924,31,2
142,6.09481143951416,58.73978042602539,7.664188177884556,0.37709004,0.6696872711181641,31,3
141,6.718596935272217,64.87348937988281,8.054408071353402,0.3090198,0.5239554047584534,31,4
140,6.895866870880127,71.62049865722656,8.462889498110357,0.23875588,0.7140170335769653,31,5
139,6.828156471252441,72.10354614257812,8.491380697070301,0.23433805,0.31442853808403015,31,6
138,6.943140983581543,75.89486694335938,8.711766006003568,0.19818878,-0.9165751934051514,31,7
144,5.3321428298950195,46.425174713134766,6.81360218336342,0.70304585,-0.4295845329761505,32,1
143,7.486171722412109,86.1805648803711,9.283348796655822,0.44434726,-1.007662057876587,32,2
142,8.805625915527344,118.33074188232422,10.877993467654052,0.2369703,-0.7927167415618896,32,3
141,9.215507507324219,125.46895599365234,11.201292603697679,0.19279432,-0.6030828356742859,32,4
140,9.485614776611328,130.55953979492188,11.426265347650643,0.16385788,-1.1143301725387573,32,5
139,9.669928550720215,139.08177185058594,11.793293511593186,0.11303389,-0.8918952941894531,32,6
138,9.958322525024414,147.6945343017578,12.152964013019943,0.06446624,-2.568577527999878,32,7
144,5.57850980758667,51.83517074584961,7.199664627317692,0.7028468,0.8421046733856201,33,1
143,8.145781517028809,99.57530212402344,9.978742512161713,0.42752773,0.5794881582260132,33,2
142,9.275761604309082,136.89578247070312,11.700247111523035,0.21413267,0.02384137362241745,33,3
141,9.932790756225586,147.98165893554688,12.164771224135162,0.15282941,0.3751969039440155,33,4
140,10.00316333770752,153.42031860351562,12.386295596485482,0.12579751,0.5960836410522461,33,5
139,10.255425453186035,161.0623321533203,12.691033533693004,0.08534384,0.6065993905067444,33,6
138,10.044971466064453,167.037109375,12.924283708391734,0.057794034,-0.02690201997756958,33,7
144,5.261282920837402,43.69127655029297,6.60993771152898,0.6441574,0.02469317801296711,34,1
143,7.45874547958374,87.04899597167969,9.330005143175415,0.28363222,0.222937673330307,34,2
142,8.320147514343262,111.8019790649414,10.573645495520521,0.07811719,0.48918065428733826,34,3
141,8.541484832763672,117.24898529052734,10.828157058822491,0.03509718,0.3804384469985962,34,4
140,8.948381423950195,128.11293029785156,11.318698259864142,-0.050106525,0.5263777375221252,34,5
139,9.185140609741211,131.02565002441406,11.446643613933915,-0.070949316,0.7530889511108398,34,6
138,8.751891136169434,127.17539978027344,11.277207091309153,-0.033121586,-0.8849557042121887,34,7
144,4.784451961517334,36.24100875854492,6.020050561128612,0.75420105,0.473328173160553,35,1
143,7.491516590118408,81.74276733398438,9.041170683821004,0.44436806,0.45836687088012695,35,2
142,8.608271598815918,113.96207427978516,10.675302069720798,0.22695756,0.6605353355407715,35,3
141,9.075284957885742,121.897705078125,11.040729372560719,0.17808485,1.45142662525177,35,4
140,9.64380168914795,135.994140625,11.661652568354109,0.08942622,1.3966556787490845,35,5
139,9.777885437011719,142.40367126464844,11.933300937487852,0.05263251,1.3510838747024536,35,6
138,9.684762954711914,145.25341796875,12.052112593597439,0.040366054,0.32271310687065125,35,7
129,5.53090763092041,53.72333908081055,7.329620664182461,0.6908769,-0.019358273595571518,36,1
127,7.7156453132629395,97.07352447509766,9.852589734435188,0.4408751,-0.2656978964805603,36,2
125,9.109430313110352,140.055419921875,11.834501253617535,0.19382274,-0.20848840475082397,36,3
123,9.59853458404541,140.66824340820312,11.860364387665461,0.19012332,0.8530588746070862,36,4
121,9.82243824005127,148.7336883544922,12.195642187047477,0.14363617,0.11074583232402802,36,5
119,10.000045776367188,155.7445831298828,12.479766950143052,0.1061219,-0.05444369465112686,36,6
117,9.88339900970459,161.03656005859375,12.690018126803198,0.07627344,-1.4895565509796143,36,7
144,5.503650188446045,48.85142135620117,6.989379182459711,0.7230746,1.1520768404006958,37,1
143,8.157228469848633,98.6471939086914,9.932129374343218,0.44018286,1.622082233428955,37,2
142,9.596932411193848,147.76026916503906,12.155668190808726,0.16463637,0.880802571773529,37,3
141,10.578468322753906,163.47032165527344,12.785551284761773,0.07971293,1.177925944328308,37,4
140,10.4815673828125,164.3388671875,12.819472188335212,0.07989353,1.654486060142517,37,5
139,10.553314208984375,166.47390747070312,12.902476795976156,0.072128296,1.4428075551986694,37,6
138,10.346096992492676,169.22647094726562,13.008707504870175,0.06333625,0.5087609887123108,37,7
144,4.879316329956055,37.94501495361328,6.159952512285568,0.769023,0.01406719908118248,38,1
143,6.60837459564209,67.00946044921875,8.185930640386513,0.588633,-0.35411009192466736,38,2
142,7.2150373458862305,90.21001434326172,9.49789525859607,0.44498158,0.6006640195846558,38,3
141,7.813204765319824,97.67974090576172,9.883306172823026,0.40035468,0.6402722597122192,38,4
140,8.5902099609375,112.11883544921875,10.588618203014912,0.3138072,0.11098131537437439,38,5
139,8.61093807220459,114.29472351074219,10.690871036110304,0.29950416,-0.2543799877166748,38,6
138,9.163162231445312,126.75473022460938,11.258540323887878,0.2271136,-1.7515782117843628,38,7
144,4.770147800445557,36.08751678466797,6.007288638368226,0.63661844,-0.5942142605781555,39,1
143,6.274683952331543,64.03243255615234,8.0020267780202,0.34954053,-0.7993307113647461,39,2
142,7.088192939758301,80.94949340820312,8.997193640697255,0.17823052,-0.4297778308391571,39,3
141,7.496854782104492,87.5760269165039,9.358206394203107,0.11379725,0.17358040809631348,39,4
140,7.766055583953857,95.17889404296875,9.755967099317665,0.041667044,-0.35335204005241394,39,5
139,7.880158424377441,99.7361068725586,9.986796627175233,-0.0014744997,-0.1751309335231781,39,6
138,7.86722469329834,101.01527404785156,10.050635504675888,-0.0075930357,-1.1270843744277954,39,7
144,3.9372873306274414,28.415441513061523,5.330613615059858,0.53055143,0.52843177318573,40,1
143,5.361999034881592,49.179752349853516,7.012827699997592,0.17670232,0.8953770995140076,40,2
142,6.206565856933594,60.556488037109375,7.781804934403675,-0.013625026,1.7115519046783447,40,3
141,6.620777606964111,63.737796783447266,7.9835954796975575,-0.062708855,2.228031635284424,40,4
140,6.755804538726807,66.91995239257812,8.180461624662641,-0.10909903,1.882177710533142,40,5
139,6.870647430419922,68.33197784423828,8.26631585679124,-0.12880993,2.0167903900146484,40,6
138,6.852570056915283,68.23918914794922,8.260701492485321,-0.12483859,1.8187695741653442,40,7
144,4.000709533691406,27.779619216918945,5.270637458307956,0.5760385,0.1292620748281479,41,1
143,5.491075038909912,52.563743591308594,7.250085764410556,0.18732208,0.30248644948005676,41,2
142,6.215226173400879,63.61418914794922,7.975850371461918,0.016885936,0.8637970685958862,41,3
141,6.742734432220459,67.81910705566406,8.235235701281661,-0.04400897,1.512065052986145,41,4
140,6.9021735191345215,71.22759246826172,8.439644096066,-0.08984721,1.2620118856430054,41,5
139,7.0160603523254395,73.4880599975586,8.572517716374728,-0.12147677,1.5901849269866943,41,6
138,6.955234527587891,72.0413818359375,8.48771947203355,-0.09637773,1.5136840343475342,41,7
144,5.208670616149902,45.10036849975586,6.715680791979013,0.58390534,0.3609790802001953,43,1
143,7.7136759757995605,92.26414489746094,9.605422681874074,0.13732547,0.8545336127281189,43,2
142,8.560176849365234,116.59619903564453,10.79797198716706,-0.09970343,1.4113576412200928,43,3
141,8.898423194885254,119.26160430908203,10.920696145808748,-0.12336695,2.345576763153076,43,4
140,8.639106750488281,115.21730041503906,10.733932197244357,-0.080219865,1.5266236066818237,43,5
139,8.62957763671875,116.01163482666016,10.770869733993637,-0.08665538,1.5890926122665405,43,6
138,8.562418937683105,116.73139190673828,10.804230278309431,-0.09148097,1.147635817527771,43,7
144,5.577765941619873,53.77147674560547,7.332903704918364,0.63111657,-0.40803074836730957,44,1
143,7.83078670501709,99.2270278930664,9.96127641886653,0.31520903,-0.47189316153526306,44,2
142,8.689226150512695,128.60791015625,11.340542762859721,0.11206144,-0.5035138726234436,44,3
141,9.187457084655762,131.8881378173828,11.484256084630942,0.09296656,0.427564799785614,44,4
140,9.278203964233398,134.12948608398438,11.581428499282133,0.082656145,0.24079088866710663,44,5
139,9.337095260620117,136.8413543701172,11.697920942206661,0.06807548,0.5047100782394409,44,6
138,9.222963333129883,138.18634033203125,11.755268620156293,0.06484389,-0.3826666474342346,44,7
144,4.6683197021484375,32.98555374145508,5.743305123485524,0.518869,-0.23692160844802856,45,1
143,6.034511089324951,55.257598876953125,7.43354551186398,0.18016696,0.10207927227020264,45,2
142,6.814983367919922,67.94974517822266,8.24316354188261,-0.013249159,1.6873139142990112,45,3
141,6.834128379821777,70.43480682373047,8.39254471681447,-0.054071307,1.37381112575531,45,4
140,6.9262871742248535,71.82099151611328,8.47472663370998,-0.076336026,1.639937162399292,45,5
139,7.110044479370117,77.04608917236328,8.77759016885405,-0.15951908,1.1216270923614502,45,6
138,6.916828155517578,72.67662811279297,8.525058833391883,-0.08887172,0.641649603843689,45,7
144,2.480499744415283,10.672921180725098,3.2669437063905917,0.5027975,0.3320326507091522,48,1
143,3.5608866214752197,19.482463836669922,4.413894407059362,0.06898999,0.7876937985420227,48,2
142,4.584134578704834,27.79839324951172,5.272418159584055,-0.34869158,2.119492769241333,48,3
141,5.140481472015381,34.016422271728516,5.832359923026743,-0.6442003,2.627192735671997,48,4
140,4.978875637054443,32.84933090209961,5.731433581757675,-0.5801319,1.9548542499542236,48,5
139,4.85326623916626,31.837223052978516,5.64244832080707,-0.5219507,2.158890962600708,48,6
138,5.042386054992676,34.00708770751953,5.831559629080331,-0.61558783,2.8679776191711426,48,7
144,3.3469221591949463,19.112037658691406,4.371731654469588,0.3135364,-0.023612061515450478,50,1
143,4.1881303787231445,28.092021942138672,5.300190745825915,-0.031126738,0.16115303337574005,50,2
142,4.477380752563477,31.163951873779297,5.582468259988524,-0.14746118,0.5635412335395813,50,3
141,5.090726375579834,36.40322494506836,6.033508510399928,-0.33337724,1.3510653972625732,50,4
140,4.976876258850098,35.83250427246094,5.986025749398422,-0.30677164,0.511519730091095,50,5
139,4.921347141265869,35.420101165771484,5.951478905765481,-0.28263175,1.1020700931549072,50,6
138,4.8723320960998535,33.590599060058594,5.795739733636992,-0.20802963,1.3582671880722046,50,7
144,3.0606648921966553,15.749204635620117,3.968526758838866,0.26072562,0.46668529510498047,51,1
143,3.8624985218048096,24.682893753051758,4.968188176091135,-0.17080009,0.9344221949577332,51,2
142,4.28804874420166,28.052804946899414,5.296489870366922,-0.33717322,1.8244848251342773,51,3
141,4.624322891235352,30.51988410949707,5.52448043796854,-0.4449433,2.2695863246917725,51,4
140,4.490009307861328,28.08919334411621,5.299923899841979,-0.3210913,1.6238056421279907,51,5
139,4.593343257904053,29.520111083984375,5.433241305517764,-0.38616478,1.9638346433639526,51,6
138,4.541391372680664,30.019365310668945,5.478993092774342,-0.40006185,2.418276309967041,51,7
144,2.4943902492523193,9.772645950317383,3.126123150216156,0.4389273,0.48502784967422485,52,1
143,3.141157627105713,15.935877799987793,3.9919766782870605,0.07016075,0.982656717300415,52,2
142,3.6973206996917725,20.21298599243164,4.4958854514357505,-0.18604434,1.6544666290283203,52,3
141,3.975602388381958,22.07620620727539,4.698532346092277,-0.2862959,1.9765547513961792,52,4
140,4.044075012207031,23.20342445373535,4.816993300154708,-0.3624828,1.569526195526123,52,5
139,3.93506121635437,21.845781326293945,4.673947082102443,-0.28644478,1.8224844932556152,52,6
138,4.150088787078857,24.8987979888916,4.989869536259601,-0.47044647,2.539752244949341,52,7
72,3.004819631576538,14.521721839904785,3.8107377028476765,0.059976637,0.41485854983329773,53,1
67,3.566213846206665,19.91199493408203,4.462285841817177,-0.29606783,0.372620165348053,53,2
62,3.5727498531341553,21.743188858032227,4.662959238298382,-0.5928886,1.0891263484954834,53,3
58,3.4442214965820312,18.760480880737305,4.331337077709065,-0.3293742,1.1458464860916138,53,4
54,3.7142293453216553,21.155162811279297,4.599474188565395,-0.41836774,0.10353296995162964,53,5
51,3.6177942752838135,19.590421676635742,4.426106830684924,-0.2696725,0.5396597981452942,53,6
48,4.4417724609375,29.522361755371094,5.433448422077005,-0.8222834,1.979483962059021,53,7
144,3.341003894805908,20.01209259033203,4.473487743397989,0.36195147,0.3508117198944092,54,1
143,4.112766742706299,29.671390533447266,5.447145172789805,0.03189689,0.906042754650116,54,2
142,4.664813995361328,36.592159271240234,6.049145333949271,-0.22225273,1.4834507703781128,54,3
141,5.259840965270996,45.05577850341797,6.712360129151144,-0.51926506,1.9817428588867188,54,4
140,5.744874000549316,52.160003662109375,7.22218828763896,-0.78530514,1.7841688394546509,54,5
139,5.466010093688965,48.572364807128906,6.969387692410927,-0.6609999,1.836079716682434,54,6
138,5.5742011070251465,50.32716369628906,7.094164059019855,-0.71896875,2.3535869121551514,54,7
144,2.341978073120117,9.18214225769043,3.0302049860843456,0.4423163,0.5946356654167175,55,1
143,3.454035758972168,18.540218353271484,4.305835383903045,-0.1521312,1.3030632734298706,55,2
142,4.286665916442871,25.70916748046875,5.070420838596019,-0.6262628,2.2071404457092285,55,3
141,4.758975982666016,30.781015396118164,5.5480641124736625,-0.9445219,2.759333610534668,55,4
140,5.083402156829834,35.495182037353516,5.95778331574366,-1.2450111,2.6097474098205566,55,5
139,4.668051242828369,30.819595336914062,5.551539906810908,-0.93548346,2.530862331390381,55,6
138,5.030245780944824,34.5278205871582,5.876037830643894,-1.1541648,3.237386703491211,55,7
144,4.5938568115234375,32.55550003051758,5.7057427238281235,0.5811119,-0.1422981321811676,56,1
143,6.4060845375061035,61.92637634277344,7.869331378381103,0.18811065,0.21120278537273407,56,2
142,7.70297384262085,85.79281616210938,9.26244115566244,-0.13269126,1.4320671558380127,56,3
141,7.567318916320801,84.72224426269531,9.204468711593044,-0.12461662,0.8967047333717346,56,4
140,7.855074405670166,91.41536712646484,9.561138380259164,-0.2159208,0.9664948582649231,56,5
139,8.082684516906738,94.94136047363281,9.743785736233777,-0.26781058,0.9641683101654053,56,6
138,7.926443576812744,95.15984344482422,9.754990694245906,-0.26455152,0.19688990712165833,56,7
144,3.924065589904785,25.47420883178711,5.047198116954307,0.68787855,0.5233210921287537,57,1
143,5.9001874923706055,53.74979019165039,7.331424840482946,0.32869393,0.5222497582435608,57,2
142,6.780147075653076,75.83409118652344,8.708277165233284,0.04708767,1.4399855136871338,57,3
141,6.952568054199219,81.24683380126953,9.013702557843226,-0.025875926,1.3256381750106812,57,4
140,7.643740177154541,90.19872283935547,9.497300818619754,-0.13789701,1.4955650568008423,57,5
139,7.694717884063721,92.78412628173828,9.632451727454349,-0.17169034,0.9244363903999329,57,6
138,7.509713649749756,88.04923248291016,9.383455252885803,-0.104376554,0.698923647403717,57,7
144,3.6525204181671143,21.515892028808594,4.638522612730113,0.68618006,0.2819400727748871,58,1
143,5.612708568572998,49.27442932128906,7.019574725101875,0.26545572,0.4885062873363495,58,2
142,6.762476921081543,70.46290588378906,8.394218598761237,-0.057492375,1.433726191520691,58,3
141,6.6870551109313965,71.79683685302734,8.473301414031448,-0.08058953,0.8800755739212036,58,4
140,7.5284247398376465,86.44634246826172,9.29765252460328,-0.29765475,1.2474366426467896,58,5
139,7.506145000457764,83.48886108398438,9.137223926553643,-0.2574607,1.026677131652832,58,6
138,6.9323554039001465,76.08248138427734,8.722527236086876,-0.13787222,0.5018470883369446,58,7
144,5.424030780792236,49.311370849609375,7.022205554497061,0.7066154,-0.33703383803367615,59,1
143,8.805573463439941,114.32657623291016,10.692360648281097,0.31746042,-0.2006552368402481,59,2
142,10.2791748046875,157.35546875,12.54414081354319,0.06349373,1.0240942239761353,59,3
141,10.447746276855469,162.49945068359375,12.747527238001641,0.03687823,1.1384447813034058,59,4
140,10.568921089172363,169.56735229492188,13.02180295868901,0.0018068552,0.9911246299743652,59,5
139,10.477927207946777,170.58494567871094,13.060817190310527,1.9073486e-06,1.199582815170288,59,6
138,10.509109497070312,169.3838348388672,13.014754505516699,0.006896198,1.8080503940582275,59,7
144,4.933604717254639,41.58323287963867,6.448506251810467,0.6979997,0.28957828879356384,60,1
143,7.886719703674316,98.40986633300781,9.920174712826777,0.279392,0.13903139531612396,60,2
142,9.156637191772461,129.7211456298828,11.389519113197133,0.05059874,0.13406793773174286,60,3
141,9.100972175598145,128.72422790527344,11.345670006891327,0.058933616,-0.02871863730251789,60,4
140,9.635750770568848,142.77859497070312,11.948999747707049,-0.041193724,0.1330077350139618,60,5
139,9.91317081451416,148.80218505859375,12.198450108870132,-0.083319664,-0.012880215421319008,60,6
138,9.614829063415527,144.103515625,12.004312376183819,-0.0418036,-0.34608012437820435,60,7
144,5.311197280883789,46.44512939453125,6.81506635290745,0.69525534,-0.04723305255174637,61,1
143,8.387680053710938,107.19202423095703,10.353358113721221,0.2910896,-0.38305383920669556,61,2
142,9.449399948120117,138.58126831054688,11.772054549251243,0.08416158,-0.07203180342912674,61,3
141,9.345731735229492,136.90838623046875,11.70078570996276,0.09621763,-0.21417558193206787,61,4
140,9.952945709228516,155.1522979736328,12.45601453008276,-0.02200079,-0.15241047739982605,61,5
139,10.185338020324707,160.2716064453125,12.659842275688607,-0.05399704,-0.3448512554168701,61,6
138,9.752251625061035,152.52276611328125,12.350010773812356,0.0037726164,-0.9582698941230774,61,7
129,4.443103313446045,31.632966995239258,5.624319247272443,0.70438796,0.2394031435251236,62,1
127,6.623544216156006,70.11273956298828,8.373335032290795,0.33465755,0.5155903100967407,62,2
125,7.576788902282715,98.49983215332031,9.92470816464244,0.06894028,1.4138621091842651,62,3
123,7.557265758514404,100.75423431396484,10.037640873928737,0.051386774,1.454843521118164,62,4
122,8.053858757019043,106.28300476074219,10.309364905790375,0.005354643,1.7743744850158691,62,5
121,8.144109725952148,109.49474334716797,10.463973592625699,-0.019765139,1.353812575340271,62,6
120,7.937997341156006,107.45683288574219,10.36613876454209,0.00096422434,1.343285322189331,62,7
144,3.0838534832000732,16.556562423706055,4.068975598809368,0.28672558,0.34248781204223633,63,1
143,3.9800970554351807,25.295026779174805,5.029416146947358,-0.09779072,0.8876889944076538,63,2
142,4.521066188812256,29.54178237915039,5.435235264379123,-0.28949344,1.6894351243972778,63,3
141,5.051537036895752,35.573158264160156,5.964323789346128,-0.5418564,2.3590426445007324,63,4
140,4.933775901794434,32.93701934814453,5.739078266424368,-0.41749585,1.7581907510757446,63,5
139,4.942962169647217,34.16851806640625,5.845384338639013,-0.46331286,2.047954797744751,63,6
138,4.865704536437988,33.49268341064453,5.787286359827422,-0.4241023,2.6028974056243896,63,7
144,3.3995046615600586,21.367271423339844,4.622474599534306,0.4063468,0.018883440643548965,64,1
143,4.3860321044921875,32.56499481201172,5.706574700467148,0.080405,0.2426925003528595,64,2
142,5.2178239822387695,42.16691589355469,6.493605769798062,-0.19514382,1.3754041194915771,64,3
141,5.8509392738342285,49.08808517456055,7.006288973098423,-0.39004648,2.0844948291778564,64,4
140,5.8029913902282715,47.41771697998047,6.886052350946837,-0.33886623,1.0196247100830078,64,5
139,5.519656658172607,46.415992736816406,6.812928352538019,-0.304963,1.4535973072052002,64,6
138,5.221617698669434,41.33756637573242,6.42942970843701,-0.15491116,1.0916060209274292,64,7
129,2.7402801513671875,15.338047981262207,3.916382001447536,0.28552175,0.2601041793823242,65,1
127,3.281182050704956,19.08066749572754,4.368142339224712,0.100619435,0.8815818428993225,65,2
125,3.745544910430908,22.93695831298828,4.789254463169428,-0.08099902,1.4935588836669922,65,3
123,4.434629917144775,30.298954010009766,5.50444856547954,-0.4243952,2.172924518585205,65,4
121,4.573053359985352,30.280166625976562,5.502741737168533,-0.43958616,1.6773643493652344,65,5
119,4.635716438293457,31.204912185668945,5.586135711354402,-0.47060764,2.0393924713134766,65,6
117,4.59879207611084,31.327245712280273,5.597074745997258,-0.45970082,2.5324926376342773,65,7
144,2.784973382949829,14.45962905883789,3.8025818937713742,0.34383106,0.6564925312995911,67,1
143,3.7861521244049072,24.4185848236084,4.941516449796398,-0.12685418,1.3856369256973267,67,2
142,4.487815856933594,30.614788055419922,5.533063171103319,-0.4321183,2.3679563999176025,67,3
141,5.099224090576172,38.07993698120117,6.170894342086986,-0.77193844,3.0147948265075684,67,4
140,5.0789008140563965,36.76137161254883,6.063115668742336,-0.7009016,2.639225482940674,67,5
139,5.0779242515563965,37.03075408935547,6.085289975782212,-0.7012614,2.9560317993164062,67,6
138,5.1510910987854,37.986019134521484,6.163279900712078,-0.74259317,3.487149477005005,67,7
144,2.870122194290161,16.201589584350586,4.025119822359402,0.14310938,0.6710795760154724,68,1
143,3.9151508808135986,24.18514633178711,4.917839600046662,-0.29802346,1.7675894498825073,68,2
142,5.315425872802734,38.50674057006836,6.205379969838137,-1.101202,3.8807475566864014,68,3
141,5.976491451263428,48.58842468261719,6.970539769818202,-1.6420438,4.667966365814209,68,4
140,5.484641075134277,41.14861297607422,6.414718464287752,-1.2221236,3.5140268802642822,68,5
139,5.371493339538574,40.061744689941406,6.32943478439753,-1.147995,3.6917386054992676,68,6
138,5.21841287612915,38.14307403564453,6.176007936818453,-1.0316286,3.6641974449157715,68,7
144,2.393583059310913,10.466713905334473,3.2352301162876302,0.15143049,0.8397107124328613,69,1
143,3.120891809463501,15.163724899291992,3.894062775468828,-0.25815868,1.5959957838058472,69,2
142,3.475001335144043,18.606889724731445,4.313570414949946,-0.5657178,2.2662365436553955,69,3
141,4.013795852661133,22.25063705444336,4.717058093180893,-0.86508524,2.747593641281128,69,4
140,4.400825500488281,28.666017532348633,5.354065514387047,-1.3994265,2.9478695392608643,69,5
139,3.7871103286743164,21.152467727661133,4.599181201872908,-0.7580886,2.5705478191375732,69,6
138,4.399402141571045,27.513328552246094,5.245314914497135,-1.2723396,3.486154079437256,69,7
144,5.3747100830078125,43.106170654296875,6.565528969877208,0.69326043,0.7705978155136108,70,1
143,7.954942226409912,98.24606323242188,9.911915215155034,0.2937308,1.17534601688385,70,2
142,8.787703514099121,121.5419921875,11.024608482277273,0.12759739,2.035487174987793,70,3
141,9.226601600646973,128.31900024414062,11.327797678460744,0.08175188,2.034925937652588,70,4
140,10.380733489990234,150.500244140625,12.26785409681029,-0.07320583,2.0243074893951416,70,5
139,10.346677780151367,150.48056030273438,12.267051817887392,-0.073123336,1.4829951524734497,70,6
138,9.746923446655273,138.52622985839844,11.769716643080175,0.019010901,1.7357620000839233,70,7
144,6.570302963256836,65.93094635009766,8.119787334043771,0.69710577,-0.11648491024971008,71,1
143,10.671294212341309,157.48611450195312,12.549347174333537,0.27540392,0.13700555264949799,71,2
142,12.567634582519531,215.199951171875,14.669694992462352,0.014394462,1.2765690088272095,71,3
141,12.95168399810791,224.43850708007812,14.98127187791738,-0.022925377,1.5573515892028809,71,4
140,13.284319877624512,236.39073181152344,15.375003473545085,-0.07071769,1.3792033195495605,71,5
139,13.472649574279785,245.97496032714844,15.683588885428884,-0.10812867,1.2056388854980469,71,6
138,12.988247871398926,235.9994354248047,15.362273120368766,-0.05706525,1.5167804956436157,71,7
144,6.190839767456055,56.9517822265625,7.546640459606016,0.7293808,-0.25122642517089844,72,1
143,10.52708911895752,154.4413299560547,12.427442615279086,0.26535302,0.027984298765659332,72,2
142,12.399662017822266,208.02674865722656,14.423132414882232,0.015127182,0.6579570174217224,72,3
141,12.769545555114746,215.54100036621094,14.681314667502054,-0.015391469,0.9491851925849915,72,4
140,12.957536697387695,226.35304260253906,15.04503381859074,-0.05968547,0.8765327334403992,72,5
139,13.258504867553711,238.9387664794922,15.457644273287316,-0.11263335,0.9125673770904541,72,6
138,12.846574783325195,232.24948120117188,15.239733632881247,-0.07519138,1.3275154829025269,72,7
144,5.4144062995910645,49.21815872192383,7.015565459884458,0.70035833,0.8831260204315186,73,1
143,8.18341064453125,98.9117660522461,9.945439459985973,0.40052205,1.4277931451797485,73,2
142,9.467161178588867,132.0095977783203,11.489542975171828,0.20476353,2.4002950191497803,73,3
141,10.133737564086914,143.65676879882812,11.98569016781379,0.13889569,2.5339550971984863,73,4
140,10.896219253540039,157.66470336914062,12.556460622689048,0.061226726,2.448680877685547,73,5
139,11.185530662536621,168.92071533203125,12.996950231959467,0.001375258,2.371690511703491,73,6
138,10.993202209472656,160.03567504882812,12.650520742199829,0.058120906,2.3436779975891113,73,7
144,6.12919807434082,65.00321197509766,8.062456944077137,0.7535602,0.29379600286483765,74,1
143,9.928024291992188,146.84825134277344,12.118096027956431,0.44111663,0.053862378001213074,74,2
142,11.827463150024414,198.6151580810547,14.093089018418024,0.24472791,0.02989932894706726,74,3
141,12.489228248596191,217.030517578125,14.731955660336649,0.17754453,-0.49719783663749695,74,4
140,13.282855987548828,236.69821166992188,15.384999566783286,0.10727632,-0.9524867534637451,74,5
139,13.177556037902832,241.1336212158203,15.528477749471142,0.09449607,-0.6498339772224426,74,6
138,12.921256065368652,227.55029296875,15.084770232547461,0.15110141,-0.3817335069179535,74,7
144,6.239545822143555,63.18239212036133,7.948735252878997,0.7909262,0.6002782583236694,75,1
143,10.371698379516602,159.58558654785156,12.632718889766034,0.46992254,0.5521695017814636,75,2
142,12.437352180480957,223.75799560546875,14.958542562879204,0.2572205,0.7866963744163513,75,3
141,13.306682586669922,246.8167724609375,15.71040331948666,0.18347186,0.5339020490646362,75,4
140,13.995659828186035,262.6036682128906,16.205050700719532,0.1353128,-0.07276987284421921,75,5
139,13.889379501342773,268.2254333496094,16.377589363200233,0.120604336,0.002062516286969185,75,6
138,13.907075881958008,255.66748046875,15.989605388149828,0.16724414,0.22212174534797668,75,7
144,5.546019554138184,49.27267837524414,7.019450005181612,0.73006594,1.072862148284912,76,1
143,8.708783149719238,115.7850341796875,10.760345448901141,0.36271805,2.3545517921447754,76,2
142,10.302001953125,156.34437561035156,12.503774454553776,0.13752937,2.541898250579834,76,3
141,10.730061531066895,163.91773986816406,12.803036353465691,0.09659201,2.8206796646118164,76,4
140,11.00422191619873,169.3830108642578,13.01472285007475,0.07096696,2.806807279586792,76,5
139,11.19134521484375,182.4652862548828,13.507971211654354,0.002004981,2.517993450164795,76,6
138,10.970781326293945,174.6188507080078,13.214342613539571,0.05129361,3.136183261871338,76,7
144,4.641618251800537,35.6199951171875,5.968248915484969,0.8415769,0.13916510343551636,77,1
143,6.746634483337402,70.89644622802734,8.420002745131818,0.68260616,-0.2780846655368805,77,2
142,8.295821189880371,108.48192596435547,10.415465710392189,0.5137964,0.06431751698255539,77,3
141,9.292552947998047,129.97044372558594,11.400458048937592,0.4195404,-0.49529385566711426,77,4
140,9.925853729248047,146.99302673339844,12.124068076903827,0.34661704,-0.20976366102695465,77,5
139,9.94999885559082,154.1976776123047,12.41763574970311,0.316948,0.0667407363653183,77,6
138,10.15626049041748,159.22518920898438,12.618446386500375,0.2984097,0.08996371924877167,77,7
129,5.797545909881592,57.165069580078125,7.560758532057357,0.77130306,-2.011749029159546,78,1
127,8.431042671203613,112.92127227783203,10.626442126969499,0.5484719,-3.8372905254364014,78,2
125,9.493690490722656,130.83795166015625,11.438441837075374,0.47944802,-3.013781785964966,78,3
123,9.941497802734375,143.73182678222656,11.988820908756063,0.4288174,-2.3604636192321777,78,4
121,10.642579078674316,174.56419372558594,13.21227435854955,0.31219947,-3.0349512100219727,78,5
119,10.5768461227417,177.0806427001953,13.30716508878564,0.3067574,-2.262498617172241,78,6
117,11.09562873840332,192.4920654296875,13.874150980499222,0.2523796,-2.0912623405456543,78,7
144,4.968440532684326,40.088016510009766,6.331509812833726,0.79675627,1.7379578351974487,79,1
143,7.718947410583496,93.98755645751953,9.694717966888955,0.52256584,2.562540054321289,79,2
142,9.122605323791504,128.80764770507812,11.349345695020402,0.34367645,3.092686176300049,79,3
141,9.66079330444336,139.52464294433594,11.81205498397023,0.28810924,2.7945609092712402,79,4
140,10.612946510314941,160.34207153320312,12.662624985886739,0.1843592,2.643075704574585,79,5
139,10.565633773803711,159.9487762451172,12.647085681891982,0.19039369,2.1301443576812744,79,6
138,10.318853378295898,153.68544006347656,12.396993186393084,0.22691005,2.2147390842437744,79,7
144,5.146474838256836,42.801002502441406,6.542247511554527,0.75044703,1.1153407096862793,80,1
143,7.969527721405029,100.17911529541016,10.008951758071879,0.41333675,1.8497474193572998,80,2
142,9.294182777404785,130.70211791992188,11.432502697131625,0.23096097,1.8530097007751465,80,3
141,9.700629234313965,138.06788635253906,11.75022920425551,0.1880089,1.3970236778259277,80,4
140,10.605207443237305,160.4302520751953,12.666106429175278,0.062157094,2.0851101875305176,80,5
139,10.509282112121582,159.19488525390625,12.617245549402066,0.07581413,1.7820936441421509,80,6
138,10.411627769470215,157.83599853515625,12.563279768243492,0.090046406,2.061837673187256,80,7
116,8.991583824157715,121.62889862060547,11.028549252762371,0.66268027,0.26352500915527344,81,1
114,13.242509841918945,258.46075439453125,16.07671466421331,0.27435398,-0.7048471570014954,81,2
112,15.158037185668945,329.4802551269531,18.15159098059873,0.07564098,-1.5042411088943481,81,3
110,15.249090194702148,338.7873840332031,18.40617787682177,0.061163843,-2.506692886352539,81,4
108,15.488011360168457,345.2458801269531,18.580793312637464,0.060209334,-1.8636208772659302,81,5
107,14.925227165222168,334.67041015625,18.29399929365501,0.07923591,-2.5077176094055176,81,6
106,15.98239803314209,357.5028381347656,18.907745453510994,0.018947423,-3.754488468170166,81,7
144,5.158205032348633,41.612144470214844,6.4507475900251166,0.76871055,1.0689533948898315,82,1
143,8.189522743225098,95.2933349609375,9.76183051281559,0.4688105,1.60597825050354,82,2
142,9.149237632751465,118.74504852294922,10.897020167135107,0.3417533,2.073272943496704,82,3
141,9.907353401184082,133.8250732421875,11.56827875019389,0.2620343,2.3182895183563232,82,4
140,10.679007530212402,158.94058227539062,12.607163926727955,0.12975287,2.357081651687622,82,5
139,10.823285102844238,164.0863494873047,12.809619412273914,0.107678294,2.4796507358551025,82,6
138,10.690299034118652,161.9073028564453,12.724280052578429,0.12582588,3.20414400100708,82,7
144,5.145695686340332,41.71932601928711,6.4590499316298144,0.75860953,0.6722591519355774,83,1
143,8.10723876953125,93.88334655761719,9.68934190529043,0.45502198,0.904480516910553,83,2
142,9.244039535522461,117.40919494628906,10.835552359999422,0.32208163,1.401914358139038,83,3
141,9.822702407836914,131.10365295410156,11.450050347229988,0.24682182,1.5163878202438354,83,4
140,10.225637435913086,144.93527221679688,12.038906603873828,0.17323518,1.5994123220443726,83,5
139,10.531216621398926,155.67892456054688,12.47713607205383,0.11785209,1.762773036956787,83,6
138,10.251259803771973,150.09359741210938,12.251269216375476,0.15558767,2.2048075199127197,83,7
144,3.582768440246582,21.753570556640625,4.664072314688166,0.33894372,0.08450207859277725,85,1
143,4.4439005851745605,31.192874908447266,5.585058183085228,0.039188564,0.27031686902046204,85,2
142,5.074252128601074,38.66401290893555,6.218039313878254,-0.19137597,0.8317356109619141,85,3
141,5.677547454833984,44.83864974975586,6.696166795246058,-0.3727603,1.5770784616470337,85,4
140,5.722524642944336,45.84394454956055,6.770815648764966,-0.395257,0.9460484385490417,85,5
139,5.5727362632751465,44.953739166259766,6.704754966906678,-0.35854125,1.2953094244003296,85,6
138,5.522515773773193,43.503971099853516,6.595754020569105,-0.3056332,1.6432517766952515,85,7
144,3.1967532634735107,16.391855239868164,4.0486856187987925,0.31765395,0.26296624541282654,86,1
143,3.961125373840332,24.191165924072266,4.9184515778924025,-0.019022107,0.5972937941551208,86,2
142,4.588836193084717,30.255144119262695,5.500467627326126,-0.27371824,1.3275879621505737,86,3
141,5.073573589324951,34.496925354003906,5.873408325155327,-0.44206655,1.9094597101211548,86,4
140,5.041536331176758,34.558162689208984,5.8786191141465345,-0.438125,1.265259027481079,86,5
139,5.065983295440674,35.931522369384766,5.9942908145488545,-0.48731852,1.6840840578079224,86,6
138,5.0745344161987305,36.23664855957031,6.019688410505174,-0.49081707,2.1940510272979736,86,7
144,2.6178464889526367,12.694454193115234,3.562927755809151,0.44983774,0.43387091159820557,88,1
143,3.703030586242676,21.959627151489258,4.686110023408462,0.02979827,0.9830130338668823,88,2
142,4.524204730987549,28.480541229248047,5.336716333968674,-0.2695775,1.9559334516525269,88,3
141,5.109105587005615,35.989410400390625,5.999117468460725,-0.6016151,2.4983861446380615,88,4
140,5.286656856536865,39.19537353515625,6.260620858601506,-0.7368077,2.10091495513916,88,5
139,5.091695785522461,37.194026947021484,6.098690592825765,-0.637884,2.2321882247924805,88,6
138,5.372303009033203,40.049964904785156,6.328504160130192,-0.7540995,2.932013988494873,88,7
129,2.095608949661255,6.988519668579102,2.6435808420737015,0.56117034,0.45508185029029846,89,1
127,3.08886456489563,14.807485580444336,3.848049581339141,0.056967854,0.9626291394233704,89,2
125,3.9398458003997803,21.099586486816406,4.593428619976194,-0.3722043,1.9555244445800781,89,3
123,4.2853474617004395,23.58222198486328,4.856153002620828,-0.56155276,2.1707544326782227,89,4
121,4.617741584777832,28.28533935546875,5.318396314253833,-0.90217066,2.0489723682403564,89,5
119,4.335084915161133,24.274337768554688,4.92689940718853,-0.70278776,2.260399580001831,89,6
117,4.855798244476318,30.934852600097656,5.5619108766769765,-1.2504838,3.3165500164031982,89,7
129,2.1634182929992676,8.5042724609375,2.916208576377468,0.40724915,0.5055218935012817,90,1
127,3.1870803833007812,16.55767059326172,4.06911176957106,-0.17542005,1.3157508373260498,90,2
125,4.120946407318115,23.371240615844727,4.8343810995663885,-0.6946368,2.549854278564453,90,3
123,4.52440071105957,28.001327514648438,5.2916280589860465,-1.0528746,3.137820243835449,90,4
121,4.432007312774658,27.458585739135742,5.240094058233663,-1.0440784,2.715000867843628,90,5
119,4.294659614562988,24.34968376159668,4.9345398733414525,-0.81194234,2.7648043632507324,90,6
118,4.470527172088623,26.73728370666504,5.17081073978395,-0.9901047,3.280327320098877,90,7
144,2.249983549118042,9.650975227355957,3.10660187783307,0.40905893,0.4370066821575165,91,1
143,3.4312245845794678,19.221996307373047,4.384289715264384,-0.20391965,1.228338599205017,91,2
142,4.306912422180176,25.847585678100586,5.084052092386602,-0.64875174,2.4324963092803955,91,3
141,4.886441707611084,31.590595245361328,5.62055115138732,-1.0113468,2.9696083068847656,91,4
140,4.871156692504883,31.897663116455078,5.647801618015197,-1.0165241,2.408112049102783,91,5
139,4.590691089630127,27.962677001953125,5.287974754284775,-0.75574803,2.520308256149292,91,6
138,4.923373222351074,32.834259033203125,5.730118588057591,-1.04736,3.2892608642578125,91,7
144,4.822762489318848,45.3652458190918,6.735372730524406,0.91840726,-0.7132335305213928,95,1
143,7.425198078155518,120.80864715576172,10.991298701962462,0.78122485,-2.1481826305389404,95,2
142,8.611695289611816,163.52679443359375,12.787759554886609,0.7028613,-2.891474962234497,95,3
141,9.949584007263184,212.8485565185547,14.58933022857988,0.6130129,-3.518735408782959,95,4
140,11.634475708007812,282.5069885253906,16.8079442087779,0.486605,-4.15510892868042,95,5
139,11.335453033447266,271.1122131347656,16.465485511662436,0.5070511,-4.404528617858887,95,6
138,12.058134078979492,316.6673278808594,17.795148998557426,0.42547506,-4.521295547485352,95,7
144,4.093358516693115,35.84707260131836,5.9872424872656,0.9533562,-0.6300650835037231,96,1
143,6.521466255187988,103.05441284179688,10.151571939448436,0.86589104,-1.7542682886123657,96,2
142,9.079222679138184,201.10755920410156,14.18123969207564,0.7386989,-2.3339593410491943,96,3
141,10.714862823486328,292.2215270996094,17.094488208180127,0.6213899,-3.1623311042785645,96,4
140,11.9434814453125,368.909423828125,19.207014964020956,0.52349854,-4.324036598205566,96,5
139,12.567694664001465,403.62176513671875,20.09034009509841,0.4801728,-4.36048698425293,96,6
138,13.682257652282715,485.6846008300781,22.038253125646737,0.37704504,-4.8287034034729,96,7
144,4.357027053833008,30.456520080566406,5.518742617713423,0.7044711,-0.11509963870048523,97,1
143,6.35452938079834,63.36414337158203,7.960159757918307,0.38062352,-0.14626210927963257,97,2
142,6.966010570526123,75.80500030517578,8.706606704404178,0.25773984,0.033171746879816055,97,3
141,7.469672679901123,88.15533447265625,9.389107224473275,0.13640833,0.09375898540019989,97,4
140,8.367278099060059,105.03475189208984,10.248646344375917,-0.028359532,0.8449055552482605,97,5
139,8.637662887573242,113.58087921142578,10.657433049821416,-0.10888958,0.5114176869392395,97,6
138,8.14588451385498,99.97783660888672,9.998891769035543,0.03084451,0.28249451518058777,97,7
144,4.1762237548828125,27.421655654907227,5.236569072867007,0.68264526,0.7020576000213623,98,1
143,6.0747480392456055,56.21369552612305,7.497579311092551,0.3347218,0.9563327431678772,98,2
142,6.97305154800415,80.6742935180664,8.981886968675703,0.034785986,1.13617742061615,98,3
141,7.418877124786377,86.54454040527344,9.302931817726789,-0.04220748,0.6799095869064331,98,4
140,7.932991981506348,96.9576416015625,9.846707145110111,-0.16890502,1.3359798192977905,98,5
139,7.946060657501221,98.34918975830078,9.917116000042592,-0.18903947,0.8167468905448914,98,6
138,8.105748176574707,102.36618041992188,10.117617329189807,-0.231125,0.3904128074645996,98,7
144,5.385232448577881,44.03327178955078,6.635757062276374,0.7218115,0.2858857810497284,100,1
143,7.901263236999512,96.11458587646484,9.803804663316424,0.39587963,0.5838080644607544,100,2
142,9.225964546203613,124.51399993896484,11.158584136841235,0.22251195,1.4758328199386597,100,3
141,9.795891761779785,138.17422485351562,11.754753287649878,0.14207113,1.5333575010299683,100,4
140,10.573779106140137,149.67161560058594,12.234035131573963,0.07686818,1.3536826372146606,100,5
139,10.811103820800781,163.4824676513672,12.786026265082016,-0.0011771917,1.4938406944274902,100,6
138,10.585729598999023,153.18775939941406,12.376904273662864,0.06432712,1.724980115890503,100,7
144,6.085474014282227,68.44308471679688,8.273033586103521,0.86691505,-0.18104055523872375,101,1
143,8.972442626953125,163.37112426757812,12.78167141916808,0.68193245,-0.7847874760627747,101,2
142,10.244304656982422,204.50184631347656,14.300414200766234,0.6022308,-0.9922670125961304,101,3
141,11.284541130065918,249.74481201171875,15.803316487741386,0.51500106,-1.6548244953155518,101,4
140,11.772811889648438,314.31243896484375,17.728858930141097,0.39309227,-1.9404336214065552,101,5
139,11.756535530090332,298.53277587890625,17.278101049562892,0.42531055,-1.727641224861145,101,6
138,11.871193885803223,325.9581604003906,18.054311407538936,0.3740486,-1.7864049673080444,101,7
144,2.4970028400421143,9.695626258850098,3.1137800594855922,0.34994727,0.7731530666351318,103,1
143,3.290008306503296,15.920316696166992,3.99002715481574,-0.08459556,1.4596028327941895,103,2
142,4.0598602294921875,23.871978759765625,4.885895901445878,-0.6272309,2.46394944190979,103,3
141,4.100505352020264,23.696672439575195,4.867922805424835,-0.6040034,2.4121742248535156,103,4
140,3.9624264240264893,21.770780563354492,4.665916904891738,-0.47827184,1.8597838878631592,103,5
139,3.9580535888671875,21.811986923217773,4.670330494003371,-0.4777807,2.1650564670562744,103,6
138,4.196593284606934,24.677841186523438,4.967679658202956,-0.66642416,2.9056711196899414,103,7
144,5.848475456237793,56.00422286987305,7.483596920590596,0.68205976,0.5544878244400024,104,1
143,8.060302734375,96.30662536621094,9.81359390673014,0.45247734,0.48292967677116394,104,2
142,9.225166320800781,139.25572204589844,11.80066616958121,0.2109052,0.2646651864051819,104,3
141,10.142539978027344,155.78448486328125,12.481365504754729,0.120675445,0.4490346610546112,104,4
140,10.116296768188477,154.98306274414062,12.449219362841214,0.12986368,0.6469385027885437,104,5
139,10.276705741882324,161.07289123535156,12.691449532474671,0.09975809,0.8449934124946594,104,6
138,10.225127220153809,166.02804565429688,12.885187063224844,0.0785234,0.17611894011497498,104,7
144,6.099679946899414,58.18101119995117,7.627647815673661,0.73160243,-0.8495914340019226,105,1
143,9.087553977966309,122.49346923828125,11.067676776915798,0.43078953,-1.0307549238204956,105,2
142,10.70047664642334,176.3173065185547,13.278452715529573,0.1813997,-1.2161433696746826,105,3
141,11.310891151428223,187.454345703125,13.691396776922543,0.13269985,-1.6048381328582764,105,4
140,11.845832824707031,203.8975372314453,14.279269492220017,0.06228143,-2.051464080810547,105,5
139,11.972506523132324,209.88575744628906,14.487434467368233,0.040449858,-1.5359373092651367,105,6
138,12.12568473815918,220.15016174316406,14.837458062052411,0.00074774027,-2.674187421798706,105,7
144,5.610941410064697,60.29136657714844,7.764751546388876,0.68423563,-0.1858685165643692,106,1
143,8.157395362854004,102.04069519042969,10.101519449589238,0.46565837,-0.04588852822780609,106,2
142,9.56680679321289,151.91427612304688,12.325350953341932,0.20820677,0.15037375688552856,106,3
141,10.383330345153809,166.94252014160156,12.920623829428731,0.13447738,0.38004395365715027,106,4
140,10.451003074645996,168.09869384765625,12.965288035661077,0.1341058,0.4680210053920746,106,5
139,10.608949661254883,175.0397186279297,13.230257693179286,0.10339844,0.6189917325973511,106,6
138,10.418947219848633,177.4673309326172,13.321686489803653,0.097491145,-0.45506763458251953,106,7
144,4.605695724487305,39.97443389892578,6.322533819516174,0.63321424,0.5379559397697449,107,1
143,6.918294906616211,86.88322448730469,9.321117126573654,0.18496174,0.5039764642715454,107,2
142,7.286751747131348,93.79195404052734,9.684624620527496,0.1048072,-0.26002877950668335,107,3
141,7.771004676818848,103.24461364746094,10.160935667912721,0.0025126338,-1.7219687700271606,107,4
140,8.212444305419922,120.98802947998047,10.999455871995691,-0.169613,-1.813154697418213,107,5
139,8.051101684570312,117.1578598022461,10.823948438635787,-0.13291717,-2.1863291263580322,107,6
138,8.187342643737793,120.8511962890625,10.993234114175069,-0.1636666,-2.5373950004577637,107,7
129,4.952496528625488,38.95933532714844,6.241741369774018,0.67222524,-0.024545447900891304,108,1
127,7.580297470092773,86.16758728027344,9.282649798428972,0.25739318,-0.36070773005485535,108,2
125,8.323408126831055,108.51184844970703,10.416902056259675,0.060117364,-0.7140838503837585,108,3
123,9.039289474487305,120.15127563476562,10.961353731851082,-0.03232181,-1.4936432838439941,108,4
121,9.567733764648438,133.76129150390625,11.565521670201749,-0.13707113,-1.0868077278137207,108,5
119,9.81299114227295,139.1158905029297,11.794739950627555,-0.17395866,-0.8390008211135864,108,6
117,9.96045207977295,145.23110961914062,12.05118706265655,-0.20974374,-1.882879614830017,108,7
144,5.845794677734375,51.10072708129883,7.148477256122371,0.62393415,0.8144315481185913,109,1
143,8.537332534790039,108.1756362915039,10.400751717616563,0.20936275,1.7447336912155151,109,2
142,9.967491149902344,148.30294799804688,12.177969781455646,-0.0776155,3.457402467727661,109,3
141,10.376386642456055,154.5325927734375,12.431113899141842,-0.1150347,3.374769449234009,109,4
140,10.83144474029541,162.12246704101562,12.732732112198686,-0.1617037,3.2186379432678223,109,5
139,11.094440460205078,172.55972290039062,13.136198951766474,-0.2278459,2.859713554382324,109,6
138,10.660307884216309,156.90028381347656,12.52598434509147,-0.12159479,2.6323227882385254,109,7
144,3.565380573272705,24.12156105041504,4.911370587770286,0.89371866,-0.5031388401985168,1001,1
143,6.523824214935303,72.58341979980469,8.519590353990306,0.675558,-1.5123566389083862,1001,2
142,7.2226409912109375,98.0457763671875,9.901806722370797,0.55768347,-1.5601136684417725,1001,3
141,8.208207130432129,126.58291625976562,11.250907352732295,0.42689705,-2.403078556060791,1001,4
140,9.732332229614258,153.672607421875,12.39647560485943,0.3041641,-1.6976420879364014,1001,5
139,9.927509307861328,166.75856018066406,12.913503017410267,0.24451208,-2.0442593097686768,1001,6
138,10.117825508117676,175.4178009033203,13.244538531157675,0.20710129,-2.972139596939087,1001,7
144,6.545155048370361,73.51908111572266,8.574326860793368,0.7190166,-1.5855541229248047,1002,1
143,9.226988792419434,153.26400756835938,12.379984150569797,0.40196323,-2.6328771114349365,1002,2
142,10.663318634033203,189.21168518066406,13.755423845911258,0.2501266,-4.712984561920166,1002,3
141,11.622896194458008,219.6773681640625,14.821517066888346,0.12592858,-5.149284839630127,1002,4
140,12.387245178222656,265.5470275878906,16.29561375302847,-0.0574044,-5.35255765914917,1002,5
139,12.342289924621582,265.2052917480469,16.285124861297408,-0.057181,-5.531360626220703,1002,6
138,12.14896011352539,274.578125,16.5703990597692,-0.09202349,-5.493964672088623,1002,7
144,4.059990882873535,24.183866500854492,4.917709477069024,0.53959,0.5813336968421936,1003,1
143,5.460302352905273,43.68525314331055,6.609482063165808,0.15027493,1.1438041925430298,1003,2
142,6.041892051696777,56.69002151489258,7.529277622381351,-0.11083102,1.5167522430419922,1003,3
141,6.246634006500244,59.06488800048828,7.685368436222708,-0.15994453,1.6268157958984375,1003,4
140,6.765758037567139,66.03952026367188,8.126470344723586,-0.29563725,2.190844774246216,1003,5
139,6.643466949462891,65.19402313232422,8.07428158614277,-0.2827363,1.7044651508331299,1003,6
138,6.54308557510376,62.52493667602539,7.9072711270086975,-0.2227354,1.0219085216522217,1003,7
144,5.766870975494385,93.55768585205078,9.672522207369223,0.90201926,-1.0902804136276245,1004,1
143,8.149487495422363,168.08441162109375,12.964737236870393,0.82413375,-1.5175386667251587,1004,2
142,11.130895614624023,332.324951171875,18.22978198366275,0.6528227,-2.850459098815918,1004,3
141,12.794469833374023,460.97064208984375,21.470226875602496,0.5196651,-3.96547269821167,1004,4
140,14.336939811706543,546.6614379882812,23.380792073586413,0.43259484,-4.1265459060668945,1004,5
139,14.708524703979492,571.0293579101562,23.89622057795241,0.40929163,-4.0279741287231445,1004,6
138,15.864160537719727,628.6801147460938,25.073494266776894,0.352601,-3.7502410411834717,1004,7
144,5.732005596160889,89.92626190185547,9.482945845139866,0.901695,-0.5649062395095825,1005,1
143,8.191452026367188,168.51390075683594,12.981290411851818,0.81592196,-1.0569524765014648,1005,2
142,10.658930778503418,289.86993408203125,17.025567070791833,0.6837657,-2.2502329349517822,1005,3
141,12.403135299682617,433.8976135253906,20.83020915702458,0.5278121,-3.49895977973938,1005,4
140,13.917908668518066,500.6678161621094,22.375607615484085,0.45721322,-3.8842127323150635,1005,5
139,14.32408618927002,542.8299560546875,23.298711467690385,0.41346645,-3.870171308517456,1005,6
138,15.449316024780273,594.315185546875,24.37858046619768,0.36069036,-3.704371452331543,1005,7
129,5.004493236541748,49.24221420288086,7.017279686807478,0.8834337,0.23039545118808746,1006,1
127,7.259005546569824,98.79965209960938,9.939801411477463,0.658157,0.755774736404419,1006,2
125,7.981533050537109,118.11809539794922,10.868214913128522,0.5315318,1.0732433795928955,1006,3
123,8.883225440979004,151.60719299316406,12.312887272819648,0.32548457,0.9653427004814148,1006,4
121,10.819791793823242,240.0093231201172,15.49223428431539,-0.1381216,1.67831289768219,1006,5
119,11.135881423950195,227.5623321533203,15.085169278245449,-0.12779629,1.6033868789672852,1006,6
117,11.441985130310059,257.0669250488281,16.033306740932392,-0.36101913,1.455146074295044,1006,7
144,4.46358585357666,53.59131622314453,7.32060900630163,0.9421289,-0.4525604248046875,1007,1
143,7.391026973724365,132.8824920654297,11.527466853798787,0.85659575,-0.960326075553894,1007,2
142,9.809161186218262,253.40396118164062,15.918667066737736,0.7268238,-2.273522138595581,1007,3
141,11.604034423828125,385.7278747558594,19.63995607825688,0.58524656,-3.4938292503356934,1007,4
140,13.356266021728516,472.25006103515625,21.73131521641422,0.49395114,-4.414651870727539,1007,5
139,13.952628135681152,533.1650390625,23.090366802251108,0.43057793,-4.734906196594238,1007,6
138,14.90554428100586,588.3990478515625,24.25693813842882,0.37427574,-5.358556270599365,1007,7
144,4.392932891845703,51.14814758300781,7.151793312380316,0.94334376,1.7275501489639282,1008,1
143,7.728079319000244,128.56983947753906,11.338864117606272,0.85764694,2.1817824840545654,1008,2
142,10.34438705444336,230.0859375,15.16858389896697,0.7455329,1.6318559646606445,1008,3
141,11.77376937866211,346.8357238769531,18.62352608602767,0.61750513,-0.44358164072036743,1008,4
140,13.520530700683594,422.3521423339844,20.551207807182145,0.5357723,-0.7657113075256348,1008,5
139,13.933297157287598,491.72930908203125,22.174970328774542,0.4612611,-2.0733072757720947,1008,6
138,15.126705169677734,561.8665161132812,23.703723676107963,0.38691926,-3.0236337184906006,1008,7
144,6.494665145874023,141.5826416015625,11.898850431935116,0.8961166,-1.430103063583374,1009,1
143,9.811460494995117,276.38787841796875,16.624917395823918,0.797765,-2.645482301712036,1009,2
142,12.637389183044434,473.8697814941406,21.768550284622552,0.6544957,-4.498800754547119,1009,3
141,14.560973167419434,658.7998657226562,25.6670969477005,0.521745,-5.809196472167969,1009,4
140,16.030942916870117,764.7041015625,27.65328373923249,0.44756597,-6.417138576507568,1009,5
139,16.015968322753906,781.8384399414062,27.961374071053918,0.43787193,-6.756382465362549,1009,6
138,16.875612258911133,835.1019897460938,28.89813125006691,0.40286183,-6.712843894958496,1009,7
144,4.648164749145508,51.08378219604492,7.147291948426685,0.9407104,0.32241958379745483,1010,1
143,7.600546836853027,136.62147521972656,11.688518948939876,0.8414346,0.195377916097641,1010,2
142,10.254087448120117,263.30230712890625,16.226592591450192,0.69471574,0.12066693603992462,1010,3
141,11.77838134765625,369.1009826660156,19.21200100629853,0.5731649,-1.9301645755767822,1010,4
140,13.424639701843262,448.89080810546875,21.1870434016988,0.4827742,-2.2238926887512207,1010,5
139,13.565469741821289,482.7339172363281,21.97120654939842,0.44562674,-3.388087749481201,1010,6
138,14.334235191345215,536.71240234375,23.16705424398514,0.38638175,-4.133627414703369,1010,7
144,3.7275686264038086,31.43815803527832,5.606974053380158,0.9402843,-0.7190237045288086,1011,1
143,6.297886371612549,89.47621154785156,9.459186621895752,0.8291987,-1.6323684453964233,1011,2
142,7.563221454620361,131.88429260253906,11.484088670962928,0.74776196,-2.126513719558716,1011,3
141,9.187463760375977,184.7147216796875,13.590979423120597,0.64696693,-2.8734328746795654,1011,4
140,10.721209526062012,242.11431884765625,15.5600230992006,0.53803813,-3.7572505474090576,1011,5
139,10.548541069030762,243.53152465820312,15.60549661683995,0.5358139,-3.930964946746826,1011,6
138,11.453497886657715,304.2400817871094,17.442479232812904,0.42191362,-4.434264659881592,1011,7
129,4.860083103179932,46.90683364868164,6.848856375241172,0.92174834,-0.42334243655204773,1012,1
127,7.668550491333008,126.52629852294922,11.248390930393077,0.7877737,-1.3692021369934082,1012,2
126,9.035684585571289,167.65182495117188,12.948043286580868,0.7195809,-2.196479320526123,1012,3
125,10.617197036743164,227.89529418945312,15.096201316538314,0.62055516,-2.7606797218322754,1012,4
124,12.201075553894043,303.389404296875,17.41807694026166,0.497792,-3.743960380554199,1012,5
123,11.844043731689453,290.18597412109375,17.034845878994435,0.5221567,-4.281444549560547,1012,6
122,12.678016662597656,352.75018310546875,18.78164484557912,0.42026144,-5.005645751953125,1012,7
144,4.622701644897461,45.43219757080078,6.74034105745405,0.89895046,-0.2506006062030792,1014,1
143,7.689687728881836,119.0277099609375,10.9099821246846,0.733396,-0.7153629660606384,1014,2
142,8.976849555969238,171.77110290527344,13.106147523405703,0.6132022,-1.1122103929519653,1014,3
141,10.126399040222168,219.67840576171875,14.821552069932444,0.5041151,-2.0159552097320557,1014,4
140,11.660602569580078,270.6219482421875,16.450591121360578,0.3897364,-2.276092290878296,1014,5
139,11.324210166931152,269.75274658203125,16.424151319993104,0.3923691,-2.8860766887664795,1014,6
138,11.989221572875977,324.6385192871094,18.01772791689089,0.27006817,-4.321023941040039,1014,7
144,5.967443943023682,84.87132263183594,9.212563304088388,0.92861754,-0.9562356472015381,1015,1
143,8.789932250976562,192.32345581054688,13.868073255162264,0.8384851,-1.7708210945129395,1015,2
142,12.098240852355957,404.9061279296875,20.122279391999495,0.6606746,-3.092453956604004,1015,3
141,14.404505729675293,632.9859008789062,25.15921105438138,0.47098345,-5.194849967956543,1015,4
140,16.286073684692383,742.3839111328125,27.246722943003853,0.38156927,-4.9142351150512695,1015,5
139,16.884790420532227,826.0065307617188,28.7403293433064,0.31412572,-5.953979015350342,1015,6
138,17.669836044311523,870.5313720703125,29.504768632719568,0.28015798,-5.909030914306641,1015,7
144,4.5730977058410645,45.503196716308594,6.7456057338321065,0.89403737,-1.291408896446228,1016,1
143,7.488242149353027,119.72486877441406,10.941885978861874,0.71910095,-2.083484411239624,1016,2
142,8.858732223510742,173.01332092285156,13.153452813723534,0.59180427,-2.7346556186676025,1016,3
141,9.94820785522461,215.41015625,14.676857846623712,0.49054444,-3.3919460773468018,1016,4
140,11.546144485473633,275.92376708984375,16.610953226405876,0.34811652,-3.538407564163208,1016,5
139,11.25800609588623,270.5345764160156,16.44793532380328,0.36149997,-3.672316551208496,1016,6
138,12.249308586120605,326.46307373046875,18.06828917552707,0.23089159,-4.334981918334961,1016,7
144,4.17091178894043,43.26940155029297,6.5779481261479225,0.9498038,-0.3557799756526947,1017,1
143,6.77890682220459,115.75726318359375,10.759054939147479,0.86561286,-1.6919429302215576,1017,2
142,9.433696746826172,223.8577880859375,14.961877826193392,0.7400594,-2.2314298152923584,1017,3
141,11.525972366333008,345.9695739746094,18.60025736312832,0.5989537,-3.4041407108306885,1017,4
140,13.562667846679688,442.64697265625,21.039177090757377,0.4883905,-3.642677068710327,1017,5
139,13.976021766662598,487.93389892578125,22.08922585619019,0.43765438,-3.8914220333099365,1017,6
138,15.038351058959961,566.1987915039062,23.794932055038657,0.3498655,-4.525324821472168,1017,7
144,4.194535732269287,40.17228317260742,6.338160866734721,0.92790955,0.6863842010498047,1018,1
143,6.717670917510986,92.97156524658203,9.642176374998646,0.8332477,0.9963757991790771,1018,2
142,8.650618553161621,155.16871643066406,12.456673570045258,0.7219732,0.5813596844673157,1018,3
141,9.744172096252441,207.1584930419922,14.393001529979498,0.63018453,-0.12096107751131058,1018,4
140,11.118931770324707,274.7213439941406,16.57472002762462,0.5110836,-0.08392333984375,1018,5
139,11.836993217468262,311.947509765625,17.6620358329844,0.4463135,-0.3091239631175995,1018,6
138,13.172954559326172,373.87530517578125,19.335855429118755,0.33840913,-0.09383823722600937,1018,7
144,5.216328144073486,97.97164154052734,9.898062514478646,0.933098,-1.4598723649978638,1019,1
143,8.652183532714844,202.60464477539062,14.233925838481477,0.862023,-2.267400026321411,1019,2
142,12.073552131652832,444.76898193359375,21.089546745570274,0.69804597,-3.9716598987579346,1019,3
141,14.25141716003418,668.2898559570312,25.851302790324343,0.54810584,-5.589224815368652,1019,4
140,15.950655937194824,801.2398681640625,28.306180741386896,0.4604895,-6.168336868286133,1019,5
139,16.803768157958984,900.9012451171875,30.015016993451585,0.39589894,-6.111581802368164,1019,6
138,18.06683349609375,985.0906982421875,31.386154562835305,0.34259838,-6.15574836730957,1019,7
144,4.5346879959106445,44.25361633300781,6.652339162505759,0.91905195,-0.25074946880340576,1020,1
143,6.657547473907471,93.13844299316406,9.650826026468618,0.8295312,-0.030432533472776413,1020,2
142,8.331910133361816,147.44851684570312,12.142838088589633,0.7300966,-0.38638725876808167,1020,3
141,9.50389289855957,208.10760498046875,14.425935150986529,0.6204517,-1.147786259651184,1020,4
140,10.668665885925293,252.2453155517578,15.882232700466197,0.54112196,-0.8998371958732605,1020,5
139,11.528079986572266,307.513671875,17.536067742655423,0.44175208,-1.1255574226379395,1020,6
138,12.661482810974121,353.1849670410156,18.793215984525258,0.36044574,-1.0861095190048218,1020,7
144,4.359001159667969,55.63054656982422,7.458588778705005,0.95079124,-0.5651633143424988,1021,1
143,7.273648262023926,128.18600463867188,11.321925836123105,0.8868048,-1.3195164203643799,1021,2
142,10.284634590148926,296.0169372558594,17.205142756044175,0.7391757,-2.351710796356201,1021,3
141,12.345295906066895,463.9054870605469,21.538465290278854,0.5926791,-4.137143611907959,1021,4
140,13.810969352722168,564.6587524414062,23.762549367469102,0.5061187,-4.948209762573242,1021,5
139,14.64380168914795,655.1175537109375,25.59526428288908,0.42914313,-5.324185371398926,1021,6
138,15.835493087768555,746.6778564453125,27.325406793775503,0.35226893,-6.05755090713501,1021,7
144,3.664647340774536,29.24309539794922,5.407688544835882,0.9391692,-0.9652470350265503,1022,1
143,6.488061904907227,89.6399154663086,9.467835838580461,0.8130333,-1.9673566818237305,1022,2
142,8.348196029663086,156.1161346435547,12.494644238374883,0.6741172,-1.6430147886276245,1022,3
141,9.661971092224121,208.13316345214844,14.426820975258147,0.56619203,-2.3396289348602295,1022,4
140,11.351913452148438,272.60870361328125,16.510866228435177,0.43336236,-3.0888760089874268,1022,5
139,11.602108001708984,302.68060302734375,17.39771832819878,0.37239617,-3.585235357284546,1022,6
138,12.089017868041992,323.7098693847656,17.99193901125628,0.3315249,-4.579809188842773,1022,7
144,5.366437911987305,130.50856018066406,11.424034321581148,0.9048157,-1.6257240772247314,1023,1
143,8.21528434753418,273.6064453125,16.54105333140849,0.80129486,-2.4605207443237305,1023,2
142,11.283917427062988,426.7026672363281,20.656782596433747,0.691478,-2.5950536727905273,1023,3
141,13.653840065002441,596.57080078125,24.424798889269283,0.5704825,-4.0310282707214355,1023,4
140,14.629392623901367,696.9428100585938,26.399674430920427,0.5005348,-4.780054092407227,1023,5
139,15.775643348693848,813.6141967773438,28.523923236072275,0.41954583,-5.137732982635498,1023,6
138,16.78900146484375,892.8667602539062,29.880876162755104,0.36599952,-5.365438938140869,1023,7
144,5.338590145111084,72.2536392211914,8.500214069139165,0.9288516,-0.9389857053756714,1024,1
143,8.104114532470703,172.34693908691406,13.128097314040373,0.8304613,-1.6958891153335571,1024,2
142,10.939167022705078,319.7872314453125,17.882595769219648,0.6859411,-3.062854528427124,1024,3
141,12.969902038574219,484.5514831542969,22.012530139770323,0.52537143,-4.416208744049072,1024,4
140,14.459532737731934,564.7174072265625,23.76378352086558,0.4488278,-4.604884624481201,1024,5
139,14.944419860839844,610.520751953125,24.70871813658339,0.4061314,-4.8322367668151855,1024,6
138,16.01046371459961,677.8988647460938,26.036491022142247,0.34349692,-5.146548748016357,1024,7
144,2.5806612968444824,13.254616737365723,3.640689047057675,0.4303589,0.5597665309906006,1025,1
143,3.789022445678711,24.097484588623047,4.908918881854032,-0.055399776,1.2453465461730957,1025,2
142,4.748610496520996,33.70502471923828,5.80560287302174,-0.49813044,2.481688976287842,1025,3
141,5.317322254180908,39.388179779052734,6.276000301071753,-0.7462524,2.7873051166534424,1025,4
140,5.348207950592041,40.19412612915039,6.339883763063042,-0.79441345,2.2024567127227783,1025,5
139,5.085973262786865,36.960880279541016,6.079546058674201,-0.6409106,2.305140495300293,1025,6
138,5.327208995819092,39.83805847167969,6.311739734152517,-0.7583506,2.9449191093444824,1025,7
129,5.602705478668213,65.0965576171875,8.068243775270272,0.89899427,-0.20051772892475128,1026,1
127,8.708244323730469,157.2859649658203,12.541370139096458,0.7563546,-0.9827753305435181,1026,2
125,10.988768577575684,253.41448974609375,15.918997761985324,0.6074938,-1.419289231300354,1026,3
123,12.22737979888916,309.0876159667969,17.58088780371449,0.5230495,-3.166661500930786,1026,4
121,14.058454513549805,361.8550720214844,19.02248858644642,0.44341314,-3.0072264671325684,1026,5
119,15.005534172058105,435.9862060546875,20.880282710123623,0.33232492,-4.385349273681641,1026,6
117,15.886789321899414,479.8564147949219,21.905625186123356,0.26985884,-5.148549556732178,1026,7
129,4.6621270179748535,50.216896057128906,7.086388082593904,0.927497,-0.06082935631275177,1027,1
127,7.252944469451904,121.73644256591797,11.033423882273262,0.82523805,-0.855869710445404,1027,2
125,8.8427152633667,200.7815399169922,14.169740291091866,0.7136586,-1.1449626684188843,1027,3
123,10.76462459564209,273.589599609375,16.540544114670926,0.6131949,-1.870963454246521,1027,4
121,12.823882102966309,362.73785400390625,19.045678092520262,0.4926319,-2.8063971996307373,1027,5
119,12.966663360595703,377.64453125,19.433078275198707,0.47691572,-3.2300403118133545,1027,6
117,14.224092483520508,444.33673095703125,21.079296263325094,0.39006323,-4.729863166809082,1027,7
144,3.9528584480285645,32.27690124511719,5.681276374646562,0.93206215,-0.30135834217071533,1028,1
143,7.418899059295654,104.93074798583984,10.243571056318194,0.7778043,-0.6190091371536255,1028,2
142,8.781473159790039,168.6415557861328,12.986206366223078,0.6416606,-1.015180230140686,1028,3
141,10.397162437438965,222.03402709960938,14.900806256696628,0.5280588,-2.011969566345215,1028,4
140,12.20435619354248,273.9441223144531,16.551257423967918,0.4187252,-1.7200359106063843,1028,5
139,12.28017520904541,298.0028381347656,17.262758705802664,0.36835456,-2.92154860496521,1028,6
138,13.286192893981934,364.9774475097656,19.104382939780223,0.22858065,-4.913593292236328,1028,7
144,4.1357102394104,38.677001953125,6.219083690796016,0.928982,-0.6040763854980469,1029,1
143,7.432026386260986,121.00834655761719,11.00037938244028,0.77681065,-1.582732915878296,1029,2
142,9.087553977966309,199.14918518066406,14.112022717550595,0.631737,-1.9635647535324097,1029,3
141,10.8508882522583,267.185546875,16.34581129448765,0.5060887,-2.955897569656372,1029,4
140,12.913771629333496,340.6726989746094,18.4573210129371,0.3714661,-2.889920949935913,1029,5
139,12.73984432220459,344.76422119140625,18.567827584060723,0.3647195,-3.8237040042877197,1029,6
138,13.669302940368652,402.78106689453125,20.069406241703597,0.2599336,-5.520639896392822,1029,7
144,3.4438931941986084,20.033952713012695,4.4759303740130605,0.9276748,-0.057654909789562225,1031,1
143,6.198472499847412,63.01485824584961,7.938189859523996,0.7706259,-0.15530483424663544,1031,2
142,7.149200916290283,89.2664794921875,9.448093960804343,0.6735205,-0.6993477940559387,1031,3
141,8.2372407913208,120.7138900756836,10.986987306613383,0.55776364,-1.3615449666976929,1031,4
140,9.16544246673584,143.2521209716797,11.9687978081209,0.47571623,-1.0035085678100586,1031,5
139,9.605330467224121,163.01437377929688,12.767708243036292,0.4037454,-1.3191736936569214,1031,6
138,9.996912002563477,184.5827178955078,13.586122253811343,0.32698524,-2.609654664993286,1031,7
144,3.890411376953125,25.186195373535156,5.01858499714164,0.83304334,0.7470924854278564,1032,1
143,6.772568702697754,72.99137878417969,8.54349921192597,0.5037484,1.6471171379089355,1032,2
142,7.73952579498291,95.69342803955078,9.782301776144037,0.3391657,1.0279908180236816,1032,3
141,8.259476661682129,106.92493438720703,10.340451362837458,0.25739956,0.3884574770927429,1032,4
140,9.684733390808105,140.2368621826172,11.842164590251953,0.024805903,0.23337101936340332,1032,5
139,9.440228462219238,132.31719970703125,11.502921355335403,0.07772452,-0.5686949491500854,1032,6
138,9.056968688964844,129.6154327392578,11.384877370409301,0.098765254,-1.5163556337356567,1032,7
144,3.4522926807403564,18.48484230041504,4.299400225661137,0.85176563,-0.6026512980461121,1033,1
143,5.589272499084473,48.73958206176758,6.9813739379700595,0.600248,-1.1625005006790161,1033,2
142,6.693883419036865,74.58184814453125,8.636078284993209,0.37995028,-1.469177484512329,1033,3
141,7.335052013397217,89.71015167236328,9.471544312959914,0.24980915,-1.598036289215088,1033,4
140,8.472073554992676,111.64274597167969,10.566113096672764,0.06483346,-1.1230541467666626,1033,5
139,8.611189842224121,115.68795776367188,10.75583366195628,0.029061735,-1.253134846687317,1033,6
138,8.175176620483398,109.34908294677734,10.457011186126625,0.08475107,-1.6789344549179077,1033,7
121,3.794001579284668,27.356094360351562,5.230305379263391,0.8772852,-0.22935913503170013,1034,1
119,6.53489875793457,73.01797485351562,8.545055579311093,0.6737461,-1.2618396282196045,1034,2
117,8.110261917114258,110.89672088623047,10.53075120237063,0.50792253,-1.2604284286499023,1034,3
115,9.000384330749512,133.41197204589844,11.550410037998583,0.41251618,-1.7583554983139038,1034,4
113,10.216302871704102,164.36184692382812,12.820368439472718,0.28249574,-1.4018287658691406,1034,5
111,10.282310485839844,168.54966735839844,12.982667959953318,0.2745151,-1.8416571617126465,1034,6
109,10.314908027648926,186.74935913085938,13.665626920520674,0.20860976,-3.4784224033355713,1034,7
142,3.5650062561035156,21.07669448852539,4.59093612333317,0.91120076,1.143381118774414,1035,1
141,6.089375972747803,56.96169662475586,7.547297305973567,0.7573407,1.9181077480316162,1035,2
140,7.382835388183594,85.9813461303711,9.272612691705133,0.63159615,2.1367502212524414,1035,3
139,7.980716228485107,101.73292541503906,10.08627410965214,0.5633508,1.1027917861938477,1035,4
138,8.950963020324707,123.57009887695312,11.116208835612667,0.47009903,1.1931877136230469,1035,5
137,9.136577606201172,134.54739379882812,11.599456616532867,0.42304778,0.47587212920188904,1035,6
136,9.152219772338867,147.8914337158203,12.161062195212239,0.3677048,-1.0708760023117065,1035,7
144,5.266782283782959,41.32351303100586,6.4283367235238895,0.765985,0.6333182454109192,1036,1
143,7.975186347961426,95.84866333007812,9.790233058006235,0.45235246,0.5462796688079834,1036,2
142,9.275588035583496,138.02908325195312,11.748577924666165,0.21069282,0.1665438860654831,1036,3
141,9.692325592041016,150.6551055908203,12.274164150394125,0.13854992,-0.0605621337890625,1036,4
140,10.40800666809082,165.2533416748047,12.855090107611252,0.057469368,0.30740901827812195,1036,5
139,10.70694351196289,173.90325927734375,13.187238500813722,0.009953558,0.1585914045572281,1036,6
138,10.202435493469238,166.65953063964844,12.909668107261645,0.057156265,-0.7341465353965759,1036,7
144,4.976210594177246,45.55885314941406,6.749729857513859,0.7133796,0.24945613741874695,1037,1
143,7.613213062286377,99.9920883178711,9.999604408068906,0.35780835,0.541029155254364,1037,2
142,8.331917762756348,113.3969955444336,10.648802540400192,0.2660609,-0.85453861951828,1037,3
141,9.367088317871094,132.368408203125,11.50514703092164,0.14733851,-1.0407427549362183,1037,4
140,10.568134307861328,167.25962829589844,12.932889402445937,-0.07029605,0.23200519382953644,1037,5
139,10.719758033752441,169.0504913330078,13.001941829319488,-0.074365854,-0.13263976573944092,1037,6
138,10.320154190063477,158.7068634033203,12.597891228428681,-0.0018422604,0.441813200712204,1037,7
129,3.616079092025757,24.974384307861328,4.997437774286072,0.902575,-1.1482247114181519,1038,1
127,6.405645370483398,75.46401977539062,8.687002922492349,0.7027725,-2.702932834625244,1038,2
125,7.671164035797119,116.09893798828125,10.774921716109182,0.5414549,-3.324516534805298,1038,3
123,8.64620590209961,144.28970336914062,12.012064908630016,0.43283254,-3.6648447513580322,1038,4
121,10.532942771911621,193.4127197265625,13.907290164750375,0.24572527,-3.704739809036255,1038,5
119,10.57424545288086,195.38449096679688,13.978000249205781,0.24149263,-3.3192286491394043,1038,6
117,10.909810066223145,210.80166625976562,14.519010512420108,0.18816942,-4.017923831939697,1038,7
144,3.7099380493164062,21.28441047668457,4.613503059138963,0.78284997,0.710659921169281,1039,1
143,5.7986321449279785,52.47895431518555,7.2442359372942535,0.45384896,0.83555006980896,1039,2
142,6.82388973236084,72.62505340576172,8.522033407923352,0.2360822,0.719106912612915,1039,3
141,7.45393180847168,86.03469848632812,9.275489123832129,0.09073013,0.4358201026916504,1039,4
140,8.384239196777344,100.32135772705078,10.016054998204172,-0.062042594,1.305887222290039,1039,5
139,8.603358268737793,107.21477508544922,10.354456774039342,-0.13664258,0.5667054653167725,1039,6
138,8.01352596282959,94.43584442138672,9.717810680466394,0.0041722655,0.3652046024799347,1039,7
144,3.61942458152771,20.359697341918945,4.5121721312377865,0.80819374,0.10030785202980042,1040,1
143,5.2635345458984375,43.48550796508789,6.5943542492868765,0.5846842,0.06302109360694885,1040,2
142,6.306723117828369,61.214500427246094,7.823969608021627,0.41147214,1.0764416456222534,1040,3
141,6.90614652633667,73.53512573242188,8.575262429361674,0.2906283,0.5907782316207886,1040,4
140,7.810885906219482,89.59918975830078,9.465684854161413,0.13455361,1.0648926496505737,1040,5
139,8.234241485595703,98.38782501220703,9.919063716511102,0.049708784,0.2829973101615906,1040,6
138,7.800262928009033,91.589111328125,9.570220025063426,0.12063295,-0.22194866836071014,1040,7
114,4.250507831573486,28.549633026123047,5.343185662703763,0.6927742,0.6008880138397217,1041,1
111,6.441348075866699,63.74568176269531,7.984089288246676,0.297939,0.8550400137901306,1041,2
108,7.101577281951904,87.04483032226562,9.329781901109245,0.039982975,0.702728271484375,1041,3
105,7.504207134246826,93.21160888671875,9.654615936779606,-0.027813315,0.5088520646095276,1041,4
103,7.994898319244385,99.05659484863281,9.95271796287993,-0.08066356,0.962253749370575,1041,5
101,8.06650447845459,101.95992279052734,10.097520625902545,-0.10703099,0.4905470311641693,1041,6
99,7.600371837615967,95.54163360595703,9.774540071325967,-0.036528587,-0.8998444676399231,1041,7
144,3.680708169937134,21.16244125366211,4.600265346005827,0.8263673,-0.24284760653972626,1042,1
143,5.772773265838623,53.10711669921875,7.287462980984449,0.5578485,-1.0206668376922607,1042,2
142,6.951300144195557,74.85107421875,8.651651531282914,0.37252182,-0.1732078194618225,1042,3
141,7.597462177276611,89.59406280517578,9.465414032422236,0.2471357,-0.48672518134117126,1042,4
140,8.441866874694824,104.15404510498047,10.205588915147448,0.1257171,-0.06982510536909103,1042,5
139,8.745171546936035,114.8438491821289,10.716522252210785,0.03651315,-0.2958774268627167,1042,6
138,8.517446517944336,110.53472900390625,10.513549781301569,0.07735813,-0.32835817337036133,1042,7
144,6.984872817993164,81.08263397216797,9.004589605982494,0.8178311,0.23873122036457062,1043,1
143,10.770821571350098,180.28176879882812,13.426904661865597,0.5966804,0.013726508244872093,1043,2
142,13.217981338500977,256.9284973144531,16.02898927925442,0.42855525,-1.3401083946228027,1043,3
141,14.273282051086426,300.9985656738281,17.34931023625516,0.33506495,-1.4783930778503418,1043,4
140,15.124943733215332,352.9338684082031,18.786534230884715,0.22586203,-1.7275941371917725,1043,5
139,15.419897079467773,352.31732177734375,18.770117788051937,0.23273295,-1.245374321937561,1043,6
138,15.858119010925293,400.3153381347656,20.007881900260347,0.13401031,-1.8158897161483765,1043,7
114,6.237554550170898,60.019771575927734,7.747242837030974,0.610211,0.6547321677207947,1045,1
111,8.900643348693848,120.65962219238281,10.984517385501414,0.18539351,1.517805576324463,1045,2
108,10.35491943359375,162.04920959472656,12.729855050028124,-0.12040222,1.7773497104644775,1045,3
105,10.192855834960938,161.1379852294922,12.694013755683905,-0.19885528,1.8981828689575195,1045,4
103,10.702363967895508,178.7689666748047,13.370451251726873,-0.31429994,3.034247875213623,1045,5
101,10.960454940795898,188.4563751220703,13.727941401465491,-0.3652581,2.9776406288146973,1045,6
99,10.84570026397705,179.3275146484375,13.391322363696482,-0.29055953,1.8558311462402344,1045,7
144,4.657993316650391,35.47420120239258,5.95602226342318,0.81068265,0.013819098472595215,1046,1
143,7.065686225891113,76.31069946289062,8.73559954799272,0.5881231,-0.448852002620697,1046,2
142,8.383206367492676,109.77449798583984,10.47733257970939,0.40424055,-0.6311123371124268,1046,3
141,8.914470672607422,127.20477294921875,11.27850934074263,0.30957925,-0.7571448683738708,1046,4
140,9.701173782348633,144.4252166748047,12.017704301354925,0.21938437,-0.35759446024894714,1046,5
139,10.152594566345215,155.88865661621094,12.485537898553307,0.16023242,-0.4082871675491333,1046,6
138,10.107963562011719,162.80511474609375,12.759510756533487,0.1269024,-1.093143343925476,1046,7
117,5.0027923583984375,37.31134033203125,6.108300936596956,0.8359419,1.9242454767227173,1047,1
115,8.122697830200195,96.67766571044922,9.832480140353665,0.5816109,3.066915988922119,1047,2
113,9.360163688659668,128.78375244140625,11.348292930718975,0.45052505,2.363313674926758,1047,3
111,9.764360427856445,140.613525390625,11.85805740374978,0.4070487,2.03775954246521,1047,4
109,10.607500076293945,169.5157470703125,13.019821314838099,0.29049885,2.6213064193725586,1047,5
107,10.409668922424316,158.5711212158203,12.592502579543922,0.3359288,1.870652198791504,1047,6
105,10.054295539855957,161.38153076171875,12.703603062191402,0.32092023,0.6321977972984314,1047,7
144,7.578367233276367,100.06353759765625,10.003176375414773,0.818169,0.1794554889202118,1048,1
143,11.796008110046387,218.90541076660156,14.795452367758195,0.6041412,-0.024500280618667603,1048,2
142,13.931920051574707,294.0199279785156,17.147009301289703,0.47149622,-0.7391409277915955,1048,3
141,15.32421875,351.7161560058594,18.754097045868654,0.37210572,-1.0107780694961548,1048,4
140,16.251026153564453,415.224609375,20.377060862033073,0.26397383,-1.1086254119873047,1048,5
139,16.662498474121094,423.30560302734375,20.57439192363516,0.25500804,-1.1587767601013184,1048,6
138,17.169710159301758,484.14276123046875,22.00324433419919,0.15359807,-1.8169491291046143,1048,7
144,4.851023197174072,37.72108840942383,6.1417496211929565,0.8375408,-0.2006441354751587,1049,1
143,7.024721145629883,75.51191711425781,8.689759324299944,0.67271113,-0.9139910936355591,1049,2
142,8.24417495727539,106.05098724365234,10.29810600273916,0.5398772,-0.7309134006500244,1049,3
141,9.157135009765625,124.88969421386719,11.175405774014077,0.46008277,-0.937510073184967,1049,4
140,9.580358505249023,138.00962829589844,11.747749924811068,0.40624368,-0.8046523332595825,1049,5
139,9.690183639526367,149.51901245117188,12.227796712865809,0.35894912,-0.7324101328849792,1049,6
138,9.913902282714844,154.64303588867188,12.435555310828377,0.34048688,-0.9204742908477783,1049,7
129,4.60940408706665,33.67120361328125,5.802689343165051,0.7834059,0.30169185996055603,1050,1
127,7.596446514129639,82.9561538696289,9.108026892232417,0.46114898,0.25918567180633545,1050,2
125,8.974519729614258,108.58663940429688,10.42049132259592,0.28764522,1.2374721765518188,1050,3
123,9.279613494873047,116.61945343017578,10.799048728021177,0.22974735,1.3669160604476929,1050,4
121,9.904339790344238,131.9537353515625,11.4871117062368,0.13170278,1.3136460781097412,1050,5
119,10.216358184814453,143.08253479003906,11.961711198237444,0.06934917,1.3802123069763184,1050,6
117,9.966447830200195,141.3549346923828,11.889278140088354,0.09159154,1.3492317199707031,1050,7
144,4.735979080200195,34.80695343017578,5.899741810467283,0.7032448,0.3286920487880707,1051,1
143,6.971147060394287,73.9503173828125,8.599437038714365,0.36413866,0.6215951442718506,1051,2
142,8.308683395385742,98.44261932373047,9.921825402804187,0.15292585,1.1424942016601562,1051,3
141,8.328770637512207,101.06246185302734,10.052982734145491,0.13157964,0.729552149772644,1051,4
140,8.77256965637207,107.05892181396484,10.346928134183829,0.083917856,0.4834359884262085,1051,5
139,9.113869667053223,116.2134780883789,10.780235530283136,0.008945346,0.42517998814582825,1051,6
138,8.55848217010498,104.97148132324219,10.245559102520573,0.11097407,0.1155385673046112,1051,7
144,4.975761413574219,40.949214935302734,6.399157361348659,0.6990743,0.3836645483970642,1052,1
143,8.046305656433105,94.36896514892578,9.714369004156975,0.30525833,0.5298758745193481,1052,2
142,9.524691581726074,135.05667114257812,11.62138852042122,0.009290636,0.8777067065238953,1052,3
141,9.640368461608887,136.87982177734375,11.699565025134214,-0.00010108948,0.935655951499939,1052,4
140,10.029645919799805,149.97206115722656,12.246308062319295,-0.09019697,1.0748666524887085,1052,5
139,10.565160751342773,157.8304901123047,12.563060539227878,-0.14317632,0.8560054302215576,1052,6
138,10.12252140045166,151.21778869628906,12.297064230794645,-0.08762002,0.3959342837333679,1052,7
129,5.885005474090576,52.27166748046875,7.22991476301545,0.7184984,0.37297916412353516,1053,1
127,9.956633567810059,134.79034423828125,11.609924385553992,0.28240883,0.8717162013053894,1053,2
125,11.82607364654541,183.9908905029297,13.564324181577557,0.030127108,1.6117039918899536,1053,3
123,12.13891315460205,195.91163635253906,13.996843799676379,-0.025143862,2.0366153717041016,1053,4
121,12.54028606414795,210.34671020507812,14.503334451259066,-0.08527303,1.7459373474121094,1053,5
119,12.739544868469238,217.49986267089844,14.747876547859303,-0.115469575,1.7033137083053589,1053,6
117,12.69768238067627,218.4642791748047,14.780537174771581,-0.12612677,1.0945281982421875,1053,7
144,4.406088829040527,31.262826919555664,5.591317100608377,0.6932236,0.0014446444110944867,1054,1
143,6.856207847595215,70.45917510986328,8.3939963729956,0.3030026,0.0458289198577404,1054,2
142,7.945274829864502,98.11150360107422,9.90512511789095,0.030535817,0.7389322519302368,1054,3
141,8.217508316040039,105.60714721679688,10.276533813343722,-0.04122913,0.694442629814148,1054,4
140,8.361092567443848,107.88631439208984,10.386833703881557,-0.057789683,0.7264196276664734,1054,5
139,8.624503135681152,112.43192291259766,10.603392047481677,-0.09917617,0.7991905808448792,1054,6
138,8.251547813415527,107.15998840332031,10.351810875557971,-0.042224765,0.9405966401100159,1054,7
144,5.524353981018066,49.93720626831055,7.066626229560366,0.6879645,-0.17495019733905792,1055,1
143,8.577411651611328,108.57215881347656,10.41979648618324,0.31893075,0.03374531865119934,1055,2
142,10.191213607788086,154.4029541015625,12.4258985229062,0.034339488,0.5263959765434265,1055,3
141,10.266845703125,156.77947998046875,12.521161287215685,0.023342848,0.5246630311012268,1055,4
140,10.38250732421875,164.9784393310547,12.844393303346589,-0.020700812,0.3426167666912079,1055,5
139,10.355319023132324,165.48251342773438,12.864000677383936,-0.019800186,0.7839416861534119,1055,6
138,10.17322826385498,162.7407989501953,12.756990199502205,-0.0025588274,1.5138415098190308,1055,7
144,5.647895812988281,54.49551773071289,7.382107946292366,0.6433458,-0.01441873423755169,1056,1
143,8.442667007446289,107.49200439453125,10.367835087159289,0.29321063,0.017217395827174187,1056,2
142,9.615560531616211,141.27503967285156,11.885917704277258,0.073510766,1.0430145263671875,1056,3
141,9.855649948120117,146.9884796142578,12.123880550972853,0.039696097,1.0471441745758057,1056,4
140,9.999531745910645,154.5052490234375,12.430014039551102,-0.0027388334,0.9182755351066589,1056,5
139,10.041398048400879,156.12960815429688,12.495183398185754,-0.00936842,1.1721965074539185,1056,6
138,9.92204475402832,154.90965270996094,12.44627063461023,-0.0012625456,1.5806130170822144,1056,7
144,4.191428184509277,29.15669059753418,5.399693565151098,0.6983179,0.3973175287246704,1057,1
143,6.6717424392700195,69.01592254638672,8.307582232297596,0.27764374,0.8751853108406067,1057,2
142,7.958652496337891,102.03086853027344,10.101033042727533,-0.06772077,2.179492712020874,1057,3
141,8.16926097869873,106.73870849609375,10.331442711262245,-0.11530876,1.7376664876937866,1057,4
140,8.775527954101562,116.42022705078125,10.7898205291275,-0.20882642,1.6773921251296997,1057,5
139,8.489036560058594,112.07355499267578,10.586479820633286,-0.16323328,1.266532063484192,1057,6
138,8.375155448913574,106.17919158935547,10.304328779176034,-0.09532654,1.4624415636062622,1057,7
135,4.772751331329346,35.347103118896484,5.945342977398065,0.5250316,-0.22287285327911377,1058,1
134,6.467201232910156,66.05687713623047,8.127538196540849,0.11694801,-0.31679487228393555,1058,2
133,7.104660987854004,81.71678161621094,9.039733492543402,-0.097222686,0.7921373844146729,1058,3
132,6.9664530754089355,79.21580505371094,8.900326120637992,-0.07461989,0.8066859245300293,1058,4
131,7.361668109893799,84.50144958496094,9.192467002114336,-0.16850019,1.0005627870559692,1058,5
130,7.337971210479736,80.68295288085938,8.982369001597483,-0.11940956,1.2590508460998535,1058,6
129,7.087106704711914,80.62922668457031,8.979377856208654,-0.11760485,0.439467191696167,1058,7
129,5.418079853057861,44.3797607421875,6.6618136225946385,0.6367612,-1.2104567289352417,1059,1
127,7.383640289306641,80.52916717529297,8.973804498388237,0.3174981,-2.2968809604644775,1059,2
125,7.618959426879883,85.89360809326172,9.267880453116652,0.25420773,-1.4323021173477173,1059,3
123,7.766932487487793,91.52041625976562,9.566630350325324,0.19259822,-0.7399656772613525,1059,4
121,8.12391471862793,99.06817626953125,9.953299767892618,0.1131984,-0.6524343490600586,1059,5
119,8.453078269958496,105.42581176757812,10.26770723032061,0.05111009,-0.2535240650177002,1059,6
117,8.062520027160645,97.95921325683594,9.897434680604663,0.12733132,0.29415374994277954,1059,7
144,4.568726062774658,33.1955680847168,5.761559518456509,0.5335189,-0.009882847778499126,1061,1
143,6.022923469543457,56.10467529296875,7.4903054205398565,0.19201028,0.11081871390342712,1061,2
142,6.688113689422607,72.346923828125,8.505699490819376,-0.055333972,0.5703627467155457,1061,3
141,7.186920642852783,78.14066314697266,8.839720761821193,-0.14969373,0.3883216679096222,1061,4
140,7.385897159576416,85.54248046875,9.248917799869885,-0.26289976,0.8628275394439697,1061,5
139,7.720206260681152,91.61670684814453,9.571661655540511,-0.3577355,0.382583886384964,1061,6
138,7.610354423522949,94.80455017089844,9.736762817841381,-0.39952862,0.22408626973628998,1061,7
144,4.817386627197266,38.63008499145508,6.215310530573277,0.60626704,0.18462491035461426,1062,1
143,6.7446465492248535,72.35978698730469,8.506455606614583,0.2528757,0.21343812346458435,1062,2
142,7.6192626953125,93.49675750732422,9.669372136148459,0.029843748,0.5853386521339417,1062,3
141,8.162308692932129,100.44657135009766,10.022303694764874,-0.045229316,0.23421716690063477,1062,4
140,8.525986671447754,107.56046295166016,10.371136049231065,-0.11769843,0.3886624276638031,1062,5
139,8.642696380615234,112.32755279541016,10.598469360969544,-0.16571414,0.22238586843013763,1062,6
138,8.804170608520508,120.43697357177734,10.974378049428466,-0.24258506,-0.38690826296806335,1062,7
129,4.782362937927246,38.66360855102539,6.218006798888643,0.61747706,0.5069970488548279,1063,1
127,7.202249526977539,79.48124694824219,8.915225569117261,0.21328217,1.114607572555542,1063,2
125,8.433907508850098,110.15363311767578,10.49541009764153,-0.08806479,1.974021315574646,1063,3
123,9.10534954071045,125.82046508789062,11.216972188959488,-0.24196649,1.8193339109420776,1063,4
121,9.063028335571289,122.8901596069336,11.085583413015916,-0.1978761,1.8772119283676147,1063,5
119,8.803260803222656,116.29438781738281,10.783987565709765,-0.123980045,1.271790862083435,1063,6
117,8.29365062713623,107.3528060913086,10.36111992456938,-0.055697203,-0.3035556375980377,1063,7
144,4.184768199920654,29.039194107055664,5.388802659873125,0.596665,0.649493932723999,1064,1
143,6.506964683532715,64.33805084228516,8.02110035109181,0.08025128,1.563950777053833,1064,2
142,7.110353469848633,76.48007202148438,8.745288561361733,-0.11230123,2.1246368885040283,1064,3
141,7.2999467849731445,79.8250503540039,8.934486574728506,-0.17497277,1.6577068567276,1064,4
140,7.518506050109863,88.491455078125,9.406989692676664,-0.30831945,1.5218780040740967,1064,5
139,7.669307231903076,88.60169219970703,9.41284718880037,-0.31694174,0.9623807072639465,1064,6
138,7.755319595336914,92.32872009277344,9.608783486621677,-0.36880243,0.48254382610321045,1064,7
144,4.081990718841553,27.62071990966797,5.255541828362511,0.6700759,-0.3563788831233978,1065,1
143,5.533751964569092,47.601924896240234,6.899414822739696,0.4217714,-0.6689167022705078,1065,2
142,6.219883918762207,66.6144790649414,8.161769358720045,0.18653494,0.34924623370170593,1065,3
141,6.5599541664123535,72.60990142822266,8.521144373159197,0.11255765,0.42527955770492554,1065,4
140,7.010679721832275,80.18366241455078,8.954533065132473,0.022207439,0.22085808217525482,1065,5
139,7.3909149169921875,86.40325927734375,9.295335350450985,-0.055633783,-0.00570514053106308,1065,6
138,7.469738960266113,89.53022766113281,9.462041410876028,-0.08719921,-0.8825488686561584,1065,7
144,4.820871353149414,38.645729064941406,6.2165689141954665,0.62599736,-0.27919381856918335,1066,1
143,6.533732891082764,67.63499450683594,8.224049763154156,0.3375857,-0.4573298692703247,1066,2
142,7.342730522155762,89.35811614990234,9.45294219541738,0.12242669,-0.30542105436325073,1066,3
141,7.755642890930176,97.67391204833984,9.883011284438556,0.040766954,-0.24785614013671875,1066,4
140,7.9367475509643555,102.76653289794922,10.137382941269863,-0.006357193,-0.4770207107067108,1066,5
139,8.218267440795898,107.86953735351562,10.38602606166168,-0.05545187,-0.01371331512928009,1066,6
138,8.038023948669434,108.89362335205078,10.435210747850318,-0.058966994,-1.3322862386703491,1066,7
144,4.714383125305176,34.81044006347656,5.900037293397099,0.60228944,0.6062774658203125,1068,1
143,6.353577136993408,60.630584716796875,7.786564371839282,0.29751068,0.6289001703262329,1068,2
142,6.9861674308776855,78.25267028808594,8.84605393879587,0.090163946,0.8196336627006531,1068,3
141,7.411591529846191,86.79721069335938,9.316502063186556,-0.009525299,0.8753274083137512,1068,4
140,7.666780948638916,90.80182647705078,9.528999237960447,-0.05313015,0.930450975894928,1068,5
139,8.012456893920898,97.25823974609375,9.86195922451993,-0.12768006,1.0433273315429688,1068,6
138,7.79768180847168,97.15303039550781,9.856623681337734,-0.119622946,-0.09221179038286209,1068,7
129,4.8001484870910645,37.4311637878418,6.118101322129423,0.6577084,0.7283264398574829,1069,1
127,7.283315658569336,78.96855926513672,8.886425561784487,0.27320892,2.263889789581299,1069,2
125,8.242179870605469,104.37369537353516,10.21634452108655,0.041338682,2.4666173458099365,1069,3
123,8.467689514160156,113.2279281616211,10.640861250933643,-0.034653664,1.7961969375610352,1069,4
121,9.406583786010742,133.91319274902344,11.572086793185724,-0.21948612,2.314185857772827,1069,5
119,9.097251892089844,127.24598693847656,11.280336295451328,-0.16149545,0.8002231121063232,1069,6
117,9.138761520385742,131.47625732421875,11.466309664587763,-0.18332875,-1.0403929948806763,1069,7
129,4.189675331115723,25.22284698486328,5.022235257817308,0.557281,-0.2269284427165985,1070,1
127,5.1035590171813965,38.949119567871094,6.2409229740376615,0.2518465,-0.2472454458475113,1070,2
125,5.493926525115967,44.35942459106445,6.660287125272037,0.08296651,0.5018724203109741,1070,3
123,5.617633819580078,47.07414245605469,6.8610598639025655,0.019232035,1.1558723449707031,1070,4
121,5.956061840057373,51.68257141113281,7.1890591464483595,-0.07458353,1.3293945789337158,1070,5
119,5.993001937866211,54.35329055786133,7.372468416877846,-0.13728976,1.340663194656372,1070,6
117,5.826727390289307,50.90235900878906,7.134588916594218,-0.0750792,0.5616848468780518,1070,7
140,5.782702445983887,56.40367889404297,7.510238271456037,0.6847789,-1.141819715499878,1071,1
139,8.220934867858887,106.6380386352539,10.326569548269838,0.40655398,-1.4193015098571777,1071,2
138,9.596774101257324,145.73159790039062,12.071934306497473,0.19465971,-1.198847770690918,1071,3
137,10.070565223693848,151.907470703125,12.325074876167081,0.16541046,-0.9622259140014648,1071,4
136,10.261051177978516,159.07382202148438,12.612447106786389,0.13193059,-1.0816564559936523,1071,5
135,10.268851280212402,162.1629180908203,12.73432048013636,0.12129259,-0.7741209864616394,1071,6
134,10.121347427368164,162.58372497558594,12.750832324816523,0.124290526,-1.733284831047058,1071,7
129,5.511180400848389,49.40401840209961,7.028799214808999,0.62935793,-1.4179147481918335,1072,1
127,7.874680995941162,102.23381805419922,10.111074030695217,0.2340939,-2.619779348373413,1072,2
125,8.612530708312988,122.00418853759766,11.045550621748001,0.09418273,-1.2092000246047974,1072,3
123,9.350446701049805,131.35450744628906,11.460999408702937,0.03399688,-0.06851151585578918,1072,4
121,9.308157920837402,132.08767700195312,11.492940311423927,0.04169303,-0.7572422623634338,1072,5
119,9.266900062561035,132.48651123046875,11.51027850360141,0.050646484,-0.7072160840034485,1072,6
117,9.52893352508545,139.36720275878906,11.805388716971121,0.014539719,-1.4263436794281006,1072,7
144,4.063418865203857,28.183025360107422,5.308768723546677,0.62856627,0.5140044689178467,1073,1
143,5.526554584503174,49.643428802490234,7.045809307843226,0.34839475,1.0312637090682983,1073,2
142,5.994879722595215,61.4337158203125,7.837966306403243,0.1979245,1.3583917617797852,1073,3
141,6.556895732879639,66.27445220947266,8.140912246761578,0.14019161,1.7600927352905273,1073,4
140,7.142845153808594,74.01044464111328,8.60293232805613,0.04593569,2.230724811553955,1073,5
139,7.113107204437256,72.01081085205078,8.48591838589382,0.07588422,1.8658288717269897,1073,6
138,7.013471603393555,74.08441162109375,8.60723019449891,0.0560838,1.6314263343811035,1073,7
129,4.553330421447754,35.688411712646484,5.9739778801604615,0.6363962,0.26402145624160767,1074,1
127,6.368685722351074,68.01951599121094,8.247394497125194,0.30932105,0.8047628998756409,1074,2
125,7.473110675811768,88.8743896484375,9.427321446118059,0.10465723,1.3579610586166382,1074,3
123,8.048996925354004,93.81207275390625,9.685663258337359,0.0634467,1.550709843635559,1074,4
121,8.470638275146484,101.18698120117188,10.059173982051005,-0.0019557476,1.5548263788223267,1074,5
119,8.375441551208496,100.91851806640625,10.045820925459813,-0.016565323,1.6015996932983398,1074,6
117,8.100284576416016,96.63817596435547,9.830471807820592,-0.037997723,0.9296910166740417,1074,7
144,4.717015743255615,35.15961456298828,5.929554330891006,0.64521223,-0.2751673460006714,1075,1
143,6.3829779624938965,66.27045440673828,8.14066670529744,0.3282835,-0.5010207295417786,1075,2
142,7.412028789520264,90.37798309326172,9.506733565913253,0.08513391,-0.3510390818119049,1075,3
141,7.876443862915039,92.50759887695312,9.618087069524435,0.06663048,0.07460130006074905,1075,4
140,8.268329620361328,101.18965911865234,10.059307089390021,-0.0158633,0.2475803941488266,1075,5
139,8.218831062316895,102.6394271850586,10.131111843477921,-0.026646733,0.2670542299747467,1075,6
138,8.128880500793457,100.6794204711914,10.033913517227035,-4.6133995e-05,-0.6233310103416443,1075,7
129,5.1266255378723145,46.24666976928711,6.80049040652857,0.59199494,0.10365212708711624,1076,1
127,6.814620018005371,78.7637710571289,8.87489555189969,0.30135256,0.5807955265045166,1076,2
125,7.985047340393066,99.67501068115234,9.983737310303809,0.12332368,1.1808127164840698,1076,3
123,8.349970817565918,104.06553649902344,10.201251712364686,0.095283985,1.514600157737732,1076,4
122,8.662424087524414,109.42408752441406,10.460596900961917,0.05487472,1.6960179805755615,1076,5
121,8.53831958770752,108.33295440673828,10.408311794269919,0.07101476,1.3536250591278076,1076,6
120,8.321171760559082,105.34994506835938,10.264012133096852,0.10193217,0.057716116309165955,1076,7
144,4.632183074951172,36.98408889770508,6.08145450510855,0.66350466,-0.19405607879161835,1077,1
143,6.50496244430542,70.83939361572266,8.416614142024253,0.35076946,-0.22154700756072998,1077,2
142,7.6202239990234375,93.64338684082031,9.676951319543791,0.14166385,-0.239044189453125,1077,3
141,8.148223876953125,99.47103881835938,9.973516873117495,0.090651035,0.07889805734157562,1077,4
140,8.517735481262207,109.64656829833984,10.471225730464406,0.0026237965,-0.18044474720954895,1077,5
139,8.554864883422852,111.95687866210938,10.580967756406281,-0.014748573,-0.04449797794222832,1077,6
138,8.495518684387207,112.36861419677734,10.600406322249036,-0.011590242,-1.1455634832382202,1077,7
144,2.823939085006714,14.906474113464355,3.8608903265262993,0.39161378,0.5940019488334656,1078,1
143,3.82684326171875,23.93122100830078,4.891954722633968,0.0040123463,1.171765923500061,1078,2
142,4.791332721710205,32.02570343017578,5.659125677185106,-0.3414259,2.158439874649048,1078,3
141,5.242854118347168,37.67526626586914,6.1380181056974035,-0.57315314,2.430042266845703,1078,4
140,5.307075023651123,38.909912109375,6.237781024480981,-0.62570834,2.0603513717651367,1078,5
139,5.182004451751709,37.313392639160156,6.108468927575891,-0.5509323,2.169597864151001,1078,6
138,5.268681526184082,38.47244644165039,6.202616096587826,-0.5902698,2.708106517791748,1078,7
144,2.454678773880005,12.312076568603516,3.508856874910049,0.43514752,0.31360363960266113,1079,1
143,3.6156833171844482,22.387121200561523,4.731503059341875,-0.050731063,0.8887017965316772,1079,2
142,4.477214813232422,29.887475967407227,5.4669439330769825,-0.41418505,2.1135482788085938,1079,3
141,5.059078693389893,36.103057861328125,6.008582017525277,-0.70067585,2.5379154682159424,1079,4
140,5.116508483886719,37.04758071899414,6.086672384726661,-0.7392266,2.0426089763641357,1079,5
139,4.949461936950684,34.66035461425781,5.887304528751491,-0.6166806,2.2327072620391846,1079,6
138,5.132351398468018,37.059654235839844,6.0876641034012255,-0.71640587,2.896371364593506,1079,7
144,2.634080410003662,12.937389373779297,3.5968582643439393,0.43930918,0.5154744386672974,1080,1
143,3.692523717880249,22.15831184387207,4.707261607757962,0.021020055,1.0155961513519287,1080,2
142,4.480649471282959,27.975208282470703,5.289159506242055,-0.24705136,1.8742258548736572,1080,3
141,4.965061187744141,34.18170928955078,5.846512574992957,-0.521168,2.302034854888916,1080,4
140,5.31890869140625,39.62480545043945,6.29482370288791,-0.7558365,2.108433961868286,1080,5
139,5.063477516174316,36.89303970336914,6.0739640847941425,-0.6246296,2.198119640350342,1080,6
138,5.357397079467773,39.65518569946289,6.2972363541051,-0.736809,2.9025557041168213,1080,7
144,4.787387371063232,40.95823669433594,6.399862240262359,0.6168828,0.1439865231513977,1082,1
143,6.981893062591553,79.84027862548828,8.935338752699211,0.24656534,0.5536752939224243,1082,2
142,8.224810600280762,107.29718017578125,10.358435218496144,-0.013857603,1.2543025016784668,1082,3
141,8.956347465515137,119.55538177490234,10.934138364539857,-0.12544036,1.6677073240280151,1082,4
140,8.876968383789062,119.9613265991211,10.952685816689945,-0.12276971,1.5761302709579468,1082,5
139,8.920345306396484,117.51606750488281,10.840482807738907,-0.09647858,1.5986757278442383,1082,6
138,8.853819847106934,114.929931640625,10.720537842880132,-0.06805456,1.193716049194336,1082,7
144,2.51151180267334,12.71597671508789,3.5659468188810517,0.2390554,0.502469539642334,1083,1
143,3.5086703300476074,20.349018096923828,4.51098859419128,-0.24563181,1.127245545387268,1083,2
142,4.0741658210754395,23.856557846069336,4.884317541486153,-0.4788903,2.027634859085083,1083,3
141,4.538412094116211,28.595367431640625,5.347463644723602,-0.761513,2.4511640071868896,1083,4
140,4.854267120361328,32.38493728637695,5.690776509965661,-0.9813311,2.2947075366973877,1083,5
139,4.50524377822876,28.764236450195312,5.363230038903358,-0.74762416,2.3244128227233887,1083,6
138,4.826882839202881,32.46488571166992,5.697796566364047,-0.9583502,3.0007858276367188,1083,7
144,2.9127538204193115,15.65577507019043,3.956737932968322,0.40549034,0.05990493297576904,1084,1
143,3.6374878883361816,22.21682357788086,4.713472560425155,0.1433599,0.44511693716049194,1084,2
142,4.108109474182129,25.729936599731445,5.072468491743585,0.007256925,0.8766801953315735,1084,3
141,4.677445411682129,30.95768165588379,5.563962765501202,-0.18908,1.6217308044433594,1084,4
140,4.713740348815918,30.90357208251953,5.559098135715859,-0.19026268,0.991406261920929,1084,5
139,4.691867828369141,30.855606079101562,5.554782271079719,-0.18843937,1.4327607154846191,1084,6
138,4.540934085845947,29.363727569580078,5.418830830500254,-0.12307775,1.7888720035552979,1084,7
144,2.92226505279541,15.328450202941895,3.9151564723446106,0.2945782,0.9031649827957153,1085,1
143,4.144420146942139,27.293163299560547,5.224285912884223,-0.27878833,1.9015827178955078,1085,2
142,4.874739646911621,35.145286560058594,5.928346022294801,-0.66879547,3.4223415851593018,1085,3
141,5.417439937591553,42.300025939941406,6.503847010803791,-0.997921,4.055810451507568,1085,4
140,5.361907958984375,40.624305725097656,6.373719928354058,-0.9071746,3.501955986022949,1085,5
139,5.286401748657227,39.84356689453125,6.3121760823452355,-0.8573649,3.7042899131774902,1085,6
138,5.7315521240234375,46.46107864379883,6.816236398761331,-1.159313,4.416356086730957,1085,7
144,2.46488881111145,12.91100788116455,3.5931890962158604,0.18390024,0.517566978931427,1086,1
143,3.360429525375366,19.123802185058594,4.373076969944457,-0.22231019,1.4106860160827637,1086,2
142,4.28468132019043,27.712783813476562,5.2642932871826735,-0.79228055,2.758094072341919,1086,3
141,4.647303581237793,31.412982940673828,5.604728623285326,-1.0422585,3.281893253326416,1086,4
140,4.7189812660217285,31.45574378967285,5.608542037791359,-1.0360973,2.8404598236083984,1086,5
139,4.426742076873779,27.81951141357422,5.2744204813016395,-0.7879268,2.859739303588867,1086,6
138,4.738832473754883,31.348718643188477,5.598992645395105,-1.0035,3.487027406692505,1086,7
144,2.6238224506378174,13.136486053466797,3.624429065862208,0.2450214,0.38102102279663086,1087,1
143,3.452033758163452,19.940074920654297,4.4654311013220545,-0.15741694,1.203884482383728,1087,2
142,3.9322783946990967,22.480350494384766,4.741344798091019,-0.3082645,1.8394341468811035,1087,3
141,4.305107116699219,25.93682861328125,5.092821282283647,-0.51280975,2.264221668243408,1087,4
140,4.373154640197754,26.73456382751465,5.170547729932937,-0.5711684,1.9982962608337402,1087,5
139,4.173390865325928,24.91436195373535,4.991428848910435,-0.4594381,2.1345183849334717,1087,6
138,4.532011985778809,28.663862228393555,5.35386423327988,-0.6717863,2.887498617172241,1087,7
114,2.882899284362793,16.210355758666992,4.026208608438837,0.20761198,0.0990649163722992,1088,1
111,3.4540488719940186,21.239355087280273,4.608617481119503,-0.106200814,0.6494204998016357,1088,2
108,3.872535467147827,23.626577377319336,4.860717784167204,-0.28663898,1.5634796619415283,1088,3
105,4.410925388336182,29.073516845703125,5.391986354369151,-0.7313098,2.3032755851745605,1088,4
102,4.933554172515869,35.60912322998047,5.967338035504648,-1.1960912,2.334690809249878,1088,5
99,4.507636070251465,30.21895980834961,5.497177440136857,-0.93351555,2.3882346153259277,1088,6
96,4.681776523590088,32.07235336303711,5.663245832827418,-1.0020115,2.8438408374786377,1088,7
144,3.095550537109375,16.69513511657715,4.0859680758147325,0.4306957,0.5601611733436584,1089,1
143,4.231677532196045,29.430763244628906,5.42501274142549,-0.017331958,1.210964322090149,1089,2
142,5.079417705535889,38.24983215332031,6.184644868811815,-0.34017467,2.010237693786621,1089,3
141,5.545306205749512,43.65473175048828,6.607172750162378,-0.52539504,2.374014377593994,1089,4
140,5.728916645050049,46.91702651977539,6.849600464244276,-0.6483338,1.9932664632797241,1089,5
139,5.428666591644287,43.318180084228516,6.581654813512215,-0.5131118,2.1789119243621826,1089,6
138,5.746035575866699,47.011444091796875,6.856489195776281,-0.6416749,2.7430760860443115,1089,7
144,4.872768402099609,41.62948226928711,6.452091309745012,0.68666404,0.521446704864502,1090,1
143,7.407124042510986,82.07923889160156,9.05975931753165,0.3780836,0.9086129665374756,1090,2
142,8.509918212890625,110.78436279296875,10.525415088867932,0.16003054,0.5870949625968933,1090,3
141,9.021864891052246,119.16085052490234,10.916082196690457,0.09742105,0.246698796749115,1090,4
140,9.134090423583984,122.5788803100586,11.071534686305174,0.07508558,-0.04687396436929703,1090,5
139,9.341835021972656,130.0829315185547,11.40539045883808,0.0217067,0.13699395954608917,1090,6
138,8.903741836547852,124.66765594482422,11.165467117179837,0.06839836,-0.7350510954856873,1090,7
129,3.6077146530151367,21.526424407958984,4.639657789962421,0.46378016,-0.9695146083831787,1091,1
127,4.907551288604736,36.74940490722656,6.062128743867666,0.064935625,-1.3829587697982788,1091,2
125,5.314493656158447,43.32323455810547,6.582038784305777,-0.10678792,-0.8833693265914917,1091,3
123,5.730826377868652,47.072025299072266,6.860905574271684,-0.19845474,0.25886282324790955,1091,4
121,5.923583030700684,50.44659423828125,7.102576591511087,-0.2726531,-1.2839510440826416,1091,5
119,5.886784553527832,50.2603645324707,7.089454459439788,-0.25148642,-0.5088731646537781,1091,6
117,5.815515995025635,49.900997161865234,7.064063785234759,-0.23682618,-0.6092007160186768,1091,7
144,2.6235644817352295,11.243234634399414,3.353093293423166,0.43440956,0.5536525845527649,3901,1
143,3.4327797889709473,18.519906997680664,4.3034761527956285,0.046929777,1.0404263734817505,3901,2
142,4.148005962371826,24.729393005371094,4.972865673368937,-0.31293,1.7563629150390625,3901,3
141,4.38900089263916,26.451133728027344,5.143066568500484,-0.40279758,2.0813684463500977,3901,4
140,4.47678804397583,27.180702209472656,5.213511504684022,-0.45553076,1.6343379020690918,3901,5
139,4.30935525894165,25.630205154418945,5.062628285230799,-0.37609172,1.792145013809204,3901,6
138,4.59201192855835,29.05027961730957,5.389831130685781,-0.5593084,2.5370566844940186,3901,7
129,3.0124828815460205,14.17359733581543,3.7647838365323754,0.25430304,0.6713792681694031,3902,1
127,3.675250768661499,20.5113468170166,4.528945442044605,-0.08506513,1.3138846158981323,3902,2
125,4.1634202003479,25.510780334472656,5.05081976855962,-0.34775376,2.0021705627441406,3902,3
123,4.400449275970459,27.414321899414062,5.23586878172229,-0.44409597,2.203284740447998,3902,4
121,4.48269510269165,27.797231674194336,5.272308002591876,-0.47795224,1.7470039129257202,3902,5
119,4.261711597442627,25.939321517944336,5.0930660233246865,-0.38629162,1.8924453258514404,3902,6
117,4.5221662521362305,28.62849998474121,5.350560716854002,-0.5046669,2.6032073497772217,3902,7
129,2.878462076187134,13.9900541305542,3.740328077930357,0.25835544,0.4875198304653168,3903,1
127,3.66791033744812,20.663537979125977,4.545716442886201,-0.09822571,1.0985054969787598,3903,2
125,4.166694164276123,25.552017211914062,5.054900316713878,-0.3532561,2.002493143081665,3903,3
123,4.4818196296691895,28.483196258544922,5.336965079382188,-0.49933255,2.4518113136291504,3903,4
121,4.46504545211792,27.690017700195312,5.262130528616267,-0.46444952,1.9157105684280396,3903,5
119,4.4174885749816895,27.76201057434082,5.268966746368857,-0.47466743,2.1441149711608887,3903,6
117,4.550185203552246,29.13604736328125,5.397781707635207,-0.5224991,2.794325113296509,3903,7
144,2.903824806213379,13.83653450012207,3.7197492523182354,0.32241046,0.4311877489089966,3904,1
143,3.714293956756592,21.450082778930664,4.631423407434335,-0.061649203,0.9013622999191284,3904,2
142,4.412569999694824,28.07050323486328,5.298160363264147,-0.38656282,1.9760228395462036,3904,3
141,5.017911434173584,33.254554748535156,5.766676230597237,-0.6312221,2.4163272380828857,3904,4
140,4.899757385253906,32.76234817504883,5.723840334517449,-0.5966023,1.7847309112548828,3904,5
139,4.838864326477051,32.9266471862793,5.738174551743724,-0.5973238,2.133028507232666,3904,6
138,4.970885753631592,34.731178283691406,5.893316407905774,-0.6782774,2.8582351207733154,3904,7
129,2.7016549110412598,11.33253288269043,3.366382759385871,0.41733187,0.5842325687408447,3905,1
127,3.3577613830566406,17.84734535217285,4.2246118581679015,0.07019019,1.1813828945159912,3905,2
125,4.213530540466309,24.69157600402832,4.969061883698806,-0.31618607,1.9831947088241577,3905,3
123,4.377395153045654,26.14488410949707,5.113206832262613,-0.39549208,2.1204988956451416,3905,4
121,4.426584720611572,26.529983520507812,5.150726504145586,-0.46197498,1.6959693431854248,3905,5
119,4.274799346923828,24.967697143554688,4.9967686702062455,-0.38623607,1.9050159454345703,3905,6
117,4.514231204986572,27.410438537597656,5.235497926424731,-0.5189086,2.5109341144561768,3905,7
129,2.6421287059783936,11.296008110046387,3.360953452525992,0.440014,0.6083180904388428,3906,1
127,3.4637293815612793,18.397146224975586,4.289189460139944,0.07265329,1.2396972179412842,3906,2
125,4.2702531814575195,25.5933780670166,5.058989826735828,-0.32671642,1.9962701797485352,3906,3
123,4.418296813964844,26.67691993713379,5.164970468176347,-0.38889062,2.1673831939697266,3906,4
121,4.483695983886719,27.263355255126953,5.221432299199805,-0.46255374,1.6812862157821655,3906,5
119,4.335982322692871,25.840213775634766,5.08332703803668,-0.39980066,1.8962070941925049,3906,6
117,4.629379749298096,28.819536209106445,5.368383016244877,-0.55445933,2.523219347000122,3906,7
129,2.7496848106384277,11.981778144836426,3.461470517689906,0.35982674,0.5009583234786987,3907,1
127,3.389439582824707,17.762178421020508,4.214519951432251,0.042379797,1.046561360359192,3907,2
125,4.106472015380859,23.808237075805664,4.879368511990631,-0.29915905,1.8555974960327148,3907,3
123,4.37368106842041,25.800832748413086,5.079452012610522,-0.40807903,2.126910448074341,3907,4
121,4.443779468536377,26.7596378326416,5.172971856935006,-0.5056993,1.716673493385315,3907,5
119,4.220452785491943,24.907625198364258,4.990753970931071,-0.4080571,1.920021414756775,3907,6
117,4.466069221496582,27.82190704345703,5.2746475752847255,-0.5590813,2.6173102855682373,3907,7
114,2.736213207244873,11.919598579406738,3.452477165660439,0.44168204,0.2567339539527893,3908,1
111,3.261688709259033,16.879850387573242,4.1085095092470265,0.18167812,0.5906991958618164,3908,2
108,4.012866973876953,23.240345001220703,4.820824099800853,-0.1619631,1.4144426584243774,3908,3
105,4.268698692321777,25.220521926879883,5.022003776071847,-0.2411902,1.691726803779602,3908,4
102,4.337976932525635,25.523046493530273,5.05203389671232,-0.26297152,1.2742465734481812,3908,5
99,4.086647033691406,23.350812911987305,4.832267884957052,-0.22361863,1.564213752746582,3908,6
97,4.2290449142456055,24.626293182373047,4.962488607782697,-0.33438134,2.3053295612335205,3908,7
129,2.7149782180786133,11.823004722595215,3.438459643880558,0.35578215,0.5351982116699219,3909,1
127,3.3844387531280518,17.931142807006836,4.234518013541427,0.014576018,1.1284087896347046,3909,2
125,4.204620838165283,24.479633331298828,4.947689696343014,-0.360726,2.083339214324951,3909,3
123,4.364121913909912,25.79789161682129,5.079162491673336,-0.43358994,2.2153420448303223,3909,4
121,4.38794469833374,26.04269790649414,5.103204670253207,-0.49229765,1.767196774482727,3909,5
119,4.219318866729736,24.83571434020996,4.983544355196406,-0.43070555,1.9999759197235107,3909,6
117,4.4946064949035645,27.85183334350586,5.2774836184971585,-0.5891503,2.768296003341675,3909,7
123,2.714193344116211,12.07973575592041,3.4755914253433775,0.33825856,0.4054068922996521,3910,1
121,3.336500644683838,17.761884689331055,4.214485103702593,0.0028341413,0.9517378807067871,3910,2
119,3.987927198410034,22.062868118286133,4.697112742769343,-0.32773316,1.8404810428619385,3910,3
117,4.234969615936279,24.496084213256836,4.949351898305155,-0.48785686,2.2330710887908936,3910,4
115,4.363242149353027,25.952898025512695,5.094398691260108,-0.613595,1.7860684394836426,3910,5
113,4.144471168518066,24.582866668701172,4.958111199711153,-0.53311455,2.039346933364868,3910,6
111,4.431562900543213,28.170705795288086,5.307608293317065,-0.73602915,2.7381503582000732,3910,7
129,3.3605966567993164,18.30010414123535,4.277862099371058,0.36227393,0.22410908341407776,3911,1
127,4.092923641204834,26.057132720947266,5.1046187635265445,0.077974856,0.6029811501502991,3911,2
125,4.910277843475342,35.29784393310547,5.941198863285546,-0.24875474,1.2654078006744385,3911,3
123,5.407026290893555,40.07908630371094,6.330804554218282,-0.43181312,1.7157278060913086,3911,4
121,5.184364318847656,37.23353576660156,6.101928856238948,-0.34911656,0.8205583691596985,3911,5
119,5.118640422821045,37.60719680786133,6.132470693599875,-0.36510694,1.3212345838546753,3911,6
117,5.129744529724121,36.944190979003906,6.078173325844197,-0.3191396,1.5857244729995728,3911,7
129,3.5907835960388184,22.150205612182617,4.706400494240011,0.35582304,0.16572023928165436,3912,1
127,4.34901237487793,30.132781982421875,5.489333473421147,0.10488373,0.5007532835006714,3912,2
125,5.176864147186279,40.69395446777344,6.379181332096889,-0.21093333,1.0898603200912476,3912,3
123,5.768806457519531,47.86366271972656,6.918356937866574,-0.43914914,1.6894289255142212,3912,4
121,5.6843414306640625,46.33829116821289,6.807223455140347,-0.40903068,0.7678035497665405,3912,5
119,5.561376094818115,46.018096923828125,6.783663974861088,-0.39990437,1.193061351776123,3912,6
117,5.424076080322266,43.37757873535156,6.586165708160672,-0.29747093,1.300774097442627,3912,7
144,3.1793370246887207,15.998441696166992,3.9998052072778485,0.34441954,0.38754841685295105,3913,1
143,3.941241502761841,24.12532615661621,4.911753877854244,-0.00024175644,0.7287590503692627,3913,2
142,4.645753860473633,30.948930740356445,5.563176317568629,-0.2837441,1.5729870796203613,3913,3
141,5.057994842529297,34.126670837402344,5.841803731502997,-0.40558994,1.9990684986114502,3913,4
140,5.051119327545166,34.42538833618164,5.867315257950747,-0.412153,1.4371414184570312,3913,5
139,5.096842288970947,35.56441879272461,5.963591098719346,-0.45046568,1.760142207145691,3913,6
138,5.09829044342041,35.82761001586914,5.9856169285938385,-0.4518937,2.3262476921081543,3913,7
114,3.3713109493255615,18.62813949584961,4.316032842304332,0.3634125,0.07945568859577179,3914,1
111,4.168421268463135,27.109779357910156,5.206705230557051,0.044656456,0.2800951898097992,3914,2
108,4.828423976898193,35.356563568115234,5.946138542627075,-0.2574867,1.0146305561065674,3914,3
105,5.194409370422363,38.07765197753906,6.1707091956710345,-0.37440217,1.234092354774475,3914,4
102,5.283148288726807,38.72550964355469,6.222982375320911,-0.42042816,0.474617600440979,3914,5
99,5.114005088806152,37.357765197753906,6.112099900832275,-0.371673,0.8582749962806702,3914,6
96,4.889110565185547,33.68314743041992,5.803718414122098,-0.2114613,0.9719960689544678,3914,7
114,2.731048583984375,12.630520820617676,3.5539444031410614,0.29136926,0.3594554364681244,3915,1
111,3.3905582427978516,18.432846069335938,4.293349050489133,-0.05752492,0.978001594543457,3915,2
108,4.324888229370117,26.345802307128906,5.132816215989903,-0.5194446,2.076643228530884,3915,3
105,4.584524154663086,28.21615219116211,5.311887818013678,-0.59548795,2.343642234802246,3915,4
102,4.65956974029541,28.84436798095703,5.370695297720495,-0.6386012,2.0599544048309326,3915,5
99,4.375924587249756,26.470170974731445,5.144917003677653,-0.5088575,2.1782445907592773,3915,6
96,4.645768165588379,29.97251319885254,5.474715809871097,-0.71939135,2.7767693996429443,3915,7
144,2.643282890319824,11.426647186279297,3.3803324076604206,0.4118544,0.4669375419616699,3916,1
143,3.388700008392334,18.064191818237305,4.250199032779207,0.04985106,0.9043653011322021,3916,2
142,4.081043243408203,23.8187198638916,4.880442588935106,-0.2905619,1.7382616996765137,3916,3
141,4.412545680999756,26.405033111572266,5.138582792129778,-0.42585754,2.238926649093628,3916,4
140,4.511898517608643,27.568206787109375,5.250543475404177,-0.50130415,1.8241875171661377,3916,5
139,4.378939151763916,26.146146774291992,5.113330301700839,-0.42445588,1.9409184455871582,3916,6
138,4.639710426330566,29.524003982543945,5.433599541974357,-0.60693014,2.6954445838928223,3916,7
129,2.4089889526367188,9.49459171295166,3.0813295365721043,0.4943956,0.5594139099121094,3917,1
127,3.3196680545806885,17.18205451965332,4.145124186276368,0.060815394,1.0919883251190186,3917,2
125,4.090333938598633,23.99437141418457,4.898404986746662,-0.34634376,1.8481152057647705,3917,3
123,4.346347808837891,26.29725456237793,5.128084882524657,-0.4966154,2.0390827655792236,3917,4
121,4.396031856536865,25.772907257080078,5.0767023998930725,-0.5063071,1.5181999206542969,3917,5
119,4.247682571411133,25.14949607849121,5.014927325344925,-0.49442613,1.7699472904205322,3917,6
117,4.503702640533447,27.954294204711914,5.287182066537137,-0.6397593,2.3764333724975586,3917,7
129,2.684709310531616,11.53620719909668,3.396499256454604,0.35206538,0.464258074760437,3918,1
127,3.3626527786254883,17.263381958007812,4.154922617571573,0.013972163,1.1806950569152832,3918,2
125,4.235745906829834,25.110185623168945,5.0110064481268575,-0.45836282,2.2826597690582275,3918,3
123,4.613637924194336,28.57284927368164,5.345357731123488,-0.6682242,2.5819408893585205,3918,4
121,4.568474292755127,28.166017532348633,5.307166619991182,-0.684324,2.0387284755706787,3918,5
119,4.305500030517578,25.73647117614746,5.073112572784824,-0.5548072,2.1472091674804688,3918,6
117,4.680980205535889,30.336292266845703,5.507839164939886,-0.81331384,3.0032496452331543,3918,7
144,2.500450611114502,10.195358276367188,3.1930171118187243,0.3727042,0.40399953722953796,3919,1
143,3.2307183742523193,16.180526733398438,4.02250254610217,-0.017962694,1.019486427307129,3919,2
142,3.8761863708496094,21.459548950195312,4.632445245245249,-0.37490582,1.96920907497406,3919,3
141,4.304710865020752,25.184267044067383,5.018392874623048,-0.6033459,2.401792287826538,3919,4
140,4.477599143981934,27.386070251464844,5.233170191333819,-0.74746203,2.0689549446105957,3919,5
139,4.139052867889404,24.105745315551758,4.9097602095776285,-0.5279418,2.167437791824341,3919,6
138,4.656716823577881,30.066017150878906,5.483248777037105,-0.8966849,3.131762981414795,3919,7
119,2.8039016723632812,13.213953018188477,3.635100138674102,0.36185545,0.4131367802619934,3920,1
117,3.5415847301483154,19.442716598510742,4.40938959477508,0.04800123,0.9474881887435913,3920,2
115,4.2549872398376465,26.6751651763916,5.164800594058942,-0.31231487,1.959885835647583,3920,3
113,4.6582350730896,29.96681022644043,5.474194938659056,-0.48796093,2.429687261581421,3920,4
111,4.66062068939209,29.07734489440918,5.392341318426457,-0.46665454,2.004880666732788,3920,5
109,4.612849712371826,29.039995193481445,5.388876988156387,-0.48599887,2.207796096801758,3920,6
107,4.724313735961914,30.99525260925293,5.567338018232136,-0.5702965,2.7702372074127197,3920,7
144,3.27285099029541,17.642860412597656,4.200340511505901,0.35870212,0.21127064526081085,3921,1
143,4.129863262176514,26.282732009887695,5.126668704908451,0.032095313,0.4818558692932129,3921,2
142,4.768765926361084,33.0516357421875,5.749055204308574,-0.21562684,1.206974744796753,3921,3
141,5.424777984619141,38.785682678222656,6.227815241175886,-0.4167322,1.924576759338379,3921,4
140,5.3166422843933105,37.84434127807617,6.151775457384329,-0.37423694,1.1737375259399414,3921,5
139,5.285672187805176,38.69863510131836,6.220822702932335,-0.39608955,1.6110965013504028,3921,6
138,5.18818473815918,37.45841979980469,6.120328406205396,-0.34298623,1.8620525598526,3921,7
129,2.3072590827941895,8.999966621398926,2.9999944368946627,0.40888518,0.5440911650657654,3922,1
127,3.228266477584839,15.946868896484375,3.993353089382953,-0.06874049,1.315577507019043,3922,2
125,3.991079568862915,22.443771362304688,4.7374857638102394,-0.5455493,2.258869171142578,3922,3
123,4.308011531829834,25.984384536743164,5.097488061461563,-0.804389,2.6103017330169678,3922,4
121,4.506798267364502,28.14659881591797,5.305336823983748,-1.0025852,2.358869791030884,3922,5
119,4.1179518699646,23.76892852783203,4.875338811593717,-0.7143909,2.2743430137634277,3922,6
117,4.6267852783203125,29.337427139282227,5.416403524413799,-1.0861952,3.153130531311035,3922,7
129,2.667093515396118,11.579797744750977,3.402910187582237,0.41189736,0.47932589054107666,3923,1
127,3.3665363788604736,17.742544174194336,4.212189949918491,0.0858019,1.058624505996704,3923,2
125,4.2030253410339355,24.930130004882812,4.993008111838274,-0.31431746,1.983689546585083,3923,3
123,4.491477966308594,27.29546356201172,5.224506059142024,-0.44295144,2.2717206478118896,3923,4
121,4.570681095123291,28.464452743530273,5.335208781625164,-0.54708445,1.9187910556793213,3923,5
119,4.415011405944824,26.531160354614258,5.1508407425015825,-0.45349407,2.065561056137085,3923,6
117,4.701567649841309,29.973573684692383,5.474812662063642,-0.6331017,2.7842414379119873,3923,7
144,2.3423359394073486,9.104392051696777,3.017348513462901,0.45798957,0.493072509765625,3924,1
143,3.2686941623687744,16.16516876220703,4.020593085877634,0.012629449,1.023136019706726,3924,2
142,3.9043853282928467,22.07667350769043,4.69858207416774,-0.39162016,1.9394359588623047,3924,3
141,4.175073146820068,24.264427185058594,4.925893541791032,-0.52654374,2.2201125621795654,3924,4
140,4.396356105804443,26.461463928222656,5.1440707545894675,-0.6753961,1.9281642436981201,3924,5
139,4.1829352378845215,23.87575340270996,4.88628216568691,-0.51429176,1.9903165102005005,3924,6
138,4.54165506362915,28.745492935180664,5.361482344947213,-0.81368375,2.9217700958251953,3924,7
129,2.2424328327178955,8.738727569580078,2.9561338889806867,0.45335555,0.6078307628631592,3925,1
127,3.250384569168091,16.135255813598633,4.016871396198618,-0.03203261,1.2429758310317993,3925,2
125,4.04868745803833,23.192302703857422,4.815838733165535,-0.52780366,2.3175997734069824,3925,3
123,4.347103595733643,25.665071487426758,5.066070616111342,-0.712394,2.559391498565674,3925,4
121,4.449254989624023,27.14299774169922,5.209894215979746,-0.8560164,2.2278800010681152,3925,5
119,4.170577049255371,23.832202911376953,4.881823728011588,-0.65798974,2.211951971054077,3925,6
117,4.598992824554443,28.937841415405273,5.3793904315828645,-0.98335195,3.0777575969696045,3925,7
144,2.866306781768799,13.319247245788574,3.649554390030182,0.33277035,0.3285118043422699,3926,1
143,3.5882513523101807,20.139856338500977,4.487745128513982,-0.020665884,0.7307092547416687,3926,2
142,4.235841751098633,25.89887809753418,5.089094035045352,-0.31928766,1.6174378395080566,3926,3
141,4.638627529144287,29.072856903076172,5.391925157406784,-0.47054923,2.217674493789673,3926,4
140,4.651732444763184,29.49163246154785,5.43061989661842,-0.49305105,1.6316732168197632,3926,5
139,4.62649393081665,29.775938034057617,5.456733274960177,-0.49844182,1.9994447231292725,3926,6
138,4.743638038635254,31.822534561157227,5.64114656441022,-0.59021294,2.7487633228302,3926,7
129,2.975290298461914,14.012930870056152,3.743384948152695,0.32370245,0.3784746527671814,3927,1
127,3.6211678981781006,20.654699325561523,4.544744143025163,-0.010048747,0.9194319248199463,3927,2
125,4.317582607269287,27.247791290283203,5.219941694145942,-0.3336326,1.7014188766479492,3927,3
123,4.784055233001709,31.278440475463867,5.592713158697116,-0.5343813,2.2340891361236572,3927,4
121,4.732682704925537,30.400068283081055,5.51362569305181,-0.5236716,1.601658582687378,3927,5
119,4.637505054473877,30.29904556274414,5.504456881722677,-0.53180313,1.9520561695098877,3927,6
117,4.717033386230469,31.496063232421875,5.612135354071735,-0.56618166,2.5473721027374268,3927,7
129,3.1672580242156982,15.756696701049805,3.969470581960497,0.34001607,0.3574753403663635,3928,1
127,3.854433059692383,22.99326515197754,4.795129315459338,0.019013286,0.8102504014968872,3928,2
125,4.5515666007995605,29.806154251098633,5.459501282269163,-0.2697463,1.5453587770462036,3928,3
123,5.0101823806762695,34.37084197998047,5.862665091916855,-0.4727534,1.9981123208999634,3928,4
121,4.9900712966918945,33.953514099121094,5.826964398305613,-0.48280132,1.3337006568908691,3928,5
119,4.940941333770752,34.44043731689453,5.868597559629944,-0.5137681,1.6619107723236084,3928,6
117,4.998414516448975,35.103675842285156,5.9248355118336535,-0.5190264,2.2073776721954346,3928,7
114,3.104600429534912,14.653660774230957,3.8280100279689653,0.37040496,-0.041955411434173584,3929,1
111,3.8070566654205322,20.919723510742188,4.5738084252340725,0.0830825,-0.02499113790690899,3929,2
108,4.214798450469971,26.851608276367188,5.1818537490329835,-0.19274199,0.7204384803771973,3929,3
105,4.560892105102539,29.767696380615234,5.45597804070134,-0.28580856,1.026935338973999,3929,4
102,4.520650863647461,30.125019073486328,5.4886263375717546,-0.29099,0.17798294126987457,3929,5
99,4.351709365844727,29.042598724365234,5.389118547996994,-0.23094976,0.537709653377533,3929,6
96,4.509864807128906,31.272920608520508,5.592219649523837,-0.32014608,1.4027131795883179,3929,7
129,2.8241169452667236,12.954453468322754,3.599229565938071,0.32589203,0.4301147162914276,3930,1
127,3.639117956161499,20.09671974182129,4.48293650878766,-0.05029583,1.1052212715148926,3930,2
125,4.461464881896973,29.41461944580078,5.423524633096155,-0.53016436,2.3842084407806396,3930,3
123,4.928215980529785,32.7938117980957,5.726588146365661,-0.70926833,2.7458531856536865,3930,4
121,4.801979064941406,31.429384231567383,5.606191597828903,-0.6580322,2.063849687576294,3930,5
119,4.571180820465088,29.762554168701172,5.4555067746911625,-0.58697987,2.2646329402923584,3930,6
117,4.70634651184082,32.128997802734375,5.668244684444592,-0.6855664,2.8997085094451904,3930,7
129,3.027860403060913,14.855734825134277,3.854313794326336,0.37245798,0.3171972930431366,3931,1
127,3.7583975791931152,22.242774963378906,4.716224651496036,0.051752687,0.7757202982902527,3931,2
125,4.49658203125,30.918367385864258,5.5604287052226695,-0.31804657,1.8913601636886597,3931,3
123,4.873793601989746,33.63188171386719,5.799300105518526,-0.4442042,2.1993889808654785,3931,4
121,4.862606525421143,32.95362091064453,5.740524445609872,-0.43294752,1.5622531175613403,3931,5
119,4.790876865386963,32.05854415893555,5.66202650637875,-0.40777838,1.908828616142273,3931,6
117,4.682336330413818,31.581012725830078,5.619698633007831,-0.37256002,2.1991095542907715,3931,7
129,2.9807205200195312,14.1165771484375,3.7572033679902797,0.31015408,0.4486214220523834,3932,1
127,3.76233172416687,21.296001434326172,4.6147590873550675,-0.050448418,1.0788477659225464,3932,2
125,4.622185230255127,31.37403678894043,5.601253144515112,-0.54031587,2.3415403366088867,3932,3
123,5.139256477355957,35.655670166015625,5.971236904194609,-0.7545719,2.7938623428344727,3932,4
121,4.965885162353516,33.59173583984375,5.795837803100062,-0.678378,2.0746476650238037,3932,5
119,4.778707027435303,32.916358947753906,5.737278008581588,-0.6624814,2.3068339824676514,3932,6
117,4.756505012512207,32.42646026611328,5.694423611403816,-0.6113728,2.7001895904541016,3932,7
129,3.277172565460205,17.18194007873535,4.145110381972397,0.40528208,0.10879277437925339,3933,1
127,4.0306596755981445,26.033485412597656,5.102301971914016,0.088808656,0.5508532524108887,3933,2
125,5.154474258422852,39.37043762207031,6.274586649498938,-0.38121045,2.075899124145508,3933,3
123,5.318251132965088,39.95478439331055,6.32097970201697,-0.4155072,2.3175289630889893,3933,4
121,5.176879405975342,36.204368591308594,6.0170066138661165,-0.2943325,1.2887389659881592,3933,5
119,5.151085376739502,36.59647750854492,6.049502252958083,-0.31440258,1.716300129890442,3933,6
117,4.94249153137207,34.93230056762695,5.910355367287736,-0.24659836,1.847290277481079,3933,7
144,3.378784656524658,19.006086349487305,4.359597039806237,0.35755265,0.20422056317329407,3934,1
143,4.258249759674072,27.9290771484375,5.284796793485772,0.044242203,0.496963232755661,3934,2
142,4.98201847076416,36.12458801269531,6.010373367162419,-0.23602438,1.214359998703003,3934,3
141,5.480844974517822,40.943572998046875,6.3987165117738165,-0.39138997,1.9085688591003418,3934,4
140,5.450438499450684,40.075042724609375,6.3304851887204805,-0.35454273,1.1555758714675903,3934,5
139,5.3869147300720215,40.34483337402344,6.351758289955895,-0.3545419,1.5922791957855225,3934,6
138,5.337313175201416,39.19804382324219,6.260834115614483,-0.3074156,1.8543883562088013,3934,7
129,3.6482529640197754,23.10982322692871,4.807267750700881,0.33800972,0.17184118926525116,3935,1
127,4.397692680358887,30.476858139038086,5.5205849453692935,0.10547441,0.5006800293922424,3935,2
125,5.226691722869873,41.69579315185547,6.457227977379726,-0.22564733,1.2953975200653076,3935,3
123,5.865414142608643,49.061058044433594,7.004359931102456,-0.45876873,1.8950921297073364,3935,4
121,5.853228569030762,48.39836120605469,6.956893071339726,-0.45706606,1.126423954963684,3935,5
119,5.6732330322265625,47.419132232666016,6.886155112445988,-0.427652,1.358323335647583,3935,6
117,5.5271477699279785,43.88685607910156,6.624715547033062,-0.29915416,1.5427906513214111,3935,7
144,3.7056589126586914,23.732126235961914,4.871563017755381,0.33541363,0.15068931877613068,3936,1
143,4.578670024871826,33.586326599121094,5.795371135580628,0.04617703,0.3720819056034088,3936,2
142,5.1844377517700195,41.2520751953125,6.422777841036734,-0.17301917,0.8223446011543274,3936,3
141,5.783958435058594,48.44231414794922,6.9600513035429,-0.36903346,1.4867292642593384,3936,4
140,5.8084540367126465,48.44722366333008,6.96040398707791,-0.36075997,0.6970754265785217,3936,5
139,5.70065975189209,48.7047119140625,6.978876121128852,-0.3582312,1.1534430980682373,3936,6
138,5.520397186279297,45.051841735839844,6.712066875101875,-0.24744356,1.3035272359848022,3936,7
129,3.686190605163574,23.666284561157227,4.864800567459803,0.31862307,0.06689149886369705,3937,1
127,4.462117671966553,32.349159240722656,5.687632129517754,0.045197606,0.28453630208969116,3937,2
125,5.191616535186768,41.568214416503906,6.447341655015958,-0.22021115,0.9760047197341919,3937,3
123,5.779028415679932,48.48078918457031,6.962814745817263,-0.41492057,1.6229870319366455,3937,4
121,5.782800197601318,47.17205810546875,6.868191763882889,-0.44716072,1.0897181034088135,3937,5
119,5.583674907684326,46.36788558959961,6.80939685945823,-0.42202067,1.579142451286316,3937,6
117,5.492510795593262,43.73743438720703,6.613428338404146,-0.35868275,1.7294189929962158,3937,7
129,2.9707224369049072,14.11787223815918,3.757375711605,0.37274367,0.40753424167633057,3938,1
127,3.727599620819092,21.963834762573242,4.686558946879175,0.016780496,0.8472460508346558,3938,2
125,4.352684020996094,27.670515060424805,5.2602770897002,-0.23575723,1.4891600608825684,3938,3
123,4.837762832641602,31.526615142822266,5.61485664490397,-0.41744256,1.791724443435669,3938,4
121,4.806554317474365,31.593889236450195,5.620844174717014,-0.4406458,1.1962040662765503,3938,5
119,4.796633720397949,32.439937591552734,5.6956068677141625,-0.4888041,1.5173202753067017,3938,6
117,4.818071365356445,32.10722351074219,5.666323632721854,-0.4527527,1.9608889818191528,3938,7
144,3.650129556655884,21.819936752319336,4.671181515668101,0.43948263,-0.24684493243694305,3939,1
143,4.914870262145996,39.58058166503906,6.291310011836888,-0.04363513,0.042266979813575745,3939,2
142,5.932960033416748,53.820674896240234,7.336257553837667,-0.43041813,1.7227486371994019,3939,3
141,6.247781753540039,55.22185516357422,7.431140905915741,-0.47324026,1.8371118307113647,3939,4
140,6.233370304107666,54.378334045410156,7.374166667862217,-0.44893157,0.7548670172691345,3939,5
139,6.119380950927734,55.354217529296875,7.440041500509045,-0.46807706,1.1096807718276978,3939,6
138,6.043119430541992,53.1185417175293,7.288246820568668,-0.41042006,0.9133655428886414,3939,7
