n,mae,mse,rmse,r2,bias,station_id,horizon
144,4.347185134887695,32.97676086425781,5.742539583168567,0.9412332,1.630621075630188,1,1
143,6.2434000968933105,68.11468505859375,8.25316212482184,0.87869364,2.757049798965454,1,2
142,7.7830657958984375,115.53470611572266,10.748707183458048,0.7944705,1.9002541303634644,1,3
141,10.698481559753418,231.68206787109375,15.22110600025812,0.5893799,0.31545165181159973,1,4
140,12.115325927734375,303.7939147949219,17.429684873655113,0.46327764,-0.3433152437210083,1,5
139,13.057143211364746,392.9131774902344,19.82203767250568,0.30772245,-1.132554054260254,1,6
138,13.535557746887207,386.3052062988281,19.654648465409604,0.32149333,-0.48610323667526245,1,7
144,3.605759859085083,22.902658462524414,4.785672205920963,0.82188505,0.4576118290424347,2,1
143,5.463425159454346,47.911529541015625,6.921815480133491,0.61625934,0.7864207625389099,2,2
142,6.572916507720947,70.32308959960938,8.385886333573177,0.42513627,1.0952883958816528,2,3
141,7.704298973083496,105.40695190429688,10.266788782491675,0.13065845,-2.2377076148986816,2,4
140,8.340712547302246,116.19168090820312,10.779224504026397,0.038590014,-1.525420904159546,2,5
139,8.786539077758789,128.0150146484375,11.314372039509639,-0.06259239,-1.8361093997955322,2,6
138,9.493160247802734,128.35659790039062,11.329457087627395,-0.06348014,1.773468255996704,2,7
144,7.082951068878174,94.60236358642578,9.7263746373675,0.67420447,0.7255628108978271,3,1
143,10.036355018615723,199.90130615234375,14.138645838705479,0.29835224,-0.82050621509552,3,2
142,11.482934951782227,249.19223022460938,15.785823710678178,0.11293179,-2.0031230449676514,3,3
141,11.85767936706543,254.17088317871094,15.942737631244858,0.091430604,0.7398285269737244,3,4
140,12.571887016296387,293.9921875,17.146200380842398,-0.052043438,-2.617664337158203,3,5
139,12.782753944396973,294.3978271484375,17.15802515292589,-0.05498576,-1.516613245010376,3,6
138,13.516732215881348,355.0016784667969,18.8414882232481,-0.26982868,-4.0452399253845215,3,7
144,5.933583736419678,58.48377990722656,7.647468856244304,0.6805507,0.20822961628437042,4,1
143,7.655889987945557,95.53837585449219,9.77437342516093,0.46650583,0.1018848568201065,4,2
142,8.293135643005371,115.37164306640625,10.741119265067596,0.34115624,-1.3838298320770264,4,3
141,8.656336784362793,119.82012939453125,10.946238138946697,0.30691433,-1.6213806867599487,4,4
140,9.198078155517578,139.3601837158203,11.805091431912771,0.18704414,-1.7615870237350464,4,5
139,9.68648624420166,145.92910766601562,12.080112071748989,0.14119363,-2.118373394012451,4,6
138,10.03747844696045,159.5205078125,12.630142826290603,0.057687104,-1.6930540800094604,4,7
144,5.410703182220459,48.22685623168945,6.9445558700099355,0.6764935,1.6966766119003296,5,1
143,7.650390625,107.6003189086914,10.373057355895195,0.26259857,0.4447329342365265,5,2
142,8.502948760986328,131.01560974121094,11.446205036657824,0.083548665,-0.06859394907951355,5,3
141,8.394150733947754,132.20703125,11.49813164170597,0.07550681,-1.126408338546753,5,4
140,9.694449424743652,165.13699340820312,12.850563933470124,-0.15042865,-0.3510475158691406,5,5
139,9.040266990661621,156.2421112060547,12.49968444425917,-0.08427584,-1.478679895401001,5,6
138,9.726606369018555,173.13510131835938,13.158081217197262,-0.19537783,-0.9255828857421875,5,7
129,4.896648406982422,40.64417266845703,6.375278242434367,0.82577556,1.161269187927246,7,1
127,7.089329719543457,77.41014862060547,8.798303735414313,0.6661891,2.3331897258758545,7,2
125,7.6368560791015625,95.65730285644531,9.780455145669107,0.58612424,2.1155614852905273,7,3
123,7.951374053955078,109.69872283935547,10.47371580860181,0.52466506,1.3597266674041748,7,4
121,9.719733238220215,159.21871948242188,12.618190024025708,0.30799687,1.4277122020721436,7,5
119,9.254743576049805,158.7581787109375,12.599927726417224,0.3026756,-0.42318403720855713,7,6
117,9.214556694030762,137.61029052734375,11.730741260779038,0.38495427,2.074648857116699,7,7
144,3.7788543701171875,24.682430267333984,4.968141530525674,0.7799147,0.5373360514640808,8,1
143,5.370458602905273,46.57353591918945,6.824480633659198,0.5762769,0.8728449940681458,8,2
142,6.32047700881958,64.9468002319336,8.05895776337943,0.40169543,1.6317442655563354,8,3
141,7.588186740875244,96.07646179199219,9.80186011897702,0.10765618,1.092528223991394,8,4
140,7.878517150878906,101.27769470214844,10.063681965471108,0.056221485,0.8409206867218018,8,5
139,8.196122169494629,109.71471405029297,10.474479177997013,-0.027029634,0.2610657513141632,8,6
138,7.8784356117248535,110.77377319335938,10.52491202782044,-0.036123157,-2.09578800201416,8,7
144,5.442018508911133,51.60085678100586,7.1833736350691,0.9122852,1.1863545179367065,9,1
143,8.076064109802246,122.12733459472656,11.051123680184135,0.7921568,0.6963159441947937,9,2
142,8.683034896850586,146.19915771484375,12.091284369943656,0.7510352,0.33758479356765747,9,3
141,11.06691837310791,249.45791625976562,15.794236805232648,0.5764631,-0.3515579402446747,9,4
140,13.26465892791748,367.4067077636719,19.167856107652515,0.37773925,-1.7555561065673828,9,5
139,13.870194435119629,419.73919677734375,20.48753759672801,0.29029047,-2.6779544353485107,9,6
138,15.110790252685547,466.78118896484375,21.605119508228686,0.21328622,-2.75724720954895,9,7
144,6.310103893280029,97.08114624023438,9.852976516780824,0.93268126,-2.3800649642944336,10,1
143,9.616174697875977,212.25746154785156,14.569058361742243,0.8532141,-4.4591755867004395,10,2
142,11.127567291259766,354.3523254394531,18.82424833663892,0.75569826,-3.802225351333618,10,3
141,13.409249305725098,535.9047241210938,23.14961606854623,0.6318805,-4.946907997131348,10,4
140,13.072345733642578,555.7158203125,23.573625523294037,0.6197084,-6.437142372131348,10,5
139,14.399532318115234,618.6800537109375,24.873279914617964,0.57838565,-4.9383955001831055,10,6
138,16.49591636657715,749.8656005859375,27.38367397895939,0.49154842,-5.964179515838623,10,7
144,3.756183624267578,30.04953384399414,5.481745510692205,0.9722216,0.9879993796348572,11,1
143,5.59375,67.73957061767578,8.230405252335743,0.9376647,0.5246976017951965,11,2
142,7.3399786949157715,140.93972778320312,11.871803897605584,0.87092984,-0.46958041191101074,11,3
141,9.491564750671387,266.0654602050781,16.311513118195936,0.7576625,-0.47004538774490356,11,4
140,10.04356861114502,312.3751220703125,17.67413709549387,0.71700096,-2.1696178913116455,11,5
139,12.287858963012695,444.2608947753906,21.077497355601558,0.59967935,-2.395766496658325,11,6
138,12.050812721252441,422.0766906738281,20.544505121171163,0.62180775,-1.46195650100708,11,7
144,5.42408561706543,95.75215148925781,9.785302830738445,0.89544034,0.04183356091380119,12,1
143,7.511834144592285,180.02821350097656,13.417459278901374,0.80408454,-0.8590090870857239,12,2
142,8.95787525177002,219.00662231445312,14.798872332527676,0.7626587,-1.6116913557052612,12,3
141,10.55262565612793,293.16064453125,17.12193460246972,0.6838647,-1.254446029663086,12,4
140,10.700549125671387,309.32110595703125,17.587526999468437,0.6682303,-2.0565743446350098,12,5
139,11.62061882019043,391.4051208496094,19.783961202186212,0.58238745,-1.810330867767334,12,6
138,12.305994987487793,432.40106201171875,20.794255505108104,0.5414102,-0.8585333228111267,12,7
144,5.635043621063232,54.27522277832031,7.367171966115649,0.9428672,3.0875537395477295,14,1
143,7.470256805419922,96.88229370117188,9.842880355930975,0.89796984,3.2829747200012207,14,2
142,10.235381126403809,193.32608032226562,13.904174924182508,0.79640746,2.757866144180298,14,3
141,14.268588066101074,358.4830322265625,18.93364814890576,0.62307936,2.647660970687866,14,4
140,15.740347862243652,404.6019287109375,20.11471920537141,0.5758405,2.750108003616333,14,5
139,16.069623947143555,488.5799865722656,22.103845515481364,0.48932177,0.8401274085044861,14,6
138,17.40056800842285,601.4330444335938,24.52413187930602,0.37365448,-0.2054929882287979,14,7
144,5.290529727935791,46.31000518798828,6.805145493520935,0.6918633,1.2529253959655762,15,1
143,8.001847267150879,102.22955322265625,10.110863129459139,0.3033551,0.025875812396407127,15,2
142,8.697041511535645,125.88140869140625,11.219688440032828,0.1333021,-1.0034128427505493,15,3
141,9.936102867126465,154.91403198242188,12.446446560461418,-0.062849164,0.06586269289255142,15,4
140,10.80051040649414,173.14328002929688,13.158392000138043,-0.18098855,-2.3867785930633545,15,5
139,10.949039459228516,203.5797882080078,14.268138918864219,-0.38024735,-6.208571434020996,15,6
138,10.994525909423828,183.83804321289062,13.558688845640297,-0.2374829,-3.162752151489258,15,7
144,4.499675750732422,44.92518615722656,6.702625318278396,0.927411,1.378562331199646,16,1
143,7.998409748077393,125.38277435302734,11.197444992185822,0.7969582,3.148285150527954,16,2
142,9.109224319458008,180.94134521484375,13.451443982518894,0.7066744,1.5307680368423462,16,3
141,11.370660781860352,284.722412109375,16.87371956947771,0.5391631,2.1007399559020996,16,4
140,12.638591766357422,360.3217468261719,18.98214284073776,0.41816002,0.4938947260379791,16,5
139,13.198175430297852,417.9017028808594,20.442644224289072,0.3263383,-1.8610292673110962,16,6
138,13.60867977142334,459.8083801269531,21.44314296289033,0.2611478,-2.031679630279541,16,7
103,4.368655681610107,31.09812355041504,5.5765691558892225,0.8336413,0.24869367480278015,17,1
101,7.035858631134033,75.04468536376953,8.662833564358115,0.5998531,1.6229677200317383,17,2
100,8.121459007263184,99.69359588623047,9.984668040862974,0.4724999,1.2410366535186768,17,3
99,9.681509017944336,137.75816345214844,11.737042363907035,0.27221054,2.0711889266967773,17,4
98,10.18058967590332,159.30860900878906,12.621751423981898,0.15714115,0.3250877261161804,17,5
97,10.511131286621094,188.56753540039062,13.731989491708426,0.0014512539,-0.5866692662239075,17,6
96,10.618122100830078,199.3075714111328,14.117633350216062,-0.054588318,-1.608285903930664,17,7
144,4.491717338562012,37.40287780761719,6.115789221974314,0.7938622,0.07834696769714355,18,1
143,6.32244873046875,66.92997741699219,8.181074343690575,0.62336975,0.2084631621837616,18,2
142,7.281723499298096,85.75987243652344,9.26066263485089,0.5118141,-0.1093929335474968,18,3
141,7.928205490112305,98.8384780883789,9.941754276201907,0.435562,0.2002345472574234,18,4
140,8.056870460510254,95.73387145996094,9.78436873078488,0.45402533,-0.4436866343021393,18,5
139,8.565573692321777,109.86695861816406,10.481744063759812,0.37276268,-0.07072316855192184,18,6
138,8.578936576843262,108.60227966308594,10.42124175245378,0.3807665,-0.026277735829353333,18,7
144,4.495109558105469,37.94418716430664,6.159885320710657,0.92060536,0.2617388367652893,19,1
143,7.477007865905762,96.96358489990234,9.847008931645302,0.7958363,-0.29735541343688965,19,2
142,8.82961654663086,178.17422485351562,13.348191819625445,0.6235091,-1.0042341947555542,19,3
141,10.460359573364258,250.33485412597656,15.82197377465835,0.47092927,-1.8462344408035278,19,4
140,12.820293426513672,346.0723571777344,18.603020109050423,0.2697701,-1.1267452239990234,19,5
139,13.74003791809082,389.8876647949219,19.745573296182663,0.17837292,-2.8094348907470703,19,6
138,14.03522777557373,379.737548828125,19.48685579635989,0.20214969,-1.4549856185913086,19,7
144,5.402069091796875,57.33726501464844,7.57213741387783,0.90663296,1.5135178565979004,20,1
143,8.46938705444336,140.95004272460938,11.872238319904524,0.7699305,1.2548748254776,20,2
142,10.82607364654541,262.2310791015625,16.193550540309637,0.5713112,0.6867402791976929,20,3
141,13.632813453674316,389.57513427734375,19.737657770803093,0.36327958,0.46009188890457153,20,4
140,13.106138229370117,374.47357177734375,19.351319639170445,0.3893075,0.2393341064453125,20,5
139,13.024768829345703,397.7184143066406,19.9428787868412,0.3522154,-2.529266357421875,20,6
138,13.213181495666504,395.2178649902344,19.880087147450695,0.35847998,-2.1992290019989014,20,7
144,5.231439590454102,43.10648727416992,6.5655530821226264,0.6989681,0.9884398579597473,21,1
143,7.560857772827148,90.66572570800781,9.521855161049647,0.35827363,0.1535019725561142,21,2
142,8.489521026611328,115.92887878417969,10.767027388475414,0.17512012,-0.011737984605133533,21,3
141,8.165094375610352,110.01220703125,10.48867041293843,0.213364,-0.6184725761413574,21,4
140,9.312334060668945,139.46104431152344,11.809362570076484,0.0044510365,-1.4125362634658813,21,5
139,8.913776397705078,122.65868377685547,11.075138092902295,0.12630022,-0.3628731071949005,21,6
138,9.01636791229248,127.27033996582031,11.281415689789128,0.09800923,-1.6234023571014404,21,7
143,4.664233207702637,33.00666427612305,5.745142668039067,0.6410291,0.34239473938941956,22,1
142,6.506435394287109,69.35347747802734,8.327873526779051,0.23947096,-0.8896259069442749,22,2
141,6.579061031341553,71.27234649658203,8.442295096511495,0.21412808,-0.31999459862709045,22,3
140,7.184932231903076,85.81209564208984,9.263481831476211,0.053680718,-0.07844845950603485,22,4
139,6.9461588859558105,77.72854614257812,8.816379423696448,0.14125597,-0.38772889971733093,22,5
138,7.2010498046875,81.78904724121094,9.043729719601915,0.10180372,-0.4378260672092438,22,6
137,7.268264293670654,89.58153533935547,9.464752259798217,0.02317506,-1.2888023853302002,22,7
144,4.16295051574707,29.45718765258789,5.427447618594572,0.6643381,0.3951610326766968,23,1
143,6.197177886962891,62.589351654052734,7.91134322691493,0.25865436,-1.0871765613555908,23,2
142,7.231125354766846,82.80290222167969,9.099610003823223,-0.013102531,-1.562867522239685,23,3
141,8.471471786499023,108.92680358886719,10.436800447879953,-0.36970496,-2.1809773445129395,23,4
140,8.026423454284668,101.59198760986328,10.07928507434249,-0.28230894,-2.4828927516937256,23,5
139,7.7290496826171875,100.82994842529297,10.04141167492365,-0.2798816,-1.2975966930389404,23,6
138,8.234521865844727,117.25731658935547,10.828541757289182,-0.4879824,-3.6662964820861816,23,7
144,4.414949417114258,31.58881950378418,5.620393180533207,0.67629415,0.5116356015205383,24,1
143,6.209358215332031,62.64566421508789,7.9149014027395115,0.34520757,-0.23052310943603516,24,2
142,7.197238922119141,82.68000030517578,9.092854354116522,0.126382,-0.637959361076355,24,3
141,7.587517261505127,91.39225769042969,9.559929795266788,0.026848674,-1.4527826309204102,24,4
140,7.546894073486328,91.54977416992188,9.568164618667568,0.025452077,-1.276179313659668,24,5
139,7.5988969802856445,91.59990692138672,9.570784028562484,0.023616731,-0.8595526814460754,24,6
138,7.779181957244873,100.35320281982422,10.017644574440851,-0.06383765,-2.0532023906707764,24,7
144,5.370570659637451,49.92567443847656,7.065810246424437,0.56919,0.4188075661659241,25,1
143,7.310749053955078,95.72122192382812,9.78372229388325,0.15726548,0.23599182069301605,25,2
142,7.9082536697387695,107.22148895263672,10.354780970770783,0.040971816,-0.03145487979054451,25,3
141,7.934011936187744,115.86759948730469,10.764181319882375,-0.04665923,-0.3266793191432953,25,4
140,7.670722961425781,102.35581970214844,10.117105302513583,0.07584143,0.024350371211767197,25,5
139,8.045000076293945,108.74515533447266,10.42809452078723,0.017435372,0.36327028274536133,25,6
138,8.16756534576416,115.30610656738281,10.738068102195237,-0.03657365,-0.9199125170707703,25,7
144,5.181812286376953,41.04310607910156,6.4064893724333585,0.73534966,0.4041050672531128,26,1
143,7.988069534301758,94.46748352050781,9.719438436479127,0.38374937,-0.4993191659450531,26,2
142,8.178175926208496,105.41578674316406,10.2672190364852,0.30942935,-0.20236319303512573,26,3
141,8.067444801330566,105.72698211669922,10.282362671910539,0.30545098,-1.4928289651870728,26,4
140,9.078563690185547,131.5117950439453,11.46785921800339,0.13626838,-0.2521228790283203,26,5
139,9.008216857910156,123.64865112304688,11.119741504326747,0.1888076,-0.4778037369251251,26,6
138,9.050697326660156,118.17991638183594,10.871058659663094,0.22925842,-0.6136704683303833,26,7
144,5.429618835449219,47.00520324707031,6.856034075693492,0.6904192,0.515549898147583,28,1
143,7.203823089599609,80.92668151855469,8.99592582887135,0.46414602,-0.02117994613945484,28,2
142,8.101836204528809,100.288330078125,10.014406127081376,0.33514923,0.08073164522647858,28,3
141,8.610644340515137,109.3348159790039,10.45632899152489,0.27581626,0.2922256588935852,28,4
140,8.283998489379883,106.90238189697266,10.339360806982832,0.29464,0.10868638008832932,28,5
139,8.845392227172852,112.66304016113281,10.614284722068314,0.25900376,0.06455082446336746,28,6
138,8.773565292358398,115.86400604248047,10.764014401814988,0.24270421,-0.08050360530614853,28,7
79,5.283314228057861,46.325462341308594,6.8062810947909425,0.56066877,-0.8822130560874939,29,1
74,7.125221252441406,93.19346618652344,9.653676304212993,0.12949485,-1.7111362218856812,29,2
69,7.222265243530273,94.07366180419922,9.699157788395816,0.16432238,-0.4704139828681946,29,3
64,7.42636251449585,88.24556732177734,9.393911183409035,0.24968147,-1.2414625883102417,29,4
59,7.25290584564209,84.41802978515625,9.187928481717533,0.2855683,-0.9161390662193298,29,5
55,7.8681817054748535,89.44593048095703,9.457585869605257,0.19560677,-0.0034130443818867207,29,6
51,7.945430755615234,94.45048522949219,9.718563948932589,0.030506372,-0.3088096082210541,29,7
144,4.433996200561523,31.818349838256836,5.640775641545836,0.5822345,0.3434444069862366,30,1
143,5.801678657531738,52.720176696777344,7.260866112026673,0.29313576,-0.006801978684961796,30,2
142,6.189733505249023,61.34980773925781,7.832611808283225,0.16885215,-0.47076889872550964,30,3
141,6.757828235626221,69.18858337402344,8.317967502582794,0.05615604,0.9584677219390869,30,4
140,6.55261754989624,71.24092864990234,8.440434150557799,0.025408149,-0.5974500179290771,30,5
139,6.89792013168335,75.1866683959961,8.67102464510372,-0.031071305,-0.275768905878067,30,6
138,7.2031707763671875,83.35289001464844,9.129780392465552,-0.13822365,0.11865068227052689,30,7
144,4.754173755645752,35.24903106689453,5.937089444070598,0.6288408,1.686501145362854,31,1
143,6.228080749511719,58.746681213378906,7.664638361552286,0.37949646,0.9439547657966614,31,2
142,6.851355075836182,72.99462127685547,8.543688973555597,0.2259236,-0.007880466058850288,31,3
141,7.038701057434082,77.99996185302734,8.83175870668053,0.16920722,-0.6227842569351196,31,4
140,7.1263251304626465,81.60316467285156,9.03344699839721,0.13265157,-0.18489357829093933,31,5
139,7.1623687744140625,79.5808334350586,8.920809012363094,0.15493721,0.33648452162742615,31,6
138,7.184328079223633,84.68189239501953,9.202276478949083,0.10535592,0.28488823771476746,31,7
144,5.603201389312744,50.72275924682617,7.121991241698221,0.6755568,-0.17781665921211243,32,1
143,7.566549777984619,85.86156463623047,9.266151554784244,0.44640398,0.1300661265850067,32,2
142,8.10877799987793,103.10885620117188,10.154253108977137,0.3351252,-0.9036567807197571,32,3
141,8.81817626953125,123.50507354736328,11.113283652789722,0.20542902,-1.7397280931472778,32,4
140,9.118396759033203,129.1833953857422,11.365887355844338,0.17267114,-2.576329231262207,32,5
139,8.71976375579834,116.98130798339844,10.815789753106262,0.25397515,-1.5202174186706543,32,6
138,9.23652458190918,128.11093139648438,11.318609958669146,0.18851364,-1.8188022375106812,32,7
144,5.977820873260498,55.50001525878906,7.449833236978467,0.68183756,0.6512707471847534,33,1
143,7.9901652336120605,96.7663345336914,9.83698808242093,0.4436769,0.5203884243965149,33,2
142,9.012749671936035,119.7810287475586,10.94445196195582,0.31238204,0.6091325879096985,33,3
141,8.761384963989258,128.18760681152344,11.321996591216738,0.26614708,-1.4884648323059082,33,4
140,8.92530345916748,125.71082305908203,11.212083796470754,0.2836886,0.6380173563957214,33,5
139,9.206079483032227,134.09158325195312,11.579792021100946,0.23850787,-0.0769784078001976,33,6
138,9.74653434753418,145.072265625,12.044594871767169,0.18169105,-0.12262526899576187,33,7
144,5.395763874053955,45.75027847290039,6.763895214512152,0.62738794,0.38091692328453064,34,1
143,7.135411262512207,86.0111312866211,9.274218634829626,0.29217333,-0.645063042640686,34,2
142,7.594437599182129,92.16522979736328,9.60027238141519,0.24003541,0.4873146414756775,34,3
141,7.546097755432129,97.78607177734375,9.888684026570155,0.19526768,0.019933011382818222,34,4
140,7.616224765777588,96.46198272705078,9.82150613333061,0.20932764,-0.8965591788291931,34,5
139,7.889088153839111,102.42985534667969,10.120763575278284,0.16278088,-0.843539297580719,34,6
138,8.29323959350586,107.69996643066406,10.377859433942245,0.12508899,-0.4460030198097229,34,7
144,5.297033309936523,48.78263473510742,6.984456652818988,0.6691394,-0.5669018626213074,35,1
143,7.8070502281188965,96.9940414428711,9.84855529724391,0.34070027,-1.7192081212997437,35,2
142,8.250349998474121,111.3582763671875,10.552643098635881,0.24461997,-2.4125819206237793,35,3
141,9.034926414489746,130.60435485839844,11.42822623412743,0.119378805,-2.1182472705841064,35,4
140,9.57227611541748,148.5014190673828,12.186115831854824,0.005681455,-2.7501842975616455,35,5
139,9.557211875915527,152.4603729248047,12.347484477609385,-0.014271617,-2.9560186862945557,35,6
138,9.421540260314941,147.65057373046875,12.151155242628938,0.02452892,-3.1002037525177,35,7
129,6.079376220703125,65.58919525146484,8.098715654439587,0.622601,-1.6794840097427368,36,1
127,8.850996971130371,129.4832000732422,11.379068506395512,0.2542016,-1.959915280342102,36,2
125,8.957281112670898,133.9303741455078,11.57282913316825,0.2290793,-0.817330002784729,36,3
123,9.857477188110352,165.11492919921875,12.8497054129353,0.049375057,-1.1615591049194336,36,4
121,9.396674156188965,146.06170654296875,12.085599138767128,0.1590206,-1.0215020179748535,36,5
119,9.503582000732422,152.6282196044922,12.354279404501591,0.12400794,-0.8546448349952698,36,6
117,9.633646965026855,164.7501983642578,12.835505380165513,0.054971516,-3.458221912384033,36,7
144,5.981470108032227,55.91543197631836,7.4776621999337705,0.68303066,1.5292000770568848,37,1
143,8.436624526977539,106.9043960571289,10.339458209071156,0.39332372,2.002045154571533,37,2
142,9.241581916809082,127.65074920654297,11.298263105740766,0.27832568,1.2474524974822998,37,3
141,9.630480766296387,145.31626892089844,12.05471977778407,0.18191463,0.4699499309062958,37,4
140,9.824833869934082,148.2310333251953,12.175016768990313,0.1700787,1.6167347431182861,37,5
139,9.558042526245117,137.32687377929688,11.718654947531174,0.23458445,0.5756821632385254,37,6
138,9.807435035705566,148.38629150390625,12.181391197392285,0.17868602,-0.2524814307689667,37,7
144,5.034964561462402,41.30415344238281,6.4268307463619125,0.74857545,-1.146091341972351,38,1
143,7.6253228187561035,101.83634948730469,10.091399778390741,0.3748328,-1.9517887830734253,38,2
142,7.94387149810791,117.23638153076172,10.827575053111463,0.27870142,-1.5846463441848755,38,3
141,8.81809139251709,127.1246109008789,11.274955028774125,0.21959579,-2.2250967025756836,38,4
140,8.112817764282227,122.9197006225586,11.086915739851124,0.24770343,-1.1679537296295166,38,5
139,8.186036109924316,113.4040756225586,10.649134970623605,0.3049628,-2.707529306411743,38,6
138,8.853745460510254,129.47625732421875,11.378763435638284,0.21051913,-3.927135467529297,38,7
144,4.141550064086914,27.330896377563477,5.227895979986927,0.72479284,0.0801505520939827,39,1
143,6.514171600341797,71.00150299072266,8.426238958795475,0.27874672,-0.712912380695343,39,2
142,6.553182125091553,76.94129943847656,8.771618974766094,0.21892029,-1.2163647413253784,39,3
141,6.986893653869629,84.96481323242188,9.217635989364187,0.1402207,-1.7979236841201782,39,4
140,7.058021068572998,79.85299682617188,8.93605040418707,0.19597971,-1.150661826133728,39,5
139,7.130140781402588,78.232666015625,8.844923177485772,0.21444672,-0.953690230846405,39,6
138,7.453032970428467,85.37380981445312,9.239794901103224,0.14842516,-0.7167088985443115,39,7
144,3.9639883041381836,30.23015022277832,5.498195178672573,0.5005708,-0.39076948165893555,40,1
143,5.376392364501953,54.30769348144531,7.369375379327973,0.090857625,-1.5736327171325684,40,2
142,5.649658203125,57.8444938659668,7.605556775540289,0.031769753,-1.5451915264129639,40,3
141,5.802957057952881,61.07560348510742,7.815088194326883,-0.018321753,-1.974678635597229,40,4
140,5.718664646148682,61.82554244995117,7.862922004570004,-0.024666786,-2.5910861492156982,40,5
139,5.886821269989014,62.82538604736328,7.9262466557232045,-0.037843823,-1.363349199295044,40,6
138,5.888546466827393,68.63359832763672,8.284539717306973,-0.13133991,-2.8540375232696533,40,7
144,4.225761890411377,31.17446517944336,5.583409816540727,0.5242276,-0.029110483825206757,41,1
143,5.5020599365234375,55.488922119140625,7.449088677089341,0.1420964,-1.4254798889160156,41,2
142,5.699207305908203,58.320465087890625,7.636783687383756,0.09869689,-0.8121439814567566,41,3
141,5.928055763244629,61.68060302734375,7.85369995781248,0.05048734,-1.9332950115203857,41,4
140,6.0010247230529785,62.19130325317383,7.8861462865694945,0.048416376,-1.390553593635559,41,5
139,5.916668891906738,64.77151489257812,8.048075229058071,0.011543512,-1.7240967750549316,41,6
138,6.264963150024414,66.3772201538086,8.147221621743734,-0.01017642,-0.884297788143158,41,7
144,5.639883995056152,50.16585922241211,7.0827861200527655,0.5371713,-0.06943241506814957,43,1
143,6.8333635330200195,79.65788269042969,8.925126480360358,0.25519466,-0.8878517746925354,43,2
142,7.462022304534912,93.63126373291016,9.676324908399375,0.11689556,-0.7995341420173645,43,3
141,7.702011585235596,97.0262680053711,9.85019126745116,0.086075485,-1.0023149251937866,43,4
140,7.9361443519592285,105.40259552001953,10.266576621251094,0.011797845,-1.0936884880065918,43,5
139,7.708482265472412,98.93392944335938,9.946553646533022,0.07330775,-1.1443891525268555,43,6
138,7.7996320724487305,97.2791976928711,9.863021732353179,0.09040403,-0.5646522641181946,43,7
144,5.099756240844727,42.67801284790039,6.532841100769281,0.7072201,0.6328471302986145,44,1
143,7.413536548614502,95.39091491699219,9.76682726974283,0.34168303,-0.7072305083274841,44,2
142,7.88144063949585,112.52536010742188,10.607797137361832,0.223099,-1.2931855916976929,44,3
141,8.463808059692383,128.87733459472656,11.352415363909417,0.11367273,-2.314288377761841,44,4
140,9.209013938903809,146.5242156982422,12.104718736849783,-0.0021144152,-2.2547948360443115,44,5
139,9.130448341369629,132.0364227294922,11.490710279590735,0.10079825,-0.9898775219917297,44,6
138,9.035085678100586,130.75634765625,11.434874186288628,0.1151253,-1.7987558841705322,44,7
144,4.808983325958252,38.059730529785156,6.169256886350669,0.44485652,0.2928840219974518,45,1
143,6.1474833488464355,65.44994354248047,8.09011393878235,0.028947592,-1.0263577699661255,45,2
142,6.504518985748291,74.11785125732422,8.609172507118453,-0.10522652,-1.0904979705810547,45,3
141,6.653712749481201,78.9753189086914,8.886805888995855,-0.18188179,-2.258244514465332,45,4
140,6.682883262634277,80.619873046875,8.97885700113745,-0.20819938,-0.9032197594642639,45,5
139,6.360764980316162,71.56565856933594,8.459648844327756,-0.077040434,-1.5603269338607788,45,6
138,6.40907621383667,68.737548828125,8.290811107975202,-0.029854655,-0.5542179346084595,45,7
144,2.798339366912842,12.8701810836792,3.5875034611382883,0.40043718,0.10167977213859558,48,1
143,3.430058479309082,18.027029037475586,4.245824894820274,0.13854098,-0.03219136223196983,48,2
142,3.650508403778076,20.616445541381836,4.5405336185719225,-0.00024580956,-0.5853446125984192,48,3
141,3.7200849056243896,21.05381202697754,4.5884433119498755,-0.017646194,0.023621348664164543,48,4
140,3.7198517322540283,20.808279037475586,4.561609259622704,-0.00092828274,-0.2569136917591095,48,5
139,3.769519329071045,21.41931915283203,4.628101030966376,-0.02393186,-0.7296908497810364,48,6
138,3.7199020385742188,21.708786010742188,4.659268827910897,-0.031327724,-0.5364398956298828,48,7
144,3.5081787109375,22.7164306640625,4.766175685396259,0.18407434,-0.8800390958786011,50,1
143,4.067233562469482,29.285429000854492,5.411601334249825,-0.074931145,-1.1887494325637817,50,2
142,4.278801918029785,30.819814682006836,5.551559662113597,-0.13478994,-0.9127304553985596,50,3
141,4.115113735198975,28.54112434387207,5.34238938527248,-0.045404315,-0.40293630957603455,50,4
140,4.330574035644531,31.72846031188965,5.632802172266451,-0.15710163,-1.01590895652771,50,5
139,4.189111709594727,30.231382369995117,5.498307227683363,-0.09473801,-1.217529058456421,50,6
138,4.362269401550293,30.668548583984375,5.537919156504939,-0.102942824,-0.8979398608207703,50,7
144,3.0791354179382324,15.49576187133789,3.9364656573299213,0.27262235,-0.2916857600212097,51,1
143,3.628277063369751,21.459074020385742,4.632393983717894,-0.017882466,-0.7543846368789673,51,2
142,3.657259225845337,21.69646453857422,4.657946386399721,-0.03418994,-0.6439136862754822,51,3
141,3.675989866256714,22.459407806396484,4.7391357657695865,-0.063325405,-1.0459096431732178,51,4
140,3.673454523086548,21.49237632751465,4.635987093113466,-0.010829687,-0.49725237488746643,51,5
139,3.5933167934417725,20.862947463989258,4.567597559329112,0.020346403,-0.3765718340873718,51,6
138,3.6933298110961914,22.197586059570312,4.7114314236302235,-0.03526485,-0.40253564715385437,51,7
144,2.575409173965454,10.608304977416992,3.257039296265397,0.39094996,0.23466724157333374,52,1
143,2.9838826656341553,14.335657119750977,3.7862457817409285,0.16353166,-0.2199195921421051,52,2
142,3.1698453426361084,15.97099494934082,3.996372724026229,0.06286442,-0.44036832451820374,52,3
141,3.2479329109191895,16.946388244628906,4.116599111478904,0.012598932,-0.45194536447525024,52,4
140,3.1667697429656982,16.126073837280273,4.015728307204096,0.05309248,-0.7788270115852356,52,5
139,3.2006795406341553,16.22113609313965,4.027547155917563,0.044776917,-0.3048950433731079,52,6
138,3.159912109375,15.12894344329834,3.8895942517566455,0.10653114,-0.06473744660615921,52,7
72,2.7110352516174316,11.885273933410645,3.4475025646706405,0.23063976,-0.21145518124103546,53,1
67,3.041119337081909,15.832898139953613,3.97905744366095,-0.030560255,-0.5388631224632263,53,2
62,3.0423495769500732,16.108203887939453,4.013502695643726,-0.1800741,-0.5884764790534973,53,3
58,3.133953809738159,16.549396514892578,4.068094949099956,-0.172696,-1.107772707939148,53,4
54,3.2275452613830566,15.790491104125977,3.9737250916647437,-0.058688283,-0.03471053019165993,53,5
51,3.222932815551758,16.43441390991211,4.053938074257192,-0.0651288,-0.740092396736145,53,6
48,3.419828414916992,17.591012954711914,4.194164154478448,-0.085814595,-0.7895557284355164,53,7
144,3.2546463012695312,18.957448959350586,4.354015268617071,0.39557683,0.22420372068881989,54,1
143,3.7595021724700928,27.231647491455078,5.218395106874821,0.11149961,-0.414948046207428,54,2
142,3.879568576812744,31.572265625,5.618920325560775,-0.054578066,-1.2734862565994263,54,3
141,4.213541030883789,35.40491485595703,5.950202925611616,-0.19384122,-1.197339653968811,54,4
140,4.161677837371826,35.35057067871094,5.94563459007623,-0.20996082,-1.3747247457504272,54,5
139,4.258752822875977,37.020877838134766,6.08447843599883,-0.2659806,-2.100501298904419,54,6
138,4.250554084777832,37.1266975402832,6.093168103727584,-0.26809525,-2.404329299926758,54,7
144,2.5005314350128174,9.96396255493164,3.1565744969716207,0.3948319,0.41901737451553345,55,1
143,3.087183713912964,14.963537216186523,3.8682731568732995,0.0701319,-0.004069361835718155,55,2
142,3.12282657623291,15.969300270080566,3.9961606912235856,-0.010156274,-0.5099848508834839,55,3
141,3.1909053325653076,16.796300888061523,4.098329036090383,-0.061068773,-0.5812446475028992,55,4
140,3.13763689994812,16.341678619384766,4.042484213869582,-0.03358388,-0.6645944714546204,55,5
139,3.208885908126831,16.61184310913086,4.075762886764987,-0.043230653,-0.5663547515869141,55,6
138,3.266205310821533,17.316343307495117,4.16129106257843,-0.0803535,-0.3706061542034149,55,7
144,4.899657249450684,34.01405715942383,5.832157161756173,0.5623448,0.43650710582733154,56,1
143,6.3322014808654785,57.49392318725586,7.5824747402979105,0.24622256,-0.08864134550094604,56,2
142,6.619905948638916,64.12120056152344,8.007571452164722,0.15343124,0.09035266190767288,56,3
141,6.470788478851318,66.87651062011719,8.177805978385473,0.112270474,-0.2974328100681305,56,4
140,6.759710788726807,69.60993194580078,8.34325667505206,0.0741145,-0.49156156182289124,56,5
139,6.691364765167236,69.01158905029297,8.307321412482665,0.07844573,-0.7771031856536865,56,6
138,6.954186916351318,74.1077651977539,8.608586713146003,0.015203536,-0.6825222373008728,56,7
144,4.598684310913086,32.692081451416016,5.717698964742374,0.5994419,0.136211559176445,57,1
143,6.2585320472717285,63.307064056396484,7.956573637967318,0.20932871,-1.1026384830474854,57,2
142,6.4455461502075195,68.19280242919922,8.257893340870856,0.14310628,0.12936261296272278,57,3
141,6.449472427368164,66.68160247802734,8.165880385973539,0.15803432,-0.5296464562416077,57,4
140,6.54157018661499,66.91647338867188,8.180248980848436,0.15581888,0.24690105020999908,57,5
139,6.478938102722168,68.58916473388672,8.281857565418926,0.13384688,-0.22215193510055542,57,6
138,6.564850330352783,73.0202865600586,8.54519084398111,0.08412725,-0.024981511756777763,57,7
144,4.062905788421631,26.452312469482422,5.143181162421019,0.6141799,-0.01752156764268875,58,1
143,5.804656982421875,53.546913146972656,7.317575633156972,0.20176494,-0.5725712776184082,58,2
142,6.291013717651367,62.943275451660156,7.933679817818473,0.055360615,-1.0560917854309082,58,3
141,6.568228721618652,75.24256134033203,8.674247018636951,-0.13244998,-1.3209351301193237,58,4
140,6.3179216384887695,65.00524139404297,8.062582799205412,0.024199843,-1.8705579042434692,58,5
139,6.720628261566162,70.46515655517578,8.394352658494626,-0.061305165,-1.1277916431427002,58,6
138,7.194249629974365,83.23774719238281,9.123472321018069,-0.24488473,-2.27028751373291,58,7
144,5.539469242095947,51.19928741455078,7.1553677344040665,0.69538295,0.47562694549560547,59,1
143,8.817091941833496,120.19659423828125,10.963420736169951,0.28241587,-0.6307955384254456,59,2
142,9.612608909606934,139.56500244140625,11.813763263304638,0.16937429,0.5431066155433655,59,3
141,9.795684814453125,154.676025390625,12.436881658624278,0.083247006,-0.9447450041770935,59,4
140,9.586146354675293,144.6410369873047,12.02668021472695,0.14854068,-1.6617475748062134,59,5
139,9.684144973754883,145.82156372070312,12.075659970399263,0.14516902,-1.031032919883728,59,6
138,9.650477409362793,149.11708068847656,12.211350485858498,0.12572098,-1.9933600425720215,59,7
144,4.966960430145264,39.20157241821289,6.261115908383496,0.7152967,0.2985788583755493,60,1
143,7.728086948394775,90.58847045898438,9.517797563458911,0.33666426,-1.3077605962753296,60,2
142,8.677245140075684,121.3091049194336,11.01404126192714,0.11216462,-2.113501787185669,60,3
141,9.172628402709961,125.09931945800781,11.184780706746459,0.08543426,-2.8969016075134277,60,4
140,8.547910690307617,109.71694946289062,10.474585885030999,0.1999039,-2.787681818008423,60,5
139,8.531991004943848,112.63887023925781,10.613146104678755,0.179959,-2.470998525619507,60,6
138,9.455382347106934,136.16909790039062,11.669151550150962,0.01555866,-4.383673667907715,60,7
144,5.014471054077148,40.571861267089844,6.369604482783044,0.7337922,0.6684579253196716,61,1
143,7.723053932189941,96.67280578613281,9.83223300100912,0.36065805,-0.5323173403739929,61,2
142,8.784102439880371,128.65362548828125,11.342558154502944,0.14977014,-0.15656162798404694,61,3
141,8.32955551147461,122.3597640991211,11.061634784204417,0.19225842,-0.10494770854711533,61,4
140,9.430633544921875,136.95814514160156,11.702911823200308,0.097845614,-0.8324722051620483,61,5
139,8.620489120483398,117.0929946899414,10.82095165361815,0.22995931,-0.019119014963507652,61,6
138,9.139142036437988,127.18832397460938,11.277780099585618,0.1692487,0.3017456829547882,61,7
129,4.8635478019714355,36.780487060546875,6.0646918355796835,0.6562841,1.2271137237548828,62,1
127,7.083891868591309,87.06654357910156,9.330945481520164,0.17377263,-0.9022953510284424,62,2
125,7.405477523803711,92.44334411621094,9.614746180540125,0.12618864,-0.7490481734275818,62,3
123,7.388113498687744,89.22779846191406,9.446046710762872,0.15990949,-0.4238262474536896,62,4
122,7.278279781341553,88.08672332763672,9.385452750274583,0.1756438,-0.901936948299408,62,5
121,7.575526237487793,96.29541778564453,9.813022866866485,0.10316515,-1.4061923027038574,62,6
120,7.606032371520996,96.05828094482422,9.800932656886497,0.10693759,-0.9368231892585754,62,7
144,3.1048567295074463,16.156768798828125,4.019548332689648,0.30394912,-0.08898411691188812,63,1
143,3.634934663772583,21.988800048828125,4.689221689025603,0.04569781,-0.2385321706533432,63,2
142,3.865874767303467,24.370494842529297,4.936648138416317,-0.06376767,-0.054818570613861084,63,3
141,3.8936100006103516,24.78017234802246,4.9779686969709305,-0.07405329,0.26977670192718506,63,4
140,3.769486665725708,24.25381851196289,4.924816596784381,-0.04380083,-0.5123689770698547,63,5
139,3.735724687576294,23.69976043701172,4.868239973235884,-0.0149742365,-0.48265883326530457,63,6
138,3.7396717071533203,23.462018966674805,4.84376082880594,0.0023995638,-0.6232542991638184,63,7
144,3.580874443054199,23.20153045654297,4.816796700769399,0.355385,-0.6388247609138489,64,1
143,4.4538726806640625,35.010562896728516,5.916972443465367,0.011345208,-1.443066120147705,64,2
142,4.609890460968018,38.90487289428711,6.237377084503318,-0.10268712,-2.011246681213379,64,3
141,4.782270908355713,40.16964340209961,6.337952619111286,-0.13749945,-1.745835542678833,64,4
140,4.566505432128906,37.026123046875,6.084909452643893,-0.045453668,-1.4076346158981323,64,5
139,4.631092071533203,36.58901596069336,6.048885513935056,-0.028682232,-0.8839420080184937,64,6
138,4.550858020782471,35.387447357177734,5.948734937545775,0.011326432,-0.7812591195106506,64,7
129,2.7771620750427246,13.933845520019531,3.7328066545187593,0.35093242,-0.3179999887943268,65,1
127,3.1529276371002197,18.947999954223633,4.352930042422418,0.1068728,-0.10682425647974014,65,2
125,3.2641470432281494,19.01622200012207,4.360759337560612,0.10378194,-0.3096134066581726,65,3
123,3.5547547340393066,20.619619369506836,4.540883104585146,0.030643523,0.4119841158390045,65,4
121,3.404489278793335,19.447280883789062,4.4099071287033995,0.075433135,0.8083320260047913,65,5
119,3.316572427749634,19.925765991210938,4.463828624758229,0.060949564,-0.2289894074201584,65,6
117,3.3364763259887695,20.06045150756836,4.478889539558701,0.06527829,-0.44579973816871643,65,7
144,2.8301405906677246,13.97884750366211,3.7388296970659294,0.36564857,-0.11430171132087708,67,1
143,3.4657349586486816,20.176532745361328,4.491829554353251,0.06890547,-0.13776013255119324,67,2
142,3.6050186157226562,22.059247970581055,4.696727368134226,-0.031901836,-0.7430602312088013,67,3
141,3.6228604316711426,22.44662094116211,4.73778650227742,-0.044487834,-0.6568713784217834,67,4
140,3.5803170204162598,22.01842498779297,4.692379459058375,-0.018764257,-0.523644745349884,67,5
139,3.666158437728882,22.556285858154297,4.749345834760224,-0.036277533,-0.3201200067996979,67,6
138,3.7262563705444336,23.14760398864746,4.811195692200377,-0.061886907,-0.32236072421073914,67,7
144,2.7843565940856934,14.030267715454102,3.7456998966086568,0.25794905,0.038073692470788956,68,1
143,3.1795849800109863,17.91202163696289,4.232259637234334,0.03865677,-0.08545077592134476,68,2
142,3.208016872406006,18.557876586914062,4.307885396214025,-0.012649894,-0.5639229416847229,68,3
141,3.267159938812256,19.39081573486328,4.403500395692418,-0.05439484,-0.6259170174598694,68,4
140,3.255054473876953,19.17494010925293,4.378919970638072,-0.035492778,-0.5416087508201599,68,5
139,3.2970523834228516,18.87041664123535,4.34400928190023,-0.011777282,-0.3716645836830139,68,6
138,3.2690632343292236,18.529136657714844,4.304548368611374,0.013075829,-0.30446338653564453,68,7
144,2.2656500339508057,8.944716453552246,2.9907718825668144,0.2748236,0.8258541822433472,69,1
143,2.5903422832489014,11.095381736755371,3.330973091568794,0.079398274,0.6801175475120544,69,2
142,2.558685064315796,11.058615684509277,3.3254496965837985,0.06944829,0.5118942260742188,69,3
141,2.6465182304382324,11.569297790527344,3.4013670473101465,0.030242264,0.6406111717224121,69,4
140,2.6874053478240967,11.905938148498535,3.4504982464129053,0.0034394264,0.4089413285255432,69,5
139,2.6472487449645996,11.602556228637695,3.4062525197990965,0.035652816,0.7019919157028198,69,6
138,2.7442100048065186,12.156537055969238,3.4866225858227384,-0.004014492,0.5390269756317139,69,7
144,5.6468658447265625,49.69747543334961,7.049643638748671,0.6463573,1.1605069637298584,70,1
143,7.451311111450195,91.0495834350586,9.541990538407518,0.34546465,0.7144321799278259,70,2
142,8.452774047851562,114.10882568359375,10.682173265941428,0.18095106,0.6225355863571167,70,3
141,8.898059844970703,125.4155044555664,11.198906395517662,0.10252917,-1.098663091659546,70,4
140,9.168848037719727,130.8743896484375,11.440034512554474,0.066744566,-1.501562237739563,70,5
139,9.085923194885254,126.47856903076172,11.246269116056299,0.09804219,-0.5884890556335449,70,6
138,9.267171859741211,130.04461669921875,11.40371065483594,0.07907438,-0.7707303166389465,70,7
144,6.145644187927246,61.47071838378906,7.840326420742255,0.71759665,1.3328858613967896,71,1
143,10.007604598999023,136.8489990234375,11.698247690292657,0.3703556,1.181579828262329,71,2
142,11.040183067321777,172.56463623046875,13.136385965343312,0.20966214,-0.24122844636440277,71,3
141,11.339544296264648,176.29249572753906,13.277518432581408,0.19651014,0.032841674983501434,71,4
140,11.701126098632812,194.85980224609375,13.959219256322818,0.11739421,-0.041481781750917435,71,5
139,11.510671615600586,179.1488037109375,13.384648060779838,0.19292623,-0.5116358399391174,71,6
138,11.633378982543945,182.0850830078125,13.493890580844818,0.1844225,-1.6833473443984985,71,7
144,6.385986328125,65.08011627197266,8.067224818484524,0.69075716,1.900277853012085,72,1
143,10.584883689880371,154.53146362304688,12.431068482759109,0.26492423,1.189196228981018,72,2
142,10.43589973449707,152.0694580078125,12.331644578393123,0.28004897,0.4956500232219696,72,3
141,11.19235610961914,173.04867553710938,13.154796674107486,0.18478549,0.22179900109767914,72,4
140,10.856982231140137,165.30006408691406,12.85690725201493,0.2261377,-0.3485257923603058,72,5
139,10.825186729431152,163.54092407226562,12.788312010279762,0.23846138,-0.5361865758895874,72,6
138,11.696932792663574,185.52560424804688,13.620778400959574,0.14111525,-0.20062443614006042,72,7
144,5.9647345542907715,50.85078430175781,7.130973587229013,0.69041884,2.4837656021118164,73,1
143,8.527179718017578,103.49897003173828,10.173444354383538,0.37272024,3.221937417984009,73,2
142,9.077914237976074,121.73495483398438,11.033356462744434,0.26665884,2.998911142349243,73,3
141,9.042372703552246,124.20466613769531,11.144714717645101,0.25549513,2.082536458969116,73,4
140,9.91028881072998,133.90533447265625,11.571747252366698,0.20269573,2.2012505531311035,73,5
139,10.327215194702148,146.3024139404297,12.095553478052572,0.13509011,2.936894416809082,73,6
138,9.848173141479492,142.82334899902344,11.95087231121743,0.15942287,2.760542392730713,73,7
144,6.315861225128174,66.8551025390625,8.176496960132896,0.74653935,0.8426474928855896,74,1
143,10.321292877197266,155.1168670654297,12.454592207913903,0.40964746,0.4972192645072937,74,2
142,11.271893501281738,189.95413208007812,13.782384847336042,0.2776631,0.2840236723423004,74,3
141,11.634538650512695,204.3618927001953,14.295520022027716,0.22555333,-0.23351001739501953,74,4
140,11.714197158813477,212.3114471435547,14.570910992232253,0.19925267,-0.8674108982086182,74,5
139,12.108924865722656,210.74501037597656,14.517059288160828,0.20861125,-0.5699843764305115,74,6
138,11.89046573638916,196.22015380859375,14.007860429365854,0.26798153,0.12118817865848541,74,7
144,6.026796340942383,59.51139831542969,7.714363117939788,0.80307376,1.4977753162384033,75,1
143,11.303067207336426,187.25692749023438,13.684185306047064,0.37800974,0.7555789351463318,75,2
142,12.218877792358398,213.02035522460938,14.59521686117097,0.2928648,0.7329961061477661,75,3
141,12.79351806640625,227.13958740234375,15.071150832048087,0.2485686,1.0661824941635132,75,4
140,13.398380279541016,264.1547546386719,16.25283835638169,0.13020545,0.05605730414390564,75,5
139,12.906078338623047,243.0483856201172,15.590009160360271,0.20314902,0.8512819409370422,75,6
138,13.553741455078125,270.1543884277344,16.436373944022275,0.12005764,-0.5282500982284546,75,7
144,5.608236789703369,50.46151351928711,7.103626786317473,0.72355306,1.1322394609451294,76,1
143,9.307112693786621,143.3133544921875,11.971355582898184,0.21120185,-1.002400517463684,76,2
142,9.735774040222168,166.84814453125,12.916971182566368,0.07958555,-2.402653455734253,76,3
141,9.658772468566895,156.61822509765625,12.51472033637413,0.13682222,-2.138094663619995,76,4
140,10.163673400878906,164.32232666015625,12.818827039170014,0.09872383,-3.4660751819610596,76,5
139,9.839171409606934,152.3189697265625,12.341757157170226,0.1668905,-1.9258431196212769,76,6
138,10.058503150939941,171.1477813720703,13.082346172306798,0.070151985,-2.474808931350708,76,7
144,4.698929786682129,34.84829330444336,5.903244303299954,0.8450091,0.03604581579566002,77,1
143,7.145716190338135,85.06806945800781,9.223235303189863,0.6191617,-0.6914329528808594,77,2
142,8.920328140258789,122.0092544555664,11.045779938762424,0.45316845,-1.1067439317703247,77,3
141,9.232254981994629,130.08950805664062,11.405678763521294,0.4190086,-0.6475617289543152,77,4
140,9.729832649230957,143.72181701660156,11.98840343901562,0.36115754,-0.3658067584037781,77,5
139,9.93735408782959,155.17449951171875,12.456905695706247,0.31262094,-0.4379539489746094,77,6
138,10.758172988891602,178.5244903564453,13.361305713007441,0.2133717,0.3915013372898102,77,7
129,10.269145011901855,188.5287322998047,13.73057654651853,0.24576408,-8.091870307922363,78,1
127,8.223786354064941,109.27155303955078,10.453303451041243,0.56306577,-2.304323196411133,78,2
125,9.180412292480469,127.8973617553711,11.309171576882681,0.49114746,1.381138801574707,78,3
123,10.440020561218262,180.11459350585938,13.420677833323449,0.2842343,2.5606961250305176,78,4
121,10.39499568939209,165.56503295898438,12.867207659744377,0.34765708,1.0002630949020386,78,5
119,10.709746360778809,172.16017150878906,13.120982109155895,0.32602024,0.259456604719162,78,6
117,9.837453842163086,145.6741943359375,12.069556509496838,0.43421566,0.8876138925552368,78,7
144,5.316471576690674,44.42580795288086,6.665268783243543,0.77476394,2.220069646835327,79,1
143,7.633459568023682,83.14137268066406,9.118189111916031,0.5776619,1.7482975721359253,79,2
142,8.042459487915039,96.42604064941406,9.819676198806865,0.50867295,1.6537044048309326,79,3
141,8.370468139648438,106.28894805908203,10.309653149310215,0.4576863,1.3696599006652832,79,4
140,8.90497875213623,121.87183380126953,11.039557681414122,0.3800527,0.08874146640300751,79,5
139,9.43628978729248,137.42718505859375,11.72293414886366,0.3043903,0.07324619591236115,79,6
138,9.645670890808105,137.5755157470703,11.729258959843555,0.3079484,1.0932475328445435,79,7
144,5.037234783172607,41.31448745727539,6.427634670489246,0.7591142,1.616830825805664,80,1
143,7.951233386993408,90.89730072021484,9.53400758968729,0.46769238,1.646121621131897,80,2
142,8.027360916137695,93.20745086669922,9.654400595930294,0.4515761,1.1067014932632446,80,3
141,8.568567276000977,106.06716918945312,10.298891648592733,0.37620836,0.8914119005203247,80,4
140,9.350268363952637,125.48897552490234,11.202186193993668,0.26641673,1.0299427509307861,80,5
139,9.439826965332031,133.12863159179688,11.538138133676371,0.22713852,0.6001214981079102,80,6
138,9.456785202026367,139.03665161132812,11.79138039464965,0.19842803,0.7342752814292908,80,7
116,9.689125061035156,147.21273803710938,12.133125649934948,0.59172726,1.7598206996917725,81,1
114,13.748800277709961,282.7674865722656,16.81569167689113,0.20611113,-1.754683017730713,81,2
112,15.506799697875977,346.25738525390625,18.607992510045413,0.02857256,0.44030019640922546,81,3
110,15.363700866699219,364.75555419921875,19.09857466407425,-0.010798216,-3.221062660217285,81,4
108,15.818726539611816,363.63861083984375,19.069310706993154,0.010142684,-3.4722421169281006,81,5
107,15.59562873840332,350.16558837890625,18.712711946131865,0.036604702,-1.820361614227295,81,6
106,15.149317741394043,329.8570251464844,18.16196644492232,0.09481257,0.36315256357192993,81,7
144,5.7141337394714355,46.7924690246582,6.840502103256617,0.73991716,2.033715009689331,82,1
143,8.381306648254395,98.18706512451172,9.90893864773174,0.45268017,3.156083345413208,82,2
142,9.161382675170898,118.14370727539062,10.869393142001563,0.34508675,2.9386813640594482,82,3
141,9.675244331359863,139.30152893066406,11.802606870122553,0.23183495,1.802431583404541,82,4
140,9.604632377624512,129.28427124023438,11.370324148424018,0.29213,2.8067922592163086,82,5
139,8.659479141235352,113.39537811279297,10.648726595832619,0.38334197,1.610466480255127,82,6
138,8.97452449798584,120.69026184082031,10.985911971284875,0.34836602,1.9785350561141968,82,7
144,5.487220764160156,45.22981262207031,6.725311340158931,0.73829764,1.5677207708358765,83,1
143,8.409337043762207,99.04409790039062,9.95209012722406,0.42506462,2.047231674194336,83,2
142,9.04977035522461,116.72029113769531,10.803716542824294,0.32605934,2.193323850631714,83,3
141,10.189410209655762,141.47598266601562,11.89436768668329,0.1872338,1.4485465288162231,83,4
140,10.282227516174316,157.113525390625,12.534493423773656,0.103765786,0.38145849108695984,83,5
139,10.055089950561523,146.30465698242188,12.09564619945631,0.17097098,0.39568519592285156,83,6
138,10.41187572479248,159.22052001953125,12.61826137070917,0.10424048,-1.503758430480957,83,7
144,3.4781312942504883,19.66689109802246,4.4347368690850715,0.4023546,-0.15603524446487427,85,1
143,4.222975254058838,29.22955322265625,5.406436277498908,0.09966332,-0.770363450050354,85,2
142,4.608302116394043,34.58108139038086,5.880568117995137,-0.0655663,-0.899166464805603,85,3
141,4.5764946937561035,33.52074432373047,5.789710210686755,-0.026256323,-0.666824460029602,85,4
140,4.6474833488464355,36.8291130065918,6.0686994493541855,-0.12089121,-0.7063323259353638,85,5
139,4.649601936340332,36.094600677490234,6.007878217598143,-0.0908103,-0.7850907444953918,85,6
138,4.7353668212890625,37.860618591308594,6.153098292023994,-0.136266,-1.5128923654556274,85,7
144,3.2108421325683594,15.264792442321777,3.9070183570495005,0.36457038,-0.11415208876132965,86,1
143,3.7460834980010986,21.743017196655273,4.662940831348311,0.08410299,-0.29567021131515503,86,2
142,4.109250545501709,25.423381805419922,5.042160430353235,-0.07030475,-0.46055588126182556,86,3
141,4.210709571838379,26.276430130004883,5.126054050632405,-0.09842718,-0.4018848240375519,86,4
140,4.289653778076172,27.42006492614746,5.236417184120022,-0.14107585,-0.9964048266410828,86,5
139,4.223755836486816,26.6550235748291,5.162850334343337,-0.10333514,-0.9093728065490723,86,6
138,4.24867057800293,26.79494285583496,5.1763831828637805,-0.10237455,-0.7863085269927979,86,7
144,2.6125848293304443,12.146796226501465,3.48522541975429,0.47357255,0.0076210168190300465,88,1
143,3.2577199935913086,17.965179443359375,4.238535058644599,0.20627755,-0.22446435689926147,88,2
142,3.5593292713165283,21.314481735229492,4.616760957124539,0.049863935,-0.5572082996368408,88,3
141,3.8764119148254395,25.619287490844727,5.061549909943072,-0.14011967,-1.0642529726028442,88,4
140,3.959636688232422,26.43129539489746,5.141137558449245,-0.1712116,-1.0927362442016602,88,5
139,3.8690779209136963,24.70655632019043,4.970569013723724,-0.08798313,-0.9952691197395325,88,6
138,3.8623366355895996,24.311561584472656,4.93067557079886,-0.064792395,-0.7630994319915771,88,7
129,2.29004168510437,8.517897605895996,2.91854374746996,0.46513617,0.1629139482975006,89,1
127,2.9234230518341064,13.7868070602417,3.7130589895989665,0.12197101,-0.17246121168136597,89,2
125,3.16400146484375,15.535024642944336,3.9414495611315816,-0.010314941,-0.49477460980415344,89,3
123,3.1392834186553955,15.459463119506836,3.9318523776340886,-0.023684978,-0.6490747928619385,89,4
121,3.070237636566162,15.420324325561523,3.926872079093171,-0.037006736,-0.5692475438117981,89,5
119,3.051856756210327,14.722440719604492,3.836983283727529,-0.032744646,-0.4856809973716736,89,6
117,3.1123855113983154,14.855813980102539,3.8543240626733164,-0.08074772,-0.7719398736953735,89,7
129,2.1731393337249756,8.316311836242676,2.883801629142108,0.42035007,0.23839494585990906,90,1
127,2.8471033573150635,13.54604434967041,3.6804951228972453,0.03837371,-0.40241101384162903,90,2
125,2.9753100872039795,14.682677268981934,3.8317981769636478,-0.06463361,-0.6120073795318604,90,3
123,3.0205018520355225,14.771718978881836,3.8433994040278763,-0.08296597,-0.38831332325935364,90,4
121,2.9813284873962402,14.287564277648926,3.7798894530989826,-0.063598275,-0.2987838685512543,90,5
119,2.961196184158325,14.12563705444336,3.758408846100083,-0.051136494,-0.5465406775474548,90,6
118,2.9498467445373535,13.553274154663086,3.6814771701944706,-0.008794904,-0.6118454933166504,90,7
144,2.241966962814331,9.577567100524902,3.094764466082177,0.41355383,-0.9151327610015869,91,1
143,3.1863155364990234,16.554765701293945,4.068754809679977,-0.03686464,-1.542177438735962,91,2
142,3.3739306926727295,20.219627380371094,4.496623998109148,-0.28975856,-2.1759674549102783,91,3
141,3.8140013217926025,24.674699783325195,4.967363463984208,-0.5710175,-3.1025092601776123,91,4
140,3.9814095497131348,26.64561653137207,5.1619392219757945,-0.68449724,-3.2751288414001465,91,5
139,3.717738389968872,23.226062774658203,4.81934256664311,-0.45834088,-2.726365327835083,91,6
138,4.240274906158447,28.90936279296875,5.376742767974748,-0.8026253,-3.5688157081604004,91,7
144,5.722902297973633,58.83853530883789,7.670628090895679,0.8941745,1.8489222526550293,95,1
143,8.18651294708252,117.15312194824219,10.823729576640494,0.7878447,1.6761633157730103,95,2
142,9.7085599899292,178.49078369140625,13.360044299754632,0.67567074,-0.24962174892425537,95,3
141,11.824871063232422,286.7498474121094,16.93368971642357,0.4786505,-2.1462528705596924,95,4
140,12.662161827087402,307.15264892578125,17.525770993761764,0.44181687,-0.04628274217247963,95,5
139,13.331377983093262,349.0562438964844,18.683046965002372,0.36532968,0.3295689821243286,95,6
138,13.053675651550293,316.985107421875,17.804075584592283,0.4248985,0.6665146350860596,95,7
144,4.790501117706299,46.04069519042969,6.785329409131858,0.9400923,0.03181775286793709,96,1
143,10.156655311584473,218.51417541503906,14.782224981884124,0.7156384,-0.9723361134529114,96,2
142,12.896615028381348,437.8233337402344,20.92422839055802,0.43113166,-3.7380011081695557,96,3
141,15.324689865112305,524.6802368164062,22.905899607227965,0.32021016,-1.9884332418441772,96,4
140,14.593611717224121,458.3895568847656,21.410034023437834,0.4079216,-2.2584996223449707,96,5
139,14.691452026367188,491.8512878417969,22.177720528534866,0.36654145,-2.1577236652374268,96,6
138,14.606342315673828,468.6714782714844,21.648821637019516,0.39886665,-2.0468075275421143,96,7
144,5.023680210113525,38.64968490600586,6.216887075217456,0.6249704,0.49636051058769226,97,1
143,7.124176979064941,77.29901885986328,8.791986058898368,0.24441189,-0.7583133578300476,97,2
142,7.64684534072876,91.5828628540039,9.569893565448046,0.1032477,-1.0157346725463867,97,3
141,7.93212890625,106.62812042236328,10.326089309238192,-0.044555664,-2.4696719646453857,97,4
140,8.061165809631348,114.16515350341797,10.684809474362094,-0.117752194,-2.2221081256866455,97,5
139,8.610514640808105,126.3459243774414,11.240370295388022,-0.23351467,-3.831744909286499,97,6
138,9.236957550048828,121.56558227539062,11.025678313618197,-0.17842078,0.24574622511863708,97,7
144,4.6219024658203125,32.41328048706055,5.693266240661906,0.6248765,0.13278734683990479,98,1
143,6.150949954986572,58.841552734375,7.670824775366401,0.30362165,-0.9514986276626587,98,2
142,6.5380682945251465,68.8656234741211,8.298531404659567,0.17606884,-0.3061404228210449,98,3
141,6.724551200866699,72.29550170898438,8.502676149835672,0.12938565,-1.1155096292495728,98,4
140,6.570123672485352,69.7068862915039,8.349064995046087,0.15962559,-0.919355571269989,98,5
139,7.053314685821533,84.72696685791016,9.2047252461934,-0.024347186,-2.3275108337402344,98,6
138,7.2796502113342285,80.62481689453125,8.979132301872562,0.0303514,-0.009988867677748203,98,7
144,5.561098575592041,47.45336151123047,6.888640033506648,0.7002044,0.9083719253540039,100,1
143,8.214077949523926,96.31735229492188,9.814140425677731,0.39460516,1.2526452541351318,100,2
142,8.597443580627441,109.89352416992188,10.483011216722124,0.3138048,0.8181779980659485,100,3
141,9.032175064086914,115.12177276611328,10.729481477038547,0.28520465,1.0147700309753418,100,4
140,9.259521484375,121.91470336914062,11.04149914500475,0.24806482,0.10206609964370728,100,5
139,9.388484954833984,124.86650085449219,11.174368029311196,0.23530948,0.3721107244491577,100,6
138,9.759552955627441,135.094970703125,11.623036208457968,0.17483807,1.1154028177261353,100,7
144,6.475525379180908,94.12752532958984,9.701934102517386,0.8169727,-2.14987850189209,101,1
143,9.379419326782227,204.4438934326172,14.29838779137764,0.6019678,-3.116887331008911,101,2
142,9.616857528686523,219.53460693359375,14.816700271436746,0.57299113,-3.875985622406006,101,3
141,9.717170715332031,199.10536193847656,14.110469940383862,0.6133418,-3.689573049545288,101,4
140,10.072209358215332,246.55859375,15.702184362374554,0.52391857,-5.0218000411987305,101,5
139,11.330779075622559,305.0011901855469,17.46428327145282,0.41285855,-6.344358444213867,101,6
138,11.228251457214355,282.5357360839844,16.80879936473704,0.4574346,-6.195883274078369,101,7
144,2.381518840789795,9.734610557556152,3.1200337430156346,0.3473335,-0.018738673999905586,103,1
143,2.7679433822631836,12.336962699890137,3.5124012726182263,0.15952581,0.06630124896764755,103,2
142,2.868269681930542,13.198732376098633,3.6330059697306627,0.10030985,-0.14852188527584076,103,3
141,2.946767807006836,13.962865829467773,3.7366918296091494,0.054867983,0.06546172499656677,103,4
140,2.89136004447937,13.918904304504395,3.730804779736457,0.05488348,-0.03076314926147461,103,5
139,2.952380657196045,14.175702095031738,3.7650633587008517,0.0395841,-0.16741718351840973,103,6
138,3.0332252979278564,15.106130599975586,3.8866605974763972,-0.02007389,-0.7773398756980896,103,7
144,6.036212921142578,54.61982727050781,7.390522800892222,0.6899191,1.912259817123413,104,1
143,8.175052642822266,101.09921264648438,10.054810423199653,0.4252305,1.09066641330719,104,2
142,8.676667213439941,115.65948486328125,10.754509977831685,0.34461367,0.9652723073959351,104,3
141,9.266751289367676,133.73219299316406,11.56426361655441,0.24514955,1.1832923889160156,104,4
140,9.320314407348633,137.8870391845703,11.742531208584047,0.22584754,-0.038007259368896484,104,5
139,9.47793960571289,137.59263610839844,11.72998875141824,0.23099005,0.2296394258737564,104,6
138,9.936873435974121,147.993408203125,12.165254136397028,0.17861795,0.6991719603538513,104,7
144,6.318104267120361,67.40098571777344,8.209810333848976,0.6890693,-1.2702550888061523,105,1
143,8.776957511901855,119.12183380126953,10.914294929186655,0.4464571,-1.0858075618743896,105,2
142,9.4039945602417,140.78330993652344,11.865214281104384,0.34637576,-1.191089391708374,105,3
141,9.1145601272583,141.3280487060547,11.888147404286956,0.34611368,-2.172809362411499,105,4
140,10.424712181091309,171.942626953125,13.112689539264055,0.20924115,-2.3740291595458984,105,5
139,10.607937812805176,176.25416564941406,13.276074933858052,0.19420594,-2.3719851970672607,105,6
138,11.0623140335083,186.24212646484375,13.647055596898687,0.15465486,-1.2165614366531372,105,7
144,5.647706508636475,55.42886734008789,7.4450565706438985,0.709702,0.22597643733024597,106,1
143,8.546523094177246,114.28099060058594,10.690228744072128,0.40156138,-0.43954798579216003,106,2
142,8.89940357208252,130.48468017578125,11.422989108625694,0.31990016,-1.5558152198791504,106,3
141,9.913747787475586,169.1040496826172,13.004001295086724,0.12327075,-2.5493900775909424,106,4
140,9.809965133666992,153.21487426757812,12.377999606866132,0.21077394,-0.5061437487602234,106,5
139,9.89727783203125,156.34942626953125,12.503976418305148,0.19913524,-1.5495003461837769,106,6
138,10.070738792419434,170.15406799316406,13.044311710211623,0.13468271,-2.273696184158325,106,7
144,4.709156036376953,41.050289154052734,6.407049957199704,0.62334275,0.5938371419906616,107,1
143,6.7177252769470215,84.15859985351562,9.173799641016563,0.21052098,-0.71335768699646,107,2
142,7.641627311706543,102.73014068603516,10.1355878313019,0.019497097,-0.49035558104515076,107,3
141,8.045936584472656,111.38898468017578,10.554098004101334,-0.076173425,-1.359146237373352,107,4
140,8.170442581176758,112.27244567871094,10.595869274330962,-0.085357904,-1.278316855430603,107,5
139,7.8495988845825195,111.84855651855469,10.575847791952883,-0.08157623,-1.9177968502044678,107,6
138,8.054876327514648,115.83930969238281,10.762867168760508,-0.115407586,-1.2934685945510864,107,7
129,4.500915050506592,32.066951751708984,5.662768912087883,0.73021257,-0.7699813842773438,108,1
127,7.338400840759277,81.53353118896484,9.029591972451737,0.2973302,-2.001945734024048,108,2
125,7.862255573272705,94.05888366699219,9.69839593267836,0.18530273,-2.1450674533843994,108,3
123,8.841157913208008,116.37090301513672,10.787534612465294,0.00015860796,-2.976499080657959,108,4
121,7.955045700073242,91.25334167480469,9.552661496923498,0.22427827,-0.8787835836410522,108,5
119,8.938131332397461,114.29502868652344,10.690885308828424,0.035497427,-1.8101986646652222,108,6
117,9.139336585998535,127.01344299316406,11.27002409017674,-0.057994604,-2.670799493789673,108,7
144,6.803194046020508,67.78732299804688,8.23330571508473,0.50113237,3.4860053062438965,109,1
143,9.35569953918457,121.93867492675781,11.04258461261483,0.108771026,2.708150625228882,109,2
142,9.797035217285156,129.31411743164062,11.371636532691353,0.060363233,1.8784358501434326,109,3
141,9.652143478393555,127.67921447753906,11.299522754414854,0.07872665,2.1207761764526367,109,4
140,10.093230247497559,134.64984130859375,11.603871824033293,0.035153866,0.7695624232292175,109,5
139,10.27635669708252,138.70692443847656,11.777390391698688,0.013033211,0.5772556662559509,109,6
138,10.230183601379395,137.67068481445312,11.733315167268504,0.015867114,0.555359423160553,109,7
144,3.716094493865967,24.42644500732422,4.942311706815366,0.8923753,0.1451728194952011,1001,1
143,6.380033016204834,69.3069839477539,8.325081618083628,0.6902034,0.49541205167770386,1001,2
142,7.477535724639893,101.62460327148438,10.080902899615905,0.54153824,0.9172107577323914,1001,3
141,8.778375625610352,140.93756103515625,11.871712641196984,0.36190653,-0.15510287880897522,1001,4
140,9.750900268554688,171.89801025390625,13.11098814940759,0.22163874,-1.5000364780426025,1001,5
139,10.124267578125,176.7706298828125,13.29551164426599,0.19915307,0.41910141706466675,1001,6
138,10.877472877502441,206.35545349121094,14.365077566487797,0.06726128,-2.2387168407440186,1001,7
144,7.143990516662598,103.75234985351562,10.185889742850922,0.6034678,-2.299898862838745,1002,1
143,8.941727638244629,166.45864868164062,12.901885470024938,0.3504777,-1.2606329917907715,1002,2
142,10.064908981323242,210.67115783691406,14.514515418604717,0.16507953,0.44572460651397705,1002,3
141,11.674424171447754,249.59690856933594,15.798636288279313,0.006882131,-0.0625254288315773,1002,4
140,11.732239723205566,272.72650146484375,16.51443312574924,-0.08599293,-3.9286272525787354,1002,5
139,11.959124565124512,267.3479919433594,16.3507795515492,-0.065722466,-2.110121250152588,1002,6
138,12.966913223266602,304.60791015625,17.453020086972053,-0.21145475,-1.626516580581665,1002,7
144,4.296014308929443,29.72152328491211,5.45174497614407,0.43416464,-0.6420002579689026,1003,1
143,5.610203266143799,47.0405158996582,6.858608889538622,0.08501142,-0.8236357569694519,1003,2
142,5.740311622619629,51.213653564453125,7.156371536222328,-0.0035225153,-1.309483289718628,1003,3
141,5.70450496673584,51.93925857543945,7.206889660279215,-0.020008087,-1.5131912231445312,1003,4
140,6.278384685516357,62.02318572998047,7.875480031717461,-0.21684027,-2.5367820262908936,1003,5
139,6.1596760749816895,59.71682357788086,7.7276661145446015,-0.17496884,-1.7172081470489502,1003,6
138,6.220158100128174,60.66161346435547,7.788556571300966,-0.18629634,-1.2981772422790527,1003,7
144,7.434231281280518,203.6066131591797,14.269078917687002,0.7867676,-3.3417348861694336,1004,1
143,10.466333389282227,326.4603271484375,18.068213169775188,0.6584255,-3.7782785892486572,1004,2
142,12.094199180603027,442.7002258300781,21.040442624385975,0.53751445,-4.148151874542236,1004,3
141,13.326828002929688,492.33538818359375,22.18863195836088,0.48698282,-3.250917434692383,1004,4
140,14.799638748168945,530.374755859375,23.029866605331758,0.4494995,-2.1027305126190186,1004,5
139,14.808443069458008,524.5372314453125,22.90277781067861,0.45738596,-2.3479039669036865,1004,6
138,16.832134246826172,659.4453735351562,25.679668485694208,0.32091975,-3.087010145187378,1004,7
144,6.233710765838623,135.61676025390625,11.645460929216423,0.85174745,-1.793740153312683,1005,1
143,9.820239067077637,294.21600341796875,17.152725830548587,0.67860985,-3.3867173194885254,1005,2
142,11.189189910888672,344.4482727050781,18.55931767886627,0.62422335,-3.4381818771362305,1005,3
141,13.972103118896484,502.689208984375,22.420731678167307,0.45294982,-2.599860906600952,1005,4
140,14.324782371520996,508.06695556640625,22.540340626672133,0.44919157,-2.917393445968628,1005,5
139,15.113786697387695,501.6479187011719,22.397498045566874,0.45796406,-1.1516762971878052,1005,6
138,17.53078269958496,701.7559204101562,26.490676103303898,0.24511546,-0.9177622199058533,1005,7
129,5.565850257873535,55.291481018066406,7.435824165354262,0.8691138,1.707703709602356,1006,1
127,7.8069634437561035,99.77227020263672,9.988607020132322,0.65479183,3.8596065044403076,1006,2
125,8.071588516235352,107.76141357421875,10.380819503980346,0.5726074,2.1997997760772705,1006,3
123,8.938626289367676,150.3451690673828,12.261532084832744,0.3310995,2.4123153686523438,1006,4
121,9.89345932006836,176.13418579101562,13.2715555151239,0.16477364,2.7770473957061768,1006,5
119,9.868675231933594,199.68014526367188,14.130822526083607,0.01038748,0.28374090790748596,1006,6
117,9.245774269104004,184.7080535888672,13.590734107798122,0.022078812,-0.17301833629608154,1006,7
144,6.256597518920898,141.88314819335938,11.91147128583868,0.84678614,-2.311945676803589,1007,1
143,9.836917877197266,313.0798645019531,17.69406297326742,0.6621301,-3.494837999343872,1007,2
142,10.85507869720459,377.3102111816406,19.424474540682965,0.59324956,-3.972280502319336,1007,3
141,12.55657958984375,442.083984375,21.025793311430604,0.52464974,-4.092820644378662,1007,4
140,13.5078125,505.8009338378906,22.49001853796236,0.457999,-3.558043956756592,1007,5
139,15.166731834411621,616.4736938476562,24.82888829262511,0.34160393,-3.8443567752838135,1007,6
138,16.762075424194336,746.5814819335938,27.323643277088685,0.20605898,-5.028219699859619,1007,7
144,6.333957672119141,100.05602264404297,10.002800739994923,0.88916904,1.3167535066604614,1008,1
143,8.958820343017578,195.7346649169922,13.99052053774241,0.7832818,1.3580883741378784,1008,2
142,9.399637222290039,239.14593505859375,15.464343990567261,0.73551285,-2.451826810836792,1008,3
141,11.85544490814209,376.9660339355469,19.415613148586033,0.58427703,-4.504688739776611,1008,4
140,13.112100601196289,482.3182067871094,21.961744165414306,0.46986073,-5.601968765258789,1008,5
139,14.408287048339844,583.7491455078125,24.160901173338143,0.36044407,-4.62368631362915,1008,6
138,14.677870750427246,580.1118774414062,24.08551177453795,0.36701083,-3.273132562637329,1008,7
144,7.645689964294434,251.769775390625,15.867254815834558,0.815269,-4.00819730758667,1009,1
143,11.073052406311035,412.15411376953125,20.3015790954677,0.698424,-4.606539726257324,1009,2
142,11.934337615966797,464.75726318359375,21.55822959297896,0.6611398,-5.191607475280762,1009,3
141,13.448831558227539,573.0343627929688,23.938136159546104,0.5840064,-5.860899448394775,1009,4
140,13.955738067626953,596.57470703125,24.42487885397285,0.5690252,-5.234349250793457,1009,5
139,14.254678726196289,614.7006225585938,24.793156768725392,0.5580411,-4.797910690307617,1009,6
138,16.090593338012695,744.38037109375,27.283335043461054,0.4677322,-4.361383438110352,1009,7
144,5.176370620727539,66.39610290527344,8.148380385406258,0.9229384,0.9779281616210938,1010,1
143,10.168094635009766,209.3303680419922,14.468253800718045,0.75704736,4.951589107513428,1010,2
142,10.566898345947266,251.1727752685547,15.84843131885786,0.7087792,2.415435791015625,1010,3
141,13.859502792358398,427.1993103027344,20.668800407927268,0.50597894,2.9817206859588623,1010,4
140,13.96070671081543,495.0255432128906,22.24916949490229,0.42961633,0.18711721897125244,1010,5
139,14.367897033691406,494.1401062011719,22.22926238544977,0.43252784,1.4341787099838257,1010,6
138,15.863850593566895,621.7776489257812,24.93546969531116,0.28912747,-1.3750724792480469,1010,7
144,4.803177833557129,57.39110565185547,7.575691760615361,0.8909875,-0.19868510961532593,1011,1
143,7.876570701599121,124.71612548828125,11.167637417479188,0.76192915,0.9792841076850891,1011,2
142,9.060874938964844,162.1974334716797,12.735675618972072,0.68978596,0.08350211381912231,1011,3
141,10.899982452392578,212.7823944091797,14.587062569591579,0.593323,0.555919885635376,1011,4
140,11.787955284118652,247.22555541992188,15.723407881878593,0.5282857,0.7270981073379517,1011,5
139,11.425894737243652,247.2721405029297,15.724889204790273,0.52868414,-0.49910202622413635,1011,6
138,11.823972702026367,246.63682556152344,15.704675277175374,0.5313655,-0.5018489956855774,1011,7
129,5.733264923095703,60.07378387451172,7.750727957715438,0.8997828,1.3009673357009888,1012,1
127,8.676647186279297,134.94224548339844,11.616464414071883,0.77365744,0.29755648970603943,1012,2
126,10.219866752624512,201.9237823486328,14.209988822959462,0.6622567,-1.2301911115646362,1012,3
125,11.492233276367188,245.525146484375,15.669242052006696,0.59120154,-0.7522236108779907,1012,4
124,12.70885181427002,282.0501403808594,16.794348465506467,0.5331154,-0.03503211960196495,1012,5
123,11.638043403625488,229.97451782226562,15.1649107423112,0.6213057,1.0078729391098022,1012,6
122,11.435151100158691,220.79478454589844,14.859165001637825,0.63712776,0.5176358222961426,1012,7
144,5.016931056976318,51.98597717285156,7.210130177247257,0.8843736,1.1103123426437378,1014,1
143,6.755418300628662,93.42146301269531,9.665477898826074,0.7907501,1.3617335557937622,1014,2
142,8.832487106323242,161.94532775878906,12.725774151649441,0.63532805,1.9462834596633911,1014,3
141,10.614690780639648,235.22598266601562,15.337078687482034,0.46901917,-0.08425416052341461,1014,4
140,11.715508460998535,278.3266296386719,16.683124097083013,0.37236214,-0.7103439569473267,1014,5
139,12.409579277038574,303.1922302246094,17.41241597896769,0.3170451,1.1218785047531128,1014,6
138,12.596915245056152,320.54669189453125,17.9038178022044,0.27926838,0.7221776247024536,1014,7
144,6.3251566886901855,125.40147399902344,11.198279957164111,0.894529,-0.6390692591667175,1015,1
143,8.673928260803223,199.38612365722656,14.120415137566832,0.83255386,-1.3467411994934082,1015,2
142,9.697565078735352,240.07498168945312,15.494353219462022,0.7988088,-2.5226144790649414,1015,3
141,11.903908729553223,348.1806640625,18.659599783020536,0.7090088,-2.160611152648926,1015,4
140,13.100957870483398,489.552001953125,22.125822062764698,0.59218675,-3.458979606628418,1015,5
139,15.19083023071289,650.2098999023438,25.499213711452825,0.4600984,-3.4863979816436768,1015,6
138,16.747116088867188,780.4818115234375,27.93710456585359,0.35461992,-5.241495609283447,1015,7
144,4.731362819671631,56.082794189453125,7.488844649841064,0.86940086,-1.356031894683838,1016,1
143,6.186255931854248,82.77085876464844,9.097849128483524,0.80580264,-0.3930842876434326,1016,2
142,8.130972862243652,136.7107696533203,11.692338074710307,0.677454,-0.42920157313346863,1016,3
141,8.92656421661377,160.31813049316406,12.661679607902107,0.6208398,0.5162256956100464,1016,4
140,11.800918579101562,257.7186584472656,16.053618235378142,0.39112693,0.37689733505249023,1016,5
139,11.625732421875,274.4140319824219,16.565446929751754,0.35234386,-0.9171928763389587,1016,6
138,11.915974617004395,283.2566223144531,16.830229419543073,0.33268082,-0.5463802814483643,1016,7
144,4.810178279876709,57.99781799316406,7.6156298487494825,0.9327176,-0.6513451337814331,1017,1
143,8.707104682922363,183.12644958496094,13.532422162531027,0.7874013,-2.4421558380126953,1017,2
142,10.856582641601562,314.62982177734375,17.73780769366225,0.6346562,-4.0131611824035645,1017,3
141,11.741416931152344,357.806884765625,18.915784011391782,0.58523196,-4.602253437042236,1017,4
140,14.887991905212402,565.5478515625,23.78125,0.3463421,-5.76752233505249,1017,5
139,15.717785835266113,652.0219116210938,25.534719728657564,0.24854237,-5.922876358032227,1017,6
138,16.5131893157959,691.4893798828125,26.296185652729417,0.20600128,-6.244253158569336,1017,7
144,5.350799560546875,47.90794372558594,6.921556452531897,0.91402763,2.5780115127563477,1018,1
143,7.2343034744262695,96.85205841064453,9.841344339603433,0.82628775,3.4792063236236572,1018,2
142,8.823561668395996,150.2593994140625,12.258034076231903,0.7307696,3.167079210281372,1018,3
141,10.170022010803223,204.375,14.295978455495797,0.6351536,2.6246232986450195,1018,4
140,11.544642448425293,273.21771240234375,16.529298605879916,0.5137596,1.9768458604812622,1018,5
139,11.940320014953613,315.16571044921875,17.752907098535122,0.4406014,-0.3683958947658539,1018,6
138,13.107815742492676,343.8995056152344,18.54452764605328,0.3914528,0.5984888672828674,1018,7
144,5.163700580596924,86.39473724365234,9.294876935368878,0.94100356,-1.1018308401107788,1019,1
143,7.421696662902832,178.06036376953125,13.34392610027241,0.87873805,-3.215151309967041,1019,2
142,9.767539978027344,295.4859313964844,17.18970422655621,0.79939437,-4.415491104125977,1019,3
141,12.331385612487793,459.60931396484375,21.438500739670292,0.68921447,-5.138024806976318,1019,4
140,13.502997398376465,599.371337890625,24.482061553117315,0.5964166,-7.038448333740234,1019,5
139,15.120820045471191,662.130615234375,25.731898787970838,0.556007,-5.953011512756348,1019,6
138,14.744407653808594,680.5965576171875,26.08824558335013,0.54580295,-5.017201900482178,1019,7
144,5.15186882019043,67.09345245361328,8.191059299847199,0.8772737,-0.7063466310501099,1020,1
143,8.090187072753906,165.09291076660156,12.848848616378106,0.69783485,-0.1352684199810028,1020,2
142,9.581291198730469,200.76654052734375,14.169211005816228,0.63249826,-0.2622104585170746,1020,3
141,11.931578636169434,304.6112365722656,17.453115382998693,0.44444758,0.722538948059082,1020,4
140,13.558387756347656,364.9049377441406,19.102485119589563,0.3361746,0.2912314236164093,1020,5
139,12.76557445526123,354.38092041015625,18.825007846217655,0.3566711,-0.21745772659778595,1020,6
138,13.65298843383789,409.4237060546875,20.234221162542617,0.2586075,-1.3935047388076782,1020,7
144,5.857673645019531,114.14820861816406,10.684016502147685,0.8990286,-1.8116683959960938,1021,1
143,8.365039825439453,224.6311798095703,14.987700951432489,0.80163854,-2.8404653072357178,1021,2
142,9.888616561889648,308.1494140625,17.554185086824738,0.7284856,-3.4349751472473145,1021,3
141,11.618160247802734,382.397705078125,19.554991819945233,0.664245,-1.915080189704895,1021,4
140,13.08255386352539,534.8726806640625,23.127314601225592,0.53217125,-3.6450743675231934,1021,5
139,13.186498641967773,528.8024291992188,22.995704581491275,0.5392117,-3.4384732246398926,1021,6
138,15.019524574279785,632.8425903320312,25.15636282001099,0.45101923,-4.142190456390381,1021,7
144,4.315849304199219,52.567481994628906,7.250343577695398,0.89065045,-1.8846811056137085,1022,1
143,7.263145923614502,133.686279296875,11.562278291793318,0.72116345,-2.5124051570892334,1022,2
142,8.15784740447998,161.576416015625,12.711271219497482,0.66271925,-2.7101974487304688,1022,3
141,8.844925880432129,177.95777893066406,13.340081668815378,0.629086,-1.1480509042739868,1022,4
140,10.016016960144043,225.17567443847656,15.00585467204306,0.5319555,-1.3621840476989746,1022,5
139,10.330150604248047,227.71791076660156,15.090325071601391,0.52783024,-0.793705940246582,1022,6
138,11.484460830688477,280.3486022949219,16.74361377644987,0.42106783,-1.7374614477157593,1022,7
144,7.179351806640625,233.55772399902344,15.28259546016394,0.8296584,-3.782987356185913,1023,1
143,11.005017280578613,510.6225280761719,22.596958381078014,0.62916327,-5.3208537101745605,1023,2
142,12.518738746643066,626.330078125,25.026587424676983,0.5471399,-6.149952411651611,1023,3
141,13.921414375305176,744.2172241210938,27.280345014700487,0.46418035,-5.112750053405762,1023,4
140,13.924846649169922,696.6669921875,26.394450026236576,0.5007324,-5.829496383666992,1023,5
139,14.580196380615234,722.854248046875,26.885948896159032,0.48429638,-5.86857795715332,1023,6
138,15.149463653564453,790.755126953125,28.120368542270654,0.4385062,-6.503799915313721,1023,7
144,6.112020015716553,137.18328857421875,11.712526993532128,0.86491513,-1.7130343914031982,1024,1
143,10.370610237121582,381.9035339355469,19.54235231325919,0.6243193,-5.207883358001709,1024,2
142,11.045340538024902,352.9850158691406,18.78789546141719,0.653338,-4.110640525817871,1024,3
141,11.52023696899414,387.7731018066406,19.691955256059277,0.620168,-4.788619041442871,1024,4
140,13.291672706604004,439.2197265625,20.95756967213756,0.57131535,-3.962017297744751,1024,5
139,14.646150588989258,537.4647827148438,23.18328671079327,0.4771948,-3.6067004203796387,1024,6
138,15.695577621459961,597.97900390625,24.453609220445355,0.42089438,-4.355273246765137,1024,7
144,2.7119052410125732,13.671567916870117,3.6975083389858794,0.41243964,0.11518356204032898,1025,1
143,3.588094711303711,22.002262115478516,4.690656895945227,0.036364973,-0.23318001627922058,1025,2
142,3.7371227741241455,24.016740798950195,4.9006877883568745,-0.067502856,-0.8349782824516296,1025,3
141,3.8089020252227783,23.891111373901367,4.8878534525803214,-0.059198737,-0.6166607737541199,1025,4
140,3.795844793319702,25.098745346069336,5.0098648031727695,-0.12050021,-1.324701189994812,1025,5
139,3.912717580795288,24.762062072753906,4.976149321790285,-0.09933329,-0.5170620679855347,1025,6
138,3.97819447517395,26.358165740966797,5.134020426621499,-0.16338241,-1.2165522575378418,1025,7
129,5.5950703620910645,62.179203033447266,7.885379067200718,0.90352094,-0.4722525477409363,1026,1
127,8.62624740600586,130.84730529785156,11.438850698293582,0.79730964,-1.205415964126587,1026,2
125,10.297077178955078,192.35995483398438,13.869389129806128,0.7020594,-1.7433598041534424,1026,3
123,11.657134056091309,274.6420593261719,16.57232812027845,0.57620215,-3.6513075828552246,1026,4
121,13.738607406616211,390.2701110839844,19.755255277621306,0.3997066,-5.439543724060059,1026,5
119,15.366416931152344,482.17755126953125,21.958541647147957,0.2615869,-5.769113063812256,1026,6
117,16.434356689453125,531.9766235351562,23.064618434631782,0.1905536,-4.124953269958496,1026,7
129,4.833312511444092,48.9344482421875,6.995316164562364,0.92934865,0.23050707578659058,1027,1
127,6.97975492477417,106.28178405761719,10.309305702015882,0.8474244,0.12055482715368271,1027,2
125,8.94763469696045,181.63296508789062,13.477127479099195,0.740967,0.09995117038488388,1027,3
123,11.431184768676758,295.77935791015625,17.19823705820327,0.58182263,0.023385025560855865,1027,4
121,12.369214057922363,369.4583435058594,19.22129921482571,0.48323184,-2.226182699203491,1027,5
119,12.699385643005371,364.86181640625,19.10135640226238,0.4946214,-2.6080381870269775,1027,6
117,14.789107322692871,509.1460266113281,22.564264371153964,0.30110013,-4.694474220275879,1027,7
144,4.239750385284424,37.86410903930664,6.153381918856219,0.920302,0.29224851727485657,1028,1
143,7.013110160827637,106.90595245361328,10.33953347369277,0.77362174,-0.4488689601421356,1028,2
142,8.203999519348145,152.47608947753906,12.348120888521422,0.6760099,-0.17419874668121338,1028,3
141,9.65478515625,210.21998596191406,14.498964996230388,0.55316997,0.05086122453212738,1028,4
140,11.492621421813965,297.2827453613281,17.241889263109428,0.3692035,-0.3157474994659424,1028,5
139,12.541864395141602,355.29449462890625,18.84925713732258,0.24691945,-2.39570689201355,1028,6
138,13.402143478393555,397.37969970703125,19.934384859007594,0.16009492,-2.5105700492858887,1028,7
144,4.399581432342529,40.70159149169922,6.37977989367182,0.9252645,0.20837508141994476,1029,1
143,6.874241352081299,109.89436340332031,10.483051244905765,0.79730946,-0.7695893049240112,1029,2
142,8.078561782836914,158.33778381347656,12.583234235023863,0.7072047,-0.590158998966217,1029,3
141,9.970619201660156,241.3651580810547,15.535931194526277,0.5538195,-0.8070275187492371,1029,4
140,11.115691184997559,283.92340087890625,16.85002673229055,0.47616726,-0.8413686752319336,1029,5
139,11.517387390136719,306.2707824707031,17.500593774803846,0.4356495,-0.6589324474334717,1029,6
138,12.502264976501465,308.02899169921875,17.550754733036946,0.43403023,-0.6280868053436279,1029,7
144,3.921725034713745,27.314226150512695,5.226301383436732,0.90139204,0.7544600963592529,1031,1
143,5.803066253662109,55.099815368652344,7.422924987405729,0.7994367,1.92367422580719,1031,2
142,7.128145694732666,87.06460571289062,9.330841640114285,0.6815735,2.113682270050049,1031,3
141,8.242167472839355,118.66946411132812,10.893551492113493,0.5652534,1.7834570407867432,1031,4
140,8.454572677612305,136.7920379638672,11.69581283895511,0.49935925,0.38447004556655884,1031,5
139,9.161848068237305,153.34158325195312,12.383116863373015,0.43912536,0.740204393863678,1031,6
138,9.861948013305664,161.54197692871094,12.709916480005324,0.41099507,1.1519403457641602,1031,7
144,4.101446151733398,29.56212615966797,5.43710641423064,0.8040357,0.382196843624115,1032,1
143,7.018723011016846,84.48098754882812,9.191353956236705,0.42563325,1.6318928003311157,1032,2
142,7.655484199523926,99.11649322509766,9.955726654800124,0.31552684,0.38861533999443054,1032,3
141,8.746871948242188,116.8950424194336,10.811801071950667,0.18815655,1.4414646625518799,1032,4
140,8.512662887573242,112.45907592773438,10.604672363054616,0.21797001,0.006926291156560183,1032,5
139,8.381274223327637,111.49217224121094,10.5589853793445,0.22287875,-0.6049113273620605,1032,6
138,8.34540843963623,114.14878845214844,10.684043637693943,0.206307,-0.10423314571380615,1032,7
144,3.540241241455078,19.547712326049805,4.421279489700895,0.8432422,0.004413670860230923,1033,1
143,5.591102123260498,52.50337600708008,7.245921335971022,0.56937814,0.03590016812086105,1033,2
142,6.9260053634643555,80.0484848022461,8.946981882302326,0.3345024,-0.7301909923553467,1033,3
141,7.858061790466309,97.94609832763672,9.896772116586131,0.18093693,-1.8156859874725342,1033,4
140,8.124645233154297,109.2001953125,10.449889727288992,0.08529329,-1.5989083051681519,1033,5
139,8.651888847351074,104.51567840576172,10.22329097726176,0.12282771,1.0639094114303589,1033,6
138,8.65334701538086,115.29940032958984,10.737755833021621,0.034947097,-0.6273583769798279,1033,7
121,3.9846842288970947,28.149986267089844,5.305656063776642,0.8737239,-0.2688268721103668,1034,1
119,5.906574726104736,57.23482131958008,7.565369873283135,0.74426734,0.9835991263389587,1034,2
117,7.471885681152344,90.6787109375,9.522537001109526,0.59763503,1.986303448677063,1034,3
115,8.07080078125,106.50016021728516,10.319891482825057,0.53102314,1.587546706199646,1034,4
113,8.626884460449219,117.44916534423828,10.837396612851183,0.48728806,-0.2460174560546875,1034,5
111,9.743026733398438,136.88726806640625,11.69988325011862,0.4107989,3.148367404937744,1034,6
109,8.630766868591309,107.8302001953125,10.384132134912022,0.5430465,2.958556652069092,1034,7
142,3.2946300506591797,20.206979751586914,4.4952174309578075,0.91486496,0.5923119187355042,1035,1
141,5.660802841186523,52.71815872192383,7.260727148290578,0.7754184,0.36464935541152954,1035,2
140,6.813358783721924,83.69513702392578,9.148504633213332,0.6413919,-0.01734619215130806,1035,3
139,8.172248840332031,117.05757904052734,10.81931509110107,0.49757564,-1.1021769046783447,1035,4
138,7.877097129821777,110.4858169555664,10.51122338053789,0.5262079,0.043181709945201874,1035,5
137,8.383816719055176,128.89639282226562,11.35325472374621,0.44727975,-0.34326761960983276,1035,6
136,8.815129280090332,127.29879760742188,11.28267688128229,0.45574653,0.9694371223449707,1035,7
144,5.344365119934082,43.92942810058594,6.62792788890962,0.75122774,0.4611544609069824,1036,1
143,8.986209869384766,123.42542266845703,11.109699485965272,0.294788,0.26493147015571594,1036,2
142,9.149714469909668,125.18873596191406,11.188777232652104,0.28411913,0.5888158082962036,1036,3
141,9.138346672058105,134.65829467773438,11.604236066098206,0.2300201,-1.048425555229187,1036,4
140,9.390495300292969,147.077880859375,12.127566980205675,0.16113412,-1.1416511535644531,1036,5
139,9.462766647338867,139.19219970703125,11.797974389997261,0.20756668,-1.0305322408676147,1036,6
138,9.759252548217773,140.04275512695312,11.833966162151771,0.20773548,-1.010480523109436,1036,7
144,5.146847724914551,42.787322998046875,6.541201953620365,0.7308159,1.0008841753005981,1037,1
143,7.808671474456787,96.85832214355469,9.841662570092245,0.3779347,1.2137010097503662,1037,2
142,8.935760498046875,122.8174819946289,11.08230490442439,0.20508873,-0.021141065284609795,1037,3
141,10.684606552124023,164.202880859375,12.81416719335966,-0.057725668,-1.322472095489502,1037,4
140,10.389545440673828,174.8935546875,13.22473268869734,-0.11914563,-4.373246669769287,1037,5
139,10.883256912231445,185.82962036132812,13.631933845252043,-0.18100214,-3.808180093765259,1037,6
138,10.703800201416016,184.6492919921875,13.588572110129434,-0.16560459,-3.699157238006592,1037,7
129,3.7125930786132812,26.435970306396484,5.141592195652674,0.89687335,0.3858262896537781,1038,1
127,5.980605602264404,65.43863677978516,8.089415107397144,0.74225914,0.5254594087600708,1038,2
125,7.847602844238281,115.31852722167969,10.738646433404895,0.54453725,0.5086711049079895,1038,3
123,9.32661247253418,152.10263061523438,12.332989524654367,0.40212184,0.9876149296760559,1038,4
121,9.97314739227295,181.077392578125,13.456500012192063,0.2938308,-0.7002856135368347,1038,5
119,11.307985305786133,227.5352325439453,15.084271031241295,0.11667937,-0.005001196172088385,1038,6
117,11.878934860229492,236.0095977783203,15.362603873638099,0.091089666,-0.027658935636281967,1038,7
144,3.994612455368042,24.334243774414062,4.932975144313426,0.7517346,1.0774751901626587,1039,1
143,6.038757801055908,56.218353271484375,7.497889921270142,0.41493285,0.9340658187866211,1039,2
142,6.104876518249512,63.10703659057617,7.943993743110337,0.33619893,1.2867329120635986,1039,3
141,7.7659125328063965,91.15838623046875,9.547690099205607,0.036579728,-0.21209684014320374,1039,4
140,7.692479610443115,100.73013305664062,10.036440258211107,-0.06637001,-1.651974081993103,1039,5
139,7.499499320983887,86.92943572998047,9.32359564384795,0.07841343,-0.019919484853744507,1039,6
138,7.489949703216553,88.96552276611328,9.4321536653149,0.061856925,-1.2250545024871826,1039,7
144,4.072080612182617,26.20102882385254,5.118694054527242,0.7531632,1.2228761911392212,1040,1
143,5.797632217407227,52.09646224975586,7.217787905567457,0.5024438,1.0646127462387085,1040,2
142,6.94624662399292,73.76914978027344,8.588896889605406,0.29076934,0.2142592817544937,1040,3
141,7.783219337463379,91.7418441772461,9.578196290390279,0.11499351,0.9099740982055664,1040,4
140,8.15843391418457,108.98905944824219,10.4397825383598,-0.05273485,-2.5907840728759766,1040,5
139,7.757750988006592,99.15990447998047,9.957906631415081,0.042251587,-1.5641189813613892,1040,6
138,8.610760688781738,112.55061340332031,10.608987388215725,-0.08062303,-0.7805145978927612,1040,7
114,4.819173812866211,36.05463790893555,6.004551432782931,0.612012,0.12762221693992615,1041,1
111,6.742260456085205,69.67420959472656,8.34710785809831,0.23264539,0.33539360761642456,1041,2
108,6.643490314483643,68.96048736572266,8.304245141234853,0.23943514,0.25404489040374756,1041,3
105,7.268501281738281,86.9650650024414,9.325506152613992,0.041065216,-0.18264050781726837,1041,4
103,6.9793219566345215,84.13098907470703,9.172294646090858,0.08216816,-1.1084030866622925,1041,5
101,7.210063457489014,88.3433609008789,9.39911489986578,0.040811002,-1.0194979906082153,1041,6
99,7.441555500030518,93.73480987548828,9.681673919084876,-0.016926408,-1.7253185510635376,1041,7
144,3.85436749458313,23.309022903442383,4.8279418910590035,0.8087551,0.02713976986706257,1042,1
143,5.855031490325928,56.40675354003906,7.510442965633856,0.5303769,-0.11213449388742447,1042,2
142,6.452805519104004,69.40460205078125,8.330942446733218,0.41817975,0.05369820445775986,1042,3
141,6.985386848449707,78.06291961669922,8.835322270109858,0.3440326,-0.1668415516614914,1042,4
140,7.789412975311279,95.62813568115234,9.778963937000297,0.19728476,-1.9554129838943481,1042,5
139,7.910489082336426,94.77384185791016,9.735185763913812,0.2048912,-1.3874882459640503,1042,6
138,8.524076461791992,115.8296127319336,10.762416677119205,0.033161342,-2.9740612506866455,1042,7
144,7.884156227111816,91.26858520507812,9.553459331837768,0.79494625,3.2733752727508545,1043,1
143,11.283015251159668,188.34744262695312,13.723973281340689,0.57863617,2.6349987983703613,1043,2
142,12.715524673461914,251.50616455078125,15.858945883972908,0.4406153,-0.20382368564605713,1043,3
141,14.828974723815918,327.93646240234375,18.109016052849025,0.2755565,-0.5579150319099426,1043,4
140,13.266453742980957,268.71929931640625,16.392659921940865,0.4105813,-1.8282314538955688,1043,5
139,14.495856285095215,306.4949645996094,17.506997589524293,0.33252364,-0.09358753263950348,1043,6
138,13.863058090209961,273.4678649902344,16.536863819667694,0.40841544,0.770534873008728,1043,7
114,6.5372700691223145,66.42778015136719,8.150323929229266,0.5685953,-0.027441643178462982,1045,1
111,9.436117172241211,138.61802673339844,11.773615703487117,0.06415135,-1.1819778680801392,1045,2
108,9.691307067871094,150.02525329589844,12.248479632015496,-0.037268996,-1.4845268726348877,1045,3
105,9.818344116210938,162.41722106933594,12.74430151359171,-0.20837283,-4.285323143005371,1045,4
103,9.744582176208496,156.0826873779297,12.493305702572465,-0.14751172,-2.2433042526245117,1045,5
101,10.136736869812012,167.55902099609375,12.944459084724002,-0.21386874,-3.317854166030884,1045,6
99,9.627228736877441,160.66529846191406,12.6753815903867,-0.15625393,-1.537514567375183,1045,7
144,4.583730220794678,33.37569808959961,5.777170422412654,0.8218819,0.32454946637153625,1046,1
143,6.949428081512451,79.45476531982422,8.913740254226854,0.5711534,0.014558271504938602,1046,2
142,7.7237701416015625,95.06341552734375,9.750046950007151,0.48407936,1.0087252855300903,1046,3
141,8.82172679901123,128.85760498046875,11.351546369568718,0.30060828,0.2070220559835434,1046,4
140,8.310102462768555,113.25003814697266,10.641900119197354,0.3878857,0.46819600462913513,1046,5
139,9.790694236755371,144.5417938232422,12.022553548362435,0.22135764,1.9987070560455322,1046,6
138,10.155670166015625,155.43511962890625,12.467362176054174,0.16642648,1.5896142721176147,1046,7
117,5.317625045776367,42.62508010864258,6.528788563634342,0.81257737,1.6199188232421875,1047,1
115,8.144336700439453,101.8951416015625,10.094312339211745,0.55903137,0.8523672819137573,1047,2
113,9.336166381835938,127.06253814697266,11.272202009677287,0.4578688,2.965298652648926,1047,3
111,10.48483943939209,165.8560333251953,12.878510524326767,0.30060393,2.0307774543762207,1047,4
109,9.569135665893555,149.44744873046875,12.224870090535472,0.3744939,-0.3507652282714844,1047,5
107,9.426467895507812,150.8967742919922,12.284004814879884,0.36806774,0.08615683019161224,1047,6
105,8.587541580200195,131.67904663085938,11.475149089700725,0.44590575,-1.0396180152893066,1047,7
144,8.498981475830078,107.06279754638672,10.347115421526269,0.80545026,1.2866779565811157,1048,1
143,11.488041877746582,202.7798614501953,14.240079404630977,0.6333019,0.6969621777534485,1048,2
142,12.841551780700684,263.49810791015625,16.23262480038753,0.5263595,-0.29470428824424744,1048,3
141,14.430913925170898,322.3486328125,17.95407009044189,0.42453355,0.5401177406311035,1048,4
140,15.180074691772461,353.67816162109375,18.80633301898841,0.37307096,-0.38781455159187317,1048,5
139,15.297567367553711,337.05963134765625,18.359183842089937,0.40679568,0.2541991174221039,1048,6
138,15.517497062683105,364.4488220214844,19.090542737740183,0.36285287,-0.07137132436037064,1048,7
144,5.358738899230957,43.56740951538086,6.600561303054525,0.8123616,0.1565181016921997,1049,1
143,7.752012252807617,97.71318054199219,9.8849977512386,0.5764849,0.16509942710399628,1049,2
142,8.530795097351074,106.63018798828125,10.326189422448207,0.5373642,0.3278900980949402,1049,3
141,9.159828186035156,131.71067810058594,11.476527266581382,0.43059468,-0.4038771986961365,1049,4
140,8.379171371459961,106.3674545288086,10.313459871876585,0.54237723,-0.6585662961006165,1049,5
139,8.741089820861816,114.18096923828125,10.685549552469505,0.5104582,1.0748252868652344,1049,6
138,7.93063497543335,100.77582550048828,10.03871632732434,0.57021683,0.42752355337142944,1049,7
129,5.445549488067627,42.7366828918457,6.537329951275651,0.7250911,0.10295420140028,1050,1
127,7.738523960113525,82.52725982666016,9.08445154242457,0.46393496,-0.04647073149681091,1050,2
125,8.242321968078613,101.19981384277344,10.059811819451367,0.33610463,-2.603889226913452,1050,3
123,8.189582824707031,104.30335998535156,10.212901643771547,0.31109315,-3.9852466583251953,1050,4
121,8.900829315185547,121.54098510742188,11.024562807994785,0.20022196,-4.636425018310547,1050,5
119,9.159578323364258,127.87974548339844,11.308392701148932,0.16823262,-5.130857944488525,1050,6
117,9.342658996582031,127.61388397216797,11.296631532105842,0.17989755,-3.998724937438965,1050,7
144,4.745351314544678,34.68941116333008,5.889771741190831,0.7042469,0.21054299175739288,1051,1
143,7.651516437530518,85.39186096191406,9.240771664851051,0.26575863,-0.33417829871177673,1051,2
142,8.10984992980957,96.84943389892578,9.841210997581841,0.1666348,-1.299525260925293,1051,3
141,8.092020034790039,94.09269714355469,9.700139027021967,0.1914702,-2.091329574584961,1051,4
140,7.534024715423584,85.61141967773438,9.25264392904722,0.2674399,-1.1439495086669922,1051,5
139,7.824331283569336,83.09864044189453,9.115845569221461,0.29134476,-1.4766610860824585,1051,6
138,8.05882740020752,99.88610076904297,9.994303415898628,0.15404326,-2.47289776802063,1051,7
144,5.440958499908447,47.49659729003906,6.891777513097696,0.65095925,1.232049822807312,1052,1
143,7.683104515075684,88.48758697509766,9.406784093147756,0.34855688,0.6155520081520081,1052,2
142,8.19754409790039,105.56275939941406,10.274373917636737,0.22564346,-0.1733977347612381,1052,3
141,8.456151962280273,106.19050598144531,10.304877776152676,0.22412783,-1.8868554830551147,1052,4
140,8.918852806091309,119.2926025390625,10.922115295997497,0.13282222,-2.0064220428466797,1052,5
139,8.689920425415039,113.64491271972656,10.660436797792414,0.17686266,-1.3330790996551514,1052,6
138,8.970597267150879,118.1793441772461,10.871032341836083,0.15000594,-1.1634303331375122,1052,7
129,7.031611442565918,70.26688385009766,8.382534452663924,0.62158775,1.8636685609817505,1053,1
127,10.031164169311523,131.83082580566406,11.481760570821187,0.29816455,1.1729044914245605,1053,2
125,10.728096961975098,153.61558532714844,12.3941754597532,0.1902448,1.920042872428894,1053,3
123,11.201639175415039,166.59182739257812,12.907045649279238,0.12827748,0.03238888829946518,1053,4
121,12.085700988769531,189.1798858642578,13.754267914515037,0.023936093,1.3038904666900635,1053,5
119,11.202933311462402,165.73313903808594,12.873738347429853,0.1500212,2.2647910118103027,1053,6
117,11.32824993133545,168.5740509033203,12.98360700665729,0.13104439,1.4655693769454956,1053,7
144,4.55536413192749,32.74250793457031,5.722106948893066,0.6787038,-0.07027366757392883,1054,1
143,7.010043144226074,74.6015625,8.637219604710767,0.26202524,-0.5184738636016846,1054,2
142,7.86257791519165,93.65816497802734,9.67771486343896,0.07454032,-0.3830593228340149,1054,3
141,7.763774871826172,91.40711212158203,9.560706674800876,0.09877545,-1.4039816856384277,1054,4
140,8.224663734436035,107.48611450195312,10.367551036862713,-0.05386579,-1.6149507761001587,1054,5
139,8.027690887451172,107.44426727294922,10.365532657463833,-0.05041492,-1.931887149810791,1054,6
138,8.89069938659668,124.42510223388672,11.154600048136496,-0.21014309,-2.9426608085632324,1054,7
144,5.40635871887207,51.07053756713867,7.146365339607168,0.6808828,-1.1386688947677612,1055,1
143,8.790462493896484,126.94061279296875,11.266792480247817,0.20370609,-3.374823808670044,1055,2
142,9.909757614135742,157.80308532714844,12.561969802827438,0.013074458,-3.018244743347168,1055,3
141,10.436945915222168,175.84634399414062,13.260706768273726,-0.09543407,-4.263882637023926,1055,4
140,10.413203239440918,176.36993408203125,13.280434258036566,-0.091178656,-3.515043258666992,1055,5
139,10.071534156799316,158.11859130859375,12.574521514101193,0.025580704,-2.510483741760254,1055,6
138,10.702406883239746,176.93435668945312,13.301667440191592,-0.08999777,-5.2974958419799805,1055,7
144,5.80961799621582,57.21681213378906,7.564179541350738,0.62553585,0.06319708377122879,1056,1
143,8.238110542297363,104.70986938476562,10.23278404857474,0.3115039,-0.805367112159729,1056,2
142,8.944486618041992,128.1568603515625,11.320638690089995,0.15954047,0.34912121295928955,1056,3
141,9.183379173278809,137.18067932128906,11.712415605727498,0.10377222,-0.04924920201301575,1056,4
140,9.621658325195312,143.79151916503906,11.991310152149309,0.0667932,-0.970428466796875,1056,5
139,9.462026596069336,143.453125,11.977191866209708,0.07258421,-0.5662616491317749,1056,6
138,9.62348747253418,145.97442626953125,12.081987678752666,0.05649042,-1.4535835981369019,1056,7
144,4.573903560638428,31.823387145996094,5.641222132303965,0.6707258,-0.7027072906494141,1057,1
143,6.68373966217041,72.65006256103516,8.523500604859201,0.23960698,-1.0525323152542114,1057,2
142,7.3265604972839355,82.0830307006836,9.059968581660954,0.14102703,-1.0262236595153809,1057,3
141,7.600513935089111,87.28216552734375,9.342492468680065,0.08799195,-0.904224157333374,1057,4
140,8.232083320617676,100.73088073730469,10.036477506441425,-0.04591918,-2.871593713760376,1057,5
139,8.125977516174316,103.66055297851562,10.181382665361106,-0.07591307,-1.2723504304885864,1057,6
138,8.467721939086914,112.59037017822266,10.610860953674901,-0.16146314,-0.4072599411010742,1057,7
135,4.93145227432251,37.187255859375,6.098135441212748,0.50030494,0.05119428411126137,1058,1
134,6.020418167114258,56.45499801635742,7.513654105450784,0.24530643,-0.8151500225067139,1058,2
133,5.986571311950684,60.79937744140625,7.797395555017474,0.18363827,-0.3064945340156555,1058,3
132,5.7375922203063965,56.185916900634766,7.495726575898748,0.23779726,-0.5785865783691406,1058,4
131,6.017061710357666,60.73712158203125,7.793402439373399,0.16011691,0.08486352860927582,1058,5
130,5.89394998550415,59.10346221923828,7.687877614741163,0.17998815,-0.4493969976902008,1058,6
129,5.995060443878174,60.69386672973633,7.790626850885385,0.1587199,-0.1211608499288559,1058,7
129,7.222837924957275,86.11361694335938,9.27974228862846,0.2951786,-5.185308456420898,1059,1
127,8.22959041595459,99.7765884399414,9.988823175927253,0.1543721,-3.854316234588623,1059,2
125,8.664844512939453,111.54483795166016,10.561478966113608,0.031484663,-4.801042079925537,1059,3
123,8.571149826049805,116.72614288330078,10.803987360382314,-0.029769063,-3.452498435974121,1059,4
121,8.586576461791992,116.77801513671875,10.806387700648111,-0.04532993,-4.958556652069092,1059,5
119,8.841032028198242,118.95336151123047,10.90657423351762,-0.07064521,-5.596347808837891,1059,6
117,8.754337310791016,121.81593322753906,11.037025560699725,-0.08519602,-5.976062297821045,1059,7
144,4.35004997253418,30.60536766052246,5.532211823540605,0.5699178,0.06352274864912033,1061,1
143,5.6809306144714355,51.62488555908203,7.18504596777794,0.2565258,0.2655582129955292,1061,2
142,6.297145843505859,62.21437454223633,7.887608924270798,0.092470884,-0.1434260755777359,1061,3
141,6.256124019622803,63.593265533447266,7.974538578090099,0.06434405,0.35303232073783875,1061,4
140,6.371678352355957,68.03929901123047,8.2485937596193,-0.004492879,-0.8845487236976624,1061,5
139,6.866911888122559,78.40738677978516,8.854794564516173,-0.16197681,-1.0057452917099,1061,6
138,7.379589080810547,80.98229217529297,8.999016178188201,-0.19548094,-0.5001912713050842,1061,7
144,4.704977035522461,35.83930969238281,5.986594164663479,0.63471174,0.6215552091598511,1062,1
143,6.132869720458984,61.16917037963867,7.821072201408108,0.36842024,0.339245468378067,1062,2
142,6.571096420288086,66.6923828125,8.166540443327273,0.30797565,0.7451825141906738,1062,3
141,7.3769965171813965,85.7353286743164,9.25933737771318,0.10785329,0.277106374502182,1062,4
140,7.652616024017334,86.2000732421875,9.284399455117574,0.104264915,0.6440755724906921,1062,5
139,7.578494071960449,91.6682357788086,9.574353021421793,0.04868436,-1.314563512802124,1062,6
138,7.881998538970947,97.80577087402344,9.889680018788447,-0.0090920925,-1.5710415840148926,1062,7
129,5.106839179992676,40.98769760131836,6.402163509417607,0.5944834,0.5184570550918579,1063,1
127,6.8589935302734375,73.98078155517578,8.60120814509077,0.2677266,-0.08456967771053314,1063,2
125,7.381153583526611,82.9267349243164,9.106411748011201,0.1808744,0.3890661597251892,1063,3
123,7.24152135848999,83.37548065185547,9.131017503644129,0.17700541,-0.5936658978462219,1063,4
121,7.657925605773926,91.12699890136719,9.546046244459912,0.11173636,-0.314436674118042,1063,5
119,7.687351226806641,91.9302978515625,9.588028882495218,0.11149788,-1.1422866582870483,1063,6
117,8.008342742919922,103.23265075683594,10.1603469801398,-0.015179992,-1.6919400691986084,1063,7
144,4.153162956237793,27.91282844543457,5.283259263507193,0.6123095,0.041624028235673904,1064,1
143,5.6401801109313965,51.54764175415039,7.179668638185915,0.26309747,0.15674078464508057,1064,2
142,5.9310622215271,56.55356979370117,7.520210754606627,0.17750335,0.38423120975494385,1064,3
141,6.830355167388916,73.54817199707031,8.576023087484684,-0.08258128,-0.28711187839508057,1064,4
140,6.898724555969238,75.4222640991211,8.684599248043694,-0.11509538,-0.8989540338516235,1064,5
139,6.955524921417236,70.96334075927734,8.423974166584163,-0.05477202,0.33437803387641907,1064,6
138,7.248284816741943,80.79048919677734,8.988352974643204,-0.19774449,-0.8002482056617737,1064,7
144,4.553788185119629,33.73839569091797,5.808476193539745,0.59700143,-0.23549029231071472,1065,1
143,6.225168704986572,61.652679443359375,7.851922022241394,0.25109452,-1.209820032119751,1065,2
142,6.252180099487305,63.419551849365234,7.963639359574568,0.22554994,0.5627918243408203,1065,3
141,6.247682571411133,69.47948455810547,8.335435475013016,0.15081775,-1.0176339149475098,1065,4
140,6.692450523376465,74.9207763671875,8.655678850742298,0.08638519,-2.227520704269409,1065,5
139,6.378582954406738,67.18905639648438,8.196893094123185,0.17911619,-0.3611205816268921,1065,6
138,6.881970405578613,77.45110321044922,8.80063084161864,0.059482217,-2.43487286567688,1065,7
144,4.728555679321289,34.8355827331543,5.902167630045279,0.6628709,0.15912416577339172,1066,1
143,6.494603157043457,72.34029388427734,8.50530974652172,0.29150218,-1.0794517993927002,1066,2
142,7.035271644592285,78.97547912597656,8.88681490332597,0.22439313,-0.5618809461593628,1066,3
141,6.904214859008789,84.55976104736328,9.195638153350929,0.16955805,-0.41353926062583923,1066,4
140,7.015082836151123,80.28682708740234,8.960291685397431,0.2137788,0.12771905958652496,1066,5
139,6.798905849456787,75.70365142822266,8.700784529467596,0.25927597,-0.908026397228241,1066,6
138,7.1945085525512695,86.53202819824219,9.302259306117099,0.15849471,-1.5014488697052002,1066,7
144,5.07568359375,40.47235870361328,6.3617889546583735,0.53760177,-0.18732115626335144,1068,1
143,6.381560325622559,65.33747100830078,8.083159716862014,0.24297494,-0.021961532533168793,1068,2
142,6.8357086181640625,77.9932632446289,8.83137946442281,0.09318006,-1.1691147089004517,1068,3
141,7.05809211730957,81.7997817993164,9.044323180830968,0.048599064,-0.9983457922935486,1068,4
140,7.143416881561279,82.0090103149414,9.055882635885991,0.04884994,1.08744215965271,1068,5
139,6.870755672454834,76.1722640991211,8.727672318500568,0.116805494,-0.13670466840267181,1068,6
138,6.895981311798096,77.54254150390625,8.805824294403463,0.10637468,-1.0466842651367188,1068,7
129,5.377205848693848,44.127830505371094,6.64287817932642,0.59647036,-0.0523550920188427,1069,1
127,7.281589984893799,92.49625396728516,9.617497281896426,0.14870602,-0.9984272718429565,1069,2
125,7.42479133605957,95.53034973144531,9.773962846841874,0.12256384,-0.46395739912986755,1069,3
123,7.76021146774292,97.7089614868164,9.8847843419478,0.1071555,-0.2052893489599228,1069,4
121,7.361698150634766,93.05650329589844,9.646579875577585,0.15257698,-1.7221471071243286,1069,5
119,7.506839752197266,96.21896362304688,9.809126547407107,0.12171775,-1.233778715133667,1069,6
117,7.914087772369385,103.86341857910156,10.19134037205615,0.06519568,-2.118145704269409,1069,7
129,4.242033958435059,26.01640510559082,5.100627912874142,0.5433523,0.6933895349502563,1070,1
127,5.121123313903809,37.696353912353516,6.13973565492469,0.2759102,0.5502439737319946,1070,2
125,5.139726638793945,40.31361389160156,6.349300267872167,0.16660476,0.3019304871559143,1070,3
123,5.274367332458496,43.15412902832031,6.56918024020656,0.10090375,0.7249687910079956,1070,4
121,5.588829040527344,49.01313018798828,7.000937807750351,-0.01908052,-0.2332625836133957,1070,5
119,5.060066223144531,41.886112213134766,6.471948100312206,0.12357378,-0.3519795536994934,1070,6
117,5.057184219360352,42.12816619873047,6.490621403127013,0.11023539,-0.028309136629104614,1070,7
140,6.013080596923828,61.9346809387207,7.869859016445003,0.65386796,-0.6349154710769653,1071,1
139,8.451152801513672,110.41445922851562,10.50782847350087,0.38553804,-1.0228759050369263,1071,2
138,9.342864036560059,132.25509643554688,11.50022158201949,0.2691334,-0.9494205713272095,1071,3
137,9.032816886901855,129.45291137695312,11.377737533312725,0.2887773,-0.7653007507324219,1071,4
136,9.436285018920898,135.1363983154297,11.624818205693785,0.26255763,-0.41982436180114746,1071,5
135,9.24096965789795,129.44113159179688,11.377219853364743,0.2986012,-0.8546981811523438,1071,6
134,9.108922004699707,130.21954345703125,11.41137780712878,0.2986107,-0.8137772083282471,1071,7
129,6.502119541168213,71.8604507446289,8.477054367209691,0.4608838,-3.0453758239746094,1072,1
127,7.980258941650391,97.24635314941406,9.861356557259963,0.27145857,0.11834484338760376,1072,2
125,8.589864730834961,114.0617904663086,10.679971463740369,0.15315092,-1.1027921438217163,1072,3
123,8.191981315612793,97.27476501464844,9.862797017816419,0.28462505,0.28855156898498535,1072,4
121,8.821993827819824,117.64004516601562,10.846199572477708,0.14651173,-0.6891241073608398,1072,5
119,8.539068222045898,111.1696548461914,10.543702141382381,0.2033959,-1.109432578086853,1072,6
117,8.647444725036621,106.14305114746094,10.302574976551297,0.24946642,-0.90483158826828,1072,7
144,4.240227699279785,29.166778564453125,5.400627608385263,0.615601,0.2743742763996124,1073,1
143,5.598628997802734,50.48723602294922,7.105437074730112,0.33731914,0.3476707339286804,1073,2
142,5.999189376831055,58.52649688720703,7.650261229997772,0.23588103,-0.10570418834686279,1073,3
141,5.9468464851379395,56.9626579284668,7.547360990999887,0.26099777,0.043717946857213974,1073,4
140,6.5563530921936035,68.34085083007812,8.266852534675946,0.11902207,-0.10473207384347916,1073,5
139,6.324388027191162,62.37186050415039,7.897585738955317,0.19958109,0.38189807534217834,1073,6
138,6.53456974029541,68.29676818847656,8.26418587572161,0.12982464,-0.39259350299835205,1073,7
129,4.835553169250488,37.324466705322266,6.10937531220028,0.6197276,0.2720319926738739,1074,1
127,6.331801891326904,61.43145751953125,7.837822243425227,0.37621707,0.4671316146850586,1074,2
125,6.8204426765441895,68.86294555664062,8.298370054211889,0.3062575,0.9324772953987122,1074,3
123,6.813136100769043,72.12992858886719,8.492934038885926,0.27990586,-0.4159318208694458,1074,4
121,7.240309715270996,80.9884033203125,8.999355716956215,0.1980511,-0.3257371187210083,1074,5
119,7.625296115875244,86.35425567626953,9.292699052281288,0.13014239,0.39295321702957153,1074,6
117,7.301103115081787,87.70890808105469,9.365303416390454,0.05791223,-1.5882676839828491,1074,7
144,4.710433006286621,35.80003356933594,5.983312925907849,0.63874984,-0.4683932662010193,1075,1
143,6.475722312927246,63.96220779418945,7.9976376383398025,0.35167986,-0.19856134057044983,1075,2
142,6.847204208374023,74.2917709350586,8.61926742450068,0.24796927,-0.44737228751182556,1075,3
141,7.212802410125732,79.3409423828125,8.907353275963208,0.19947743,0.11605794727802277,1075,4
140,6.781769275665283,77.04204559326172,8.777359830453673,0.2265594,-1.0128778219223022,1075,5
139,7.06026554107666,77.94486236572266,8.828638760631373,0.22035968,-0.6435105800628662,1075,6
138,7.296201705932617,81.016357421875,9.000908699785539,0.19526654,-0.3951108157634735,1075,7
129,5.130017280578613,42.44049835205078,6.514637238714891,0.62557435,0.21139633655548096,1076,1
127,6.870619297027588,76.10343933105469,8.72372852231514,0.3249501,-0.5019927620887756,1076,2
125,7.492367744445801,89.0049819946289,9.434245173548804,0.21717024,-0.19576843082904816,1076,3
123,7.542239665985107,87.00555419921875,9.327676784667164,0.24359858,-0.4770045578479767,1076,4
122,7.518150329589844,94.58575439453125,9.725520777548688,0.1830374,-1.1444041728973389,1076,5
121,7.658687591552734,92.0971908569336,9.596728132907256,0.21024096,-0.4285227358341217,1076,6
120,7.785840034484863,94.76667785644531,9.734817813212803,0.19215047,0.18711541593074799,1076,7
144,4.810056686401367,39.29895782470703,6.268888085195574,0.6424431,0.3288179934024811,1077,1
143,6.893487453460693,74.07184600830078,8.606500218340832,0.32114458,-0.16393117606639862,1077,2
142,7.3955841064453125,82.44602966308594,9.079979606975224,0.24429893,-0.48486053943634033,1077,3
141,8.00232982635498,99.55635070800781,9.977792877586095,0.08987111,-1.3339157104492188,1077,4
140,8.298678398132324,106.20703887939453,10.305679932900814,0.03391075,-1.1806819438934326,1077,5
139,8.020308494567871,99.84074401855469,9.992034028092313,0.09506899,-1.6265627145767212,1077,6
138,7.966028213500977,100.5100326538086,10.025469198686343,0.09516573,-1.0522849559783936,1077,7
144,3.04974627494812,15.809358596801758,3.976098413872795,0.3547638,-0.03050461784005165,1078,1
143,3.583451747894287,20.983299255371094,4.580753131895572,0.12670112,-0.6146790981292725,1078,2
142,3.838711977005005,23.594724655151367,4.857440133975031,0.011713386,-0.6247640252113342,1078,3
141,3.8548476696014404,24.54546546936035,4.954338045527409,-0.02491057,-1.3427224159240723,1078,4
140,4.069863319396973,25.622711181640625,5.061888104417227,-0.07055116,-0.44714483618736267,1078,5
139,4.0522918701171875,24.373546600341797,4.936957220833678,-0.013087273,-0.6160070896148682,1078,6
138,3.813429355621338,23.08383560180664,4.804564038683077,0.04582292,-0.35319751501083374,1078,7
144,2.44638991355896,11.918341636657715,3.4522951259499406,0.45321125,-0.3179946541786194,1079,1
143,3.3185524940490723,18.82985496520996,4.339338079155617,0.116227925,-0.5339166522026062,1079,2
142,3.680901288986206,22.15903663635254,4.7073385937653285,-0.04849875,-0.4063972234725952,1079,3
141,3.752812385559082,23.638273239135742,4.861920735587504,-0.11350787,-0.7864130139350891,1079,4
140,3.833543062210083,23.972551345825195,4.896177217567313,-0.12540948,-0.9645596146583557,1079,5
139,3.855163097381592,23.019916534423828,4.797907516243287,-0.07372975,-0.8257980346679688,1079,6
138,3.9316565990448,24.614727020263672,4.961323111858738,-0.140023,-0.7143378853797913,1079,7
144,2.691194772720337,12.468724250793457,3.531108076906378,0.4596206,0.1858004778623581,1080,1
143,3.393932819366455,19.329923629760742,4.396580902219444,0.14598155,-0.593223512172699,1080,2
142,3.655918598175049,22.271787643432617,4.719299486516258,0.007190168,-0.4731520116329193,1080,3
141,3.792980909347534,24.731204986572266,4.973047856855217,-0.10059786,-1.1729254722595215,1080,4
140,3.797311305999756,25.308744430541992,5.030779704036144,-0.12146962,-0.5940263867378235,1080,5
139,3.8401222229003906,24.659542083740234,4.965837500738444,-0.08591282,-0.8255602717399597,1080,6
138,3.9843480587005615,24.77416229248047,4.97736499490247,-0.085053325,-0.2409462332725525,1080,7
144,5.39430570602417,46.36590576171875,6.8092514832188975,0.5663002,-0.16828396916389465,1082,1
143,6.67191219329834,80.14900970458984,8.95259793046632,0.24365193,-1.2219737768173218,1082,2
142,7.889092922210693,100.632080078125,10.031554220464793,0.04912126,-1.3894290924072266,1082,3
141,8.661222457885742,115.35457611083984,10.740324767475137,-0.085895896,-0.9442885518074036,1082,4
140,8.070897102355957,105.52494049072266,10.272533304434825,0.012346745,-1.8055247068405151,1082,5
139,7.896761894226074,96.05892944335938,9.80096574034209,0.10372627,-1.3238062858581543,1082,6
138,8.314651489257812,105.16801452636719,10.255145758416464,0.022663891,-1.3734241724014282,1082,7
144,2.596816062927246,12.440732955932617,3.527142321473946,0.25552642,-0.2908793091773987,1083,1
143,3.0828230381011963,15.947978019714355,3.993491958138185,0.02377069,-0.8169041275978088,1083,2
142,3.1765096187591553,16.952659606933594,4.117360757443243,-0.05091107,-0.957856297492981,1083,3
141,3.2445902824401855,17.755184173583984,4.213690089883686,-0.093743205,-0.953826904296875,1083,4
140,3.29369854927063,17.43621063232422,4.1756688844213,-0.06675851,-0.8074500560760498,1083,5
139,3.2675185203552246,16.933286666870117,4.115007492930009,-0.028813004,-0.6499794125556946,1083,6
138,3.4645535945892334,18.555742263793945,4.307637666261399,-0.11932135,-0.430103063583374,1083,7
144,3.0093393325805664,16.83308219909668,4.102813936689876,0.36078352,-0.6025381088256836,1084,1
143,3.727811336517334,23.24443817138672,4.82124861124032,0.103737,-1.0055489540100098,1084,2
142,3.9919562339782715,25.360048294067383,5.03587611980948,0.021528363,0.055041804909706116,1084,3
141,3.9635233879089355,26.537906646728516,5.1514955737852,-0.01931703,-1.1136093139648438,1084,4
140,4.061312675476074,25.233200073242188,5.023265877219937,0.02813387,0.1849794089794159,1084,5
139,3.9364869594573975,26.16464614868164,5.115138917828297,-0.0077615976,-0.800948977470398,1084,6
138,4.078796863555908,26.113065719604492,5.110094492238328,0.0012506843,0.2702835202217102,1084,7
144,2.884568214416504,14.398696899414062,3.7945614897395012,0.33736587,-0.1945238560438156,1085,1
143,3.3656795024871826,19.307514190673828,4.394031655629466,0.09536958,-0.32198089361190796,1085,2
142,3.590555191040039,22.12295150756836,4.7035041732274845,-0.05045879,-0.45772552490234375,1085,3
141,3.674408197402954,23.427349090576172,4.840180687802489,-0.10652399,-1.107480525970459,1085,4
140,3.623004913330078,21.954254150390625,4.685536698222587,-0.03067851,-0.937167227268219,1085,5
139,3.755739450454712,22.292816162109375,4.721526888847439,-0.03921151,-0.39356479048728943,1085,6
138,3.6164700984954834,20.825973510742188,4.563548346488967,0.03209746,-0.304735004901886,1085,7
144,2.3000097274780273,10.300655364990234,3.2094634076415693,0.3488996,-0.21017418801784515,1086,1
143,2.8426780700683594,14.357110977172852,3.7890778531422193,0.08235592,-0.28479164838790894,1086,2
142,2.884272336959839,16.343843460083008,4.042751966183803,-0.0570122,-0.9040343761444092,1086,3
141,2.956038236618042,16.416767120361328,4.051760990034004,-0.06730664,-0.558920681476593,1086,4
140,2.861515522003174,15.573511123657227,3.946328815957589,-0.008056998,-0.7498437166213989,1086,5
139,2.931852340698242,15.908157348632812,3.9885031463736884,-0.022398353,-0.14586740732192993,1086,6
138,2.9340713024139404,15.38379955291748,3.922218702841222,0.016819656,0.08476553112268448,1086,7
144,2.4527435302734375,11.776023864746094,3.4316211715086054,0.3232097,-0.09446433186531067,1087,1
143,3.018651247024536,16.4605655670166,4.057162255446114,0.0445503,-0.3014960289001465,1087,2
142,3.2078967094421387,17.127412796020508,4.138527853720512,0.003254652,0.2273956686258316,1087,3
141,3.2468435764312744,17.696805953979492,4.206757177919768,-0.032196403,-0.027643393725156784,1087,4
140,3.1735129356384277,18.25413703918457,4.272486049033346,-0.07278061,-0.6596315503120422,1087,5
139,3.1455235481262207,18.32022476196289,4.280213167818034,-0.073165536,-0.524877667427063,1087,6
138,3.1288373470306396,17.369064331054688,4.167620943782518,-0.01303041,-0.5738716125488281,1087,7
114,2.8759498596191406,15.934318542480469,3.9917813745845936,0.22110516,-1.0732088088989258,1088,1
111,3.0986404418945312,19.085424423217773,4.368686807636567,0.0059814453,-1.1675974130630493,1088,2
108,3.2015762329101562,18.76822280883789,4.332230696631689,-0.022066236,-0.8499093055725098,1088,3
105,3.176215171813965,17.965858459472656,4.2386151582176765,-0.06985569,-1.0734522342681885,1088,4
102,3.02057147026062,16.61449432373047,4.076088115304976,-0.024651527,-0.7304645776748657,1088,5
99,2.953200578689575,15.70026683807373,3.962356223016014,-0.004558444,-0.7711628675460815,1088,6
96,3.1277401447296143,17.075159072875977,4.132209950241635,-0.06586087,-0.9439597129821777,1088,7
144,3.1075453758239746,16.847084045410156,4.104519953101721,0.42551428,-0.06365037709474564,1089,1
143,3.8048813343048096,26.075529098510742,5.106420380120573,0.09864819,-0.8301449418067932,1089,2
142,4.08670711517334,28.750141143798828,5.361915809092756,-0.007330179,-0.7385842204093933,1089,3
141,4.277809143066406,31.622406005859375,5.623380300660749,-0.104958296,-0.6976404786109924,1089,4
140,4.214303016662598,31.568931579589844,5.6186236374747365,-0.10910976,-1.2439759969711304,1089,5
139,4.219660758972168,30.5378475189209,5.526105999609571,-0.06669259,-0.9108754992485046,1089,6
138,4.229710578918457,29.36761474609375,5.419189491620841,-0.02553916,-0.5841406583786011,1089,7
144,5.1204938888549805,43.44451141357422,6.591245057921471,0.6730027,0.13031166791915894,1090,1
143,6.928863525390625,71.15675354003906,8.4354462561289,0.4608435,0.46315446496009827,1090,2
142,7.6082024574279785,86.63720703125,9.307910991798858,0.3431148,0.18630602955818176,1090,3
141,8.273792266845703,98.86131286621094,9.94290263787245,0.25117904,1.0786385536193848,1090,4
140,8.418663024902344,106.96967315673828,10.342614425605273,0.1928643,-0.6927176117897034,1090,5
139,8.339929580688477,108.47969818115234,10.415358763919386,0.1841746,-0.7600507736206055,1090,6
138,8.473125457763672,109.61441040039062,10.469690081391647,0.18088645,-0.8368193507194519,1090,7
129,4.294487953186035,29.38115882873535,5.420438988563136,0.26811993,-2.290745496749878,1091,1
127,5.075161457061768,40.31401824951172,6.34933211050672,-0.02576363,-2.353257417678833,1091,2
125,5.25141716003418,41.6290168762207,6.452055244355918,-0.06350541,-1.0279275178909302,1091,3
123,5.419405937194824,43.96160888671875,6.630355110152001,-0.11926353,-1.0286831855773926,1091,4
121,5.206185340881348,40.34392166137695,6.351686521025495,-0.01778555,-0.8114027380943298,1091,5
119,5.383089542388916,42.25118637084961,6.500091258655497,-0.052057385,-1.1256632804870605,1091,6
117,5.584515571594238,46.87507247924805,6.846537261948411,-0.16182685,-2.194542169570923,1091,7
144,4.782510757446289,36.49469757080078,6.041084138695701,-0.83586407,-4.394704341888428,3901,1
143,5.5927815437316895,48.40754699707031,6.9575532335060375,-1.4911461,-5.396149635314941,3901,2
142,5.935018062591553,52.78080749511719,7.265040089023404,-1.8022325,-5.787556171417236,3901,3
141,6.474542617797852,59.82600402832031,7.734727146339444,-2.1727855,-6.431295871734619,3901,4
140,6.42163610458374,59.11505889892578,7.688631796290273,-2.1656206,-6.347293376922607,3901,5
139,6.658060073852539,62.3902473449707,7.898749733025519,-2.3497467,-6.626964092254639,3901,6
138,5.9534196853637695,53.08157730102539,7.285710487044169,-1.8492172,-5.7714009284973145,3901,7
129,4.309226036071777,30.26109504699707,5.501008548166151,-0.5920875,-3.847688913345337,3902,1
127,4.672167778015137,34.804744720458984,5.899554620516619,-0.8411962,-4.079442501068115,3902,2
125,5.567081928253174,46.749568939208984,6.837365643229049,-1.469815,-5.2864861488342285,3902,3
123,6.13906192779541,54.2060432434082,7.362475347558605,-1.8553953,-5.9535813331604,3902,4
121,5.426374435424805,45.47664260864258,6.743637194321962,-1.4179497,-5.198379039764404,3902,5
119,5.934604644775391,52.0019645690918,7.211238767999005,-1.7791741,-5.7837443351745605,3902,6
117,5.847013473510742,52.61702346801758,7.253759264548113,-1.7654645,-5.565555572509766,3902,7
129,4.408477783203125,32.558692932128906,5.706022514162462,-0.7260102,-3.976694107055664,3903,1
127,4.753930568695068,36.41948699951172,6.034856004869687,-0.93562293,-4.318946361541748,3903,2
125,5.596522331237793,47.319881439208984,6.878944791115058,-1.5061004,-5.2614336013793945,3903,3
123,5.707690715789795,47.897953033447266,6.9208347064098605,-1.5213096,-5.281422138214111,3903,4
121,5.769742488861084,50.17814254760742,7.083653192217094,-1.6537852,-5.619579792022705,3903,5
119,5.630627632141113,48.25777053833008,6.946781307795005,-1.563365,-5.362324237823486,3903,6
117,5.442924976348877,45.45170211791992,6.741787753846892,-1.3750708,-5.104728698730469,3903,7
144,4.526923179626465,32.73991394042969,5.721880280155265,-0.60330784,-3.9471893310546875,3904,1
143,5.228593826293945,41.32449722290039,6.4284132741214135,-1.0453126,-4.651279926300049,3904,2
142,5.7060866355896,48.076351165771484,6.9337112115930735,-1.3747661,-5.2681884765625,3904,3
141,5.929621696472168,51.192501068115234,7.154893505015657,-1.5111248,-5.521920204162598,3904,4
140,5.714835166931152,49.802791595458984,7.057109294566649,-1.4270313,-5.343204975128174,3904,5
139,5.53781270980835,47.479732513427734,6.890553861151347,-1.3033171,-5.295472621917725,3904,6
138,5.087116718292236,41.53144836425781,6.444489767565607,-1.0068796,-4.314023017883301,3904,7
129,4.512451171875,32.73383712768555,5.721349240143058,-0.6830275,-3.9799468517303467,3905,1
127,4.6608781814575195,36.07082748413086,6.005899390110598,-0.8792157,-4.199075222015381,3905,2
125,5.614505767822266,48.08053970336914,6.93401324655276,-1.5629363,-5.429229259490967,3905,3
123,6.2229838371276855,56.40391159057617,7.510253763394162,-2.010578,-6.130292892456055,3905,4
121,6.095848083496094,54.96233367919922,7.413658589333557,-2.0287828,-5.976396560668945,3905,5
119,5.987268924713135,53.767215728759766,7.332613158264914,-1.9852195,-5.907886028289795,3905,6
117,5.651582717895508,48.426753997802734,6.958933395126206,-1.6834965,-5.425591468811035,3905,7
129,4.6322150230407715,35.49872970581055,5.95808104223252,-0.75980675,-4.164033889770508,3906,1
127,5.59074068069458,49.16671371459961,7.0118980108526685,-1.4783514,-5.304826259613037,3906,2
125,6.1102776527404785,55.60009002685547,7.456546789691289,-1.8822124,-5.985762596130371,3906,3
123,6.486837387084961,60.55046463012695,7.7814179061484,-2.1524618,-6.3151774406433105,3906,4
121,5.959034442901611,52.66628646850586,7.2571541576919705,-1.8253043,-5.8069963455200195,3906,5
119,5.640118598937988,48.13652420043945,6.938049019748957,-1.6076231,-5.4256486892700195,3906,6
117,6.480132102966309,60.05027770996094,7.749211425039385,-2.2389736,-6.393163204193115,3906,7
129,4.546720027923584,33.328792572021484,5.77310943703837,-0.7807207,-4.100241661071777,3907,1
127,5.32388973236084,43.47584915161133,6.593621853853262,-1.3439326,-5.077087879180908,3907,2
125,5.549226760864258,47.324222564697266,6.879260321044499,-1.5823708,-5.3299407958984375,3907,3
123,5.866648197174072,50.981239318847656,7.140114797315772,-1.7822983,-5.675470352172852,3907,4
121,5.924734115600586,52.10011291503906,7.218040794775204,-1.9315457,-5.820129871368408,3907,5
119,6.387545585632324,57.648414611816406,7.592655307059343,-2.258932,-6.337092399597168,3907,6
117,5.693046569824219,47.75032043457031,6.910160666335503,-1.675828,-5.455408573150635,3907,7
114,4.689362049102783,35.190040588378906,5.932119401055487,-0.64831316,-4.077413082122803,3908,1
111,5.563165187835693,47.061405181884766,6.860131571761927,-1.2814999,-5.231572151184082,3908,2
108,6.046802043914795,54.425079345703125,7.377335518037873,-1.7211273,-5.834312915802002,3908,3
105,5.520090579986572,48.32257080078125,6.951443792535565,-1.378123,-5.26172399520874,3908,4
102,6.321483135223389,58.13814926147461,7.624837654761878,-1.8768833,-6.171842575073242,3908,5
99,5.822340965270996,51.4077262878418,7.169918150707287,-1.6938441,-5.592879295349121,3908,6
97,5.163010597229004,39.97636795043945,6.322686766750307,-1.1661286,-4.592079162597656,3908,7
129,4.482391357421875,32.691715240478516,5.717666940324394,-0.7813227,-4.066254138946533,3909,1
127,4.625144004821777,34.833927154541016,5.902027376634322,-0.91433346,-4.143568992614746,3909,2
125,5.64145565032959,47.60369110107422,6.899542818265151,-1.646101,-5.41625452041626,3909,3
123,5.826468467712402,50.30598449707031,7.092671182077336,-1.7955058,-5.631901741027832,3909,4
121,6.103238582611084,54.036407470703125,7.35094602556046,-2.0963922,-5.985785484313965,3909,5
119,6.509085655212402,59.121829986572266,7.689072114798526,-2.4058182,-6.46159029006958,3909,6
117,5.5146918296813965,46.8731803894043,6.846399081955733,-1.6744571,-5.312911033630371,3909,7
123,4.572086811065674,33.851070404052734,5.818167271921007,-0.85439956,-4.226100921630859,3910,1
121,5.172062873840332,41.24334716796875,6.422098346176953,-1.3154333,-4.9213433265686035,3910,2
119,5.80340051651001,48.90224075317383,6.993013710352199,-1.9429142,-5.674598217010498,3910,3
117,5.946805953979492,51.0528564453125,7.145128161573625,-2.100877,-5.856396675109863,3910,4
115,6.006771564483643,51.3206787109375,7.1638452461605775,-2.190811,-5.936071395874023,3910,5
113,6.082024097442627,52.182254791259766,7.22372859341073,-2.254355,-6.013088703155518,3910,6
111,4.886506080627441,36.857200622558594,6.07101314630092,-1.2713373,-4.5309648513793945,3910,7
129,5.955678939819336,58.69855499267578,7.661498221149423,-1.0455403,-5.771226406097412,3911,1
127,6.95538854598999,73.34333801269531,8.564072513278674,-1.5952356,-6.810389041900635,3911,2
125,6.97362756729126,73.78903198242188,8.590054247932423,-1.6104825,-6.75636625289917,3911,3
123,6.9909257888793945,73.56208801269531,8.576834381792347,-1.6279831,-6.851884365081787,3911,4
121,7.219691276550293,78.85611724853516,8.880096691395604,-1.8572652,-7.167755603790283,3911,5
119,7.271154403686523,79.69325256347656,8.927107737866535,-1.8927922,-7.2297797203063965,3911,6
117,6.884699821472168,72.74234008789062,8.528912010795434,-1.5973585,-6.826869487762451,3911,7
129,5.941213130950928,60.487056732177734,7.777342523778783,-0.75909734,-5.738190174102783,3912,1
127,7.241562366485596,81.0467529296875,9.00259701029028,-1.407553,-7.014922142028809,3912,2
125,7.693118095397949,88.87194061279297,9.4271915549008,-1.6445696,-7.47249698638916,3912,3
123,8.009197235107422,95.47174072265625,9.770964165457585,-1.8706136,-7.897083282470703,3912,4
121,8.030179023742676,95.7693862915039,9.7861834384761,-1.9121058,-7.983346462249756,3912,5
119,7.19566011428833,84.56554412841797,9.195952594941863,-1.5725462,-7.0231032371521,3912,6
117,6.801388263702393,75.87648010253906,8.710710654277243,-1.2695487,-6.606482028961182,3912,7
144,5.36407470703125,46.29404067993164,6.803972419104272,-0.8970264,-5.002179145812988,3913,1
143,5.761348247528076,51.46080017089844,7.173618345779098,-1.1335769,-5.311452388763428,3913,2
142,6.490040302276611,63.09177017211914,7.943032806939622,-1.6170108,-6.266818523406982,3913,3
141,6.654209136962891,66.43028259277344,8.15047744569442,-1.7360928,-6.501671314239502,3913,4
140,6.550076007843018,63.72565460205078,7.982834997796885,-1.6140702,-6.408239841461182,3913,5
139,6.629593849182129,66.25482177734375,8.139706492088258,-1.7021487,-6.465478897094727,3913,6
138,5.72109317779541,53.446128845214844,7.310685935342514,-1.1658745,-5.391117095947266,3913,7
114,6.335075855255127,62.251731872558594,7.889976671230315,-1.1273553,-6.099525451660156,3914,1
111,6.9802093505859375,71.962890625,8.483094401514109,-1.5359588,-6.741452693939209,3914,2
108,7.242611408233643,77.15894317626953,8.784016346539294,-1.7442243,-7.026762008666992,3914,3
105,7.536581039428711,82.80548858642578,9.099752116757125,-1.9888406,-7.373147487640381,3914,4
102,7.99368143081665,91.64794921875,9.573293540822302,-2.361591,-7.891251087188721,3914,5
99,8.19848918914795,93.88493347167969,9.689423794616463,-2.447193,-8.157513618469238,3914,6
96,8.129589080810547,93.39690399169922,9.664207364895438,-2.35915,-8.08353328704834,3914,7
114,4.076733589172363,28.501066207885742,5.338638984599515,-0.5990418,-3.6145546436309814,3915,1
111,4.751092433929443,37.138797760009766,6.094160956194853,-1.1307185,-4.39164400100708,3915,2
108,5.287304401397705,44.09724426269531,6.640575597242705,-1.5432255,-5.1867804527282715,3915,3
105,5.4400787353515625,45.21504211425781,6.7242131223108785,-1.5566936,-5.351329803466797,3915,4
102,5.394923210144043,44.34959030151367,6.659548806151485,-1.5194275,-5.193446636199951,3915,5
99,5.686159133911133,48.46371078491211,6.9615882372424265,-1.7625372,-5.587981224060059,3915,6
96,5.251163482666016,42.516998291015625,6.520505984278799,-1.4390132,-4.920369625091553,3915,7
144,4.420994281768799,32.116188049316406,5.667114614097407,-0.65306544,-3.830806255340576,3916,1
143,4.955214500427246,40.218353271484375,6.341794168173891,-1.1154242,-4.6130757331848145,3916,2
142,5.525165557861328,46.43406295776367,6.814254394852284,-1.5159214,-5.334792613983154,3916,3
141,5.68973970413208,49.6591796875,7.046926967657605,-1.6815689,-5.523247718811035,3916,4
140,5.852653503417969,51.536109924316406,7.1788655039857385,-1.8065438,-5.668514728546143,3916,5
139,5.862251281738281,51.7140007019043,7.191244725491151,-1.8174059,-5.741104602813721,3916,6
138,4.903153419494629,38.777427673339844,6.227152453035002,-1.1105747,-4.489010810852051,3916,7
129,4.286662578582764,30.849790573120117,5.554258778011708,-0.64280784,-3.9239282608032227,3917,1
127,5.210971355438232,44.07447052001953,6.638860634176585,-1.4091451,-5.003930568695068,3917,2
125,5.983623027801514,52.97914505004883,7.278677424508441,-1.9727032,-5.894947052001953,3917,3
123,7.025516510009766,67.60594940185547,8.222283709642685,-2.8475542,-6.996301174163818,3917,4
121,6.044355869293213,53.404884338378906,7.307864553915795,-2.1212685,-5.9699811935424805,3917,5
119,6.053783416748047,53.26181411743164,7.2980692047576285,-2.1649082,-6.0188984870910645,3917,6
117,5.629246234893799,49.426551818847656,7.030401967088913,-1.8992918,-5.345219135284424,3917,7
129,4.695666313171387,34.33549118041992,5.8596494076369385,-0.92846334,-4.221834659576416,3918,1
127,4.942275524139404,37.415924072265625,6.116855734138711,-1.137075,-4.521643161773682,3918,2
125,5.17037296295166,40.566612243652344,6.369192432612815,-1.3560495,-4.860081672668457,3918,3
123,5.370811939239502,43.236019134521484,6.575410187548871,-1.5243325,-5.161468029022217,3918,4
121,5.703797340393066,47.20648956298828,6.870697894900363,-1.8229415,-5.623991966247559,3918,5
119,5.917799949645996,50.246456146240234,7.088473470800341,-2.0355191,-5.892032623291016,3918,6
117,5.58652925491333,46.789283752441406,6.840269274848864,-1.7967708,-5.467573642730713,3918,7
144,4.46736478805542,30.917720794677734,5.560370562712321,-0.9022927,-4.088891983032227,3919,1
143,5.301827907562256,41.999794006347656,6.480724805633059,-1.6423256,-5.1275105476379395,3919,2
142,5.658542633056641,45.93663787841797,6.777657255897348,-1.9431443,-5.578691005706787,3919,3
141,5.532470703125,44.78990936279297,6.692526381180202,-1.8515308,-5.4278974533081055,3919,4
140,5.141916275024414,39.89546585083008,6.316285763867091,-1.5456669,-4.965095043182373,3919,5
139,5.67149019241333,46.60077667236328,6.826476153357842,-1.9537883,-5.5725178718566895,3919,6
138,5.693398952484131,47.658905029296875,6.903542933110279,-2.0065148,-5.612569332122803,3919,7
119,5.2078938484191895,42.42533493041992,6.513473338428578,-1.0488565,-4.782552242279053,3920,1
117,5.162105560302734,41.91119384765625,6.47388552939085,-1.0521519,-4.698564052581787,3920,2
115,6.255654335021973,56.72636032104492,7.531690402628412,-1.7907174,-6.094034671783447,3920,3
113,5.968986511230469,52.7656135559082,7.263994325156663,-1.6200042,-5.788728713989258,3920,4
111,5.923066139221191,51.74708938598633,7.193544980465913,-1.6101112,-5.7562575340271,3920,5
109,6.151832580566406,55.035160064697266,7.418568599446747,-1.8161917,-6.026162624359131,3920,6
107,5.893716335296631,53.661991119384766,7.325434534509524,-1.7186499,-5.729764938354492,3920,7
144,5.291862487792969,46.550018310546875,6.8227573832393364,-0.6920403,-4.8509907722473145,3921,1
143,5.931621074676514,56.5732421875,7.521518609130738,-1.0834024,-5.463407039642334,3921,2
142,6.391005039215088,62.64168930053711,7.914650295530253,-1.3039382,-5.984613418579102,3921,3
141,6.195887088775635,60.30766677856445,7.765801103464114,-1.2028699,-5.76572847366333,3921,4
140,6.6656365394592285,67.68516540527344,8.227099452739917,-1.4578428,-6.413715362548828,3921,5
139,6.936853408813477,72.19776153564453,8.496926593518655,-1.6046019,-6.727828025817871,3921,6
138,6.423993110656738,66.13436889648438,8.132304033696993,-1.3710971,-6.150320529937744,3921,7
129,3.942685127258301,23.97996711730957,4.896934461202188,-0.57499635,-3.3303635120391846,3922,1
127,4.526413440704346,31.747941970825195,5.6345312112743855,-1.1277099,-4.199442386627197,3922,2
125,4.901541233062744,37.38488006591797,6.1143176288051935,-1.5744412,-4.644612789154053,3922,3
123,5.505885601043701,43.89760971069336,6.625527127006074,-2.0483062,-5.331830978393555,3922,4
121,5.83827018737793,47.24448776245117,6.873462574456282,-2.3613694,-5.784046173095703,3922,5
119,6.208192825317383,51.66526794433594,7.187855587331728,-2.7264814,-6.192012310028076,3922,6
117,5.275050640106201,41.819515228271484,6.466801004227012,-1.9738011,-4.991759777069092,3922,7
129,5.203619956970215,41.89998245239258,6.473019577630874,-1.1279724,-4.8625102043151855,3923,1
127,5.312601566314697,44.21806335449219,6.649666409263865,-1.2783692,-4.975612640380859,3923,2
125,5.430199146270752,45.866580963134766,6.772487058912314,-1.418088,-5.147812843322754,3923,3
123,5.708913326263428,50.29123306274414,7.091631199008035,-1.6586032,-5.537563323974609,3923,4
121,6.315858840942383,57.037296295166016,7.5523040388457625,-2.1000602,-6.270236968994141,3923,5
119,5.933247089385986,51.82725143432617,7.19911462850302,-1.8393257,-5.832232475280762,3923,6
117,6.87394380569458,65.27434539794922,8.079254012466079,-2.5564544,-6.850663661956787,3923,7
144,4.076545715332031,27.62302017211914,5.255760665414583,-0.6444771,-3.4985172748565674,3924,1
143,4.660264015197754,34.63991165161133,5.8855680823189305,-1.1158102,-4.152265548706055,3924,2
142,4.625312328338623,34.7039909362793,5.891009330859975,-1.1875927,-3.972885847091675,3924,3
141,5.697984218597412,47.75251388549805,6.910319376519297,-2.0042458,-5.509582996368408,3924,4
140,5.541272163391113,45.77968215942383,6.766068441822314,-1.8985205,-5.3871541023254395,3924,5
139,5.323388576507568,43.54313278198242,6.598722056730562,-1.7616723,-5.06447172164917,3924,6
138,5.671360969543457,47.645931243896484,6.902603222255824,-2.0061984,-5.539875507354736,3924,7
129,4.205824851989746,28.783021926879883,5.36498107423315,-0.8004999,-3.8410604000091553,3925,1
127,4.741016864776611,35.32777786254883,5.943717512007853,-1.2596121,-4.464509963989258,3925,2
125,5.3641510009765625,42.86572265625,6.5471919672673415,-1.8237994,-5.1997175216674805,3925,3
123,5.239534854888916,42.39825439453125,6.511394197445832,-1.8288453,-5.0685529708862305,3925,4
121,5.6669464111328125,46.03013229370117,6.784551001628713,-2.1475034,-5.599650859832764,3925,5
119,5.815958499908447,47.592105865478516,6.898703201724112,-2.3109496,-5.766625881195068,3925,6
117,5.274263858795166,41.82952880859375,6.467575187703174,-1.8669267,-5.125426769256592,3925,7
144,4.42833948135376,32.60403823852539,5.709994591812271,-0.6333041,-3.870396137237549,3926,1
143,4.898754596710205,38.34074783325195,6.191990619603033,-0.9430671,-4.361617565155029,3926,2
142,4.851788520812988,37.34942626953125,6.111417697190338,-0.9025781,-4.314263820648193,3926,3
141,5.8318095207214355,51.321372985839844,7.163893702857395,-1.5959127,-5.626733303070068,3926,4
140,5.761220932006836,50.398738861083984,7.099206917753841,-1.5514996,-5.539038181304932,3926,5
139,5.723159313201904,49.946136474609375,7.0672580591492045,-1.5134852,-5.48498010635376,3926,6
138,5.754556179046631,50.36308288574219,7.096695208739219,-1.5167081,-5.529266357421875,3926,7
129,4.967466831207275,40.71857833862305,6.381111058320725,-0.965176,-4.703591346740723,3927,1
127,5.6591644287109375,49.340492248535156,7.0242787707020256,-1.4128313,-5.445065975189209,3927,2
125,5.93897819519043,53.17140197753906,7.2918723231786675,-1.6024537,-5.742300033569336,3927,3
123,6.101105213165283,55.295143127441406,7.4360704089889715,-1.712534,-5.928514003753662,3927,4
121,6.080401420593262,55.1942138671875,7.429280844549323,-1.7663708,-5.942061901092529,3927,5
119,6.126589775085449,55.870872497558594,7.4746821001002175,-1.8246164,-6.011106491088867,3927,6
117,6.1496901512146,56.52336120605469,7.518201992900609,-1.8106959,-6.041403770446777,3927,7
129,5.572093486785889,49.13361358642578,7.009537330411029,-1.0580072,-5.216240406036377,3928,1
127,5.800532341003418,53.78410720825195,7.333764872713875,-1.2946498,-5.512509822845459,3928,2
125,5.91996955871582,55.22465896606445,7.4313295557433365,-1.3525782,-5.634099960327148,3928,3
123,5.201000213623047,43.894283294677734,6.625276091958564,-0.88082254,-4.205869197845459,3928,4
121,5.858283042907715,54.53327941894531,7.384665152797743,-1.3815508,-5.632646083831787,3928,5
119,5.820529460906982,54.1658821105957,7.359747421657601,-1.3807647,-5.610595226287842,3928,6
117,5.754922866821289,53.593143463134766,7.320733806329442,-1.3191135,-5.528507709503174,3928,7
114,5.295660495758057,43.929603576660156,6.627941126523391,-0.88743687,-4.752103805541992,3929,1
111,5.811775207519531,50.56071090698242,7.110605523229538,-1.2160904,-5.206795692443848,3929,2
108,6.248126983642578,57.31586837768555,7.570724428856564,-1.5459571,-5.877880096435547,3929,3
105,6.124934196472168,55.35938262939453,7.440388607417931,-1.3912354,-5.722896099090576,3929,4
102,6.37326192855835,59.899227142333984,7.739459098821699,-1.5669463,-6.051137447357178,3929,5
99,6.396780490875244,60.156917572021484,7.756089064214096,-1.5497077,-6.054679870605469,3929,6
96,6.3459320068359375,59.27920913696289,7.699299262722738,-1.5023956,-5.980480670928955,3929,7
129,3.996098518371582,26.427947998046875,5.140811997928623,-0.3752252,-2.912618398666382,3930,1
127,4.8370537757873535,36.087894439697266,6.007320071354386,-0.88602734,-4.118887901306152,3930,2
125,4.947446823120117,37.331058502197266,6.109914770452798,-0.9419819,-4.347799301147461,3930,3
123,5.16872501373291,41.44466018676758,6.437752727991933,-1.1601651,-4.75147819519043,3930,4
121,5.070419788360596,39.37544250488281,6.27498545853955,-1.0772202,-4.398805618286133,3930,5
119,4.476649761199951,33.309600830078125,5.771447030864801,-0.7761133,-3.4893393516540527,3930,6
117,5.051990985870361,41.08918380737305,6.410084539799225,-1.1556401,-4.700756072998047,3930,7
129,5.355643272399902,46.199344635009766,6.7970099775570265,-0.95157146,-4.962687015533447,3931,1
127,5.721665382385254,51.211708068847656,7.156235607415931,-1.1832421,-5.135226249694824,3931,2
125,5.510295867919922,48.433895111083984,6.9594464658537305,-1.0647316,-4.94379997253418,3931,3
123,5.557116985321045,49.06853103637695,7.004893363669211,-1.1070774,-4.938652038574219,3931,4
121,6.188910007476807,58.75657653808594,7.665283852414465,-1.5549572,-5.985779285430908,3931,5
119,6.098628997802734,57.74462890625,7.5989886765443995,-1.5357246,-5.90230131149292,3931,6
117,6.154742240905762,58.713233947753906,7.662456130233563,-1.5517685,-5.971348762512207,3931,7
129,5.0745954513549805,41.126346588134766,6.412982659272888,-1.0097537,-4.679271221160889,3932,1
127,5.375748634338379,45.5014533996582,6.745476513906056,-1.2444086,-5.0327582359313965,3932,2
125,5.323892593383789,44.69807815551758,6.685662132916797,-1.1944628,-4.929052352905273,3932,3
123,5.252743244171143,43.957672119140625,6.630058228940423,-1.1631031,-4.868894577026367,3932,4
121,5.183209419250488,42.904911041259766,6.550184046365397,-1.1437016,-4.776165962219238,3932,5
119,5.17073392868042,43.15782165527344,6.569461291100925,-1.1797392,-4.834329605102539,3932,6
117,5.190239906311035,43.74559020996094,6.614044920467425,-1.173856,-4.860255718231201,3932,7
129,5.57027006149292,52.15616226196289,7.221922338405675,-0.8052795,-5.105220794677734,3933,1
127,6.467772006988525,64.8355941772461,8.052055276589083,-1.2692938,-6.071520805358887,3933,2
125,5.859795093536377,55.930992126464844,7.478702569728578,-0.9621948,-5.42874002456665,3933,3
123,6.298988342285156,64.5177993774414,8.032297266501123,-1.2857189,-5.894054412841797,3933,4
121,6.9950456619262695,74.28514099121094,8.618882815725652,-1.6557477,-6.804677486419678,3933,5
119,6.943002700805664,73.6562271118164,8.582320613436462,-1.6454439,-6.771717548370361,3933,6
117,7.056878566741943,75.38770294189453,8.682609224299718,-1.690295,-6.882241725921631,3933,7
144,5.225224018096924,47.26823043823242,6.875189483805695,-0.5977696,-4.713930130004883,3934,1
143,5.982043266296387,58.93153762817383,7.676687933488884,-1.0166895,-5.529985427856445,3934,2
142,6.337259769439697,64.78055572509766,8.048636886150204,-1.2165055,-6.020251274108887,3934,3
141,6.359245300292969,65.89232635498047,8.117408844882736,-1.2392261,-6.108090400695801,3934,4
140,6.1224236488342285,61.85079574584961,7.864527687397992,-1.0905666,-5.804231643676758,3934,5
139,6.33007287979126,64.18653106689453,8.01164970944777,-1.1550057,-6.0201945304870605,3934,6
138,6.432036399841309,66.10909271240234,8.130749824733408,-1.2050095,-6.172721862792969,3934,7
129,6.288145542144775,66.48677062988281,8.15394203007863,-0.9045404,-6.00447416305542,3935,1
127,6.466114044189453,71.4118423461914,8.450552783468748,-1.0960073,-6.105899810791016,3935,2
125,7.054079055786133,79.7750473022461,8.931687819345575,-1.3449864,-6.836146354675293,3935,3
123,7.22175931930542,83.5501708984375,9.1405782584275,-1.4842589,-7.057187557220459,3935,4
121,7.653278827667236,89.4888916015625,9.459856848893777,-1.6941249,-7.583184719085693,3935,5
119,7.7121663093566895,91.59606170654297,9.5705831434946,-1.7576907,-7.641854763031006,3935,6
117,7.7881669998168945,91.76923370361328,9.5796259688786,-1.7165852,-7.73690938949585,3935,7
144,5.8589019775390625,61.47237014770508,7.840431757735353,-0.72145116,-5.314992904663086,3936,1
143,6.707269191741943,76.17408752441406,8.727776780166531,-1.163279,-6.289544105529785,3936,2
142,6.678463459014893,75.2118148803711,8.672474553457686,-1.1386781,-6.229422092437744,3936,3
141,6.964537143707275,80.71572875976562,8.984193272618617,-1.281116,-6.5688066482543945,3936,4
140,7.1243181228637695,82.58940887451172,9.087871526078684,-1.3197277,-6.8416337966918945,3936,5
139,7.093299388885498,82.256103515625,9.069515065075144,-1.2938809,-6.8386030197143555,3936,6
138,7.10284423828125,83.07547760009766,9.114575009296795,-1.3002825,-6.84318208694458,3936,7
129,6.3723626136779785,66.34312438964844,8.145128874956395,-0.91008747,-6.177509307861328,3937,1
127,7.409409523010254,85.25990295410156,9.23362891576771,-1.5164909,-7.248594760894775,3937,2
125,7.54888391494751,87.81969451904297,9.37121627746596,-1.5778971,-7.430717945098877,3937,3
123,7.368104457855225,84.6010971069336,9.197885469331176,-1.4690981,-7.211174488067627,3937,4
121,8.004931449890137,94.04712677001953,9.697789787885666,-1.8852103,-7.925203323364258,3937,5
119,7.733692169189453,88.33119201660156,9.398467535540119,-1.7089608,-7.671571731567383,3937,6
117,8.18709659576416,98.42281341552734,9.920827254595624,-2.0574582,-8.150555610656738,3937,7
129,4.93715763092041,39.18318557739258,6.259647400404641,-0.74090683,-4.510811805725098,3938,1
127,5.453988075256348,47.0615234375,6.860140190805141,-1.1067274,-5.099573135375977,3938,2
125,6.004791736602783,55.36094284057617,7.440493454104786,-1.4724035,-5.7419586181640625,3938,3
123,5.997924327850342,54.67081069946289,7.393971240102499,-1.45801,-5.675357818603516,3938,4
121,6.4901123046875,62.01432418823242,7.874917408343558,-1.8277836,-6.416353702545166,3938,5
119,6.21954870223999,57.38612365722656,7.575362938977021,-1.6336887,-6.0738043785095215,3938,6
117,6.36773681640625,60.225921630859375,7.760536169032354,-1.7250369,-6.236920356750488,3938,7
144,6.325380802154541,64.82742309570312,8.05154786955298,-0.66530716,-5.432488441467285,3939,1
143,7.755447864532471,92.30310821533203,9.607450661613207,-1.4337883,-7.227156639099121,3939,2
142,8.219544410705566,100.67587280273438,10.033736731783149,-1.6757114,-7.925745964050293,3939,3
141,8.228285789489746,102.23987579345703,10.111373585891139,-1.7276137,-7.877908706665039,3939,4
140,8.05823040008545,96.7796630859375,9.83766553029414,-1.5787313,-7.75329065322876,3939,5
139,8.279126167297363,100.81183624267578,10.040509760100619,-1.6736813,-7.951135158538818,3939,6
138,9.191095352172852,119.06169128417969,10.91153936363608,-2.1613631,-9.099644660949707,3939,7
