n,mae,mse,rmse,r2,bias,station_id,horizon
144,4.334766612586982,40.650937894019926,6.3758088031260725,0.9275572948096735,0.7265309570958869,1,1
143,6.516127316550912,92.63778910458743,9.624852679630346,0.8350201197514069,0.26890149558181164,1,2
142,9.026638606731296,178.77547308971003,13.370694562725978,0.6819688042244225,-1.3885231418620547,1,3
141,9.99030258350072,236.57948547310986,15.381140577769578,0.5806999857785684,-1.8083975841760012,1,4
140,11.6162982823697,320.56058647595177,17.904205832037114,0.43365540273411063,-2.0447140563530226,1,5
139,12.866198584358079,395.9643895421866,19.89885397559836,0.30234644178933034,-2.471962671556055,1,6
138,13.672474971063131,440.1676930690376,20.980173809314298,0.22688918414857573,-2.7818180578253564,1,7
144,3.938654666878525,24.795828479884506,4.979540990883046,0.8071617778335158,-0.9696716847941266,2,1
143,6.033504184310986,57.51968656143774,7.584173426381924,0.539304190092507,-2.112866794762893,2,2
142,7.720488023938882,91.00511788391697,9.539660260403249,0.25606882454339974,-2.3039888088778326,2,3
141,8.50246385169708,111.04663693526793,10.537866811421937,0.08414527479303191,-1.9016256830592084,2,4
140,9.25112153659801,127.0300008293927,11.270758662547642,-0.05108997396615922,-1.2181689734156225,2,5
139,9.999782943834722,154.74936105951485,12.439829623411844,-0.2845016151769657,-1.3144295394807002,2,6
138,9.986332233913934,156.8829711921582,12.525293257730862,-0.299831271303445,-0.5568598490169557,2,7
144,6.786951331343881,83.24236646419666,9.123725470672419,0.7133265269889321,-0.6930219040947182,3,1
143,9.941914106990884,175.81341172459432,13.2594649863633,0.38290003520575744,-1.176498209182412,3,2
142,12.11018747547991,265.51935203969475,16.294764559197986,0.05481090700548796,-1.2487213078030788,3,3
141,13.677859692594167,319.044720629267,17.861822992888126,-0.14047002672206044,-1.4846676810837023,3,4
140,14.916359956120946,376.14989334443027,19.39458412403912,-0.3460426586729153,-1.9914114810397243,3,5
139,14.952519560218017,379.05951250827985,19.4694507500412,-0.35837409188924774,-1.8890988390196721,3,6
138,15.124272677001303,377.17626939547154,19.42102647635988,-0.3491465062624455,-0.9646338374357714,3,7
144,5.451715525554829,54.90135123697958,7.409544603886232,0.7001185945183122,0.004410012668632785,4,1
143,7.873955663283511,104.97978447428498,10.245964301825621,0.4137841718620785,-0.8752825659658737,4,2
142,9.44326030889246,139.2123745538344,11.798829372180716,0.20501089399589323,-0.8745474868582968,4,3
141,9.987841045172672,152.36252270389699,12.343521487156613,0.11867664593861749,-0.8916481235241206,4,4
140,10.298296673355386,157.16228154510358,12.536438152246577,0.08319585077332559,-0.8531093951467921,4,5
139,10.57358369429925,166.4135183157082,12.900136368105114,0.020640968766922896,-1.6778937505056326,4,6
138,10.403342783858482,163.73497691570827,12.795896878128874,0.03279155713799753,-1.352270081936671,4,7
144,5.237441875296535,46.95032487267462,6.852030711597448,0.6850564913195074,-0.5817405736156184,5,1
143,7.467924797757246,101.44238236281787,10.071860918560079,0.3047998589348978,-1.3861316309051903,5,2
142,9.403320168702626,154.2097397031634,12.41812142407874,-0.07869378664380844,-1.0093652588222708,5,3
141,10.175739377315914,174.0549620964055,13.192989126668962,-0.2171260666280994,-0.5629642517290067,5,4
140,11.191516064759746,207.29724851150675,14.397820964003781,-0.44413843891705773,0.03942336608039848,5,5
139,11.68578865462084,218.74599907159475,14.790064201063995,-0.5180349183599828,0.24389736830109676,5,6
138,11.966854305664317,227.2805110015771,15.075825383758499,-0.5692142926772228,1.134342200434653,5,7
129,4.398983055014243,36.78041161679828,6.06468561566041,0.8423378787714811,-0.6462334158743795,7,1
127,6.5811526937012506,78.0674889020755,8.835580846898267,0.6633544728472731,-1.7305910931105408,7,2
125,8.172217226076045,119.9958551396885,10.954261962345456,0.480819840226247,-2.136186016532998,7,3
123,8.41792856100861,131.3872079400497,11.462425918628643,0.4306868076459571,-2.5505176024374943,7,4
121,9.897166485636067,166.21756491326036,12.892539118159013,0.2775781693989017,-2.5755035796261025,7,5
119,9.678787656468263,153.39204673630522,12.38515428794915,0.3262456248938743,-2.4354460055732003,7,6
117,9.644127457964224,153.60819046266616,12.393877136016242,0.31345206110911883,-1.8832557507849597,7,7
144,3.897542272763837,25.268269933866208,5.0267554081998265,0.7746909532700883,-0.06647908683851461,8,1
143,5.5562465039433,45.904405356935484,6.7752789873875665,0.5823646281660284,0.019702324696195754,8,2
142,6.965640538924278,74.16578688793771,8.611956043079743,0.31676803106533424,-0.5285287469816176,8,3
141,7.469302860910699,85.2737899170519,9.234380862681153,0.20798979488020497,-0.5324183320122065,8,4
140,8.658296101060168,120.2989941358306,10.968089812534842,-0.12103272169127721,-0.1789111518745853,8,5
139,9.406678423975192,141.74890422975704,11.905834881677011,-0.3268988492376632,-0.31466773127609854,8,6
138,9.102975844508723,135.19215568097286,11.627216162133259,-0.264520624455973,-0.2322983010525697,8,7
144,4.820285953367082,45.23062176812826,6.725371496663085,0.9231137653578058,-0.6221736817164621,9,1
143,7.752782580631316,129.1275104638528,11.36342864032915,0.7802435194797324,-1.5708668211556909,9,2
142,10.394477301969989,231.33268511861905,15.209624752722174,0.6060599950984948,-2.968683786598796,9,3
141,12.364071437324077,356.5678735285308,18.88300488610144,0.3946086793195209,-3.400153575087825,9,4
140,13.742886319018877,435.4483229231653,20.86739856626037,0.26250012553254043,-3.533500866756859,9,5
139,14.665673276211871,478.4653851946677,21.87385163144954,0.19099424112888974,-3.78874895065423,9,6
138,14.623699432477254,474.69239646209144,21.78743666570465,0.1999526657181464,-2.836434748341474,9,7
144,5.185408896659328,71.65009888733464,8.464638142728527,0.9503158599808151,-0.127483432721195,10,1
143,8.875259390361107,194.50322967557332,13.946441469979836,0.8654919473210391,-1.2300113626317821,10,2
142,11.431838188275952,318.37029572344477,17.84293405590697,0.7805054193342762,-1.9248878668045766,10,3
141,12.731556449676267,507.87411205142496,22.53606247886762,0.6511350997151447,-4.362708397799319,10,4
140,14.029973906924978,583.0474354869003,24.146375203887235,0.6010046307459447,-5.087482182632761,10,5
139,15.62637412227713,744.1720468536513,27.279516983510746,0.4928660847777824,-6.16048400893613,10,6
138,16.29014644040565,780.257295213058,27.933086030960812,0.4709410949267697,-5.6801875528994685,10,7
144,3.5127683283050177,30.83059282001047,5.55253030788761,0.9714995679889695,0.29560960796722496,11,1
143,5.527027924106027,83.55272148121603,9.140717777134137,0.9231131314323546,0.21603470704536218,11,2
142,7.684608933941548,157.26434320794857,12.54050809209693,0.8559800415131458,-0.6257616984575924,11,3
141,9.725859079502879,287.7948370561792,16.964517000379917,0.7378709491590556,-1.9669336390215508,11,4
140,11.5885314048768,424.35694984447093,20.599925966965777,0.6155499520067693,-2.1357705505588904,11,5
139,12.220892197623128,516.5948055336182,22.728722039164854,0.5344997588716773,-3.146041287074339,11,6
138,12.415492037669873,552.485201208015,23.50500374830889,0.5049581501794196,-3.5408576481864684,11,7
144,5.095481585858462,68.12980676771664,8.254078190065602,0.925603446004302,0.3351771686185303,12,1
143,7.989371842079675,172.15363787257144,13.12073313014831,0.8126540419589553,0.462394971102296,12,2
142,9.905167918262247,248.55451246216927,15.765611705930388,0.7306371639975464,-0.8697625221833709,12,3
141,10.581531768719316,312.11663853662213,17.666823102545123,0.6634231900826794,-1.7811713740488442,12,4
140,12.676665328523475,450.7445119125772,21.230744497369308,0.5165432157204983,-1.926778060883234,12,5
139,13.679555090674297,514.8722229720461,22.690795996880453,0.4506533080043722,-2.4732309468977407,12,6
138,14.005787994910152,564.0141519562064,23.748982124634445,0.4018259226330735,-2.6311285491291385,12,7
144,4.935492184997907,58.35351159749968,7.638947021514135,0.9385742266258372,-0.22070634550814955,14,1
143,7.714774356126204,144.02189401986544,12.000912216155298,0.8483255045462695,-1.7539841334835906,14,2
142,11.09268142152618,290.6887119225038,17.049595652756807,0.6938744490609765,-2.9515939264943354,14,3
141,12.933646296841733,403.29102434310596,20.082107069306893,0.5759667778525068,-3.335464955010749,14,4
140,14.787165364539618,533.1141693414987,23.089265240399026,0.44111617137379444,-3.797812893612034,14,5
139,15.946311454240131,616.2296116831051,24.82397252018913,0.35589859422347314,-4.7448540758844215,14,6
138,16.457079281038904,642.6565744268389,25.35067207051598,0.33072338784040434,-4.613138116224668,14,7
144,5.152418727341409,46.104540007066085,6.790032401032125,0.6932304552706304,0.28729424050177355,15,1
143,7.550492473223722,97.85962659982829,9.892402468552737,0.3331340534479099,0.3181559805638436,15,2
142,10.05632794720248,160.027870742143,12.650212280516994,-0.10179748376109088,0.32184471238686657,15,3
141,11.200475224933617,195.36871314990822,13.977435857477873,-0.34040452790643205,1.241182982850205,15,4
140,12.195626425301851,225.07941037313432,15.002646778923188,-0.5352384713652929,2.247875465773172,15,5
139,12.678446848854996,246.976355460865,15.71548139449966,-0.6744711613351899,2.2787128559810585,15,6
138,12.57582332826181,244.26087793028958,15.628847620035508,-0.6442115938869004,2.0831619437806967,15,7
144,4.499741780251809,47.882217331077996,6.919697777437826,0.922633138133685,-0.5582579763630408,16,1
143,7.401562620860594,122.71367285770268,11.077620360786096,0.8012804720689213,-0.6386385627018315,16,2
142,10.11361065745657,225.33087260003754,15.011025034954725,0.6347141707534836,-1.908314113420811,16,3
141,11.760807952391177,331.66932695342706,18.211790877160517,0.4631773173667234,-2.754405076703343,16,4
140,12.97354074492797,388.2528688390073,19.704133293271422,0.3730574299391366,-2.603587793098078,16,5
139,14.390170700013789,446.4341643292008,21.128988719983756,0.2803436383094895,-2.762828558077141,16,6
138,14.30586744863252,437.4675122008341,20.91572404199372,0.2970466639471111,-2.3608408466015067,16,7
103,4.469184135558122,33.81903391171726,5.815413477278917,0.8190858382007917,0.6032236683358279,17,1
101,6.206905425298153,59.8108489034214,7.733747403647303,0.681081661058893,0.21213231116750816,17,2
100,8.243855716186694,102.45015106499284,10.121766202841915,0.45791436537342656,-0.7741790835810158,17,3
99,9.14168011164608,136.64103468577693,11.689355614651173,0.27811243105829275,-1.1244564772593348,17,4
98,10.187662788679313,169.73637332532874,13.028291266521821,0.10197063590181676,-1.3574512785675596,17,5
97,10.88339564482889,192.65243405947996,13.879929180636331,-0.020180080172700343,-1.209945980933166,17,6
96,10.650291495391391,196.04910729405435,14.001753722089756,-0.03734689036366223,-0.04697489387806756,17,7
144,4.79474219028224,46.31864155401498,6.805780010697891,0.7447249102425002,0.18306888243063765,18,1
143,7.329018275561592,94.62019614248047,9.727291305521824,0.46755057244012077,0.08345470018997324,18,2
142,9.272717288680042,147.84871303329047,12.159305614766431,0.15837496761478465,0.13109632113564654,18,3
141,9.868001995159052,164.1276106540337,12.81122986500647,0.06271470689646297,0.1717297295462423,18,4
140,10.628923761544591,177.96068489847187,13.340190587037048,-0.014917976029898972,0.7285545782573147,18,5
139,11.079318457081602,186.87870136857546,13.670358494515623,-0.06690214454824406,0.49022502735319307,18,6
138,11.225482336532542,190.48952350958928,13.801794213419836,-0.08614195197633823,0.522482151211422,18,7
144,4.487968180119369,40.323181930733035,6.350053695106289,0.9156275334212505,-1.0149417595121617,19,1
143,7.525246822529194,116.40316432021778,10.789029813668039,0.7549049335944361,-2.6022501289186186,19,2
142,11.032696907838163,233.56751264240793,15.282915711421298,0.5064603882601609,-4.205608024291894,19,3
141,12.360890902684883,317.1362386692499,17.808319366780513,0.32974773645239785,-4.250850904030055,19,4
140,13.423855607101185,343.1042763668044,18.523074160808306,0.2760328432459992,-3.7451285804492263,19,5
139,14.453122617588333,401.3254893104007,20.03310982624517,0.15426953052151537,-4.548563910245957,19,6
138,14.278646858818831,390.3306143389725,19.756786538781363,0.17989303785904243,-4.029014014521045,19,7
144,5.232613360969542,61.744296594485,7.857753915368246,0.8994566425089441,-0.5406002200832326,20,1
143,7.911291509379354,144.55337916292643,12.02303535563821,0.7640488238314063,-1.1744067071867053,20,2
142,10.336703461433776,236.4532687526427,15.37703706026108,0.6134520860203224,-2.279771908808895,20,3
141,12.130153345925875,337.4668287857147,18.370270242588013,0.44844524223001914,-3.0107591818097275,20,4
140,13.145888961288824,369.56749641059264,19.22413837888691,0.3973083442240537,-2.782601971448826,20,5
139,14.340632533732451,423.534516040298,20.579954228333406,0.31016736730927097,-3.491743278326367,20,6
138,14.071148008820892,421.5300937301325,20.531198058811192,0.3157698378072218,-3.3053189975325377,20,7
144,4.892600307253986,41.50273354979099,6.44226152447966,0.7101678328012341,-0.17116228358529512,21,1
143,7.405059364059352,94.05229206412834,9.698056097184029,0.3343036675171658,-0.5370163279071513,21,2
142,8.65346680441216,134.87594399658173,11.61361029123079,0.04030423717339571,-0.04764097543939152,21,3
141,10.409111059605623,173.78996913884248,13.182942355136143,-0.24267522874258862,-0.18052078248624384,21,4
140,11.261212131169158,199.4764429369416,14.123612956214199,-0.423971551555967,0.8691402816988443,21,5
139,11.323279197559508,210.05006027236368,14.493103886758131,-0.4961899939540815,0.311976033128182,21,6
138,11.621665406375035,224.73265291008377,14.991085781559779,-0.5927259797329099,-0.2564625321566003,21,7
143,4.604686918096181,35.48833951035016,5.957209036986209,0.6140391553456319,1.0095220810734815,22,1
142,7.317809149052309,81.75767341128036,9.041994990668838,0.10344669087692016,2.124314797003296,22,2
141,8.606514479397681,115.97904922864265,10.769356955205945,-0.27882236855063103,1.4859589712486256,22,3
140,9.401589412088521,134.23614372997875,11.586032268640492,-0.4803303761585316,1.1782176568923026,22,4
139,10.059277902227004,153.91569548050938,12.406276455105672,-0.7004587311761168,1.911562047786291,22,5
138,10.269525325479698,180.86992974987928,13.44878915552918,-0.986289106481232,1.588264475754416,22,6
137,10.4735242921772,192.12527913882244,13.86092634490287,-1.0949938602486458,1.5552851339450402,22,7
144,4.148649223742722,29.559001032564677,5.43681901782326,0.6631779302607625,-0.29715388337856075,23,1
143,6.018000021179339,62.14751592547776,7.88336957940434,0.2638877432627095,-0.988854072319767,23,2
142,7.477186290272954,94.33503404574932,9.712622408276218,-0.1541994728526621,-0.39105737866215584,23,3
141,8.547449780236903,116.72330532512535,10.803856039633505,-0.46774238975591453,-0.5724850997224947,23,4
140,9.089970770651446,137.00800547996081,11.705041882879396,-0.7293352105966151,0.1268996395185803,23,5
139,9.650725259339756,152.03867650267003,12.330396445478549,-0.9298979739629496,-0.09935067417682192,23,6
138,9.7389365809681,148.66168626457974,12.192689869941733,-0.8865004335946134,0.25706776755661215,23,7
144,4.192045135232285,29.790416544436376,5.458059778386123,0.6947232613659952,-0.09409561822959144,24,1
143,6.563098645261894,66.76311891964876,8.17087014458367,0.30217064979209796,0.4199850566938127,24,2
142,7.730532602756241,97.53533509026958,9.875997928830767,-0.030583192092365152,0.6736720641477396,24,3
141,9.20156960041956,134.75517067780183,11.608409480966884,-0.43488274267673943,1.088665283113483,24,4
140,10.121453628504478,164.8611459295955,12.83982655371931,-0.7549478843545745,1.6908312326596437,24,5
139,10.226465323465055,175.80998920098747,13.259335926093263,-0.8739968321683864,1.3115588926991208,24,6
138,10.67710447691826,200.25521437988508,14.151155937939667,-1.1228921822430253,1.4046128004845626,24,7
144,4.67269686035049,39.342764814030424,6.272381111988526,0.6605102342460006,-0.2536369019966556,25,1
143,6.965583985920081,86.65803496480433,9.309029754212,0.237058219881214,-0.39650702867380544,25,2
142,8.651163596172937,144.3351668133242,12.013957167117095,-0.29098652747472165,0.3619662082327991,25,3
141,9.576503788396886,171.65940842317403,13.101885681960976,-0.5506398370140897,-0.29034712579159844,25,4
140,10.437411913990877,204.46561462498642,14.299147339089362,-0.846095887950042,0.1993047349579738,25,5
139,10.679098499341606,213.70716057584053,14.618726366405541,-0.9309466830607509,-0.5621008628268298,25,6
138,10.563293034843436,204.37872478084134,14.296108728631065,-0.8373145523578036,-0.8401333565702646,25,7
144,4.8594451649069885,37.20349605317942,6.099466866307204,0.760107888504916,0.3834807633580416,26,1
143,7.427625793354289,85.7106928525059,9.258006958979125,0.44087351830638244,-0.11215965713158055,26,2
142,8.747802563472872,128.22043010099742,11.323446034710344,0.1600378806252465,0.15944859850331397,26,3
141,10.191918525395678,161.46775682575125,12.706996373091135,-0.060725183997655474,0.041328781379713055,26,4
140,10.628843898380628,179.80260944548172,13.409049535499587,-0.18089182763751,0.3963493538416216,26,5
139,11.463066676739126,211.53168406645892,14.544128852099012,-0.38774576654270376,-0.14981647438268295,26,6
138,11.627270907558351,221.055276032991,14.86792776526006,-0.4416704326361265,-0.10778452378772088,26,7
144,4.883229698611007,40.732435478123456,6.382196759590185,0.731732241963383,0.2740910264617131,28,1
143,7.827799441955722,94.36245539563242,9.714033940420036,0.37518141459435483,0.4779850785677178,28,2
142,9.41247446373673,140.69493979922746,11.861489779923408,0.06727790172159309,0.6833214068712076,28,3
141,10.713102964342314,171.07796738922923,13.07967764852136,-0.13314213657709129,0.7196502649773966,28,4
140,11.672336378989975,208.18606113147993,14.428654169099762,-0.37364680114956905,1.4882292987338437,28,5
139,11.814922834494059,221.0625406668729,14.86817206878078,-0.4539507610300093,0.7996197531475693,28,6
138,12.262637042982782,247.6585797351952,15.73717191032732,-0.6187149725073353,1.2259632970000192,28,7
79,5.2210819324804305,45.8267694798493,6.769547213798667,0.565398163137613,0.5087785331289774,29,1
74,8.218337585182752,104.347773423832,10.21507579138951,0.025304263074947153,0.04831630418935157,29,2
69,9.345748235363942,141.7799182705607,11.907137282762834,-0.2594630895041037,-0.9676790617817315,29,3
64,9.413175743730394,150.74997643365663,12.278028198112946,-0.281769739510757,-1.3674723186874354,29,4
59,10.153522089400502,153.14208983166023,12.375059184976056,-0.29604507457389095,-2.191380749539179,29,5
55,9.402455713830511,134.5592244101699,11.599966569355702,-0.21010003728973192,-3.1289732724613755,29,6
51,9.244479133821864,130.4743132450854,11.422535324746665,-0.33926279512042545,-3.859904419148659,29,7
144,4.548933467838832,33.82657770046888,5.816062044069757,0.5558670170924671,-0.1664898837773241,30,1
143,6.49595635238934,65.14473542057637,8.07122886681925,0.1265491406973801,0.5484905152390278,30,2
142,8.262198868377732,102.5065310955776,10.124550908340458,-0.38872612128831086,0.6647695576352273,30,3
141,8.843106701470607,119.48455313999094,10.930899008772835,-0.6299622830435256,0.8853168403245139,30,4
140,9.395665828513811,137.87903128625751,11.742190225262812,-0.8862159558390896,1.052711103839578,30,5
139,9.603542698996538,153.5672735533277,12.392226335623786,-1.1059426372568764,0.837074414420191,30,6
138,9.997834285040573,170.11842629639168,13.042945460914558,-1.323048534658266,0.3861073615000521,30,7
144,3.847627665250324,24.622740182820564,4.962130609206147,0.7407317142623134,0.4118342180365905,31,1
143,5.587480663754337,49.34445077803799,7.024560539851443,0.4788062081895458,0.7985945394273615,31,2
142,6.497660941969227,72.1184561139195,8.492258599095974,0.23521493768753,1.3398829402311219,31,3
141,8.175711720010524,103.06823924547841,10.152252914771106,-0.09779991971024016,1.8156312200449598,31,4
140,8.922859927757587,128.15148240236385,11.320401159073995,-0.36210384631061165,2.243770402678159,31,5
139,9.021240739802549,139.26105683565072,11.80089220506868,-0.47880242472164136,1.3743282019991,31,6
138,9.36662820535635,150.9923912025112,12.287896125965226,-0.5951987259372467,0.301596046342733,31,7
144,5.294529267235365,46.60264015854247,6.826612641606558,0.7019107264500901,-0.34214286948305134,32,1
143,7.924314507291806,94.09400862285604,9.700206627843349,0.3933249649266076,-0.09455688489816894,32,2
142,9.293582226306402,123.77711177333386,11.125516247497634,0.20185055143342479,-0.2951649001631008,32,3
141,10.819678840821899,165.1022454432419,12.849211860781264,-0.06218678199060568,-0.0034967637652956627,32,4
140,11.830229524829965,200.038840188535,14.143508765102633,-0.28110817791707476,0.2709220691805969,32,5
139,12.0272962216583,215.73933742135634,14.688067858685715,-0.3758344322935292,-0.5915026805183007,32,6
138,11.932388741639528,216.51364784496178,14.71440273490439,-0.3714510876350223,-1.1577902541548695,32,7
144,5.66317226192393,53.93614753734966,7.3441233334789295,0.6908026614895608,0.7611270708741569,33,1
143,8.549651212276078,110.14349025191953,10.494926881685243,0.3667697478026488,1.1651211234984422,33,2
142,9.954468445237813,146.91014719285502,12.120649619259481,0.15664393086983286,0.8515261392097346,33,3
141,11.377073851135831,192.55935073872692,13.876575612834996,-0.10237049087812,1.6925995962181504,33,4
140,12.017996328199215,224.18446075999066,14.972790680430641,-0.27742281604763264,1.799983982111321,33,5
139,12.194975453800371,242.77931937252592,15.58137732591461,-0.378718424756302,1.4367984114933994,33,6
138,12.550698465540899,254.85137400685144,15.964065084020781,-0.4375397914362622,1.2492575954261094,33,7
144,5.432671884502592,44.738192218724784,6.688661466894911,0.6356308637397448,0.18669022817833852,34,1
143,7.858525495407196,95.92043940229678,9.79389806983393,0.2106248909688001,0.5766658332396571,34,2
142,9.392032364016666,132.73053576045533,11.520873914788554,-0.09445291331109318,0.5951515178000399,34,3
141,9.978018795702306,153.11890682316147,12.374122466791796,-0.26009497386013636,0.850919328242036,34,4
140,11.227531832981972,191.25217613216813,13.829395363940106,-0.5676415050177281,1.6879712127128421,34,5
139,11.087046427609543,204.27458844805852,14.292466142974016,-0.669655682302357,0.8237526867962611,34,6
138,11.304688596641212,203.24072605176556,14.256252174108228,-0.6510455542596965,0.5646685178437321,34,7
144,5.0038139305820515,40.34527848472416,6.351793328243935,0.726364440591683,0.44065633382541974,35,1
143,7.740969657493459,89.65533194374238,9.468649953596467,0.3905837936374401,0.7640489234622716,35,2
142,8.82089899546183,115.22824426436149,10.73444196334218,0.2183686724196967,0.3348795040554596,35,3
141,9.887445744656457,146.10049251809815,12.087203668264143,0.014893619354806709,0.6919945254128409,35,4
140,11.158011120123742,180.05027908288216,13.418281524952521,-0.20555973456592502,1.4606226355877212,35,5
139,11.131264351051891,200.30584862626105,14.152944874698731,-0.33257266330758073,0.8973537707233229,35,6
138,11.663540529029849,210.12441461722975,14.495668822694238,-0.3882119536825088,0.46772908686635156,35,7
129,5.512429939392457,53.808404434948265,7.335421217281818,0.6903874236087258,-0.17921124074663794,36,1
127,7.856305404502187,99.85990246273379,9.992992668001602,0.42482612484189175,-0.4945425162955437,36,2
125,9.277290464087221,134.80273990385476,11.610458212484758,0.22405787628414953,-0.6602123986397883,36,3
123,10.593027461688132,175.08728534318882,13.232055219926677,-0.008039311356790257,0.423511333957487,36,4
121,11.814012101348824,209.8559313717853,14.486405053421132,-0.20828738648612055,1.0125559529119121,36,5
119,11.823783955667372,226.09081069085101,15.036316393680037,-0.2976221525643328,0.15724835145988275,36,6
117,11.446594344341797,209.64857071372626,14.479246206682387,-0.20257133607510225,-0.652986250637406,36,7
144,5.597898932772241,53.6135250749692,7.322125721057322,0.6960795472701236,1.4692028086726847,37,1
143,8.47785945284073,103.30075636003403,10.16369796678522,0.41377416931952915,1.9364416215909643,37,2
142,10.147421968740195,151.10448215517067,12.292456310891273,0.14572986477980632,2.363791082725417,37,3
141,11.948861160090347,214.0966221113454,14.632040941418438,-0.20529737124147363,3.265982855305556,37,4
140,12.857927408631554,253.00204132318342,15.906037888901919,-0.41651706145799294,2.857108035027122,37,5
139,12.821930465445948,270.203036885992,16.437853779797166,-0.5060242921930844,2.8382785657102256,37,6
138,13.105889598938555,275.659839391268,16.603006938240675,-0.5257695199913761,2.5061371867865607,37,7
144,4.911373107764266,38.724826388168836,6.222927477334831,0.7642761700932003,-0.06713318748957854,38,1
143,6.822842686716433,74.31453135908885,8.620587645809817,0.5437875914886066,-0.21906921138176222,38,2
142,7.974605303046488,100.97809340806329,10.048785668331437,0.3787308100435811,0.01810991590600468,38,3
141,9.337798651759057,128.35180729160604,11.329245662955943,0.21206219437172857,0.10669411076180801,38,4
140,9.880918797952658,149.58400666607258,12.230454066226347,0.08451177624555073,0.30545319314615565,38,5
139,10.195456526815454,164.3806429630461,12.821101472301283,-0.0074652021066963226,-0.7174608856005157,38,6
138,10.288626830638425,167.4519705809308,12.94032343417006,-0.021037674867734557,-0.7557191833407326,38,7
144,4.9181558636857154,38.481710784574624,6.203362860946845,0.6125102281230501,-0.5327942623413016,39,1
143,6.714667763117656,72.0411430398843,8.487705404871466,0.26818575703755876,-0.7993132274435769,39,2
142,7.6396198295609326,87.6208837641571,9.36060274577215,0.11050501616781505,-1.276136442207282,39,3
141,8.739443829034823,114.14322078444162,10.683783074568748,-0.15504258118967074,-0.09765374047176295,39,4
140,9.989059873409321,146.3120232321719,12.095950695673817,-0.4731799054287251,0.16160325353312888,39,5
139,9.89718777319181,158.98346500328066,12.608864540603197,-0.5963916591922149,-0.34258474957558377,39,6
138,9.38302220194751,140.77165301484774,11.864723048383714,-0.40414951818884615,-1.125646159138395,39,7
144,4.1653604106538555,30.953141799132393,5.563554780815265,0.48862631192573547,0.4186595940365946,40,1
143,5.619728785493713,49.796930955822816,7.056694052870849,0.16637037581333325,0.6660205004979101,40,2
142,7.008478170239123,71.84924412790969,8.476393344336357,-0.20264883068313067,0.7519589420066904,40,3
141,7.673057990636572,87.83940548587864,9.37226789447883,-0.46455829617623245,0.8948955217682387,40,4
140,8.342349106040686,105.49215022934713,10.270937164122227,-0.7483760191833848,1.31243489814829,40,5
139,8.315180373752522,111.62293080928114,10.565175379958495,-0.8439548795948211,1.3472898965406255,40,6
138,8.413545058005942,106.80847824469215,10.334818733035048,-0.7606055988374787,0.7916573725722027,40,7
144,4.162426376407873,29.295197405703764,5.412503801911253,0.5529082984500291,0.16205193663746742,41,1
143,5.715131017192347,52.654722677519416,7.256357397311644,0.18591545767034556,0.05014767194075936,41,2
142,7.077568608069286,75.96794108540944,8.71595898828175,-0.17403289626589502,0.26963850179882404,41,3
141,7.748437232646794,88.18606696876184,9.390743685606685,-0.357538437424856,0.355713296028413,41,4
140,8.508102663714464,107.86259481257598,10.385691831196224,-0.6503960981319239,0.9200167944075159,41,5
139,8.426530178139096,113.11911321787096,10.6357469515719,-0.7262731552856616,0.7700469473668805,41,6
138,8.269762421501776,103.9701898488979,10.196577359530888,-0.5822932748366048,0.16646564763964464,41,7
144,5.453803723743736,45.63959068684525,6.755708007814226,0.5789305140167436,0.38619810221907613,43,1
143,7.863743194561823,91.37538375036523,9.559047219799954,0.14563539014857252,0.9345280554033137,43,2
142,8.969447415178756,124.9662457544473,11.178830249827005,-0.17864742622497531,0.885765556316388,43,3
141,9.41488225532519,144.8113825858703,12.033760118344984,-0.36402929503335746,1.136614815394945,43,4
140,9.957203083987965,158.7706697159504,12.600423394313001,-0.4885545908746505,1.4591205040196151,43,5
139,10.164640089728804,173.75630546717832,13.181665504297184,-0.6275369124228469,1.1483320372218213,43,6
138,9.896979560469479,171.77358970654302,13.106242394620322,-0.6061456458337116,1.0188661789468523,43,7
144,5.723672753326851,55.49190751293842,7.4492890609063105,0.6193140782901736,-0.3306417484798926,44,1
143,8.066188740648847,104.58402606075934,10.226633173276499,0.2782390441490854,0.13682180872168767,44,2
142,9.374152900695947,135.5988458647993,11.64469174623353,0.0637943779152037,0.1984256155252974,44,3
141,10.14506684159094,159.45639210261737,12.627604369104116,-0.09662848157978021,0.33660161295570856,44,4
140,11.09559451513238,187.28661125588133,13.68526986419637,-0.2808981669558561,1.250592548914537,44,5
139,11.338254704758606,211.40614699411842,14.539812481394607,-0.43972985858704994,1.2288076782379262,44,6
138,11.550670090284394,212.15164015655677,14.565426192067184,-0.4357056452005348,0.7473952253086358,44,7
144,4.803093365628961,34.54950479806704,5.877882679848845,0.49605703521517286,-0.06768694257522194,45,1
143,6.305759854418179,59.32055817296106,7.701984041333834,0.11988659656336664,0.19426188703981062,45,2
142,7.399538899177473,83.76053156899077,9.152077991854679,-0.2490156507668575,0.40267439876556754,45,3
141,7.656032979818968,86.60761003314975,9.306320971960389,-0.29610065184901857,0.9271470374588194,45,4
140,7.734495716205492,95.07369625781092,9.75057415016218,-0.42480968798636565,0.5531606367320772,45,5
139,8.10856174916209,111.72172656854467,10.569849883917211,-0.6813763446772363,-0.2197183174963098,45,6
138,7.7760310561451025,100.0614595527433,10.003072505622624,-0.4991626750323517,-0.45198979496656083,45,7
144,2.641339649785052,12.002949355506312,3.4645272917825762,0.4408375303794294,0.4517785668225994,48,1
143,3.7289870117392376,22.06482434086888,4.697320974860977,-0.05441342610901989,0.5310289727312977,48,2
142,4.947810053268811,36.7534043754582,6.062458608143911,-0.7831609513314182,1.1422155758139558,48,3
141,5.298909774858246,40.692184519097175,6.379042602075736,-0.9668766021626594,1.6537353413127232,48,4
140,5.52167744090697,44.34049577062634,6.658865952294455,-1.1328845677882455,1.4662100357342178,48,5
139,5.270531839754661,41.863931609704856,6.470234277806705,-1.001268712185626,1.5404384756230087,48,6
138,5.429944522649745,42.587152534058575,6.525883276159525,-1.0232042603388325,2.0793964522618196,48,7
144,3.4485373300826883,19.573352721340086,4.4241781972859195,0.2969670008464107,0.006019576938324198,50,1
143,4.390253053403541,30.803979024703782,5.5501332438693565,-0.13066996488136629,-0.04618850014567102,50,2
142,5.088816047374602,41.570648198617164,6.447530395323248,-0.530637203039704,0.5652427132168804,50,3
141,5.2676742454713805,46.51644221560358,6.820296343679179,-0.7038041891847167,0.752649564764239,50,4
140,5.577381309497678,53.14073617404891,7.289769281263222,-0.9379835416621052,0.5242201802568144,50,5
139,5.415961346359928,51.85807309838801,7.201254966905977,-0.8778832197232724,0.19517342555729678,50,6
138,5.507626166865051,50.743169716928485,7.123424016365198,-0.8248929158435194,0.8093975137577628,50,7
144,3.1617079261285297,17.058045947062322,4.130138732181078,0.19928806793334708,0.4547412428501979,51,1
143,3.959722014281446,26.454214006862927,5.143366019141835,-0.2548202843933547,0.550591832877988,51,2
142,4.632646763642367,32.7212617401063,5.720250146637497,-0.55970119636313,0.8920180773420241,51,3
141,4.885116764974173,35.91206462579933,5.992667571774637,-0.7002324650604792,0.8291502122394312,51,4
140,4.951452854337084,36.65328125203386,6.054195343068628,-0.723877654524846,0.9523525485522856,51,5
139,4.656849471976663,33.61054931462501,5.797460591899268,-0.5782379413347236,0.9418471236224003,51,6
138,4.770793579216462,34.9241346388252,5.909664511528992,-0.6288135930578269,1.31693690394525,51,7
144,2.6353737450437116,11.238132002115906,3.352332322744257,0.35478998055994815,0.48560649347835283,52,1
143,3.4451340774125003,18.9432986955173,4.352389998094989,-0.10531861712977264,0.88867696542693,52,2
142,4.536429838627526,32.14920443288094,5.67002684586951,-0.8864298831930553,1.4942805050404242,52,3
141,4.50304181581017,33.32540110162143,5.77281569960634,-0.9417434017679565,1.70742032651766,52,4
140,4.670108158141788,33.33757435832736,5.773869963752852,-0.9575502087523187,1.7021795754877187,52,5
139,4.304227723307075,29.495230345756042,5.430951145587303,-0.7369021172619088,1.6309932199217556,52,6
138,4.381883343514898,30.051580753375173,5.481932209848565,-0.7747539417759675,1.8611525508974176,52,7
72,2.9929435109232645,13.633591267794325,3.6923693298198548,0.1174672734798401,0.186581326077485,53,1
67,3.7533201516530434,24.3000653818841,4.929509649233289,-0.5816865527264306,-0.6228091671121798,53,2
62,4.219553280442011,32.60918063882574,5.710444872234189,-1.3889223970212128,-1.2253502755166084,53,3
58,4.056761609679115,29.395915797028874,5.421800051369368,-1.0830046935846136,-1.140942573121618,53,4
54,3.9139380227959726,27.62598433712681,5.256042649858048,-0.8522100637635897,-1.5891457992086606,53,5
51,3.9138902527004666,24.94743478676878,4.994740712666553,-0.6168652176912741,-1.363122415569628,53,6
48,4.487037029572677,29.919010931369968,5.469827321896914,-0.8467667707245112,-1.0615885964109653,53,7
144,3.411840184201849,19.765431838925476,4.44583308716437,0.36981576262158233,0.04070870649016194,54,1
143,4.324953630603792,32.654670740525965,5.7144265452034615,-0.06544009325250832,0.2242945078578308,54,2
142,5.304116446273587,46.663212789444025,6.831047708034546,-0.5586465165788079,0.4903693175560907,54,3
141,5.81130762336771,54.55407004304435,7.386072707673838,-0.839544138540276,0.8996544659307771,54,4
140,6.474306246881481,69.73368415721777,8.350669683158218,-1.3868079443217964,1.2246191306753331,54,5
139,6.617854104418531,73.6094166870991,8.579593037382315,-1.5171768952502722,0.9460192147018323,54,6
138,6.520708502593774,71.1602822167006,8.435655411211425,-1.4305424368013022,0.9086436364559701,54,7
144,2.425687822432781,10.168600925616868,3.1888243798642892,0.38240309589534494,0.5259788347513394,55,1
143,3.6280414262932985,20.606685858142882,4.539458762687781,-0.2805461143492767,0.9477307864323324,55,2
142,4.926997899089509,35.36770131525885,5.947075021828701,-1.2372243274126373,1.5876358023790829,55,3
141,5.357551033590111,41.12060570307339,6.412535044978186,-1.5977025070019168,1.9245484206397974,55,4
140,5.985345743010043,54.052187152309955,7.352019256796731,-2.4187107373288943,2.2656936126485343,55,5
139,5.887564959710999,52.64792524371935,7.255889004368751,-2.3063116821876184,2.1818684054402695,55,6
138,5.872215600060652,50.06634525794529,7.075757574842802,-2.123601510102464,2.4078521392109424,55,7
144,4.807717865537484,35.41529309534666,5.951074952926292,0.5443152414184997,-0.051296849339982305,56,1
143,6.82040440326391,68.95242215682082,8.303759519447851,0.09599522524796189,0.2121813733212954,56,2
142,7.959091618867204,96.07902893525969,9.801991069943886,-0.268496354304566,0.6899746471639908,56,3
141,8.452182058610424,114.56877977687381,10.70368066493362,-0.5208043763343801,0.6489610557896638,56,4
140,8.910820962305287,126.53142826326844,11.248618949154089,-0.6830013951282627,1.0302686991477106,56,5
139,9.145706247302112,145.90751169048735,12.079218173809402,-0.9483929833823022,0.468365904376324,56,6
138,9.281121529968123,137.96849701467937,11.74599919183887,-0.8334232259141086,-0.34090067721304756,56,7
144,4.111612852831197,27.08255500735024,5.2040902189864315,0.668172361961449,0.24016026681304592,57,1
143,6.107845238038122,59.98478965632867,7.744984806720325,0.25082211000271737,0.32222612877803153,57,2
142,7.5879394508326925,92.95321740456241,9.641224891296874,-0.16802693972561955,0.2721456316677295,57,3
141,8.642199618824662,116.68739373987611,10.802193931784233,-0.4733716504814991,0.6131252783625286,57,4
140,8.95187626598279,124.29658461557338,11.148837814569434,-0.5680567331143991,1.4519927338753948,57,5
139,9.373599228474621,147.43677921174802,12.142354763872946,-0.8618513454506758,0.8508130945612985,57,6
138,9.367253959109632,148.38531063787747,12.181350936488016,-0.8611548683450354,0.2440058782376177,57,7
144,3.8707203830076318,24.462524206965416,4.945960392781711,0.643201974974476,0.2918224589643038,58,1
143,6.025141348488507,57.625584421864964,7.591151719065096,0.14096333097803415,0.41049031405848957,58,2
142,7.651599325523754,90.04524832991494,9.489217477216704,-0.3513800284323394,0.614627774749314,58,3
141,8.338312313712002,111.13617766180386,10.542114477741354,-0.6726725732994976,0.8424292450177671,58,4
140,8.523192502922903,117.17883183143219,10.824917174345131,-0.7589831876257811,0.8807017851719565,58,5
139,9.08126770119209,143.79539312209883,11.99147168291277,-1.1657627066098315,0.371465990469891,58,6
138,8.721369356060643,130.67368919599048,11.431259300531613,-0.9543258374905865,-0.16227259221354295,58,7
144,5.444544914720348,49.0361109365679,7.002578877568456,0.7082530925635566,-0.661595391002611,59,1
143,8.941037840620437,120.26157537244568,10.966383878583025,0.2820279392445656,-0.9010623762065365,59,2
142,10.303528230586162,171.81814398495203,13.10794201943814,-0.022581374370125973,-0.7350802125388143,59,3
141,10.753441570267837,179.26676030464833,13.389053749412179,-0.0625003353691127,-0.2737330984734242,59,4
140,10.726251532007911,185.05480897615064,13.603485177562058,-0.08936326153494023,0.1817816485482736,59,5
139,11.054984440938716,198.6282498115886,14.093553484185193,-0.16439278676444347,-0.22870483852065973,59,6
138,10.862682923574756,194.9966152692514,13.964118850441348,-0.14327249279457166,-0.2524521910613137,59,7
144,5.1465441568301475,43.37531262394384,6.58599367020223,0.6849846796611863,0.1738581591163794,60,1
143,8.118701776092536,106.77531975375594,10.333214396002628,0.2181357731168494,-0.24035626698916696,60,2
142,9.948747027365103,155.89699927568515,12.48587198699735,-0.1409767691501469,-0.5178110707910399,60,3
141,10.363926312036362,167.42665546445576,12.939345248676835,-0.2240088993326248,-0.6701596822642887,60,4
140,10.72627359897148,181.35520661548344,13.466818726614072,-0.32250844453456673,-0.3045141557813365,60,5
139,11.084290166570995,200.43525380374226,14.157515806233178,-0.45922211204097363,-0.3491334832697849,60,6
138,10.996935261671771,191.88506712547863,13.852258556837532,-0.3872427437765986,0.39550756615225774,60,7
144,5.3494250510670165,47.56112224137786,6.896457223921415,0.6879328877246149,-0.11946691510015661,61,1
143,8.828219793539825,121.99639732247044,11.045197930434314,0.1931814364225668,-0.7135614957950946,61,2
142,10.460530879964896,175.84155261707852,13.2605261063458,-0.16207951819799438,-0.9879718884160934,61,3
141,11.099518309837645,187.53058413172252,13.694180666681834,-0.2379580689647922,-0.368009748192861,61,4
140,11.370933604395821,203.89692599261187,14.279248089189146,-0.34308551388561015,-0.7958243219365071,61,5
139,11.672549145225034,216.8772730190447,14.726753648345065,-0.4262537968252944,-0.78313708263983,61,6
138,11.543773472820904,211.63580683257047,14.547707958045159,-0.38233383344111593,0.20368282813608413,61,7
129,4.6827390462312355,34.79077746587632,5.898370746729669,0.6748780336904705,-0.004852229060237822,62,1
127,6.6317051190674094,73.24531423794967,8.558347634791991,0.3049306714530481,0.3539484960247047,62,2
125,8.051938184167145,109.45158172665684,10.461910997836716,-0.03458001079139583,0.6310794276512677,62,3
123,8.889595138803772,133.25090041711323,11.543435381943853,-0.25457329955576924,1.275779796707748,62,4
122,9.497408103523671,147.03931598702567,12.125976908563931,-0.3760617519732934,2.3541132607768573,62,5
121,9.850790273126323,164.89460726520505,12.841129516721068,-0.5357245612324917,1.7297913254154271,62,6
120,9.4925914183244,162.79795939344086,12.759230360544512,-0.5135471520299562,1.4004235947758097,62,7
144,3.12802440031996,17.116358596774585,4.137192115043074,0.262608965144394,0.17080161862794754,63,1
143,4.158597149674246,28.086565345695863,5.2996759661035755,-0.21894193106044324,0.6412067710855966,63,2
142,4.9388625166182605,38.36723655546929,6.194129200740754,-0.674722917117691,1.0584879846229278,63,3
141,5.3559815009056235,43.37199228340507,6.585741589479887,-0.8798831805485985,0.964167449682427,63,4
140,5.245216270101319,44.13560247421076,6.643463138620607,-0.8994443675209249,0.8790114657075657,63,5
139,4.875226313140669,39.7637147770303,6.305847665225532,-0.7029347981787262,0.8170526096167234,63,6
138,4.875729643538463,38.962168425986725,6.241968313439818,-0.6566638100717752,1.1209728029930217,63,7
144,3.339535972431327,20.62643995789782,4.541634062526154,0.42692954985324516,-0.25170955061239364,64,1
143,4.708839097631976,35.61506728142048,5.967836063551049,-0.005725204216753266,-0.016994570899322745,64,2
142,5.44167866723619,46.63667000733472,6.829104627060177,-0.32183079602416953,0.08824009930411804,64,3
141,5.925698299161914,55.25786507952871,7.43356341733416,-0.5647585138867031,0.32405072710585137,64,4
140,6.213337795738092,63.339647231818645,7.958620937814455,-0.7884309459848062,0.08165306649430855,64,5
139,5.686110643582696,57.09929393054436,7.55640747515275,-0.605318777708868,-0.5131751384608653,64,6
138,5.813881605673652,57.47314286198964,7.581104329976579,-0.6057156574926075,-0.2831221171625918,64,7
129,2.762488309257513,14.61463757988761,3.8229095699333002,0.3192196979591567,0.009984068153457109,65,1
127,3.6255390549024913,23.400867575244217,4.8374443227022486,-0.103016196888293,0.37546653858440315,65,2
125,4.168176415739052,29.53984343380272,5.435056893336326,-0.39218717169952644,1.2333335323158434,65,3
123,4.52978711277411,34.03627534498936,5.834061650770359,-0.6000918759065526,1.4391186975927335,65,4
121,4.936487896660452,42.338603280058415,6.506812067368967,-1.0128710161896768,1.1595157254437793,65,5
119,4.819130771388523,40.935069551244,6.398052012233411,-0.9291650974515939,1.0604086905835006,65,6
117,4.900359531940499,40.514219426358,6.365078116280899,-0.8877701572623109,1.3311012066077683,65,7
144,2.754394993470396,14.419305198328146,3.7972760234578873,0.3456609009479811,0.3059663706614417,67,1
143,3.932203787840002,26.985526901112472,5.194759561434242,-0.2453119098985188,0.5022365276747767,67,2
142,4.840338788907794,37.73486436946079,6.142871020089937,-0.7651859282946121,0.8512542220389666,67,3
141,5.206994540022779,43.05887606781606,6.5619262467522494,-1.0036188053517665,0.7804085358440318,67,4
140,5.220198749846658,45.25897982250979,6.72747945537627,-1.0940749423008675,0.9442007311583712,67,5
139,5.059563041073667,41.9582381211518,6.477517898173018,-0.9276391566080548,1.130213555533981,67,6
138,5.175216283180325,41.62526219780454,6.451764270167079,-0.9095419006557448,1.2710512316981257,67,7
144,2.906786109744729,15.708757898227386,3.963427544213138,0.16917488269966618,0.31356880885844246,68,1
143,3.9492603465827276,25.761703748988957,5.075598856193125,-0.3826377954003741,0.8448026266722729,68,2
142,4.961681195199716,39.02574742777871,6.24705910231196,-1.1295227570111082,1.293038805036715,68,3
141,5.302514764024109,43.4449453815013,6.591277977866,-1.3623619925295092,1.2460404245572565,68,4
140,5.328730333713146,46.387142120841986,6.810810680149756,-1.5050168416372594,1.5442719478158966,68,5
139,5.087808493156289,42.86348298838414,6.547020924694234,-1.2982160583252735,1.666436517729909,68,6
138,5.009325430561931,40.63480290800234,6.374543348978211,-1.1643464148696685,1.5134206567547341,68,7
144,2.6401673153591094,12.234680055339396,3.497810751790239,0.008095861882623567,0.6997650355502519,69,1
143,3.5905416226760996,20.880306338511346,4.569497383576376,-0.7324727576627252,1.1687668788193173,69,2
142,4.332873831901038,30.382389035711718,5.512022227432661,-1.5565932931040956,2.0233717672229785,69,3
141,4.717430240248925,34.188020648514765,5.847052304239698,-1.8656965672795778,2.2155860669857357,69,4
140,5.337774186809166,45.34862459641937,6.7341387419936165,-2.79580786543947,2.7412234405146005,69,5
139,5.136648148875924,43.32694647836888,6.582320751708236,-2.601121625796472,2.5543083862833935,69,6
138,5.2390785618441456,42.69571063926446,6.534195485234924,-2.526260227037817,2.6453560629050963,69,7
144,5.374889818800339,44.071858139524906,6.638663882101948,0.6863886863432337,0.48303585438692387,70,1
143,8.019494221851543,101.49366554635438,10.074406461243976,0.27038450023261396,0.8271997362604493,70,2
142,10.421434423760006,159.82546819294984,12.642209782824752,-0.14719330757964544,1.085210231947548,70,3
141,11.228950265398801,181.340936563592,13.466288893514502,-0.29767207552148145,1.7455607793406138,70,4
140,11.25769501023547,188.35093901697405,13.724100663321224,-0.34311640008634114,2.461097754867006,70,5
139,11.593122081398613,200.78632271971597,14.169909058272603,-0.43186938297828203,1.7217845160432876,70,6
138,11.40676945110635,189.25762528832874,13.757093635224292,-0.3402492488386897,1.6702442689073322,70,7
144,6.599840758666152,64.40142291333153,8.025049714072276,0.7041326133418127,-0.23989710445733659,71,1
143,10.791612031042883,155.8359760005446,12.483428054847138,0.2829961792352712,-0.6203794972612412,71,2
142,13.254784429191599,237.48527630875935,15.410557300395055,-0.08767131537267803,-0.7112443628061358,71,3
141,13.934003544013882,263.6973957843317,16.23876213830142,-0.20185591249331103,-0.1523931136975496,71,4
140,13.610857135090393,250.61644806021317,15.830870098014612,-0.1351521568902514,0.2543114483579509,71,5
139,13.513772236000808,260.2484286039703,16.132217101315316,-0.1724313622162843,0.26546508205479147,71,6
138,13.281861207298936,261.5332097978924,16.171988430551526,-0.17143366551810368,-0.37171708422148053,71,7
144,6.2134058695021,55.844516611971876,7.4729188816667795,0.734642206868033,-0.5933317154723129,72,1
143,10.807247470498432,158.94892272671623,12.6074947046079,0.24391126951216036,-0.5422619667813673,72,2
142,12.979284294577027,233.29590401818092,15.274027105455225,-0.10450601339207588,-0.6588590498260684,72,3
141,13.823563903213044,260.2031901574804,16.13081492539916,-0.22579043215516248,-0.6842999483959485,72,4
140,13.280024052077247,240.41866051910182,15.50543970737695,-0.12553457578934357,-0.233786510445494,72,5
139,13.305459584025874,255.31624786950889,15.978618459350885,-0.18889613972575225,-0.22149676873494403,72,6
138,13.200887751375884,260.0924419440904,16.12738174484905,-0.20408954510590216,-0.17743771042243398,72,7
144,5.326343797007998,46.63368775012381,6.828886274505075,0.7160926771182654,0.983553114576318,73,1
143,8.381077541793614,102.52753905337491,10.125588331221792,0.37860780755546375,1.0143212465338973,73,2
142,10.609188719795823,162.72030232682067,12.756186825490628,0.019759813957368588,1.7957945847981034,73,3
141,10.85249841584054,167.8137680975586,12.954295353185314,-0.005905629430969173,2.403118339773145,73,4
140,11.207422514507973,173.86930086966686,13.185950889854961,-0.03525930022393364,2.8988312736806385,73,5
139,11.443954728150876,185.62997933958968,13.62460932796202,-0.09740642658858456,2.3031839048091634,73,6
138,11.61459525920067,189.31285099827363,13.75910066095432,-0.1141879093533873,2.910880596574263,73,7
144,6.136900868104153,62.75677603783,7.921917447047148,0.7620768685769121,0.28766599286852684,74,1
143,9.808129455407633,146.27617776214862,12.09446889128037,0.44329387104950724,-0.047984478045601416,74,2
142,12.391416116801112,227.2022429475143,15.073229347008368,0.13602006459009253,-0.42793092704336505,74,3
141,12.797571300491452,239.556991887414,15.477628755316946,0.09217855653661888,-1.1834610487224622,74,4
140,12.473339176100753,233.79399190790875,15.29032347296514,0.1182297839072437,-1.5944385242844674,74,5
139,12.64112801272182,249.03518895399318,15.780848803343664,0.06482417215700509,-1.6355261429772958,74,6
138,12.576964212487491,246.99826614527632,15.716178484137814,0.07854881495015076,-1.1123404527313243,74,7
144,6.214869584306453,61.864666086701995,7.865409467198894,0.7952866622891712,0.967993751775788,75,1
143,10.221254029042795,161.5741245585341,12.711181084326276,0.463317403616181,1.0298570148435373,75,2
142,13.342047880651506,265.55480383650956,16.29585235072132,0.11847321233930475,1.1433359072328348,75,3
141,13.613517668922281,270.8430277404102,16.45730924970453,0.10398728531265866,0.28782957285140565,75,4
140,13.524126841029322,264.89527749677643,16.27560375214316,0.12776703511759324,-0.5227344636344776,75,5
139,13.828624458581887,286.8287226699816,16.93601850111122,0.05961218393408729,0.22160557264912886,75,6
138,13.891340514732049,290.8641748205347,17.054740538059637,0.05260205706876475,0.8356671167618077,75,7
144,5.4729712338643255,47.32767503867277,6.879511249985189,0.7407214151173223,0.6414052702374249,76,1
143,8.605750183611763,114.09577048909378,10.681562174564814,0.37201576598324937,0.6460308213008981,76,2
142,10.221210599333107,165.67535387328022,12.871493847773856,0.08605517117652961,0.7939123187822145,76,3
141,10.366130090504734,171.10783364902917,13.080819303431616,0.056964909517528306,0.2664995666663502,76,4
140,10.293176305570633,166.92972180317122,12.920128552114766,0.08442275441423919,-0.15454969137963168,76,5
139,10.692636744187272,184.29952245445418,13.575696020994805,-0.008027374432502121,0.23100151254951742,76,6
138,11.105621105123229,199.65214447424276,14.129831721370314,-0.08471257229730367,0.8608647305016343,76,7
144,4.602023882684555,37.662693666476684,6.136993862346343,0.832491794620509,-0.29585982604527866,77,1
143,7.149392329645664,80.20014374359394,8.955453296377238,0.6409547504735162,-0.9867983635384743,77,2
142,9.374571025811965,136.17010563606286,11.669194729545945,0.3897011338322698,-1.2459365889272884,77,3
141,10.077128420344128,158.565879677793,12.592294456444106,0.2918305995486751,-1.0859966466161797,77,4
140,11.031560765323437,196.42308096907422,14.015101889357574,0.1269007991522242,-0.9742177612401791,77,5
139,11.315263300033514,204.97689212876315,14.31701407866749,0.09201045391338736,-0.17826758634766154,77,6
138,11.025630381388934,197.7432640782039,14.062121606578572,0.1286884037816569,0.9881313081804829,77,7
129,5.477042867217957,51.30817400781141,7.162972428245931,0.7947343858881967,0.37277377476590456,78,1
127,7.484178828345974,85.72634557804014,9.258852281899745,0.6572138210754785,-1.1932484015036178,78,2
125,9.506998691568374,142.22849450267535,11.92595885045204,0.4341295913491279,-0.8035355663317633,78,3
123,10.356410686041471,159.62442551504523,12.634256033302682,0.36566111777109866,-0.8933193556701128,78,4
121,11.183509270321617,207.50496857648594,14.405032751663077,0.18240952795298593,-1.3166858889456334,78,5
119,11.565254786587769,215.98645642898387,14.696477687833363,0.1544472774860297,-0.9227749518017017,78,6
117,11.45916583592387,213.9983634022863,14.62868290046258,0.16885126696229302,0.5345823951811491,78,7
144,4.916103332857793,40.894575826507385,6.394886693797427,0.7926670407595598,1.3598896505415705,79,1
143,7.703092952175658,95.38913819788813,9.76673631249908,0.5154461934663617,1.9290750579004807,79,2
142,10.188214654666366,156.5131828794834,12.5105228859342,0.20250630768287614,1.2290577052529568,79,3
141,10.902198607338388,177.32483429949465,13.316337120225466,0.09524290057295681,1.6947100636120187,79,4
140,11.29256331508489,190.5032256840567,13.802290595551765,0.030933079218835813,1.6847363715733517,79,5
139,11.592539884170689,200.43720708647862,14.157584790015514,-0.014544957289436722,1.642892617316721,79,6
138,11.390751379671027,191.51608941424124,13.838933825054632,0.036609019266549137,1.9484677822906706,79,7
144,5.3684046953778015,47.39746758423951,6.884581874321745,0.7236471271647698,0.7328770186223453,80,1
143,8.054860974096915,105.33519189944863,10.263293423626191,0.38314200699048073,1.5431591283338917,80,2
142,10.558253605465524,174.4710640365693,13.208749525847225,-0.026571395228465855,1.682587509130293,80,3
141,11.37397732203328,194.81790858168648,13.957718602324897,-0.14574366089118085,1.1078333935516822,80,4
140,11.415387516818683,194.22351352404945,13.93640963534186,-0.13539151838938013,1.6652715653265882,80,5
139,12.144199103054879,218.36429808237537,14.777154600340872,-0.2676864437178157,1.5739500383654377,80,6
138,11.54904923370339,193.9789940538662,13.927634187250403,-0.11832464703341139,1.2782785723155072,80,7
116,9.104004841093907,125.29086775633701,11.19334033058662,0.6525243136297156,0.3300007940158645,81,1
114,13.353276312662086,265.91404657843117,16.306871146189607,0.2534283335420986,-1.2932646463822322,81,2
112,16.04347831029242,378.99287779043664,19.467739411406672,-0.06326703086530872,-1.5986876715103315,81,3
110,17.201522062265205,440.6384173168569,20.99138912308704,-0.22108225961070516,-2.050487955745936,81,4
108,16.65216125729465,415.54134833187237,20.38483132949283,-0.13114133849523824,-1.8280062272966047,81,5
107,16.883808843908973,424.6708051344944,20.60754243316011,-0.1683782196206065,-2.158088733221514,81,6
106,17.405114811744852,429.93047137583187,20.73476480155567,-0.17980709741909573,-0.8970298274416029,81,7
144,5.076209168426685,39.64584497504364,6.296494657747566,0.7796396672184567,0.7278363949579243,82,1
143,8.103373146548634,91.95642164573061,9.589391098799267,0.4874113392281805,0.8142775413869413,82,2
142,10.214256252518789,149.40163462839766,12.222996139588593,0.1718127544870527,0.6212826973059121,82,3
141,10.688920125256123,164.12620058216902,12.811174832238025,0.09494163994369298,0.8261891094737825,82,4
140,11.077652762526775,173.03598373530855,13.154314263210704,0.05257636054084169,1.3668253601471616,82,5
139,11.390366861600835,184.63581586578928,13.588076238592029,-0.004072230228368001,1.3643659328831554,82,6
138,11.07798070660641,179.19706233347094,13.386450699624264,0.032474550810791536,1.7786479315241903,82,7
144,5.106320473417455,40.64401437264482,6.375265827606314,0.764831336344628,0.3737579555996318,83,1
143,8.121933455807637,92.61432756676975,9.623633802611659,0.4623884332611523,-0.045984609033115416,83,2
142,10.05539499490698,143.43751307831783,11.976540113000826,0.1717945885732286,-0.376071023289356,83,3
141,10.381935192485908,151.92112759053978,12.32562889229348,0.12722739902736024,0.01680461901193447,83,4
140,10.14441674953269,148.52478115097392,12.187074347478722,0.15275923479735953,-0.08149632544964179,83,5
139,10.776077736789137,169.80029751418934,13.030744319270076,0.037833951868731175,0.17113416164379747,83,6
138,10.323300255516978,157.6015225531446,12.553944501755,0.11334880232821942,0.2701525802375473,83,7
144,3.6117779938755,21.412571564145967,4.627371993275013,0.3493061591842952,0.06072099612035242,85,1
143,4.5742306342960575,32.79256949312741,5.726479677177542,-0.010085652415868784,-0.023994620452276728,85,2
142,5.6979656598991735,50.23163319373858,7.08742782635129,-0.547815571994585,0.5126331758838758,85,3
141,5.999225927734703,57.62471169335916,7.591094235573628,-0.764212737915023,0.9143128037986105,85,4
140,6.170531172345968,59.8011138823079,7.733117992265985,-0.8200424013036027,0.8480802750933175,85,5
139,5.81029947269373,56.599799551977696,7.5232838276897205,-0.71049528972592,0.33929780718624025,85,6
138,5.79939170571131,58.40943619059847,7.642606635867011,-0.7529732370571445,0.6992114941661586,85,7
144,3.292330340713423,17.11323349875012,4.136814414347121,0.2876250591128747,0.35659947457900587,86,1
143,4.126064872324579,25.804887888128373,5.079851167911159,-0.0869981665465287,0.6734147645034401,86,2
142,5.4747618680684855,43.08082522142374,6.563598496360342,-0.8136695200682071,1.1243658454327896,86,3
141,5.688790720407961,49.767549933293985,7.054611961922072,-1.080420717115035,1.2912787065954403,86,4
140,5.660878634142257,48.312012437773696,6.950684314351624,-1.0104864168499872,1.0166201749108512,86,5
139,5.298696553450561,43.54090652212321,6.598553365861582,-0.8022949267861648,0.6358717271172553,86,6
138,5.446098985654773,46.43950852363728,6.814653954797505,-0.9105743340948209,1.1700050688739818,86,7
144,2.7294063560690685,12.721418770054306,3.5667097961642895,0.44866913125148256,0.35508082995225565,88,1
143,3.8603855683186974,24.136996139327596,4.912941699158214,-0.06640045652154791,0.5975542354923309,88,2
142,5.155480919759382,40.227612069603886,6.342524108712862,-0.7932269396578617,1.040314483988587,88,3
141,5.337997261875125,43.75456789476674,6.6147235690364825,-0.9471831564165991,1.4593775979022643,88,4
140,5.713258310426436,49.78130955874618,7.055587116515973,-1.2058869011842126,1.539924927756006,88,5
139,5.612051485303144,48.74077009925194,6.981459023674918,-1.1463588519470882,1.4558645748794499,88,6
138,5.748353572987526,50.23583520779541,7.087724261552181,-1.2002179924108844,1.9543227549173452,88,7
129,2.1741247452313686,7.750265421087637,2.7839298520414695,0.5133380515516683,0.1487118982607835,89,1
127,3.2861921017520395,17.046517230914834,4.128742814818432,-0.08562750229602467,0.38534047583391523,89,2
125,4.3686388830344205,28.245875884145324,5.314684928022104,-0.8369608406494555,0.7158481190545938,89,3
123,4.550201345077659,30.722720600726575,5.542808006843334,-1.0343778662954524,1.2465525662086168,89,4
121,5.095139866330863,36.98205330629556,6.081287142233588,-1.4870190058018982,1.5325280797086016,89,5
119,4.792220829586183,34.83062785032343,5.901747864008037,-1.443286704518155,1.7838165267864827,89,6
117,4.941613192185315,35.39156806862196,5.9490812793759975,-1.574706068198497,2.3213832607507414,89,7
129,2.3250777229166766,9.476749476871854,3.078432957995326,0.3394671513141887,0.515660756995494,90,1
127,3.336839333325199,18.622173066803796,4.315341593292911,-0.32197786478359314,0.965800720809155,90,2
125,4.525505077359668,32.23697294875555,5.677761262042949,-1.3374866947569464,1.3265131799585113,90,3
123,4.767301792545717,34.809432818330734,5.899951933561047,-1.552000292978203,1.6485584587235425,90,4
121,5.026049607633967,39.555284031565094,6.289299168553289,-1.9445837288269545,1.815471299866185,90,5
119,4.742616448752108,38.68280518028783,6.219550239389327,-1.8785184423509191,2.0281474484340376,90,6
118,4.868357096970798,37.11416047984298,6.092139236741309,-1.762474454548871,2.3452641311626543,90,7
144,2.49082291493769,11.44505335664631,3.38305385068673,0.29920533956196915,0.5855770097416494,91,1
143,3.7948900995250843,22.94894640665727,4.790505861248608,-0.4373474477293715,1.0490720444818566,91,2
142,4.923882511495256,36.867013988192184,6.071821307333755,-1.3516529846280467,1.4020364338704212,91,3
141,5.285799830777975,41.3128427116024,6.427506725908764,-1.630354235172955,1.6337761595065792,91,4
140,5.445494895041702,44.82960646980854,6.695491503228761,-1.834062824323555,1.6410923355773273,91,5
139,5.293694838493066,44.486678744341276,6.669833487002601,-1.7932733110228818,2.0064564502077484,91,6
138,5.321653902843199,42.48608899627038,6.518135392600431,-1.6491937181161531,2.078119655287184,91,7
144,5.037132763853159,47.91196566708996,6.921846983796302,0.9138267776409481,-0.4521197512439898,95,1
143,7.641476198506775,126.7968251758885,11.260409636238306,0.7703807154887574,-1.6974682111157686,95,2
142,10.268788978954547,222.84564196021273,14.928015338959588,0.5950750925433448,-3.241764970456481,95,3
141,12.336564840163371,329.1723617364484,18.14310783014995,0.40152071384511245,-3.413006568057338,95,4
140,12.962005261664256,352.08016372547786,18.76379928813666,0.36017085154184936,-4.117783103994246,95,5
139,13.3716276450697,351.34372680664916,18.74416514029497,0.3611704403551935,-3.8568203904339984,95,6
138,13.529404454851074,350.6174709025548,18.72478226582501,0.3638797972134603,-3.3916478422471568,95,7
144,4.310263815031875,39.159228101770694,6.257733463624884,0.9490464411701639,-0.18383279372148978,96,1
143,6.982099998040081,102.3964035033203,10.11911080596118,0.8667473153985028,-1.2364227192541652,96,2
142,10.0659529654713,218.33342512068282,14.776109945472212,0.7163171492869606,-3.3750024164824564,96,3
141,11.883233496697924,339.16019467352703,18.416302415890303,0.5605749234262228,-4.606638858249029,96,4
140,12.753033584613535,387.99347205887034,19.697549899895428,0.4988486507281882,-4.781001249524914,96,5
139,13.635881921498779,446.8837710460197,21.139625612721236,0.42445538458943577,-4.869728139180679,96,6
138,14.290919927939209,487.0538319882374,22.06929613712765,0.3752888527909477,-4.212459241207613,96,7
144,4.5592275843947725,33.97481100973062,5.8287915565518915,0.6703320959683912,-0.04731951981340386,97,1
143,6.920311473006383,76.67353966873718,8.756342824989048,0.2505258679964538,-0.19604999850415222,97,2
142,8.296921605548505,110.98272641106259,10.534833952704835,-0.08671001369414921,0.42180870785419927,97,3
141,9.171303143127613,129.1081424519841,11.362576400270498,-0.2647755575618036,0.7854641643701166,97,4
140,9.793978409092986,150.27956458221686,12.258856577275749,-0.47133618738369387,1.1714739437116117,97,5
139,10.047166068729423,159.67008132804537,12.636062730457038,-0.5588582842866547,1.092879893172519,97,6
138,10.115412579476637,163.86700268378573,12.801054748878537,-0.5884781548851727,1.6661519001604248,97,7
144,4.311775108930483,28.935926387741386,5.379212431921738,0.6651204027626549,0.48143820193205955,98,1
143,6.6021631877196985,65.59181878843508,8.09887762522901,0.2237335254052778,0.8090935076918986,98,2
142,8.019662099536458,105.55527448204856,10.274009659429398,-0.2628982921474463,1.183585874881013,98,3
141,8.882378463770555,128.29304074513112,11.326651788817873,-0.5449613477339028,1.0757446041379177,98,4
140,9.534871307109304,146.26702226325312,12.094090385938626,-0.7633705325295077,1.7727863620123359,98,5
139,9.861695934053706,166.25286851474584,12.893908193978497,-1.009993521046816,1.2753877390056207,98,6
138,10.251536125669787,180.42859504209216,13.432371162311297,-1.169956441473834,1.0396564006873645,98,7
144,5.176552897373178,41.71475957438787,6.45869642996076,0.7364591195183183,0.22525890364382858,100,1
143,7.882014817927876,98.79880275960421,9.939758687191768,0.3790081697008776,0.23511223768435371,100,2
142,9.715778035840149,138.02070183923018,11.748221220220113,0.13817364152764033,0.02854170356984068,100,3
141,10.382566880117102,146.16059277706358,12.089689523600827,0.09248348800062911,-0.12805860750119888,100,4
140,10.25912864610945,145.06098623239194,12.044126628045387,0.10530517341726386,0.701237934653704,100,5
139,10.246410296712162,152.40321738770717,12.345169799873437,0.06667284726252176,0.5347097733640083,100,6
138,10.880168495954228,168.58319960020387,12.983959319106166,-0.029708494056149837,0.029191656398116207,100,7
144,6.056038763802483,68.03824075972943,8.248529611981121,0.8677022723271957,0.20752875244687935,101,1
143,8.559368646519253,150.9519746078291,12.28625144654907,0.7061113249162905,-1.2426065384843104,101,2
142,10.904560691214265,255.59279786589985,15.98726986905206,0.5028556150499557,-2.5812272582161118,101,3
141,12.664154856247121,352.5567912997655,18.776495714050732,0.315342531898969,-3.1678959929149837,101,4
140,12.907820533003104,369.55853557310763,19.2239053153387,0.2864172453310664,-3.4834675969138504,101,5
139,12.841089476942036,376.91079397968895,19.414190531147288,0.27442918383451853,-3.1774710410166445,101,6
138,12.789210059295742,391.01232274123606,19.77403152473557,0.2491223249952661,-2.8704961593018763,101,7
144,2.6299509616475696,11.186874273323093,3.3446785007416024,0.249965053916674,0.7422429440769753,103,1
143,3.513803854113297,18.85882254897053,4.34267458474274,-0.28478570823329563,1.0251695927388738,103,2
142,4.686729991435942,32.89704973590168,5.7355949766263725,-1.2424238214271823,2.0215309975591924,103,3
141,4.738635573735157,35.03209585126781,5.918791756031616,-1.3712866279487765,2.058646476833292,103,4
140,4.49440758963894,31.727628600731986,5.632728344304559,-1.1543582314884118,1.7435804269497612,103,5
139,4.575069349738306,31.84022417950833,5.642714256411389,-1.1572022638266253,1.9759702323492392,103,6
138,4.644128365245291,31.506014515978617,5.613021870256575,-1.127511259318287,2.279303081898044,103,7
144,5.809072721113243,58.35150634197115,7.638815768296232,0.6687340833071391,0.45721492394304153,104,1
143,8.500647808202872,103.7933681220434,10.187903028692578,0.40991367753981356,0.2550892251730578,104,2
142,9.876409061023416,143.07166825242587,11.961256967912105,0.1892820530160053,1.0862069829378054,104,3
141,11.69147493706413,203.32020139608971,14.259039287276325,-0.14763956455854377,1.784450155837863,104,4
140,12.54241306552668,240.00451632398395,15.492079147873728,-0.34748042070242513,1.8046196013786056,104,5
139,12.831464434535592,256.56844023031954,16.017753907159378,-0.4339697766123001,2.124368242184488,104,6
138,12.725448346559595,256.00728300018557,16.000227592137104,-0.4208726545275292,1.7372889092802506,104,7
144,6.077837778689126,60.564860371389436,7.782342858766211,0.7206053539079296,-0.8208740283180753,105,1
143,9.912406660446829,142.9939043533795,11.95800586859613,0.33552680199813156,-0.7538430836539131,105,2
142,11.11894593319447,184.31537572669833,13.576279892765115,0.1442665404290412,-1.2172609723528083,105,3
141,13.06588940427545,247.21819559540725,15.72317383976299,-0.1438112281088848,-0.9004015594096489,105,4
140,14.130268998138353,301.95862554184424,17.37695673994282,-0.38869844862672154,-0.9658426035273375,105,5
139,14.363002087764585,323.31305508335646,17.980908071711966,-0.478114003726406,-1.3882094888073637,105,6
138,14.341743876301198,323.96990659877906,17.99916405277698,-0.47048564459886366,-1.1896251748944624,105,7
144,5.854972650094528,63.39154739149054,7.961880895334377,0.6679990556482385,-0.09446835538719424,106,1
143,8.718754899265436,116.00001514973538,10.770330317577793,0.3925596163214746,-0.009717946050306178,106,2
142,10.335187734014163,156.01720403128994,12.490684690251769,0.18682191324559627,0.27183809959197514,106,3
141,11.86190061247596,208.1927400008796,14.428885611885612,-0.07938664705295784,0.9164014072630593,106,4
140,12.638234670363698,247.19220035179737,15.722347164205393,-0.27331324065775164,1.4720769153037399,106,5
139,13.028356087402097,269.08882281921825,16.403927054800576,-0.3783468976832751,1.2231275744449726,106,6
138,12.987893013527883,267.6603226851523,16.360327707144265,-0.3611846226638049,0.9669093425490447,106,7
144,4.8692675054025925,45.84457669922339,6.770862330547224,0.579352697685073,0.6962730987063223,107,1
143,7.103937197461733,90.01507451100451,9.487627443729254,0.15558231020440627,0.5377187713041613,107,2
142,9.133205821104209,152.84452717250457,12.363030662928267,-0.4588172663619796,1.0695786713957174,107,3
141,9.73085599380788,180.5338395681674,13.436288161846164,-0.7442094033900468,0.4320513638868563,107,4
140,10.172981836181,201.5333325522178,14.196243607103176,-0.9482589133597874,0.3434682209478181,107,5
139,10.302858874732065,206.49095740999306,14.369793227809266,-0.9967688006639959,0.3167305293714647,107,6
138,9.912317154115966,181.57012166720043,13.474795793153989,-0.7483243171021159,-0.2765710335689127,107,7
129,5.0458624740493985,41.11055717498953,6.411751490426741,0.6541264306094147,-0.06056249016073514,108,1
127,7.821864495209736,92.40184478406987,9.612587829719418,0.20366527255313005,-0.37942107559046473,108,2
125,9.106239373386181,130.30829009533417,11.415265660304808,-0.1286739427121797,-0.005946100525567743,108,3
123,10.639294116667017,172.29972598924277,13.126299021020463,-0.4803734818978216,0.3781731586876758,108,4
121,11.997794646765186,226.39819842102315,15.046534432254596,-0.9245542329349854,0.9523101892544176,108,5
119,12.191305164291263,234.64087383180893,15.317991834173595,-0.9800662571721286,0.7935338658234214,108,6
117,12.556031865916712,251.92596496361085,15.872175810631976,-1.0984888785591833,0.6481449265641145,108,7
144,5.714424256865281,48.617109893723814,6.97259706950888,0.6422118483093082,0.6874770272612079,109,1
143,8.61700652150508,109.97353255653395,10.486826619932932,0.1962222249404425,1.5237072475134616,109,2
142,10.25345536357899,155.65241373252024,12.476073650492781,-0.13101899751291457,1.6910159663935127,109,3
141,10.52786911469255,160.93749266284894,12.686114167184881,-0.161249451685457,2.2072500977447307,109,4
140,10.534001435253673,173.50831496639825,13.172255500346106,-0.24329010486193003,3.1583001989917445,109,5
139,11.257735427771516,192.37960716699538,13.870097590391907,-0.36887394660595074,2.6577441283632575,109,6
138,10.664130925010346,181.43729723595987,13.469866266446742,-0.2969965954893965,1.5540312032357981,109,7
144,3.8889173753384583,28.964424281413187,5.381860670940227,0.8723806404223806,-0.7460981583272791,1001,1
143,6.816360076110722,81.71572793735714,9.039675211939704,0.6347373115672927,-2.1100440730168044,1001,2
142,8.563520775619399,124.15432766181479,11.142456087497711,0.43989926468026674,-2.749091618733882,1001,3
141,9.431109367758333,156.39757985671758,12.505901801018492,0.29191143893032545,-2.62237699090138,1001,4
140,10.671986901612371,184.48381313329762,13.582481847339153,0.16464965888114091,-2.4147928800554475,1001,5
139,11.315633088769433,214.43397998310888,14.64356445620768,0.0285219169000287,-2.6332335568840177,1001,6
138,10.963669713725917,196.1744948838813,14.006230573708306,0.11327980154402606,-1.4054465512028296,1001,7
144,6.872096371233678,86.43886394892803,9.2972503434579,0.6696383709091374,-1.8943504006445773,1002,1
143,9.667167457624801,167.4858112761882,12.9416309357124,0.34646970551438405,-2.249668390134921,1002,2
142,11.497635053001998,234.6976449137455,15.319844807103808,0.06985907591023299,-2.5018309447681335,1002,3
141,12.766228614595045,280.8127532795221,16.757468582083693,-0.11732217281191315,-2.7530881803777705,1002,4
140,13.970780084450512,329.8117072165833,18.16071879680381,-0.31330529500046955,-2.5839701519747305,1002,5
139,14.284096173225901,340.3114962774568,18.447533609603664,-0.35657498148372246,-2.1089963896835657,1002,6
138,14.386993002645465,338.4388071787089,18.396706422039486,-0.3460035164344999,-0.40711725471205096,1002,7
144,4.343270094492295,27.756728906161264,5.268465517222379,0.47157023309379975,0.5708004208731308,1003,1
143,5.722817482549139,46.909771313425225,6.849070835772194,0.0875545868642712,0.93612875779959,1003,2
142,6.683424564597347,67.24093499241364,8.20005701153435,-0.3175743205190431,1.6553593873888353,1003,3
141,7.582465355627361,87.9189678170605,9.376511495063637,-0.7265947727972666,2.4514328669644536,1003,4
140,8.189863026568643,107.09529056215283,10.34868545092336,-1.101115215380621,2.9314329186825563,1003,5
139,8.158155759347448,112.26446268431097,10.595492564496988,-1.2088789714553139,2.425893141608292,1003,6
138,8.019581486487477,108.02185965324183,10.393356515257322,-1.1124715672156555,1.3897117295439767,1003,7
144,5.661550430416219,86.90410214511058,9.322236971087497,0.9089873833226755,-0.017176640269982793,1004,1
143,8.100730361254262,160.86812978161524,12.683380061388023,0.8316841513937241,-0.29014173539090193,1004,2
142,11.00308797740499,287.13575584463416,16.94508057946713,0.7000314799643881,-1.7569711216038637,1004,3
141,12.36067754030643,411.4328959266026,20.283808713518344,0.5712838178628012,-3.2502211137445083,1004,4
140,14.311221236668429,528.134422471187,22.981175393595233,0.4518248825659055,-3.3926676693195197,1004,5
139,15.699198689172846,604.158011644932,24.579625945992994,0.37502126001689895,-3.41604611957281,1004,6
138,16.316117335508274,681.3807217556099,26.103270326830888,0.29833126400368504,-3.420721583967338,1004,7
144,5.755309064127606,86.27160352594848,9.288250832419873,0.9056902168855672,0.35847969958247045,1005,1
143,8.087709170649168,145.61200127754034,12.066979791047151,0.8409391064526295,-0.061082169970450934,1005,2
142,10.501478594356897,246.21992290620184,15.69139646131605,0.7313857857148185,-1.9740410718949835,1005,3
141,12.167620122238363,389.59120406856397,19.73806485115914,0.5760284322070157,-3.0191236365253973,1005,4
140,14.121600137685917,499.2953270213138,22.344917252505407,0.45870115096255815,-3.364236070000549,1005,5
139,15.187139766038317,561.6397679696008,23.698940228828818,0.39314227074994623,-3.4046181252072074,1005,6
138,16.102911904478574,641.7506115386959,25.332797151887824,0.30966368762887453,-3.070460834575844,1005,7
129,4.99027487740289,44.179957929359965,6.6468005784256805,0.8954170611054988,0.6502370741524794,1006,1
127,7.958265633947516,116.42280750306104,10.789940106555784,0.597181596188134,1.5627948222787296,1006,2
125,9.237873095909633,168.39127564147972,12.976566404156367,0.33214331893341253,1.3113886972461215,1006,3
123,9.453889733033686,191.80148312682192,13.849241247332719,0.14665620979132865,1.382498212266735,1006,4
121,11.135549993929306,255.6196573731824,15.988109874940891,-0.2121456071680481,1.2648116966365437,1006,5
119,11.843690328587797,304.11297023318866,17.438835116864563,-0.5071803632597436,0.5742588347394655,1006,6
117,12.09145580016852,323.3478991794106,17.981876964861332,-0.711938194382179,0.964905638289604,1006,7
144,4.412121474868648,49.38268517308226,7.0272814923754305,0.9466736345236443,-0.2452984481086006,1007,1
143,7.700732909632026,134.41853108972418,11.593900598578728,0.8549380559771971,-0.6316741864208462,1007,2
142,10.116067299096718,231.02843259675436,15.199619488551493,0.7509452132335703,-2.3623913282585027,1007,3
141,11.55230919653899,349.8184563715307,18.703434346973037,0.6238581140658974,-3.8009099537216473,1007,4
140,13.235479553936383,443.13999826804417,21.050890676359614,0.5251445890235051,-4.414522086601082,1007,5
139,14.619575323445165,543.112383881729,23.304771697695923,0.4199540927772951,-4.742386263327852,1007,6
138,15.682774954174459,635.0337961274847,25.19987690699073,0.32468270933500387,-5.037357795382035,1007,7
144,4.092843012814969,44.99508602109088,6.707837656137101,0.9501594450822181,0.7424396211861433,1008,1
143,7.5659168567543595,136.53483341358475,11.684812082938466,0.8488280754869375,0.1993969179110708,1008,2
142,10.145857152496504,243.0938872528002,15.59146841233372,0.7311465468967222,-1.0675436522665622,1008,3
141,11.507054886572115,316.5011270835528,17.790478551279975,0.6509585090760576,-1.3663292805287075,1008,4
140,13.017893814184472,414.5709390282838,20.361015176760805,0.5443250160111422,-1.9965639407762958,1008,5
139,14.51153464692593,528.3089039922719,22.984971263681665,0.4211844629509415,-2.5038381154790987,1008,6
138,16.052187364205043,619.227623657838,24.884284672416,0.3243296926271292,-2.3152522822914205,1008,7
144,6.035099900935126,106.33258307966574,10.31176915372264,0.921980620835823,-0.5368590299164876,1009,1
143,9.437163475208294,237.36053692636875,15.406509563375112,0.8263216370320705,-1.647687027230238,1009,2
142,12.03640706300957,373.49138501446146,19.32592520461728,0.727682854540948,-2.850938575035613,1009,3
141,13.584213796776412,559.5501343589023,23.654812076169666,0.5937952606859449,-5.105103557028141,1009,4
140,15.359647996370576,651.5346515910068,25.525176818016497,0.5293213198775328,-4.589022342101061,1009,5
139,16.34465716196033,767.9109389993761,27.711206018493243,0.4478855148686597,-5.790783313825711,1009,6
138,17.125625620285934,808.332038623912,28.431180746214395,0.42200368234193886,-5.857892752943941,1009,7
144,4.6687535979168935,50.95254596706425,7.138105208461434,0.9408627152157898,0.13436250549108408,1010,1
143,7.32209234390114,129.92026863635203,11.398257263123694,0.8492121665104325,-0.250122597195609,1010,2
142,10.603592361934348,254.60076692790162,15.956214053712792,0.7048046793871112,-0.7593795979939969,1010,3
141,11.933025500078562,374.22430088686355,19.344877897956955,0.5672401866617128,-2.883576106961042,1010,4
140,13.416198964739648,428.95618717243207,20.711257498578693,0.5057435116371776,-1.8770237965579712,1010,5
139,14.833345023411693,524.0785463661607,22.892761877199543,0.39814642472653894,-2.7419255675538428,1010,6
138,15.52380301903246,563.8412732735584,23.745342138481778,0.35536556619524906,-2.5152458663616857,1010,7
144,4.204701483249066,39.77764623995409,6.306952214814545,0.9244437141511005,-0.6030389147406037,1011,1
143,6.398010505605638,85.08724772573595,9.22427491598857,0.837576810518579,-0.6326474545024037,1011,2
142,9.145584517022582,169.81560177377864,13.031331542623672,0.6752157057806535,-2.5622410907424973,1011,3
141,10.84423515411358,255.1256570427955,15.972653412717484,0.5123951330129828,-3.426003132215112,1011,4
140,11.997576580540926,300.4349724283665,17.333060099946763,0.42676039598947735,-3.685533895406984,1011,5
139,12.762743245886044,322.90440721818203,17.969541096482736,0.38452439171168695,-3.610400341769402,1011,6
138,12.242570077183029,314.7157238864535,17.740228969391953,0.4020088573705316,-3.0735884057885503,1011,7
129,5.242034322826818,53.597136042280404,7.321006491069408,0.910587344814766,-0.3190215595148226,1012,1
127,7.983868923856779,135.02181442117597,11.619888743924186,0.7735239724934282,-0.7660731004072614,1012,2
126,10.658876749409078,234.19138688824538,15.30331293832304,0.6082850353417633,-2.5832774507629224,1012,3
125,12.894810869355233,346.4928716162105,18.614318994156367,0.4230906529231593,-3.019607725659297,1012,4
124,13.577276317246037,382.36147965945986,19.55406555321578,0.3670675234104629,-4.178025872371428,1012,5
123,13.73699983261613,384.504099440856,19.60877608217443,0.3668449758968293,-3.8750970470205393,1012,6
122,13.993098433329674,387.4006173599288,19.68249520157261,0.36331410387691143,-3.491793865258869,1012,7
144,4.860570948207533,49.165254682057395,7.0117939703086964,0.890647418443451,-0.20217279446120656,1014,1
143,7.55736869684296,113.72787686364681,10.664327304787996,0.7452668082097842,-0.5026232115372076,1014,2
142,10.112925653603034,207.9699557933227,14.42116346878166,0.531688855145505,-1.5046097178418345,1014,3
141,12.023309391175667,284.5409017236399,16.868340218398487,0.3576995383598416,-2.018311958699225,1014,4
140,12.335319927288333,308.78644192955267,17.57232033425161,0.3036739624480854,-2.7271754475676735,1014,5
139,12.901466659849667,327.85343273259593,18.106723412384582,0.26149451635574117,-2.5168108384408754,1014,6
138,12.586730883091976,302.88353485842543,17.4035494902168,0.3189830649688141,-2.324241744050094,1014,7
144,6.326553961417902,91.33646035094483,9.557011057383205,0.9231799458714534,-0.9176506529751186,1015,1
143,9.311311067925944,200.33538142303647,14.153988180828627,0.8317566358562248,-1.1966208524922388,1015,2
142,12.091625122393507,359.69320207826263,18.965579402651073,0.6985646239736887,-2.445669427968038,1015,3
141,13.159562888832449,483.97877089323646,21.99951751501011,0.5955158178473117,-3.7787129890892315,1015,4
140,15.163022827663339,638.9111968431488,25.27669275920307,0.46776552190114873,-4.233425853374434,1015,5
139,16.544983156217338,744.6324098475205,27.28795356650111,0.3816946790222686,-5.33043185580102,1015,6
138,17.16179757753957,753.5987449315617,27.45175303931539,0.3768495356240392,-4.202636800182615,1015,7
144,4.517990305382521,43.13959618892433,6.568074009093102,0.8995414659693852,-0.34591158004174866,1016,1
143,7.048673298027935,101.04085607223898,10.051908081167424,0.7629375045524667,-0.996435471156372,1016,2
142,9.416086647032715,173.52945994587273,13.173058109105597,0.5905865514394882,-1.6187234826951822,1016,3
141,11.34061942339722,252.00245995132465,15.874585347382295,0.4040018706003896,-1.9771427253436666,1016,4
140,12.05604093075962,288.49741847627865,16.985211758358464,0.318410634649697,-1.8385761808247345,1016,5
139,12.302516151218263,291.3444524092646,17.06881520227062,0.3123856793194487,-1.5379998004591062,1016,6
138,12.504443267403566,294.1735481238687,17.151488218923415,0.3069618480149363,-1.9275951540708285,1016,7
144,4.17845721858713,41.70657476333099,6.4580627717087875,0.951616855836755,-0.5222267821988807,1017,1
143,7.163840209909724,130.19030872781656,11.410096788713782,0.8488569491134516,-2.171080777381301,1017,2
142,10.430951004023159,258.6634454846321,16.083017300389628,0.6996435763277299,-3.443855489104715,1017,3
141,12.487182988316427,381.2735875203168,19.52622819492584,0.5580294690729894,-4.0934756350534975,1017,4
140,13.594362332935855,465.8009502356794,21.58242225135259,0.4616291879074229,-4.104072004047005,1017,5
139,15.027649281688596,553.8442958449264,23.533896741613496,0.3616924215905982,-4.23762321014235,1017,6
138,15.759664297908294,602.645139639182,24.54883173674833,0.30801615793803105,-3.682705563240749,1017,7
144,4.600730742828925,45.06441714513462,6.713003585961698,0.9191304406798932,1.3208838473390843,1018,1
143,6.917323417558663,101.39236188395199,10.069377432788583,0.8181443000188474,0.7987283296259327,1018,2
142,9.09867604069036,190.6970536819882,13.809310398495219,0.6583145337295467,-0.8556817618947274,1018,3
141,10.082630803644339,251.73595261217537,15.866188975685855,0.5506057061362497,-1.9697356799647334,1018,4
140,11.674935191367913,323.9906780914517,17.99974105623333,0.4233999305409144,-1.2043441992472994,1018,5
139,12.784534924536386,407.6775651824578,20.191026848143654,0.2763988894959124,-1.8253709938877432,1018,6
138,13.37617856896803,419.9093277179343,20.491689235344516,0.25694968256406836,-1.6114859245394157,1018,7
144,5.2152195671203,88.85818460130253,9.426461934432373,0.9393213521279651,-1.0709206353421123,1019,1
143,9.063725344868555,208.78106949709246,14.44925844107899,0.8578167885849641,-2.206298635769387,1019,2
142,11.786185000906498,371.53695357086,19.275293864708264,0.7477632552956972,-4.120942115591458,1019,3
141,13.398631520060363,560.5511702016478,23.67596186433928,0.6209581346686233,-5.550796083171714,1019,4
140,14.712894091087316,644.7316208917615,25.391565940125897,0.5658734760645789,-5.080849596449865,1019,5
139,16.373904499982117,785.6241231770218,28.028987194991934,0.4731982214557485,-5.570316613513594,1019,6
138,17.988296675126477,916.0502241162734,30.266321615225618,0.3886726494003414,-5.19671599420858,1019,7
144,4.826726651300281,48.872012129661975,6.990852031738476,0.9106040766862219,-0.2186494420765787,1020,1
143,6.921901857904018,106.26580836830081,10.308530854020898,0.8055045428978393,-0.8449588076711576,1020,2
142,9.151618467629106,189.93530918359713,13.781701969771264,0.6523247662867581,-2.176406341346242,1020,3
141,9.953263430558838,236.17917587974094,15.36812206744015,0.5692545077024197,-2.433441378193013,1020,4
140,11.513407904704822,318.8017928649137,17.85502150278497,0.42004421361815303,-2.4990118780235595,1020,5
139,12.555752361027299,380.42981474435305,19.504610089523787,0.3093830119451807,-2.9697671964096943,1020,6
138,13.339310307832232,423.2589651654064,20.573258496538813,0.23355437613382646,-2.7909702875356053,1020,7
144,4.452857148113096,59.62486018954012,7.721713552673404,0.947257999491222,-0.7805614127917568,1021,1
143,7.572352592740553,136.32153403760123,11.675681309354124,0.8796207345622957,-1.364661627244079,1021,2
142,10.090495806366537,247.5533580644555,15.733828461771646,0.7818775481822469,-2.542465159081589,1021,3
141,11.891717381466982,412.24531211207744,20.303825061108004,0.6380380391675544,-4.254050066001737,1021,4
140,13.293111296796594,509.3114020449288,22.567928616621614,0.5545285366424006,-4.395572555239023,1021,5
139,15.042672276439628,639.7324715737598,25.29293323388491,0.4425493935479259,-5.157756100127523,1021,6
138,16.256895497806756,737.3984114468483,27.155080766715614,0.36031870116487963,-5.3645247711550095,1021,7
144,3.976538742728875,34.810348150465934,5.900029504203003,0.9275883761734405,-1.3669253217135104,1022,1
143,6.8716259763309,101.53898710114385,10.076655551379329,0.7882147646441028,-2.441641297468163,1022,2
142,9.071543067983269,171.98770421565231,13.11440826784237,0.6409863108546672,-3.514874118211734,1022,3
141,10.471508223426179,243.68283034220937,15.610343697119848,0.4920965566618577,-4.2481417128789944,1022,4
140,11.799552278015078,292.58599674929116,17.10514532967467,0.39183805978161534,-4.454912940824846,1022,5
139,12.567480683935804,337.42618677235026,18.36916401941989,0.30035171694154184,-4.69131357360932,1022,6
138,12.433613965223708,336.54778855771326,18.345238852566442,0.3050140168970905,-3.1092178445845478,1022,7
144,5.078585342641397,92.19898048242463,9.602030018825428,0.9327561546749803,-1.0753413499813778,1023,1
143,8.802026987159921,267.85684595545314,16.366332697200466,0.8054704757952557,-1.806495094017518,1023,2
142,10.983202274663928,427.3697729145768,20.6729236663462,0.6909956541975057,-3.4587035938972734,1023,3
141,13.159291269856611,630.1561381901749,25.102910950528724,0.5463017947713124,-5.4164151971934205,1023,4
140,14.270653977770953,722.7548204580593,26.884099770274236,0.48203654241284544,-5.288746529478438,1023,5
139,15.186090457643196,828.7830764593455,28.78859281832555,0.40872393251970884,-5.992349267384061,1023,6
138,16.067029272108176,917.5084062087348,30.29040122231356,0.34850211806783093,-6.419666702321818,1023,7
144,5.119890200683738,63.7015332346189,7.98132402766727,0.9372728743994123,0.03595517682154349,1024,1
143,7.944918363416008,155.24122769737303,12.459583769025874,0.8472883099612184,-0.8087693107761446,1024,2
142,10.68392957128709,283.3478299549929,16.832938838925095,0.7217277902372283,-2.078585072692381,1024,3
141,12.351412569472936,409.31543434129844,20.231545525275582,0.5990667540504713,-3.6764569486817793,1024,4
140,14.46505752010804,551.3934522013608,23.48176850668111,0.4618322016336044,-3.990155719632253,1024,5
139,15.62331505439099,618.3697580275042,24.867041601837244,0.39849647913112185,-4.275170683379233,1024,6
138,16.689666046147572,693.6127634876418,26.33652907062056,0.32827901288587813,-4.007646327303921,1024,7
144,2.7094562868603025,13.757385715279272,3.7090949994950617,0.4087514599440537,0.5082995791337623,1025,1
143,3.9207278883333094,25.80288598232604,5.079654120343829,-0.13009131227932325,0.5828160726280397,1025,2
142,5.014532753986474,37.87974410143032,6.15465223237108,-0.6836895639557039,0.7525772993239225,1025,3
141,5.448861351392596,44.95078625423666,6.70453475300387,-0.9928674220009741,1.2849450316342774,1025,4
140,5.645348258803577,47.969604635698225,6.926009286428818,-1.141539386363951,1.19829835121949,1025,5
139,5.71054088669645,49.73340293760552,7.052191357131875,-1.2079578550261263,1.282677819896477,1025,6
138,5.92704326987034,51.691210702213624,7.18965998516019,-1.281518685887125,1.8708082155930708,1025,7
129,5.751489303263108,67.13481780794504,8.193583941593877,0.8958316587937409,-0.6954505036670975,1026,1
127,9.25104365310323,177.42488114633898,13.320093135798224,0.7251581585321734,-1.5541808944403765,1026,2
125,11.880359089232869,276.6295505755247,16.63218417934111,0.5715366789248404,-2.995347850895571,1026,3
123,13.157041256898598,344.69095469218456,18.565854537084594,0.4681102841337219,-4.068757991301682,1026,4
121,14.944253665061808,418.99318091182704,20.4693229226525,0.3555262774848077,-4.245890570187946,1026,5
119,16.308216681704863,503.87970182820675,22.447264907516168,0.2283519352745399,-5.008375837671144,1026,6
117,16.99302287848047,553.7730834131496,23.532383717191713,0.15738852526020852,-5.539489324962931,1026,7
129,4.789522455440362,53.85871790453793,7.338849903393442,0.9222390071420563,0.0012992683666925113,1027,1
127,7.2916863171872714,116.3217478310135,10.785256039195986,0.8330112648276977,-1.2093765368102503,1027,2
125,10.631603337933601,238.74501084251568,15.45137569417415,0.6595175286195981,-3.0984430253589377,1027,3
123,12.635696210918248,355.40184442273295,18.852104509118682,0.4975274722690973,-3.4922128847955762,1027,4
121,13.884999923007207,417.6086316421925,20.43547483280466,0.41588313992816417,-4.385243690731504,1027,5
119,14.935848162674198,469.5477930799458,21.669051503929417,0.3496183559230909,-4.7309447302003775,1027,6
117,14.842217029777567,478.3703829964946,21.871679930825948,0.3433455720784817,-4.636996464534719,1027,7
144,4.324936309690908,37.28096566712034,6.105814087173007,0.9215294054369683,-0.4571160900187797,1028,1
143,7.2890524620408055,104.95693571007894,10.244849228274614,0.7777488589456503,-1.529804053468159,1028,2
142,10.344868437312552,207.32798468230675,14.398888314113238,0.5594574024605607,-2.510289038198889,1028,3
141,11.510489424622467,274.9750914644648,16.58237291416596,0.41553070010757687,-3.204598270430649,1028,4
140,12.768432737944128,319.5856157449535,17.87695767587297,0.32187968713853643,-2.8178581186505274,1028,5
139,13.865350810025124,381.75767196621905,19.538620011818107,0.19082821120150284,-3.7916578848282416,1028,6
138,13.582727682543894,368.8345864414214,19.205066686721537,0.2204281331394662,-3.1464012725822226,1028,7
144,4.4746418888798365,41.81261611319071,6.466267556573166,0.9232244375350205,-0.6234569953579873,1029,1
143,7.2795561296192,117.08239767397377,10.820461989858556,0.7840517339410018,-1.935870147187153,1029,2
142,10.235577594591065,214.4274083592903,14.643340068416437,0.6034847780449503,-2.709808069939452,1029,3
141,11.832434690744142,312.68668503291207,17.682948991412946,0.4219766335825683,-3.22582200378307,1029,4
140,13.158645853210373,366.4600709773045,19.143146841031765,0.3238888869759625,-3.63186798929816,1029,5
139,14.356581076857783,419.5742751723125,20.483512276275096,0.22687058353144351,-4.483486932103864,1029,6
138,13.787410295038159,387.2490281114545,19.67864396017811,0.2884720097860296,-3.727641652294055,1029,7
144,3.697899225564691,24.321971842047766,4.9317311202099985,0.9121944541818743,-0.07273156143449162,1031,1
143,6.350117496297973,68.9232574814109,8.302003220994973,0.7491193213857883,-0.5286241258872421,1031,2
142,8.69080657449652,130.23672596963988,11.412130649867267,0.5236776069043558,-1.532846077405863,1031,3
141,9.35567187619682,160.91449554989012,12.685207745633893,0.41048837327587107,-1.6577554574169688,1031,4
140,10.676780683235478,215.34808797983547,14.674743199791793,0.21185451197163685,-1.621106432163713,1031,5
139,11.368651571131105,240.6773287812351,15.513778675140209,0.11967906609159029,-1.8079171733166197,1031,6
138,10.966332673804938,225.01353836026118,15.000451271887162,0.17956873772040305,-0.8862363667609477,1031,7
144,4.056928498263612,28.342727410990562,5.323788821036252,0.8121189904781079,-0.09090708106750925,1032,1
143,6.943309635704423,76.64141611096622,8.754508330624068,0.47893270002394805,-0.0960322081586156,1032,2
142,9.957295504408446,147.38032891661115,12.14003002124011,-0.017770858503319387,-0.18211445769373386,1032,3
141,10.19783099641281,159.67623197634384,12.636306104884602,-0.10896150362041568,-0.7414094051480739,1032,4
140,11.047992869044831,180.4322939271119,13.43250884708854,-0.25470944141298024,-0.15061971599732554,1032,5
139,11.694920938509833,202.12883298658346,14.217202009769133,-0.40887562514927733,0.08952020912947802,1032,6
138,10.900448637455202,183.83289620665815,13.55849903959351,-0.27821660303031326,-0.34666106568118804,1032,7
144,3.7574962938653425,22.62402777017203,4.756472197981612,0.8185725369770814,-0.44532710154812377,1033,1
143,5.811518154815558,54.75149252743629,7.399425148444728,0.5509395133468168,-1.1560905083947652,1033,2
142,8.426958325124604,112.8385120486115,10.622547342733357,0.06189656314142322,-1.6420042886088682,1033,3
141,8.596514447478338,118.09826050861213,10.867302356547007,0.012416782708083884,-1.4161376548359825,1033,4
140,9.999814163411358,152.89296003781573,12.36498928579462,-0.2806956560187852,-0.8025032884185143,1033,5
139,10.344929621736208,166.27268037489645,12.894676435447943,-0.3954823624895729,-1.0145389296080765,1033,6
138,10.160322754031775,161.72047009048782,12.716936348448389,-0.35359601501249127,0.23049554502729355,1033,7
121,3.9295802961467574,30.860406195518536,5.555214324894993,0.8615654324675949,0.03991985664849034,1034,1
119,6.797938014545213,77.8669684417486,8.824226223400474,0.6520801690143624,-0.7453308414562905,1034,2
117,9.439242736154883,144.52827256883745,12.021991206486447,0.35869056701176183,-1.8184210839788053,1034,3
115,10.708895860064569,203.9012391091038,14.279399115827802,0.10211444614565846,-2.6194580008133315,1034,4
113,11.354293900749918,218.15287089035775,14.769999014568612,0.04767667030078271,-1.8506955930952973,1034,5
111,11.89507813419291,242.25658753263662,15.564594036872167,-0.04274010530722605,-1.368457112300858,1034,6
109,11.625963643633616,237.36561691479605,15.40667442749395,-0.00588747771008391,-0.3217902769559041,1034,7
142,3.6927196269169698,25.20335625886145,5.0202944394588505,0.8938144852611463,0.011339958687446219,1035,1
141,6.1683191211713675,62.91140189946632,7.93167081386175,0.7319947255811547,0.11704490951592432,1035,2
140,8.947752827626122,132.68371713332718,11.518841831248798,0.4314907364919195,-0.6105618647281639,1035,3
139,9.862334874511241,168.6083726573319,12.984928673555812,0.27631378928931793,-1.7405099713361742,1035,4
138,10.358050105470534,184.4055022650878,13.579598751991451,0.20922093008462772,-1.01869521004164,1035,5
137,11.049850113259764,206.0693264519643,14.355114992641623,0.11635479778218993,-0.1362746958644962,1035,6
136,10.95768954254934,203.03313906791917,14.248969754614512,0.1319518381501381,-0.026759250954801035,1035,7
144,5.2714157132570385,43.57291981786994,6.600978701516158,0.7532466356491206,-0.036946309765046426,1036,1
143,8.186402672998929,102.52609430868647,10.125516989699166,0.41419988031194266,-0.27088612132675344,1036,2
142,9.667010957187804,146.28358104057426,12.094774947909293,0.16349013537861035,-0.3681741290000559,1036,3
141,10.824460821535265,181.4197651065775,13.469215459950794,-0.037363269542063815,0.022909397045433606,1036,4
140,12.035249920703933,230.45223750624146,15.180653395234392,-0.31439569188257055,0.8371984559643605,1036,5
139,12.972105632205901,257.68892590259543,16.052692169931976,-0.4670455988273934,0.827778220630486,1036,6
138,12.542370607929517,259.68303657995807,16.114683880857175,-0.4691060242249403,0.31621227692950615,1036,7
144,5.339867531203009,51.38276922562087,7.168177538651011,0.6767401193624845,0.1712477726262861,1037,1
143,7.8515123074475275,105.31091594802176,10.262110696539079,0.3236485836516627,0.9319234365683462,1037,2
142,9.816229497659144,160.58972060450637,12.672399954409045,-0.03938448423922236,1.3649110437489373,1037,3
141,11.359090119489592,201.86889205149828,14.20805729336345,-0.3003543042125154,2.1927626980552364,1037,4
140,12.69043935389417,242.30769846971498,15.566235847812244,-0.5505293534767497,3.3708271494293545,1037,5
139,13.017413487924275,261.8758420824137,16.18257835088135,-0.6642984268322307,3.280796366118359,1037,6
138,12.776270889221305,253.66869957630516,15.926980240343903,-0.6012919211504699,3.028856207844004,1037,7
129,4.121897719372768,31.483325540962497,5.6110004046482205,0.8771836680438501,-1.1816185445645662,1038,1
127,6.674963552635269,76.9351958956156,8.771271053593978,0.696978052536902,-2.5386376155017034,1038,2
125,8.678507344597502,133.5996492851421,11.558531450194792,0.4723339923879304,-3.6143683034932486,1038,3
123,9.900302244144157,178.76974847924285,13.370480487972108,0.2972998915241908,-3.6225245240515784,1038,4
121,11.048127189823628,199.68528940187642,14.131004543268551,0.2212633931801472,-2.765130145231101,1038,5
119,12.048528729732883,229.18968538192473,15.139012034539267,0.11025658361947976,-2.5085503762914696,1038,6
117,11.779736267862614,221.56023479690595,14.884899556157775,0.1467364767139192,-1.4700169324484755,1038,7
144,3.9197162721799117,24.997033397061504,4.999703330904895,0.7449726332931368,0.3475355867446765,1039,1
143,6.237983961588971,61.67442407703549,7.853306569658127,0.3581512373510054,0.4882927104836807,1039,2
142,8.376024479711456,108.76428517869375,10.429011706709977,-0.14405387882334586,0.6929719581840907,1039,3
141,9.126681091613927,126.58287731046791,11.25090562179187,-0.3378090211734863,0.6069974512331318,1039,4
140,9.668217611358191,140.6137971932859,11.858068864418266,-0.4885946521542823,1.3448118974914034,1039,5
139,10.115151544959469,157.91977647837365,12.566613564456164,-0.6741940694035669,1.1195831362370556,1039,6
138,10.108583209550122,159.86590740328273,12.643809054366598,-0.685788947921337,1.8005504002720538,1039,7
144,3.821070888595609,23.18952500751678,4.815550332777842,0.7815342676710089,0.07801239013199075,1040,1
143,5.714525413875545,50.801987716528394,7.127551312795187,0.5148069147594053,0.24847663231130546,1040,2
142,7.324114494291965,84.35175371673323,9.184321080881984,0.1890261569325976,0.11948063255521175,1040,3
141,8.06288167590166,102.99646405289522,10.14871735998669,0.006423488921514231,0.41274602080087586,1040,4
140,9.186144225641879,132.0284508039326,11.490363388680647,-0.2752743337952961,0.0632229522913704,1040,5
139,9.403916635864892,143.94790820721428,11.997829312305385,-0.39033897630225134,0.0036916415510811684,1040,6
138,9.589067203040477,150.90845424341296,12.284480218691101,-0.4489050299348569,1.0265052158396086,1040,7
114,4.42121311523965,32.24263738375792,5.6782600665835945,0.6530333825625703,0.6185923416308057,1041,1
111,6.837692324913592,74.23498435570117,8.615972629697774,0.18241538170493288,1.082482750900475,1041,2
108,8.496129908320519,118.28860537734775,10.87605651775255,-0.30460442445191793,1.1389651680361708,1041,3
105,8.847501904706911,132.6685368060549,11.518182877783062,-0.4628917163692592,0.765190511308073,1041,4
103,9.587692302507651,152.0705180510013,12.331687558927257,-0.6590219173639991,1.6511450626855608,1041,5
101,9.890602023502574,160.27428132114812,12.6599479193695,-0.7401797258325717,1.084443243475723,1041,6
99,9.630270462657515,156.18561958306813,12.497424517998423,-0.6944535003286085,0.09306596775383803,1041,7
144,3.7007210738132716,23.415397138211873,4.838945870560227,0.8078823450367065,-0.29134159822144984,1042,1
143,6.073284966744474,58.249506855193346,7.63213645417804,0.5150347674841647,-1.241730786641143,1042,2
142,8.059022215235867,107.25535669890492,10.356416209234974,0.10087604632832525,-1.7557758727962622,1042,3
141,8.869208111679892,124.88877857290242,11.1753648071507,-0.04944790930754506,-1.399871574862496,1042,4
140,9.565398241783743,141.01057630516843,11.874787421472792,-0.183661480083547,-0.656299617880377,1042,5
139,10.16896208799127,164.85734776565195,12.839678647289112,-0.3830770260456591,-0.427279631044718,1042,6
138,10.121924405238344,160.55159597663803,12.670895626459798,-0.34013646758151883,0.4394863330376503,1042,7
144,6.925312376253024,80.68568201652937,8.982520916565091,0.8187229571629346,0.06922520349634394,1043,1
143,11.150358398002526,188.88456373975177,13.743528067412376,0.57743454830837,-1.176821435878016,1043,2
142,14.019833950291877,286.9779134054553,16.940422468328684,0.3617211829300555,-1.2256163499119161,1043,3
141,14.915295438005634,344.0738287946664,18.549227175132295,0.23990748890587332,-1.9399755976863384,1043,4
140,15.400872473893125,361.602952081569,19.01586054012726,0.20684693629429496,-1.9028867673268,1043,5
139,15.964756436404961,388.0446431107147,19.698848776279153,0.1549269732269537,-1.5297980299613436,1043,6
138,15.643085006971756,362.54660673780046,19.04065667821886,0.21571421074805552,-1.1967090479596039,1043,7
114,6.0870243376239594,57.061118138063364,7.55388099840495,0.6294255594029626,0.48561714207995815,1045,1
111,8.730320960832112,124.4031483188904,11.15361593022148,0.16011988586084547,0.8904817977246765,1045,2
108,10.785103986949945,182.6135481968046,13.513458039924666,-0.26258326095951845,1.3034715654987303,1045,3
105,11.650326216452907,210.71035860286997,14.51586575450703,-0.5676703046102294,1.8129024410410801,1045,4
103,11.885493020124088,222.37682309607882,14.912304419373916,-0.6349025845844458,2.0794291126764977,1045,5
101,12.207630425192217,243.45202513116644,15.60294924465136,-0.7636699787744001,1.9695542647408841,1045,6
99,12.422990045776706,244.7121170293205,15.643277055314226,-0.761110477595575,1.7094130141006336,1045,7
144,4.810751417241269,37.61471497658046,6.133083643370638,0.7992592677941373,0.07965313603406024,1046,1
143,7.391465357071381,84.90671424622542,9.214483938139207,0.5417272424238557,-0.6070579601438013,1046,2
142,9.352883437651679,138.81661355627233,11.782046238080731,0.24662547417547587,-1.404944216755718,1046,3
141,10.587826186192208,183.39651686816055,13.542397013385797,0.004591117097737962,-1.853165803872562,1046,4
140,10.995042569340779,193.3041843304237,13.903387512776291,-0.04480546349520931,-1.1542235218203356,1046,5
139,11.66346925082374,220.08374590887598,14.835219779594638,-0.18558464834839983,-1.171198259358346,1046,6
138,11.353536927316505,204.30776921225205,14.293626873969114,-0.09566968668885445,-0.3081906665889694,1046,7
117,4.7098493292151575,34.53293322935292,5.8764728561742645,0.848158587461953,0.8349463043054679,1047,1
115,7.596635547153979,95.10511666458045,9.752185225095985,0.5884163606529684,-0.04226521032535581,1047,2
113,9.169309554222176,144.93721745273405,12.03898739316285,0.38160385059227764,-0.3333071121878558,1047,3
111,10.434985808085,184.9059863086474,13.598014057524995,0.22027244046719285,-0.9601615418028524,1047,4
109,10.931118915579813,206.9390408293197,14.385375936322266,0.1338652260601586,0.210500904932794,1047,5
107,11.528838215828634,215.79883508676943,14.690093093196158,0.09626796233771273,1.3651869460012236,1047,6
105,10.690550150376527,189.15751405642166,13.753454622618335,0.20404123007995356,0.6843172724258741,1047,7
144,7.527875013338991,96.97009389091507,9.847339432096117,0.8237902839376718,-0.012174679937044155,1048,1
143,12.07731211419449,233.33480994964287,15.275300650057362,0.5780476891234521,-0.8590277323203274,1048,2
142,15.719532808835083,362.07694623698717,19.028319585212646,0.3491630220042219,-0.9418358226943512,1048,3
141,16.46216230559619,417.99718621762713,20.444979486847796,0.2537788294085669,-1.5774406953944118,1048,4
140,17.162062380863688,449.55333790956524,21.202672895405552,0.20312279726404603,-1.3379941622061757,1048,5
139,17.53032076426109,466.5070634063049,21.59877458112624,0.17897616395631522,-1.0003975708616932,1048,6
138,17.162338547088765,446.915533685646,21.140376857701614,0.21868052883895162,-0.41708310333325205,1048,7
144,4.928812060200479,39.938587068022066,6.319698336789665,0.8279903766795821,-0.3403400790798166,1049,1
143,7.3342779341763915,81.25264643870653,9.014024985471615,0.6478292452718651,-0.9581969697087428,1049,2
142,9.188682843558572,126.67267813267806,11.254895740640073,0.4504059355949822,-1.4349167988918723,1049,3
141,10.003866416472214,155.28861247777724,12.461485163405573,0.3286636408034832,-1.5232680381363983,1049,4
140,11.116801295916236,194.62415568671264,13.9507761678952,0.162672021973835,-1.2601505241684305,1049,5
139,11.577063445636547,210.1697172765088,14.497231365902554,0.09891403343844773,-0.8601521977390835,1049,6
138,11.194649138994492,204.7140555412201,14.307831965088914,0.12694676418630413,0.010730586192772422,1049,7
129,4.710159721230467,33.787007242408826,5.812659222972634,0.7826609794586581,-0.06587419501923263,1050,1
127,7.895822492285283,87.39388204093528,9.348469502594277,0.4323232436274317,-1.2632716620817646,1050,2
125,9.475441105063648,127.87743867947258,11.308290705472361,0.1610929123659922,-1.5532794516925483,1050,3
123,10.241131642389218,147.35527860360247,12.138998253711154,0.026742168255109666,-1.5570638454021655,1050,4
121,10.294883938840758,152.08233134190124,12.332166530739894,-0.00074973783609944,-1.3576427082175797,1050,5
119,10.882181532241525,174.95210153119888,13.226946039475585,-0.13793981266346123,-1.1409100585252263,1050,6
117,10.424897656027154,157.71835844176363,12.558596993365287,-0.013566979387794387,-1.6525255251243292,1050,7
144,4.514824224871649,32.63141128574487,5.712391030535713,0.7217929075538788,0.49665225340809677,1051,1
143,7.070109944231399,78.19281999711326,8.842670410973897,0.3276595471852377,0.4377709378056805,1051,2
142,9.056195096885439,121.51036858161723,11.023174160903801,-0.04556643453161602,0.9415235190002632,1051,3
141,9.539274138958659,132.5659752704322,11.513729859191251,-0.13912706469521807,0.2925120374343275,1051,4
140,9.472874535230874,131.33042162181997,11.459948587224114,-0.12376860124102951,0.7712918025529015,1051,5
139,9.530288147007958,137.14857543388692,11.711045018865178,-0.16958662002808822,0.8282494512788888,1051,6
138,9.58103160067952,136.495881602886,11.68314519309274,-0.15601280624977432,1.0249532647205286,1051,7
144,5.001778019469926,39.413836799641246,6.278044026577167,0.7103574324531319,0.23921357053394038,1052,1
143,8.304286794738278,101.57584754452301,10.078484387273862,0.25220142199610474,0.08712322386325126,1052,2
142,10.011272544712167,158.1395408315283,12.575354501226926,-0.1600339469680423,0.19508885414432253,1052,3
141,10.786850691740293,175.97768162041362,13.265657979173653,-0.2857664012626018,-0.006168164612462353,1052,4
140,10.851022752224116,180.85087228188326,13.44808061702053,-0.31466535611423607,1.2215985450962425,1052,5
139,11.494045888163239,207.6465012409766,14.409944525950701,-0.5039968955131253,0.6372829651651847,1052,6
138,11.603150324091645,203.0947400460472,14.251131184788358,-0.4607402138313692,0.29099853945944154,1052,7
129,5.820130680381464,51.82598053029778,7.199026359883521,0.7208985932202044,0.06834959681984547,1053,1
127,10.25632075696058,138.22101308492398,11.756743302672044,0.264144740755464,-0.2970274123004526,1053,2
125,12.291550897522528,203.317680026705,14.258950873984558,-0.07175038782910015,-0.04699260559878428,1053,3
123,12.94416003189143,225.9496369634468,15.031621235364028,-0.18232323173874154,-0.136659856008231,1053,4
121,13.259460829040407,230.3255309839186,15.176479531957291,-0.18835280526009668,0.1422386819869821,1053,5
119,13.193234193754884,254.27514060885548,15.946007042794616,-0.3040751827784154,-0.027987880858428307,1053,6
117,13.364878298979622,252.93638925273348,15.903974008175865,-0.30382162497534626,-0.43349571135559944,1053,7
144,4.302527178654586,30.500307081377677,5.522708310365275,0.7007060760730455,-0.2291653547463115,1054,1
143,7.0377149842890665,77.09178144993487,8.780192563374387,0.23739144812437796,-0.528619033269222,1054,2
142,8.573311995463309,121.4590977135382,11.020848320956885,-0.20016763768023882,0.04867079551012855,1054,3
141,9.340549832485848,136.55129264269087,11.685516361834031,-0.34632170652818806,-0.222520100769291,1054,4
140,9.25666021289627,135.07780633129067,11.622297807718175,-0.3243932960880236,0.199514232291359,1054,5
139,9.364395533722389,145.95035728122605,12.08099156862656,-0.42686480233033564,0.20854855142753873,1054,6
138,9.331092094266205,143.34652289103536,11.972740826186598,-0.3941705201709784,0.1363118427321259,1054,7
144,5.493581492744799,48.69995462261224,6.978535277736456,0.6956955266880351,-0.4093354894733519,1055,1
143,8.675574998285578,113.60236581908708,10.658441059511803,0.28737642062426516,-0.8041187348478135,1055,2
142,10.210102555516178,167.05207139477983,12.924862529047642,-0.04477015499791803,-0.35635578722504013,1055,3
141,10.621236611805452,173.6245065538104,13.176665228873745,-0.08159321378502815,-0.2238019925663823,1055,4
140,10.764483362184258,182.00850990518396,13.491052957615427,-0.12606377814700576,-0.0006204072394660492,1055,5
139,10.91870772973427,192.82283065923704,13.88606606131618,-0.18828714041396055,0.16717580839789656,1055,6
138,10.761662577772542,186.66623620986053,13.662585268164314,-0.14995062331311404,-0.04019313482575852,1055,7
144,5.724751137503278,55.133471449121394,7.42519167760142,0.6391705754265882,-0.4273075163817046,1056,1
143,8.644872676374804,115.44402962716912,10.744488337150779,0.2409238546518463,-1.2780400117215456,1056,2
142,9.772187641688102,154.97980723227164,12.449088610507664,-0.016365900232782504,-0.7514717876833478,1056,3
141,10.295797304166111,166.74459162112075,12.91296215518038,-0.08937442807302864,-0.564666411597083,1056,4
140,10.389924053089237,173.70349257690629,13.179662081286693,-0.12733547589425753,-0.14299460154187907,1056,5
139,10.524735080742182,181.98777666836605,13.490284528814286,-0.17653996651565707,-0.39889524311801355,1056,6
138,10.25801156748298,175.07770644356515,13.231693256857383,-0.13161937668140689,-0.9801173596427786,1056,7
144,4.205008599624004,29.96970838823083,5.4744596434927555,0.6899056843673651,0.018726590781194777,1057,1
143,6.806339381196034,73.28844250873694,8.560866925068801,0.2329253513493874,0.05110246553663307,1057,2
142,8.578865268471464,121.95266260146043,11.043217945936792,-0.276196093904733,0.6240232567491562,1057,3
141,9.318748872781235,136.81653444661404,11.696860025092805,-0.4295907967109276,0.5780382434337786,1057,4
140,9.33141946030242,143.62485438270036,11.984358738902152,-0.49130026337807453,0.8503913182924925,1057,5
139,9.41420901565357,156.57646327374113,12.51305171705692,-0.6251375990390855,0.24691776003930974,1057,6
138,9.099858218420769,147.88361659518677,12.16074079138219,-0.5255422963715619,0.37508150837189314,1057,7
135,4.722906314441621,35.882019620947794,5.990160233328304,0.5178438018672371,0.10280478016143582,1058,1
134,6.865433635995879,71.17015983865241,8.436240859449924,0.048593292802528,-0.2667912547520822,1058,2
133,8.129461726837086,97.70035751374843,9.884349119377989,-0.3118363333230234,0.12096970494006234,1058,3
132,8.333241892667884,110.91193085486178,10.53147334682388,-0.5046008805146598,0.9111105752435045,1058,4
131,8.688350326329328,122.37580283038159,11.062359731557349,-0.6922331386869764,1.6811572291664396,1058,5
130,8.693160907315049,130.33365526187336,11.416376625789523,-0.8082720802280674,1.5321533094346351,1058,6
129,8.832534406243138,126.38728228958708,11.24220984902822,-0.7518591450454615,0.6375749981576395,1058,7
129,5.437368660737323,46.22997602540411,6.79926290309502,0.6216175761067557,-0.020539492866009184,1059,1
127,7.520117637464456,86.46035006544507,9.298405780855397,0.26723006434803065,-1.047859646179672,1059,2
125,8.82495766507278,121.59718527296424,11.027111374832678,-0.05579733408118592,-0.5932161375024304,1059,3
123,9.118097498118379,130.87056086855844,11.43986717005746,-0.15455251623352972,-0.5490403232600896,1059,4
121,9.558517430913886,140.10103671057468,11.836428376439182,-0.2541043285646696,1.2688516674422974,1059,5
119,10.028122255752827,159.53102199099004,12.630559052986928,-0.43586632367059464,1.253678623552845,1059,6
117,9.887831006195356,152.89397050470419,12.365030145725655,-0.362054492247164,1.5803078620333328,1059,7
144,4.564687570707871,33.468289671337445,5.785178447665849,0.5296865077013835,-0.2981716372469764,1061,1
143,6.217678885491776,60.21339262509366,7.759728901520572,0.13283872455286372,-0.4001659697893576,1061,2
142,7.400283813412894,83.7495844634784,9.15147990564796,-0.22166596888372148,-0.43566774275199555,1061,3
141,7.841054086375016,96.44736526122793,9.820761949117182,-0.4190425690541195,0.2944536302819306,1061,4
140,8.86217696398636,126.36081036194712,11.241032441993356,-0.8655179332413163,0.4521274969858568,1061,5
139,9.185420095625004,142.23266791973626,11.926133821139869,-1.1078507165788394,-0.08337166727564699,1061,6
138,9.228810101993016,151.33015037748174,12.301632020893884,-1.233973632256519,0.01333449517416413,1061,7
144,4.8956574866724765,40.002898069578436,6.324784428704146,0.5922747968656572,0.24782522638515037,1062,1
143,6.988902298935269,78.27088966659136,8.847083681450705,0.19184274850377847,0.6075550524821987,1062,2
142,8.250452932216886,107.08323151696187,10.348102797951027,-0.11113447571839097,0.6638727402315406,1062,3
141,9.432960491887547,133.66606246928097,11.561404000781263,-0.3909053956542561,0.981514595170746,1062,4
140,10.302789117640053,164.9863518278762,12.844701313299433,-0.7144309292012689,1.0688948692625462,1062,5
139,10.563966564389224,183.82826972937966,13.558328426814997,-0.9077351062629804,0.5901099930610686,1062,6
138,10.602553508572463,189.22139798345867,13.7557768949434,-0.9522550227131941,0.4061790376309048,1062,7
129,5.030573191023244,42.75008018596518,6.538354547282151,0.5770470248520645,0.023383866612370185,1063,1
127,7.406104185553034,82.71792792912842,9.09493968804238,0.18124499251920045,0.4368201828287275,1063,2
125,8.805610573620694,119.33527328380944,10.924068531632775,-0.17875832343653975,0.9329344620063339,1063,3
123,10.028371880552937,148.33993655791508,12.179488353700046,-0.46425495744179024,1.3555307434340753,1063,4
121,10.65708975472535,180.89029134182644,13.44954613887868,-0.763234480081973,1.6417998471273985,1063,5
119,10.94202251519024,195.1755778264829,13.970525323926903,-0.8863631159726273,0.9901015244544695,1063,6
117,10.691555568563476,189.37823217357408,13.761476380591366,-0.8623274115446073,0.489671174854778,1063,7
144,4.474119566262386,32.635274157054596,5.71272913387766,0.5467179152721644,0.11559528160851938,1064,1
143,6.661150539782584,67.25962904864934,8.201196805872259,0.03848571206594076,0.47229881235640275,1064,2
142,7.637532530480635,93.66926608491387,9.678288386120444,-0.3622952538296724,0.5722475403482818,1064,3
141,8.579924285219112,119.51758400982881,10.93240979884256,-0.7592211142982341,0.9880653662521549,1064,4
140,8.830669339486862,132.07345501580124,11.492321567716475,-0.9526661247946959,0.8334609346021797,1064,5
139,9.506483967704463,156.71671337436115,12.518654615187733,-1.3293773995699172,0.6756775951640707,1064,6
138,9.434125504232355,154.5867994300364,12.433293989528133,-1.29179804799357,0.5773940563312634,1064,7
144,4.247457376668826,29.0200211666108,5.38702340505504,0.6533614822504927,-0.5599727058480666,1065,1
143,6.024768025239145,55.018835973148484,7.417468299436708,0.3316769409015047,-0.9718016550705804,1065,2
142,7.131075386739368,81.96167548097614,9.053268773265055,-0.0008778811496501504,-0.5320946912500233,1065,3
141,8.382818777725975,108.23376449658332,10.40354576558316,-0.32283924563899213,0.262721315048384,1065,4
140,8.828001053138726,125.55886925515799,11.205305406599054,-0.5311165037033165,0.6340765504913124,1065,5
139,9.124369661684185,134.66314101747048,11.604444881917898,-0.6452500224771898,-0.03711475016909013,1065,6
138,9.260522140567454,140.79373553977203,11.865653607777872,-0.709711207838976,-0.18141996687642836,1065,7
144,4.8740223071491,39.15053157162586,6.257038562421193,0.6211120268798276,-0.20044439234795883,1066,1
143,6.942129083139391,75.15862040585012,8.669407154232065,0.2638995927119012,-0.2779508559012063,1066,2
142,8.225121454537051,104.75084765725911,10.234786155912547,-0.028743153800063093,-0.35410495926586694,1066,3
141,9.266676461344057,135.1563163395663,11.625674876735815,-0.3273391142433095,0.11162188684635309,1066,4
140,10.05557491793043,155.75501618697325,12.480184942018017,-0.5252550981481723,0.7875272318821066,1066,5
139,10.164808608747084,174.9765402793596,13.227869831509516,-0.7120616991561406,0.23985974000096888,1066,6
138,10.473383938669905,178.50023933276964,13.360398172688178,-0.735876231191563,-0.18444755813251118,1066,7
144,4.952107079109546,38.403491378407445,6.197055056912714,0.5612386403406027,0.419010457383029,1068,1
143,7.050967779403546,73.61007869566943,8.579631617713515,0.14712529412112618,0.5652178973780717,1068,2
142,7.434017531831944,86.76620782385929,9.3148380460349,-0.008822105189017382,0.7547815482323613,1068,3
141,8.711275332876456,118.05525718117674,10.865323611433611,-0.373082882515247,1.6463206380003497,1068,4
140,9.576674558825276,142.3235945937848,11.929945288800985,-0.6506855898393664,2.313681594334414,1068,5
139,10.12643890157887,166.24335203867065,12.893539158767489,-0.9275417418292888,2.112607211671186,1068,6
138,10.095301979471742,163.3468999835355,12.780723766028883,-0.8824624670048127,1.1503197447048823,1068,7
129,4.927331975393792,40.83570625404012,6.390282173272173,0.6265753936618255,0.7379761424906464,1069,1
127,8.04675059470939,98.83773860696711,9.941717085441885,0.09034188192545212,1.596216520286105,1069,2
125,9.211271459193094,134.65880654123114,11.60425812110499,-0.23682683427549667,1.155599210043867,1069,3
123,10.517920424718405,168.2948976766069,12.972852333878116,-0.5378443424786974,1.517794996174838,1069,4
121,10.97368618103377,184.42072116709608,13.580159099476562,-0.679435138851392,1.5156038838064638,1069,5
119,11.5337775618831,211.1949611488391,14.532548336366856,-0.9277778220713417,0.7683282235291297,1069,6
117,11.662704449859206,207.11554875237857,14.3915096064443,-0.8641068740993683,-0.6269067081900338,1069,7
129,4.187685840163586,26.595906447562854,5.157121915134725,0.5331807138783407,-0.5195213655844368,1070,1
127,5.241541920173978,42.3122974114596,6.504790343389986,0.1872449495512193,-0.3932863481384211,1070,2
125,5.977982030046063,55.66448419989715,7.460863502296309,-0.1507407205515301,0.49234417928996965,1070,3
123,6.7807777122016155,70.63514651834723,8.404471816738232,-0.4716505064604015,0.997759925670368,1070,4
121,7.002759367799782,75.08010369119907,8.664877592395582,-0.5610647517433209,1.4310200804146207,1070,5
119,6.778482430218621,71.89711480269452,8.479216638504674,-0.5043773147983455,0.4692888198432826,1070,6
117,6.4777907307180245,65.74825785373484,8.10852994406106,-0.38863081158436996,0.20951070154857346,1070,7
140,5.780341144740914,56.47373152916392,7.5149006333526405,0.6843874024938725,-1.0184896509032488,1071,1
139,8.3813336063376,106.83771838361443,10.336233278308613,0.40544277155207076,-0.8054447908318987,1071,2
138,10.022988753488411,150.90399123687024,12.28429856511434,0.1660761039094637,-0.8478002127746925,1071,3
137,11.744596781582468,200.43597838809453,14.15754139630517,-0.10120825469878691,-0.06296497860764501,1071,4
136,12.605979020081714,238.18661354420374,15.433295615136895,-0.29978970920461845,0.5117604316289492,1071,5
135,12.780479729569628,263.2960641066251,16.22640022021598,-0.426714558062826,0.10443505436342233,1071,6
134,12.74498831781189,261.99826257576046,16.186360386935675,-0.41117672365575064,0.2508251749260424,1071,7
129,5.537191138776834,49.65585756187942,7.046691249223242,0.627468544022539,-0.6352637447213391,1072,1
127,7.832920055934519,94.76564796363841,9.734764915684323,0.29004329955654806,-1.8608357629422596,1072,2
125,9.273992835470715,130.10403757838944,11.406315688178609,0.0340455875618525,-1.4186929244032738,1072,3
123,10.277732084590424,150.57271266165623,12.270807335365356,-0.1073370547827448,-0.9440218421828102,1072,4
121,10.80850742883949,163.5994046034899,12.790598289505064,-0.18692720968636523,-0.5170985800182388,1072,5
119,11.143706994821798,192.96127332567096,13.891050116016102,-0.3826951605660083,-0.5528926441083482,1072,6
117,11.641096028138024,212.43276160371684,14.5750732966842,-0.5021041084399644,-0.4419392061555159,1072,7
144,4.111236289811374,28.15965745791896,5.306567389369418,0.6288742116968727,0.23416421490244488,1073,1
143,5.640346867985574,50.576422190653446,7.111710215598879,0.3361485306520756,0.3633671611997151,1073,2
142,6.571761683434097,72.04593964476382,8.487987962100549,0.0593718519639308,1.0033440121247355,1073,3
141,7.461040772502024,89.16162166367218,9.442543177749952,-0.1567339206436087,1.8952217782095282,1073,4
140,8.560915533329402,120.65772931723097,10.984431224111287,-0.5553918078420768,2.5973825681161857,1073,5
139,8.846105971628495,138.80442712326487,11.781529065586728,-0.7812791359044826,2.5888376089081433,1073,6
138,8.413068865881813,122.65789626405798,11.075102539663368,-0.5627954083372639,2.1466388540074925,1073,7
129,4.551564991313019,34.88138116031701,5.906046152911185,0.644618507258025,0.5392746427544044,1074,1
127,6.254177660377569,65.53749785456155,8.09552332184656,0.33452380221482725,0.6202707762902492,1074,2
125,7.701869578709526,90.74032179844431,9.52577145424161,0.08585935118205401,1.2409746968929107,1074,3
123,8.259151508788163,102.98653866843684,10.148228351216622,-0.028144710367213444,1.0563630581985446,1074,4
121,9.68663661933457,138.43106835452582,11.765673306467667,-0.3707474701030262,1.3514830232474417,1074,5
119,10.003125533307157,163.33121225274596,12.78011002506418,-0.6452564880467235,1.150961296495025,1074,6
117,9.677601886198293,161.66931390922878,12.71492484874483,-0.7365018841647157,0.5998540982644883,1074,7
144,4.746538301408104,34.81936818186967,5.900793860309786,0.6486455674846097,-0.2375253036739877,1075,1
143,6.475004134141365,67.16249243550915,8.195272566273141,0.3192417991325327,-0.9669041212402728,1075,2
142,7.661828475140238,92.65310206916139,9.625648137614494,0.062103642478172016,-0.8116487846721141,1075,3
141,8.503001418196861,112.19270090137837,10.592105593383138,-0.13198539039086188,-0.3301695985742547,1075,4
140,9.774596208238524,146.09389592385034,12.0869307900662,-0.4666659747659465,0.3108803941733876,1075,5
139,10.283144717487852,175.51602240990252,13.248246012582289,-0.7555919189419529,0.3829443414832059,1075,6
138,10.075553096147138,172.1316178984998,13.11989397436198,-0.7097789941592887,0.10221171266414532,1075,7
129,5.213133410740008,45.32357255396289,6.732278407341967,0.6001388486063992,0.13526245592423425,1076,1
127,7.107649793786535,82.873955779956,9.103513375612517,0.26489453475184555,0.6496262485290913,1076,2
125,8.812568793880569,120.19078379751276,10.963155740821744,-0.057119687710311506,1.351631157286567,1076,3
123,9.81557564924822,143.9397053004039,11.997487457813985,-0.2513706454206439,1.6939006087167114,1076,4
122,11.007819675966001,180.17498544454136,13.422927603341282,-0.5562198273483467,2.099701979316991,1076,5
121,10.968825837602187,195.71540254098994,13.989832112680622,-0.6783140589426377,1.6458057378491482,1076,6
120,10.729753682771557,191.61147609911325,13.842379712286224,-0.6334143164756203,1.1077638274002368,1076,7
144,4.781809603555828,38.84867706684203,6.23287069229276,0.6465399469873054,-0.2874595676234397,1077,1
143,6.890889486547844,78.24521490984397,8.845632533055166,0.2828964307948708,-0.2929421846221354,1077,2
142,8.121727040266235,104.28549440372129,10.212026948834461,0.04411821570591146,-0.47777456515094086,1077,3
141,9.346196684537851,131.64228592833715,11.473547225175706,-0.20345363379470993,-0.013944253299586163,1077,4
140,10.576203375679727,166.43187260712233,12.900847747614199,-0.513911377292253,0.5942338840765415,1077,5
139,10.679100396973592,186.33492815135685,13.650455236048241,-0.6888922723417679,0.19687923850928798,1077,6
138,10.46123226025178,180.63270824708556,13.439966824627417,-0.626132805920339,-0.16588240804988133,1077,7
144,2.965104358571275,15.22957031765729,3.9025082085316987,0.3784270381078576,0.5159902420930229,1078,1
143,3.884733950474146,25.871482126728246,5.086401687512327,-0.07673895373044437,0.3372827333517731,1078,2
142,5.088706202309893,37.993764980819485,6.163908255386309,-0.5914035988019675,0.5407061305349778,1078,3
141,5.405117991139751,46.03897934540157,6.7852029700961465,-0.9223849811866325,0.9316232442744703,1078,4
140,5.647821782109424,49.4409783388696,7.031427901846794,-1.0657103544587891,0.9929458979697717,1078,5
139,5.4792209798885985,46.89632348296186,6.848089038772923,-0.9492471563103617,0.8824816829824175,1078,6
138,5.452041477153792,44.56354230858333,6.6755930304792646,-0.8420470115258858,1.1551203528326326,1078,7
144,2.554306171017631,12.969993611757644,3.6013877341599367,0.40496364357141434,0.20981582998430653,1079,1
143,3.7234492788201443,23.739523018552394,4.872322138216273,-0.11420548051963086,0.32486389473959676,1079,2
142,4.892209284478151,37.060842074504244,6.08776166374015,-0.7536071067786103,0.6262016285738937,1079,3
141,5.327741707986209,43.234861522741696,6.575322161137178,-1.0366275331653996,0.9535581966800054,1079,4
140,5.377253953844214,45.41683987786968,6.73920172408199,-1.1321278262861014,0.9155546480699261,1079,5
139,5.129907454192121,41.592840653282,6.449251169963999,-0.9400361591509776,0.9724121726409964,1079,6
138,5.236539905097279,42.475669844334554,6.517336100304675,-0.967246820534112,1.3295866975150652,1079,7
144,2.782017279522117,13.101208535351544,3.619559163123535,0.4322095031999308,0.2154660053342842,1080,1
143,3.8887174544211893,24.691748186660615,4.969079209135291,-0.0909100447535438,0.3318194611694336,1080,2
142,5.098542319535163,39.39133277435034,6.276251490686964,-0.7559481034512283,0.7417447015261457,1080,3
141,5.2686297843222585,43.033642717589686,6.56000325591304,-0.9151002578855933,1.0969559683930248,1080,4
140,5.663573556802689,49.27888061695978,7.0198917810006005,-1.1836234968807449,1.3286778892339617,1080,5
139,5.540209356467402,48.06172651768867,6.932656526735525,-1.1164563452944791,1.0685805157270187,1080,6
138,5.580120571744517,48.39185833997694,6.9564256870879415,-1.1194559016567118,1.5026960411998185,1080,7
144,4.916447904071657,42.47562983248659,6.517333030656527,0.6026892783675861,-0.014041762784896402,1082,1
143,7.286754757588967,83.99218374495396,9.164724968320323,0.20738478502384594,0.037586800270539816,1082,2
142,8.766822629074273,121.91211787522396,11.041382063637865,-0.15195511617746082,0.13290369373980387,1082,3
141,9.852718522941533,152.6458641477698,12.35499349039771,-0.4369392490292894,0.6514472146067638,1082,4
140,9.982510429373985,167.58474197384425,12.94545255963824,-0.5684976710694578,1.1447480792081421,1082,5
139,10.552537034489573,179.3813069483522,13.393330689128534,-0.6737095682743395,0.7532353939232707,1082,6
138,10.084670692314083,164.97177670000102,12.844133941220054,-0.5330980757651282,0.3636262949743041,1082,7
144,2.7990123271731386,13.899556378801181,3.7282108817502775,0.16822805794457707,0.21364393213007926,1083,1
143,3.691690049592119,23.09132894596691,4.805343790611334,-0.4134978487895662,0.13176314866212183,1083,2
142,4.67617273142293,33.05855251142852,5.749656729877752,-1.0493303849820523,0.6259493487894581,1083,3
141,4.861363802385032,36.80592515272498,6.066788701836003,-1.2672944231598269,0.8135336585716352,1083,4
140,4.879633204813089,38.588723046654486,6.211982215577769,-1.3608826877352311,0.7776049041197444,1083,5
139,4.7729397020697375,37.58645670193366,6.130779453049478,-1.2836344836265563,0.777684629172495,1083,6
138,4.945111414532003,38.38763055212848,6.195775218011744,-1.3156225021951364,1.1583034329319861,1083,7
144,3.0296068980955537,16.002175661698345,4.000271948467797,0.39233621461550494,-0.10992203757461433,1084,1
143,3.8595466086339196,24.556668686698004,4.955468563788696,0.05313976767444262,0.2335465437409875,1084,2
142,4.817621581250037,35.899703075638605,5.991636093392072,-0.38512510749198015,0.8309866968528011,1084,3
141,5.003969995703341,40.47574433782473,6.362055040458604,-0.5546673795638497,0.8178479262510651,1084,4
140,5.160138148552453,44.27222764460733,6.653737870145421,-0.7051614134655795,0.9198824677254521,1084,5
139,4.921157382665781,40.286852951727994,6.3471925251821375,-0.551694796935386,0.6503752889175901,1084,6
138,4.941000282035873,39.146327348994525,6.256702593938322,-0.49723389974427334,1.0112300505701597,1084,7
144,2.9336786689685486,15.246703428396005,3.9047027323979484,0.29834022652314585,0.39527322033463996,1085,1
143,4.304509618146592,28.946497468996434,5.380194928531534,-0.35625335274378744,0.7584972389029002,1085,2
142,4.952127312995141,37.796844854582254,6.147913862000854,-0.7946986701443308,0.9079864840540919,1085,3
141,5.2936674073990275,43.056566059649505,6.561750228380345,-1.0336539277990853,0.7987283428313936,1085,4
140,5.363342740793798,45.68032241829435,6.758721951544859,-1.144537593336917,1.0350511365422754,1085,5
139,5.290700802829003,44.84224363651046,6.696435143903841,-1.0903853579047604,1.7593472414237799,1085,6
138,5.491355425307284,46.02813657452221,6.78440392182852,-1.1391917511147254,1.6527526474746246,1085,7
144,2.508486327357872,12.53953680641301,3.5411208404138104,0.20738082427354276,0.44879092056243874,1086,1
143,3.4346872610797323,21.83333824863203,4.672615782260728,-0.3954920010168772,1.0061176996224834,1086,2
142,4.616983703524908,35.84749155447164,5.987277474317659,-1.3183798962803093,1.6739084189562383,1086,3
141,4.758636863241477,37.016422598926574,6.084112309854789,-1.406556146470809,1.76286829639789,1086,4
140,4.933848815942328,39.53826701899525,6.287946168582811,-1.5592705891631193,2.038343496893375,1086,5
139,4.570090919478585,37.56271029630882,6.128842492372342,-1.4141106068346168,1.6524849373447488,1086,6
138,4.792829428576324,36.87916485696931,6.072821819958931,-1.3569515539932615,2.006855394462423,1086,7
144,2.7425182720102095,14.122032106001166,3.757929231106031,0.1883802128896812,0.09496453777425545,1087,1
143,3.5797029907743743,22.43342757636868,4.736393942269655,-0.3021430712261828,0.4986757541771773,1087,2
142,4.71462003131478,34.736307326490305,5.893751549436938,-1.021511081671128,1.505890309705451,1087,3
141,4.629611705998863,34.39073467587832,5.864361403927824,-1.0058982895906663,1.0978337652816472,1087,4
140,4.785366283620939,36.73649495337337,6.061063846666967,-1.1589737597674836,1.705265698725726,1087,5
139,4.44869714719755,34.11191724887263,5.840540835305633,-0.9982142302139394,1.3371409802184662,1087,6
138,4.598620542008152,33.6774528941741,5.803227799610671,-0.9641981601204228,1.8343217098888907,1087,7
114,2.9500481940207206,16.684060051879435,4.084612595079175,0.18445658067902992,-0.20210949108837495,1088,1
111,4.040532627590691,25.86805469825017,5.086064755609209,-0.347275562853256,-0.02639694926266931,1088,2
108,4.877046193080785,38.02461177947454,6.166409958758381,-1.0707165334286564,1.2064879829453408,1088,3
105,5.516573627987556,47.1451690597041,6.866233979388126,-1.8074653700606462,2.005988767497779,1088,4
102,5.738330252495572,49.1488239966211,7.010622226066749,-2.0311134368061072,1.87545812227715,1088,5
99,6.141883440675455,56.16912378391921,7.4946063128038425,-2.5938985046502587,2.726453461246717,1088,6
96,6.197636311271278,55.80274089821119,7.4701232184088635,-2.483303236031586,2.1087015073110584,1088,7
144,3.231530997473467,17.39044882864671,4.170185706733779,0.40698550652945753,0.40008754962885207,1089,1
143,4.507089948258141,32.98840412026824,5.743553266077389,-0.14030882325676108,0.5772765013020916,1089,2
142,5.6550328016605045,48.162072529813244,6.939889950843114,-0.6874738525888682,1.30959605792999,1089,3
141,6.044764491318504,55.33082794959663,7.438469462839558,-0.9333841220352201,1.4475013481166117,1089,4
140,6.171468596644705,57.516396497678905,7.583956520028243,-1.0207208950539628,1.74761813026048,1089,5
139,6.235401194810067,59.30602273081529,7.701040366782614,-1.071570122251297,1.6454639131549722,1089,6
138,6.2753374251064145,59.836793607985044,7.73542459131915,-1.089545701419726,1.9911335006510604,1089,7
144,4.864929379601477,39.483708180624134,6.28360630375775,0.7028148208039737,0.5097088776691473,1090,1
143,7.786940063369823,89.92536876873027,9.482898753478826,0.3186332751825792,1.2367039418277035,1090,2
142,9.090612745054928,127.77100825891253,11.303583867911652,0.031237422753305433,1.2301275523765478,1090,3
141,10.502680601436394,161.4575605492608,12.706595159572087,-0.22295363719990058,1.283677363412355,1090,4
140,11.598860434617897,204.48008217037318,14.299653218535518,-0.5428969578953411,1.7067973116330324,1090,5
139,11.671760644170131,222.17892080408618,14.905667405523516,-0.6709044462318072,1.1192648230700937,1090,6
138,11.801177512929726,227.18705617595938,15.07272557223674,-0.697696403631445,0.6550846624269541,1090,7
129,3.7558915933929113,22.673730130129698,4.761694039953606,0.4352009451186898,-0.5335943066516667,1091,1
127,5.511398749702696,44.07538046828819,6.638929165783304,-0.12146902079648414,-1.3276288010785995,1091,2
125,6.491996824406705,61.33080105069906,7.831398409651948,-0.5668311204368492,-1.146348944175338,1091,3
123,6.556348699972535,64.07828667161895,8.004891421600854,-0.631434564611991,-0.9979808996815169,1091,4
121,6.827484051697401,69.66165611981582,8.346355858685623,-0.7574054107496913,-1.309671966442142,1091,5
119,6.780638883434457,68.77760294733608,8.293226329199998,-0.712566954026866,-1.4429496128428552,1091,6
117,6.761253837878329,68.31050023519323,8.265016650630127,-0.6931168921381163,-1.1944837362375222,1091,7
144,2.764762900330256,11.852188821537554,3.442700803371904,0.4037761621631235,0.4629158160028909,3901,1
143,3.625290968077409,20.82150246179926,4.563058454786576,-0.07151478644491882,0.6577016884192297,3901,2
142,4.773895928086849,34.324298222496815,5.858694242106923,-0.82234167455765,1.3833207292490866,3901,3
141,4.884284720755428,37.91037222843719,6.157139939000671,-1.0105216353593272,1.9871127912523576,3901,4
140,4.8041881095262315,36.09303936961096,6.00774827781682,-0.9327878050982941,1.7208483339763363,3901,5
139,4.712417128607004,34.96091057070589,5.912775200420349,-0.8770594047368585,1.620984118111516,3901,6
138,4.442930240783667,31.505769041704546,5.613000003714996,-0.6911097607059256,1.295824848480788,3901,7
129,3.1243747208602186,14.76326708472627,3.8422997130268572,0.22327947720313113,0.741263316053762,3902,1
127,3.8095249825533366,22.830252611712893,4.77810136055242,-0.20773684105754597,1.0801808690799113,3902,2
125,4.962026293576919,35.90214677417893,5.9918400157363125,-0.896737458333057,1.5993375548354816,3902,3
123,5.106323827529524,40.893403543078385,6.394795035267228,-1.154129472022377,2.011339806523124,3902,4
121,4.817382690033382,34.92080831117655,5.9093830736529975,-0.8567060385203602,1.7263283781440057,3902,5
119,4.421236956250164,31.203287926660163,5.585990326402308,-0.6676170789245315,1.4493673024016245,3902,6
117,4.6118814118402565,32.5808571129763,5.707964358068145,-0.7123963657714234,2.026052236149048,3902,7
129,3.079121319267097,15.035290814588441,3.8775366941640206,0.2029451091915766,0.6150468034533496,3903,1
127,3.8378100416020127,22.252358267461545,4.717240535255919,-0.18266833134245175,0.8979896075545104,3903,2
125,4.80012222974937,33.56575717710208,5.7935962214415735,-0.7776703973030799,1.5321285304462422,3903,3
123,4.983537456663648,38.70625872761483,6.221435423406309,-1.0374663079542716,1.567957141823092,3903,4
121,4.732438452194024,33.72208910572862,5.807072335155524,-0.7834693458702997,1.3590889648067592,3903,5
119,4.454508773191813,31.410983456428642,5.60455024568686,-0.668494275121436,1.4190857228838853,3903,6
117,4.596651952078092,32.5743665256417,5.707395774400239,-0.702167898293111,1.7384247845945409,3903,7
144,2.9894953744764177,14.628929318941744,3.824778335922455,0.28360606111853226,0.4775353933102775,3904,1
143,3.8897983696166794,23.463070090157956,4.8438693304173635,-0.16127994994970907,0.5633816135288816,3904,2
142,5.024785086201368,36.66611149230061,6.055254866006931,-0.811149177201304,1.1012148628336302,3904,3
141,5.422549473250436,44.198457289418386,6.64819203162923,-1.1680489062592079,1.411974944860024,3904,4
140,5.124496474215801,41.356498726097534,6.43090185946711,-1.015419598335939,1.2148883815218843,3904,5
139,4.776301181988573,37.00989444283044,6.083575794122273,-0.7954086639664446,0.9422189237484088,3904,6
138,4.972423630030142,38.322379535358394,6.1905072114777795,-0.8518111863625992,1.4071800249845752,3904,7
129,2.8446489678260534,12.669302535437646,3.559396372341474,0.34860113704494955,0.5867321666808867,3905,1
127,3.5263893122862116,20.06517236245707,4.4794165203134515,-0.04535405774459633,0.8263842108515054,3905,2
125,4.834747000274112,35.54325616962673,5.961816515930923,-0.8946355801156789,1.7880514183468057,3905,3
123,5.037954782946767,40.85289478120486,6.391626927567414,-1.1805370645396178,2.2852823755175407,3905,4
121,4.761087688580945,35.5153122946813,5.959472484598054,-0.9571251580526154,1.714074022282484,3905,5
119,4.5211194605221845,33.24226278323504,5.765610356522113,-0.8456496837083722,1.7447366049016326,3905,6
117,4.27603711660251,29.820140039878627,5.460781998933727,-0.652438650469447,1.2016710436146656,3905,7
129,2.8414681504214903,12.36332856686096,3.5161525232647346,0.38710286034906294,0.5773812133998645,3906,1
127,3.59643221493958,20.423878677297154,4.519278557170066,-0.029508400866077533,0.8984847777803288,3906,2
125,4.844890580516536,35.260526255618814,5.938057447989099,-0.827844647073708,1.7873377995857698,3906,3
123,5.058522820271061,40.500494655103545,6.363999894335601,-1.1085926061046711,2.385850519606248,3906,4
121,4.90107153510688,37.525452604346626,6.125802200883295,-1.013068092065343,1.8948007073976967,3906,5
119,4.662673182549275,34.55822955834046,5.878624801630093,-0.8720678125282197,1.776309193519093,3906,6
117,4.391515129691566,30.957286402843813,5.56392724636509,-0.6697646818358534,1.3070039697904208,3906,7
129,2.8420369262717613,12.978896036839336,3.60262349362785,0.30655184125176704,0.49682246170719185,3907,1
127,3.5469656397152267,20.742031072507523,4.554342002145592,-0.11827431914262765,0.8662102567936663,3907,2
125,4.877992870818629,35.4823578074091,5.9567069600081135,-0.9361881864270543,1.5757234698603613,3907,3
123,5.113222706671101,40.754619757177174,6.383934504455476,-1.224181112128706,2.1152416380525394,3907,4
121,4.725083457185302,34.33260161864652,5.859402838058373,-0.9318113676339106,1.4984953873229392,3907,5
119,4.353405932899097,31.24816270732497,5.590005608881351,-0.7664951438191785,1.2861710014203482,3907,6
117,4.294056110077087,30.923975382434435,5.5609329597140835,-0.7329147341165976,1.2809945721813587,3907,7
114,2.9237717336025466,13.262056862842027,3.6417107055396407,0.3788008661221127,0.3581165877690629,3908,1
111,3.3518882730817396,19.48292646628496,4.413946812806534,0.055483051377237635,0.5682965056481726,3908,2
108,4.716861409662638,34.70127571353246,5.890778871552764,-0.7349829917457105,1.2352170184404145,3908,3
105,4.896897529942264,40.334184518441795,6.35091997418026,-0.984986503440751,2.067145670285692,3908,4
102,4.706927425004108,35.45028036858641,5.9540138031907865,-0.7542063954121356,1.3135089445763526,3908,5
99,4.217240028783094,30.60857147724616,5.532501376163061,-0.6039363920425425,1.5168566951802342,3908,6
97,4.141623008695025,29.993357228080917,5.476619142142433,-0.6251969316516579,1.2265902518643588,3908,7
129,2.86116741231688,13.151324120766118,3.626475440529843,0.2834040418795716,0.46543361274107864,3909,1
127,3.567697085692448,20.742344556093734,4.554376417918674,-0.1399163898741118,0.7501281578977939,3909,2
125,4.841290470130638,35.22318628471773,5.93491249174895,-0.9579176053896181,1.53810536906678,3909,3
123,5.163843485284536,41.684552381373,6.45635751653926,-1.3164123110455308,2.101071571397763,3909,4
121,4.813413755785567,36.027746583263976,6.00231176991532,-1.0644605026513392,1.5711714427685537,3909,5
119,4.499527208998033,33.698474582797864,5.8050387236260415,-0.94126067251314,1.5706028052218888,3909,6
117,4.51215456211745,32.4036816435611,5.692423178538389,-0.848866497864432,1.6315222393688968,3909,7
123,2.822611451626046,13.472741902123298,3.6705233825877337,0.2619480966119062,0.43404021282431104,3910,1
121,3.598436574660468,21.542374079580227,4.641376313075705,-0.20940548116334434,0.9223982369710133,3910,2
119,4.817943091613991,35.53024057856433,5.960724836675849,-1.1381935179142784,1.6665858359758943,3910,3
117,5.171391848728335,41.74558257170861,6.461082151753575,-1.535566698707549,2.4882958958038164,3910,4
115,4.7451200504603515,34.35341723010691,5.8611788259792,-1.1358887246327853,1.6396935623148547,3910,5
113,4.589489132507111,32.93418309054908,5.738831160658856,-1.0539457674835044,1.7752345662625084,3910,6
111,4.550620856488144,32.518908699145115,5.702535286970622,-1.003988610817875,1.823501072451131,3910,7
129,3.3512439492343855,18.0585168053592,4.249531363028069,0.37069280390904713,0.14001778277910124,3911,1
127,4.147571834281007,27.34635210125648,5.229373968388232,0.03235614556206978,0.15508420380845517,3911,2
125,5.50139078808338,46.573008944878474,6.824442024435292,-0.647643505232387,0.9355753810127854,3911,3
123,5.867101146700387,55.48522567833816,7.4488405593312415,-0.9821927195783808,1.5647595176846996,3911,4
121,5.796187474899344,52.24939899386715,7.228374574817436,-0.8931999885470958,1.2732612687362321,3911,5
119,5.540897644183368,47.41396349512826,6.88577980298007,-0.7210836034393662,0.9900802931748109,3911,6
117,5.615915878894236,48.59547471255437,6.971045453341584,-0.735163699794513,1.1350060223139808,3911,7
129,3.4933014839099585,20.879602146045244,4.569420329324633,0.3927749926171673,-0.061233708934390556,3912,1
127,4.42837982057148,31.937142382658898,5.651295637520558,0.05128388913253268,0.03003194013918538,3912,2
125,5.688067443483569,49.97769996794574,7.069490785618561,-0.4871905282967892,0.8615079075283666,3912,3
123,6.183504244293113,62.404340996437725,7.899641827098095,-0.8763536344867626,1.5107471359442042,3912,4
121,6.197717462902606,64.55575106599636,8.034659362163175,-0.9629777632120782,1.240408935027142,3912,5
119,5.898940115020422,58.907665897836424,7.675132956362152,-0.7920146650561459,0.7826861769317738,3912,6
117,5.814735342942865,57.58993841736032,7.5888034904957395,-0.7225782097749092,0.7976382028219813,3912,7
144,3.205261548306975,16.15664204920717,4.019532566009034,0.33793686373233156,0.3241949427250808,3913,1
143,4.013222199372295,25.213677587453727,5.021322294720159,-0.0453650383355495,0.5614779889985251,3913,2
142,5.4244122333798295,42.83482149129339,6.5448316625634755,-0.776764129910771,1.0177882484078071,3913,3
141,5.685672868828841,48.887397372497986,6.991952329106512,-1.0135464283894304,1.6683096063644587,3913,4
140,5.50573504132977,45.71235470800306,6.761091236479734,-0.8751522025840854,1.3545493513604705,3913,5
139,5.186716161118835,42.37878826944384,6.509899251865872,-0.7283842150750006,0.8939329892926722,3913,6
138,5.260386640448308,43.996994615989564,6.6330230374987815,-0.7829535084429404,1.213115964113968,3913,7
114,3.3069429238787964,17.73491525261335,4.211284275920274,0.3939370324170396,0.09048307791031247,3914,1
111,4.287480400630102,28.642192027866056,5.3518400600042275,-0.009345496724555868,0.08531807058016873,3914,2
108,5.602250979269079,48.8617681305161,6.990119321622206,-0.7378108484816197,0.49532874812004124,3914,3
105,5.8567663258344105,56.216981795190286,7.497798463228409,-1.029136071702955,0.9426198939464817,3914,4
102,6.07908836686778,57.51006636967665,7.583539171763844,-1.109434303800731,0.4785354010935007,3914,5
99,5.780359036378102,55.40991351696317,7.44378354850295,-1.0344975007898092,0.1598035772389843,3914,6
96,5.752057560737254,56.12630580475322,7.491749181916946,-1.0186609212402598,0.5607148738395986,3914,7
114,2.832881486126825,13.389772871434731,3.6592038575945356,0.24877174053179762,0.38745448057442006,3915,1
111,3.656237980238017,20.91039068083781,4.572788064281769,-0.19966600589420325,0.9914951212667759,3915,2
108,4.9952464456913805,36.77433839193535,6.0641848909754845,-1.120890700269118,1.5057076703332728,3915,3
105,5.273376040513449,42.370584418013415,6.5092691155008655,-1.3958530559162439,2.0948163902446426,3915,4
102,4.7447299317089096,35.428629698054806,5.952195367933987,-1.0126423537018652,1.44725666291212,3915,5
99,4.640059633747706,34.12215793090347,5.841417459050797,-0.9450374403803237,1.7581617692948364,3915,6
96,4.792779659853912,35.59449384016436,5.966112120985019,-1.0418996214059342,1.745161009599493,3915,7
144,2.769351245243361,12.26800286456412,3.502570893581473,0.3685486079515057,0.5802354949276565,3916,1
143,3.5298799824127687,20.24255099850335,4.499172257038326,-0.06472732817287996,0.9346702118787567,3916,2
142,4.7938448433937015,34.45991039362704,5.870256416343927,-0.8671299578529421,1.541455652691595,3916,3
141,4.866481345847349,36.687776680106,6.057043559370033,-0.981120141050112,1.9307847233423332,3916,4
140,4.834647318655314,35.20074019193095,5.933021169010856,-0.9169552984838616,1.7377462651120579,3916,5
139,4.496892023403918,32.37415587735966,5.689829160647942,-0.7637610498110896,1.5824635364522655,3916,6
138,4.212922563052239,28.999613304537025,5.385128903242431,-0.5783886564169078,1.0306602703884327,3916,7
129,2.579427812609951,10.855267328266754,3.2947332711870247,0.4219371361460067,0.4020898164073689,3917,1
127,3.5518893192824446,19.334265083530973,4.397074605181378,-0.05682613308415907,0.6207472798108108,3917,2
125,4.836412674206872,35.52501591794135,5.9602865634079505,-0.9933377334282365,1.5861820009799212,3917,3
123,5.144245009211058,42.17894622528225,6.494532025117919,-1.4004658736389985,2.1593131999872837,3917,4
121,4.828482152530116,36.733571453498236,6.060822671345718,-1.1469072711428665,1.4969412968746934,3917,5
119,4.566918690698975,33.56074210430367,5.793163393544469,-0.9942367385655244,1.5170984103864442,3917,6
117,4.269176709903004,31.120192665184057,5.578547540819569,-0.8254665150100917,1.3126754464796646,3917,7
129,2.8643685092785827,12.823861021638582,3.5810418905171413,0.2797439084140303,0.6665596520222168,3918,1
127,3.502363616328501,19.849392534624194,4.455265708644569,-0.13373229295239142,1.243802584951155,3918,2
125,5.059784259312778,37.13389443586305,6.093758646013399,-1.1566822761616167,2.099261641293952,3918,3
123,5.3194765065599,41.73051536460156,6.459916049346273,-1.4364337917149839,2.3769468545557166,3918,4
121,4.963799930069397,36.71101703131404,6.058961712316232,-1.1953137795130715,1.8158508829643922,3918,5
119,4.596831982724915,31.44771577532178,5.607826296821415,-0.8998383124161109,1.8922605828824404,3918,6
117,4.5066729280148925,30.689629848547032,5.53982218564342,-0.834434125184319,1.673827000356984,3918,7
144,2.699914112075016,11.63816883124336,3.411476048757101,0.28393155373897006,0.5816088741745854,3919,1
143,3.4459342474560453,19.447138607567695,4.409890997243322,-0.22347437279853644,1.0792873014706537,3919,2
142,4.832066206947187,34.82518525991948,5.901286746118975,-1.2312375418145485,1.8815904556189937,3919,3
141,5.082216817444058,38.9217213732627,6.2387275444005965,-1.477935151167629,2.247625525997901,3919,4
140,4.944854772195247,35.77055016034815,5.980848615401342,-1.282462473320897,2.109566011586537,3919,5
139,4.61237417900329,32.0419651298612,5.660562262696277,-1.0309786998120414,2.152382173203049,3919,6
138,4.530693865876047,30.373261736024695,5.511194220495653,-0.9160671608829858,1.9085452036370847,3919,7
119,2.857045020099651,14.07446652815576,3.7515951977999653,0.3202984904976006,0.589811942168375,3920,1
117,3.722409052841265,21.31388579602526,4.616696415839497,-0.043619253062544106,1.1490716393696059,3920,2
115,4.897833809157706,35.56211981199717,5.963398344232688,-0.7495186464383459,1.8763480027246033,3920,3
113,5.450316754782011,44.617378874605386,6.679624156687664,-1.2154148209246842,2.5340342901906348,3920,4
111,5.015959822363016,37.874397571367425,6.154217868370231,-0.9103758334081398,2.075035394630598,3920,5
109,4.728154555543067,35.15415389971858,5.9290938514851135,-0.7988651398420186,1.892631496277795,3920,6
107,4.650387480215067,34.263604350015456,5.853512138025807,-0.7358793896496936,1.8304067239852617,3920,7
144,3.3355427478823407,17.723227558902618,4.209896383392662,0.35578081357857827,0.3136147588519973,3921,1
143,4.155653094449269,26.636529668705293,5.1610589677609084,0.01906611742720199,0.3171138994429157,3921,2
142,5.288334281556408,40.72488020231556,6.381604829689438,-0.4978460199423158,0.8329271343130965,3921,3
141,5.637302190531961,49.63780068795304,7.045409902053467,-0.8131295952215445,1.1547493323957754,3921,4
140,5.750224000850457,51.16225724153055,7.152779686354847,-0.8578486693711735,1.113841362340145,3921,5
139,5.299950784093286,45.04126581706315,6.711279000091052,-0.6249058217327506,0.5591442076180748,3921,6
138,5.526857009150979,49.745668665492175,7.053060942987249,-0.7835176552580367,0.9596130492617382,3921,7
129,2.5346217644312237,10.627651166716628,3.260007847646479,0.3019793952919032,0.6107331671626134,3922,1
127,3.6348440613859707,20.237382776359564,4.498597867820546,-0.35628576244048604,1.2924084449832303,3922,2
125,4.91362487312042,35.321217934294914,5.943165649239041,-1.4323309862952875,2.011751572927524,3922,3
123,5.06368046201534,38.94177073532486,6.240334184586981,-1.70416651840989,2.545454480900303,3922,4
121,4.955400146127492,37.833696172004,6.1509101905331045,-1.6918066517269343,2.164913125689191,3922,5
119,4.513705895460312,31.73566041019679,5.633441258253856,-1.289010567797674,2.168771854581179,3922,6
117,4.0755054927678875,26.857779182900185,5.182449149089664,-0.9098665402107871,1.607504449879581,3922,7
129,2.8094719209739885,12.59568798902491,3.5490404321485136,0.36030339275641765,0.547767166927156,3923,1
127,3.497506593990584,20.27235487834899,4.5024831902350275,-0.044548460104772536,0.9722915713331147,3923,2
125,4.8612666148947845,35.24912626523138,5.937097461321599,-0.8583353470053079,1.7887089457440983,3923,3
123,5.051206591731798,39.96784494357155,6.322012728836565,-1.1128659955395555,2.298831143963333,3923,4
121,4.868948418207291,36.07377551428841,6.006144812963504,-0.9606622993115335,1.6074169407297634,3923,5
119,4.399152125814979,31.68152727914507,5.628634583906213,-0.7356539117854766,1.6372363844135827,3923,6
117,4.226234193816474,29.945524709579423,5.47225042460407,-0.6315734797221881,1.2679136280111845,3923,7
144,2.5484616408772442,10.447635468684048,3.2322802274375975,0.37802245697355896,0.5711342708535586,3924,1
143,3.4714847264968784,19.09696629023867,4.370007584688918,-0.1664451262692177,0.9072359771670662,3924,2
142,4.682179436776711,32.79166256465445,5.726400489369779,-1.0670477159520275,1.4657374922159163,3924,3
141,4.996789772969931,37.32482382268139,6.109404539125019,-1.3482102771103208,1.954406392485235,3924,4
140,4.83562062525612,34.92590953131422,5.909814678254659,-1.2113187105704784,1.6650118013023232,3924,5
139,4.535506876383019,31.804952418802365,5.639587965339522,-1.0171919361076966,1.6627296556217788,3924,6
138,4.223590648684677,28.522894485686166,5.340682960604024,-0.7996390412503194,1.20439160010124,3924,7
129,2.4608113972929386,10.290801909440015,3.207927977595509,0.356266744346738,0.5451201171456354,3925,1
127,3.404118993222769,18.549732983193415,4.306940095147994,-0.1864658202081173,0.9694830612799539,3925,2
125,4.8894495573169845,35.58010973056819,5.9649065148221885,-1.3438561683976125,1.9465852094087457,3925,3
123,5.119947441593252,40.05711311793734,6.329068898182207,-1.672642490370702,2.397328190407719,3925,4
121,4.8478776743307845,35.989939022767594,5.999161526644169,-1.4609630819738109,1.9327225265614543,3925,5
119,4.472313402674114,31.785467149010852,5.637860156922203,-1.2112927998587937,1.9147978501766054,3925,6
117,4.125298652071997,28.514675063109074,5.339913394719907,-0.9543487782473186,1.4053188815376065,3925,7
144,2.895536433302469,13.764719353943507,3.7100834699428944,0.3104543229284634,0.29236016215478167,3926,1
143,3.7946979986824863,23.285710301573026,4.825526945482019,-0.18009423415698245,0.6982434038913264,3926,2
142,5.035941911451506,38.037752881923765,6.167475405862902,-0.9376414245358626,1.2314358597929989,3926,3
141,5.505173013680344,45.03322020945708,6.710679563908344,-1.277848522305102,1.6172143817254765,3926,4
140,5.196175780863489,41.446118898606684,6.437866020554225,-1.0982619842923884,1.3806174988243245,3926,5
139,4.881087397894069,37.1724370936382,6.0969202958246225,-0.8706625957479575,1.253318779181326,3926,6
138,4.726654116197899,35.98629750402305,5.998858016658091,-0.7982815555799379,1.2554698303664384,3926,7
129,3.106826764354018,15.109218312523934,3.8870577963961295,0.27079298781706296,0.3943674186771685,3927,1
127,3.823716977777751,23.22427705109733,4.819157296778902,-0.13570539056954778,0.9020642526111559,3927,2
125,5.114170005643676,39.04670095337902,6.248735948444215,-0.9111256542164503,1.477319042032455,3927,3
123,5.684958995637551,48.163057532558476,6.939960917221255,-1.3626654882384623,1.9138512496396825,3927,4
121,5.186239259010033,41.657415980923076,6.454255648866341,-1.0878974309842881,1.4164949051209323,3927,5
119,4.938728357796338,38.675097574761296,6.218930581278529,-0.9552641320287067,1.2361716218667882,3927,6
117,4.75848627756007,35.927682910464256,5.993970546346074,-0.7865496451322931,1.3903690352633986,3927,7
129,3.257561463705864,16.387917595027528,4.048199302779882,0.31357679194371957,0.37039241828051256,3928,1
127,3.8677518640667192,23.664139367369184,4.864580081298815,-0.009608916012090685,0.6166006055647514,3928,2
125,5.246941163321603,40.728754439628524,6.381908369729898,-0.7350506187079346,1.2027724997193483,3928,3
123,5.579682351290755,48.891704327347206,6.992260316045678,-1.0949565358955304,1.5840168495452356,3928,4
121,5.454376451220035,46.02970841256537,6.784519762854654,-1.0101870443245384,1.0897321230487889,3928,5
119,5.15224521920921,41.58036924321854,6.448284209246561,-0.8275910266995485,0.7036300074527547,3928,6
117,5.2359851632642975,43.185721693349116,6.57158441270818,-0.868757388763596,1.2692873620256682,3928,7
114,3.216066128444932,15.740218802080115,3.9673944601060422,0.32372094881132707,-0.01844341456416677,3929,1
111,4.112669916897284,26.54929456682571,5.152600757561729,-0.16366321609851386,-0.30658983538374274,3929,2
108,5.2492693770036984,41.393757098955085,6.433798030631292,-0.83870077867233,0.17091409534208757,3929,3
105,5.538614484960605,47.290615005889514,6.8768172148087165,-1.0427068216580992,0.1579424034715663,3929,4
102,5.266640509972424,41.76457921505919,6.4625520667194,-0.789796523742857,-0.5248202104136424,3929,5
99,5.094500652014908,40.2257434345219,6.342376796952536,-0.7049393002086657,-0.4892229143281446,3929,6
96,5.1610222244170645,38.839038017989694,6.232097401195659,-0.6395399679826355,-0.4881015854651684,3929,7
129,2.925306060594679,13.814574273070123,3.716796237765816,0.28113412749573974,0.5019582913306085,3930,1
127,3.7710719656454232,22.165926053759442,4.708070311046708,-0.15843676453315592,0.9318148947609712,3930,2
125,4.929483096129474,36.550586295766635,6.045708088864913,-0.9013812655980356,1.6163111971710193,3930,3
123,5.289876345236999,42.91236181909858,6.550752767361823,-1.2366641482189853,1.6148269398175368,3930,4
121,4.958025639572251,38.1582094342309,6.17723315362395,-1.0130060173569975,1.4055985502716903,3930,5
119,4.69529380033546,35.30275329462307,5.94161201145136,-0.8823908608884601,1.2477634467017538,3930,6
117,4.984119659037219,37.90023805007218,6.1563169224847565,-0.9883400187363667,2.0538600304259798,3930,7
129,3.055628773607777,15.279378733251518,3.9088845894003468,0.35456225798497865,0.28619878166389917,3931,1
127,3.8846476919515536,23.95385270473428,4.894267330738512,-0.021193455677850803,0.7184444608882831,3931,2
125,5.190000972993748,40.18815648841412,6.339412945093112,-0.7132165992180273,1.4760321330709167,3931,3
123,5.359350184873288,45.29834377885649,6.730404429070848,-0.945179770018322,1.2844091095055943,3931,4
121,5.386287908371235,45.1748054502079,6.721220532775866,-0.9643706422123923,1.0994246579292313,3931,5
119,4.95305186615778,39.128962707316056,6.255314756854051,-0.7182598366039075,0.770926609701969,3931,6
117,4.829441333109387,38.77915898072008,6.227291464249933,-0.6854026724396707,1.0897350201683564,3931,7
129,3.052445761359764,14.808802108094799,3.848220641815487,0.27632657609788114,0.2971687634198473,3932,1
127,3.8556754797873456,22.78826612927596,4.773705701996716,-0.12405594228402061,0.8622780624745521,3932,2
125,5.161481356638851,38.35220334780223,6.192915577319154,-0.882910553086119,1.6948895530975787,3932,3
123,5.589494628386946,47.45404863754933,6.8886899071992875,-1.3351555986435129,1.6348670450598837,3932,4
121,5.296794169907159,42.344719411712504,6.5072820295198905,-1.1157122032517401,1.3508425337785999,3932,5
119,4.933073070057683,39.023496276167236,6.24687892280355,-0.9709300491851569,1.1490391448921307,3932,6
117,4.959827106786365,39.82197876768658,6.310465812258758,-0.9788793895364107,1.7256750483299441,3932,7
129,3.313132397805751,17.678251341179802,4.2045512651387424,0.38810327601879946,0.1907186845368919,3933,1
127,4.230488358749306,27.7258380322884,5.265533024517879,0.029575064278879903,0.39132778839625154,3933,2
125,5.260984357782916,41.16961776974749,6.416355489664478,-0.44433003586703235,1.1134284858916184,3933,3
123,5.449520609039745,45.7309171790756,6.76246383939135,-0.620142454200701,1.3777663180518505,3933,4
121,5.56776254434758,49.7670070276385,7.054573483041941,-0.7792066433474585,0.8881555450176862,3933,5
119,5.306729075355997,44.39473270052646,6.662937242727599,-0.5944854187262198,0.7126494917070265,3933,6
117,5.230691829061018,44.833572735775206,6.695787685984017,-0.5999364609957434,1.386092105009773,3933,7
144,3.3986585892328502,18.331564373869174,4.281537617943952,0.3803529918331886,0.24859258769678647,3934,1
143,4.337376486445805,29.117989840844842,5.396108768440907,0.0035565380389098733,0.445772199042593,3934,2
142,5.6475299026356485,46.935738917379815,6.850966276181763,-0.6059344384940468,0.9084158568423343,3934,3
141,5.9689055886857645,55.17118768212213,7.427730991502192,-0.8748884687513805,1.5061385754917986,3934,4
140,6.002575125601059,55.70818631018427,7.46379168453838,-0.8829454066947973,1.4432268536915125,3934,5
139,5.510163740782842,49.184767973247915,7.013185294375725,-0.6513348606296079,0.7180730032622318,3934,6
138,5.652334807282034,52.50418377786274,7.24597707544419,-0.7512300123721509,0.8519539164924875,3934,7
129,3.557346389410034,21.648053173718445,4.652746841782652,0.37988271898124404,0.08502441580800803,3935,1
127,4.409418806380733,30.98023894355072,5.5659894846784175,0.0906997242521036,0.13572038019230026,3935,2
125,5.686041041990274,50.25885421181376,7.0893479398188495,-0.4773583595925859,0.8453145901176613,3935,3
123,6.027615438093443,60.20948935565709,7.759477389338607,-0.7902532493712748,1.286009850171765,3935,4
121,6.144959815513953,63.23817739219911,7.952243544572759,-0.9038289438767002,1.0949504070122678,3935,5
119,5.803170121135203,59.33981867401185,7.703234299566115,-0.786549142636428,0.4736594330876735,3935,6
117,5.774205431918479,59.61743991663283,7.721233056748956,-0.7648164311069667,0.7194938942990353,3935,7
144,3.6270373029969982,22.388634220847834,4.7316629445521405,0.37303636782197613,-0.06711939608576441,3936,1
143,4.612108785715095,35.23825735195385,5.93618205178664,-0.0007363934860520338,-0.09792160230311645,3936,2
142,5.824255211167668,51.77290398512635,7.195339045877293,-0.4721832262799923,0.6374838840668193,3936,3
141,6.171639857990783,59.74513332772512,7.729497611599678,-0.6884637328861418,1.0354015723119283,3936,4
140,6.311464196811384,66.86750728795154,8.177255486283373,-0.8781392137821267,1.1427806503036464,3936,5
139,6.087427585257056,61.966565257082195,7.871884479404039,-0.7280653180617089,0.7216800875992396,3936,6
138,5.965979011907079,59.86162610849475,7.737029540365912,-0.6575126000802014,0.7822396152738544,3936,7
129,3.668675863442777,23.22760324044101,4.819502385147351,0.3312531352563187,-0.09125465040027457,3937,1
127,4.5995259348880255,34.84035122014931,5.902571576876413,-0.02833125336533837,-0.1883604670306532,3937,2
125,5.668657202743126,50.63580401843511,7.11588392390117,-0.48638508684030524,0.6318675143680568,3937,3
123,6.013053647871998,58.63366243704646,7.65726207185352,-0.7112339843268864,1.2713219394951232,3937,4
121,6.178925377195465,62.17968409833929,7.88540957074135,-0.9075699357745473,1.5380507160888301,3937,5
119,5.8499691949834665,58.32742244799038,7.637239190177978,-0.7887984297994168,1.2320427506429785,3937,6
117,5.75865590268419,58.194017327865616,7.628500332822017,-0.807769652467264,1.3839954788639561,3937,7
129,3.014067159551927,14.289215950884499,3.780107928470363,0.3651308792534067,0.3245961769802586,3938,1
127,3.7581567985732396,22.544263235953128,4.748079952565366,-0.009202636468492731,0.48629154527415025,3938,2
125,4.958256152061083,36.96994932313454,6.080291878120206,-0.6510672321799804,1.0475488167735407,3938,3
123,5.328933903554479,45.51761386108628,6.746674281532071,-1.0464804936409435,1.477418096119557,3938,4
121,5.173776054687744,41.735027943763455,6.460265315276414,-0.9030703364212727,1.1364408326368771,3938,5
119,4.930728271997702,39.568613654855135,6.290358785860719,-0.8159687225160845,0.9688506633179812,3938,6
117,4.930449524031785,40.171407223075356,6.338091765119479,-0.8176321664364201,1.2473385527434522,3938,7
144,3.651885059341536,22.84445819568758,4.779587659588176,0.41316436800244105,-0.12046671248581044,3939,1
143,5.374578016419574,42.98747222439245,6.556483220781736,-0.1334657173786129,-0.17041352745892022,3939,2
142,6.23331891815878,56.42287175036029,7.511515942228991,-0.49957804357634106,0.18024845754803684,3939,3
141,6.275172781239887,61.06954609112672,7.81470063989189,-0.6292482281583316,0.18086765613186473,3939,4
140,6.660693742655495,67.72161832692282,8.229314572120987,-0.804468529665415,0.04678583266256119,3939,5
139,6.614088051558574,66.90505197726561,8.179550842024616,-0.7744225351975202,-0.44967968247551343,3939,6
138,6.506747422201499,65.33631511350808,8.083088216363105,-0.7348302006088951,0.058737351067161464,3939,7
