n,mae,mse,rmse,r2,bias,station_id,horizon
144,5.465547810205155,88.9107123385682,9.429247707986475,0.8415551311756492,-0.09729290443162124,1,1
143,7.8409463938299595,194.35040975460635,13.940961579267276,0.6538787503728092,-4.478653364352413,1,2
142,8.939125242052784,206.58316756083022,14.37300134143284,0.6325005288980053,-5.00333522543521,1,3
141,9.32328893640574,217.99369520060264,14.764609551241193,0.613640382575841,-4.265310485153757,1,4
140,12.600810434137072,484.8045763371113,22.018278232802658,0.14348031504210135,-7.748725719962802,1,5
139,16.82116197682113,851.8609450544164,29.186656969485497,-0.500902189979888,-13.350500928412238,1,6
138,15.124193265656197,711.0050129954012,26.664677252788962,-0.24880965669852628,-9.384348508078551,1,7
144,3.731349806715217,23.65790824319199,4.863939580544971,0.8160114323465346,-0.7758347239966193,2,1
143,6.341233653622074,68.45392250264526,8.273688566935865,0.4517279708223667,-1.1328845582641922,2,2
142,7.206052237098485,87.00684296832266,9.327745867481738,0.2887531551274314,-1.8404472758862334,2,3
141,8.505641411699301,133.01180631808876,11.533074452117647,-0.09701198241372677,-3.970737910968192,2,4
140,9.720697697252035,157.97568105845593,12.568837697196027,-0.3071451893795327,-0.4721126170030662,2,5
139,9.610713195028923,151.82166852984074,12.321593587269495,-0.26020021737241095,-2.7166686068764694,2,6
138,10.329965752643952,187.32372213394436,13.686625666465213,-0.5520437306635417,-3.511138913964016,2,7
144,6.890749767940077,79.39780218895038,8.910544438413984,0.7265665949953259,0.5248141761662232,3,1
143,9.735763286689778,168.63912162273962,12.986112644773247,0.4080815849285587,0.82418405290667,3,2
142,11.071146195623237,233.6208949875111,15.284662082869582,0.1683622299409645,0.46404098750839773,3,3
141,13.308026475263826,286.7267282088811,16.933007063391933,-0.024944837630748617,0.9004756423598486,3,4
140,16.3037384642022,462.86303108632944,21.514251813305744,-0.6563433779691448,4.113183815564428,3,5
139,14.985051269797113,369.9488394763226,19.234054161209034,-0.32572565068698545,1.9876363275291251,3,6
138,16.08329412146755,422.9277786769717,20.565207965808945,-0.512798076925419,3.3224680931239887,3,7
144,5.348155694030639,54.74815005413993,7.399199284661816,0.7009554079117222,-0.7448745364219778,4,1
143,8.213620523902607,116.62134941749952,10.799136512587454,0.34877670715653253,-2.1125970518385824,4,2
142,8.728956396278308,129.17647666361287,11.365582988285857,0.2623221029833557,-1.954465142562723,4,3
141,9.232242652459453,152.842204766858,12.362936737153435,0.1159019806396353,-3.2571372549769513,4,4
140,10.478927650063165,191.27925646964914,13.830374415381861,-0.11582508390882462,-2.944314202001052,4,5
139,10.275179308852543,186.63658050439682,13.661499936112316,-0.09837363289606516,-4.461326545848102,4,6
138,10.562121649826134,198.19207150071963,14.078070588710643,-0.17075195828494483,-4.3753924368462265,4,7
144,5.037336625055307,44.933601571841464,6.703253058914117,0.6985847025539256,-0.15021784065498245,5,1
143,7.389155781925558,105.40566611018986,10.266726163202652,0.2776388700456627,-0.8415794936822845,5,2
142,8.704640922359598,133.04080657552433,11.534331648410511,0.0693824417359099,-2.5100667240019416,5,3
141,9.16766784070654,151.2878630119682,12.29991313026105,-0.05792101195217958,-3.4878186101609088,5,4
140,10.239942142473799,193.80333344215512,13.921326569050635,-0.35013293916701604,-1.9651830899928298,5,5
139,10.472890192441803,199.97691243339978,14.141319331427312,-0.38778280392849385,-1.1622552071972716,5,6
138,10.942178486373978,215.97275382274947,14.696011493692751,-0.4911420721205879,-0.18345522610605627,5,7
129,12.524349378537416,863.9746814491085,29.39344623294636,-2.703495283962183,-9.278367982715253,7,1
127,33.695928807847025,8033.635156155645,89.63054811924138,-33.64294010390278,-29.971872922898395,7,2
125,42.78504012441635,13000.042614823786,114.01772938812536,-55.246644469284384,-38.7864150763154,7,3
123,36.74796178755237,8903.965567106177,94.360826443531,-37.58172451562164,-32.77792915956276,7,4
121,54.365274818783455,20768.21067639005,144.11179922681575,-89.26367810752377,-46.61580724983422,7,5
119,51.69595969280525,18814.377354238837,137.16551080442503,-81.63967609160129,-46.30496652505728,7,6
117,58.97663867142465,24525.813982594384,156.60719645851012,-108.61750795094336,-53.14022399395959,7,7
144,3.7656287506947086,25.299958218419206,5.029906382669483,0.7744083990151343,-0.7696651778597798,8,1
143,5.343459512074511,43.43278211170114,6.590355234105453,0.6048512998706423,-0.7675740290563423,8,2
142,6.062189396418316,56.4180448962198,7.511194638419364,0.48026423617494407,0.1639687246839765,8,3
141,6.681021358738554,73.0475240212602,8.546784425809522,0.3215455236615147,-1.0820219041185175,8,4
140,7.483398360838848,85.84321557286692,9.26516138946683,0.20005105376255683,-0.8915135091702853,8,5
139,7.8379830130570225,106.10995931015783,10.30096885298455,0.00671413534816967,-3.592152885395846,8,6
138,8.292072058911772,126.33423951449768,11.239850511216671,-0.18166805341892212,-3.927223933239778,8,7
144,4.324642201264699,40.94756577805667,6.399028502675751,0.9303944091996366,-0.38887695792234606,9,1
143,7.668126468266641,124.36248630452768,11.151792963668564,0.7883529063569809,-1.6270091672252107,9,2
142,8.888656806043336,181.55299805762104,13.47416038414346,0.6908305935755303,-1.4577860783942989,9,3
141,10.642224052643522,261.9046352473041,16.183467961080037,0.5553306823307573,-2.539757142517161,9,4
140,12.613633922274623,364.4903329919225,19.09162991972981,0.38267858509222663,-2.0583947920373507,9,5
139,13.886890880495525,464.95212739020343,21.5627486047165,0.21384292302564534,-8.295021303266072,9,6
138,15.189031316318374,599.811304263793,24.491045389362068,-0.010922944258054734,-7.977078365674918,9,7
144,8.346675832341942,183.8426765341761,13.55885970626498,0.8725184553228815,-5.833513677016729,10,1
143,11.156555657620197,333.1203841301272,18.25158579768145,0.7696317215310591,-9.468611598848463,10,2
142,13.86144373996157,504.869670037275,22.469305063514426,0.651926834870501,-11.206990456497165,10,3
141,16.376611676199218,782.5587063373191,27.974250773475937,0.4624509133756147,-12.830055234702767,10,4
140,16.15597703414304,799.3373769548389,28.272555189703652,0.45299148497184394,-11.51423696577549,10,5
139,18.045461095494332,957.037325555034,30.936019872553643,0.3478039279027466,-13.836083099996443,10,6
138,19.156261196602944,1108.908946137116,33.300284475318165,0.24809654908896017,-14.524916301170984,10,7
144,3.64287455400659,42.706428640352904,6.535015580727632,0.9605213019093063,-1.173364601822363,11,1
143,5.6846669628903586,117.17599071653476,10.824785943220068,0.8921723333747869,-1.7051846964375956,11,2
142,9.708690751816185,266.1154036472218,16.313043972454125,0.756296127881274,-2.9696050737525375,11,3
141,10.028583830235698,320.3719121456085,17.898936061833634,0.7081991250925963,-4.086561679734406,11,4
140,12.470237007630724,417.70758453083965,20.437895795087115,0.6215740051414875,-8.332475333873715,11,5
139,14.301914554705723,533.6030653358516,23.099849898556734,0.5191737258680459,-10.826165638381628,11,6
138,12.94331373922203,654.7971666733221,25.58900480036928,0.4132838310628515,-9.071811013031697,11,7
144,4.542308979978164,62.98838310453032,7.936522103826734,0.9312177904640936,-0.6280141145818763,12,1
143,7.43604661529506,152.4425233489308,12.346761654333934,0.8341046350461698,-1.0821593107356058,12,2
142,8.92345013500939,247.2264099085162,15.72343505435489,0.7320764517691114,-3.2939519025910067,12,3
141,10.434319807705304,343.3554448237458,18.529852800919542,0.6297362395405937,-4.1148251629044825,12,4
140,12.261555220399584,495.3480496187692,22.256415920331136,0.4687026267903608,-6.5416420885494775,12,5
139,13.428508828869827,599.5984459809723,24.48669936886089,0.3602540433740786,-9.608236225388891,12,6
138,14.241933085780213,687.3149228709863,26.216691684325585,0.2710573512687401,-9.495583142923271,12,7
144,5.666418269147268,110.96777766008883,10.534124437279486,0.8831898650864543,-2.0240547312682287,14,1
143,11.144885822310002,458.0649794807128,21.40245265105644,0.5175957438930963,-6.470467647589691,14,2
142,17.900260644951757,1549.605320665492,39.36502661837652,-0.6318961248596122,-13.324686765723245,14,3
141,22.62327814900072,2657.138610909523,51.54744039144449,-1.7938014457716007,-17.51305046915374,14,4
140,23.509592559827226,2573.2693657932823,50.72740251376254,-1.6976559955581134,-15.799611940660647,14,5
139,23.638209307579686,2501.8308469326876,50.01830511855322,-1.6149875549198685,-18.470787205927664,14,6
138,24.110389323554177,2444.2157742318204,49.43901065183061,-1.5454597647645238,-17.272055771903716,14,7
144,4.851575415607335,42.65272423358564,6.53090531500692,0.7161980839067249,0.11340425378229055,15,1
143,7.437798948242114,95.4493786373275,9.769819785304511,0.3495587256522198,0.3995078377998792,15,2
142,8.47932051195645,116.5476654419588,10.795724405613493,0.19756524956147747,-0.1467215981281979,15,3
141,9.333490181265148,131.5419481662778,11.469173822306374,0.09750430307425728,-1.563283771170792,15,4
140,11.165336080268025,186.64371156347067,13.661760924693079,-0.2730733831034122,1.4388360169849226,15,5
139,11.179190325919244,180.70073156176696,13.442497221936367,-0.22513008691755432,0.11045111892677897,15,6
138,11.19608389839962,185.65858506686013,13.62565906908213,-0.24973757835541943,0.09131657564337703,15,7
144,4.266960895982468,44.0751509044056,6.638911876535611,0.9287844986755678,-0.9850347669691675,16,1
143,7.918804047720416,148.329316686745,12.179052372280243,0.7597991234073046,-2.155962820965927,16,2
142,8.954345393768499,194.64805152697974,13.951632575687325,0.6844543577503563,-2.128852107575242,16,3
141,10.579774932658419,267.0990671492955,16.34316576276749,0.5676873738280159,-2.357896020015081,16,4
140,12.965392159564155,387.7738712651478,19.69197479343166,0.3738309051510684,-3.1322155190365657,16,5
139,13.713900820814448,498.2778876352479,22.322138957439716,0.19677103506354443,-7.662103931680858,16,6
138,15.649199460241674,603.7430311423941,24.57118294145388,0.029863553238228424,-7.141078557171252,16,7
103,4.0870252979322546,28.546032737044357,5.342848747348587,0.8472936394695225,0.5013933351028312,17,1
101,5.834195374262215,51.90320110933343,7.204387629030897,0.7232461503724293,-0.05613450307657223,17,2
100,6.766079546511174,73.47677181356924,8.57185929735021,0.6112187042691366,0.5396258386969567,17,3
99,7.91887956917888,106.19394049126478,10.305044419664807,0.43896732256258986,-2.647224004822548,17,4
98,8.69044601126593,113.90820440586916,10.672778663772108,0.3973424177497493,0.16180361138314617,17,5
97,9.386211731999191,144.58811413811043,12.024479786589955,0.23434181045490587,-2.9011773768159532,17,6
96,10.333677949073413,187.62484268739288,13.697621789471079,0.007228087885095991,-4.496129379607737,17,7
144,5.366928055002871,54.95610618568792,7.413238576067003,0.6971214079559265,1.195651995897707,18,1
143,7.485236272632659,105.88913388158613,10.290244597753064,0.4041376892184496,-1.5660697537493873,18,2
142,8.37405809975216,127.26305096042938,11.281092631497597,0.27555832452937434,-3.779990104774774,18,3
141,8.68536114428483,130.81698696323892,11.437525386342926,0.25294204015911836,-4.557856053219619,18,4
140,9.983843753061125,182.9873644279428,13.527282226225,-0.04358536072282759,-2.876481589355639,18,5
139,9.278194955623835,160.9423289647918,12.686304779753316,0.08117022077081304,-4.428554493478305,18,6
138,10.2885115051885,200.16470445399065,14.147957607159793,-0.14130834497824707,-4.275068277223171,18,7
144,4.381841313727717,43.24034917881957,6.575739439699506,0.9095236352574944,-1.5012750586675894,19,1
143,8.051098144749973,136.15885378382822,11.668712601818086,0.713307937075929,-3.7982816709583247,19,2
142,10.208639703848412,256.25558626536565,16.007985078246595,0.45851937574382373,-5.9578624018271205,19,3
141,11.624475332386528,321.31307089135726,17.925207694511023,0.3209202014375625,-6.875009432910605,19,4
140,13.363135228412492,397.25605373650967,19.931283293769862,0.16176988881517473,-6.503294141377721,19,5
139,13.718364995696561,449.3565169863525,21.198030969558292,0.05305167950558176,-8.386471232814754,19,6
138,15.178469680141712,539.5801727756844,23.22886507721986,-0.1336888270369443,-8.121568420227023,19,7
144,5.090782517321511,61.71593356785734,7.855948928541818,0.8995028283768386,-0.7953787605252324,20,1
143,8.288890960880302,164.07106335617564,12.809022732284287,0.7321905541171178,-2.403282123871825,20,2
142,9.7374875765871,240.31955170680982,15.502243441089739,0.6071315829514818,-4.092266637044893,20,3
141,11.498332045496777,359.880358220723,18.970512861299323,0.41181263794479583,-5.35631033746486,20,4
140,13.484542660787701,442.39646443939614,21.033222873335323,0.2785386695203912,-5.561305138042995,20,5
139,13.60690872172872,479.6700989645355,21.901372079496195,0.2187364319553009,-7.635648932441962,20,6
138,15.473012441526288,610.8905088127963,24.71619931973353,0.008398882679514386,-9.015754963392796,20,7
144,5.150421396673967,43.100011457990874,6.5650598975173775,0.6990133261421272,0.9181638741348352,21,1
143,7.112310715801232,86.92828505080142,9.32353393573496,0.38472695053636274,-0.8620437869242021,21,2
142,8.021562510865255,116.03261199983487,10.77184348195957,0.1743820077450795,-0.7491049107006738,21,3
141,8.195424790606431,118.6040593750138,10.890549085101899,0.15192846086590595,0.49635310344239497,21,4
140,9.41373045290155,152.342884973627,12.342725994431984,-0.08750653004667974,-0.5133062511150326,21,5
139,9.481733320803523,146.23898384559146,12.092931151941263,-0.04166265923501977,-0.14795646687848962,21,6
138,10.00139594040271,161.94120030689035,12.725611981625494,-0.14771019510508387,-1.2675771839052872,21,7
143,8.351324215791859,273.50303452554334,16.537927153230036,-1.9745393466556673,-3.6877107184145834,22,1
142,14.239203046744977,1009.8005372582212,31.777358877953045,-10.0734561718608,-6.509671848424723,22,2
141,10.593082857919288,284.2324194669447,16.859193915099993,-2.1340382448300628,-2.299208593733133,22,3
140,15.338260102458298,1085.6987922698258,32.94994373697512,-10.972877474702985,-8.826405252542878,22,4
139,8.442923319954827,107.56067005574063,10.371146033864369,-0.18832897422471717,1.8073969001968881,22,5
138,11.301827149897598,335.55656554490133,18.318203119981536,-2.6850368199500996,-3.6959829723759405,22,6
137,9.148472957802515,127.99943411845571,11.313683490289787,-0.3957456811277027,0.4938820343818108,22,7
144,4.160137987385194,29.221808327890713,5.405719963879993,0.6670202097939624,-0.596124448089136,23,1
143,6.02677444957353,62.12496472830613,7.881939147716515,0.264154853096384,-1.5850961827314818,23,2
142,7.0356279881277555,80.53976165471057,8.974394779299079,0.014587195670443753,-2.3439768033338266,23,3
141,8.0540474503704,106.86388637500993,10.33749903869451,-0.3437646880352607,-3.6566668677520244,23,4
140,9.585832028623138,148.21976272463564,12.174553902490047,-0.8708516607336383,-1.7406367930982793,23,5
139,8.501803017348694,116.25837270158291,10.782317594171621,-0.47572185639931,-3.19694087852677,23,6
138,8.298771322097467,113.92315345716516,10.673478976283466,-0.44567227638540374,-2.2840686156481937,23,7
144,4.162453929117571,28.25565751372217,5.315605093846059,0.7104506759453331,0.14487253631361657,24,1
143,6.210145625617955,60.66050822071192,7.788485617930608,0.3659570775013278,0.3099690233910834,24,2
142,7.214968093579084,85.05884776957636,9.222735373498274,0.10124655060713683,0.200102444580743,24,3
141,7.6639579543513605,95.446849892615,9.76969036830825,-0.016324917737134514,-0.44806303142021736,24,4
140,8.626903558442635,119.28231916229605,10.921644526457362,-0.26976100083748933,0.9166186062086906,24,5
139,8.301252558425391,114.41401197187957,10.69644856818746,-0.21956378568376533,0.20270796991187892,24,6
138,8.81211765040306,126.61369890247032,11.252275276692725,-0.3422233842811999,-0.07770475847781569,24,7
144,4.8354738744803605,40.97703216606403,6.4013304996745815,0.6464080977249944,-0.8207277401557399,25,1
143,7.018237274752318,86.86965347665566,9.320389126890339,0.23519511965971118,-0.7840163558070268,25,2
142,7.578358296331175,104.02662213809721,10.199344201373792,0.0695478403216867,-1.328609983056364,25,3
141,8.012995938037305,115.37568057655486,10.741307209858345,-0.0422156767753743,-2.2877315724572393,25,4
140,8.874031565165414,139.90144487984753,11.82799411903166,-0.26315362406855436,-1.22492602210758,25,5
139,8.723814142559716,136.15417402856954,11.668512074320768,-0.2302182576238112,-1.831505384671388,25,6
138,8.983796505689405,140.43689512542625,11.850607373692972,-0.26249320411690924,-2.603682365079505,25,7
144,5.83498685548289,58.12092287593602,7.6237079479696765,0.6252300888383936,-0.5787462174064584,26,1
143,8.30898820577593,117.80846515434881,10.853960804901996,0.23148640568304102,-2.3067137762070535,26,2
142,10.889637164666619,191.14693330230995,13.82558979943749,-0.2521887743016076,-4.780623174049485,26,3
141,9.775506250930171,168.70885202546503,12.988797173928964,-0.10829388866697043,-5.238578148661776,26,4
140,10.256087737211159,169.7284772087784,13.027988225692345,-0.1147278244255896,-0.1056638125862394,26,5
139,9.944633604462842,149.77897554955092,12.238422102115571,0.01738058696356526,-0.05718749898264734,26,6
138,10.763715814853061,177.96379337517564,13.34030709448533,-0.16063793451582264,-3.5717875759886657,26,7
144,4.919434960491748,43.70438788844902,6.610929426975379,0.7121586760631127,0.32511054747737944,28,1
143,7.419553085640594,82.87065966446242,9.103332338460595,0.4512740461649891,0.8170910351551496,28,2
142,9.182849842005632,128.58055838946981,11.33933677026438,0.14758890127835278,-0.5647791413669015,28,3
141,8.312876677259485,119.13377479270237,10.914841949964387,0.21091241515653025,-2.198043588522478,28,4
140,9.635305625040615,138.2715025756368,11.758890363279896,0.08766126718150635,0.9813627029636076,28,5
139,9.332477939804251,132.63130624038206,11.516566599485373,0.1276704408495678,0.6606697811604404,28,6
138,9.842204538214466,147.55355735232362,12.147162522676792,0.03557892971723653,-0.14857975344942964,28,7
79,5.795224031928597,54.902628590369034,7.409630799869116,0.47932652672714104,-1.0469801437722732,29,1
74,8.77967192381117,118.86668871853348,10.90260008981956,-0.11031458511112646,-0.9758764170361934,29,2
69,10.011495666659396,155.3948162262305,12.465745714807056,-0.38040730820373825,-1.0478062134074129,29,3
64,10.000363593368093,162.0566271196704,12.73014639034722,-0.37790589188308576,-1.8984859439369757,29,4
59,9.694813693573666,175.66824796654188,13.253989888578529,-0.486684475746215,-2.7032066044097736,29,5
55,15.427549190412869,563.0249487622995,23.728146762069294,-4.063320738350024,-1.9337901641022075,29,6
51,16.75845360419914,1226.0546017024324,35.01506249748003,-11.584923974743429,-10.213806013120156,29,7
144,4.491493576723668,32.823678118720174,5.7291952418049235,0.5690347926428916,0.03929224361975988,30,1
143,6.295844779773192,60.85397753179704,7.800895944171864,0.18407898007454715,0.47231385288955446,30,2
142,7.236439004750319,81.205765418616,9.011424161508323,-0.1001500726904252,0.5790427091046119,30,3
141,7.486802565924664,82.96366418293967,9.108439173806875,-0.13175837317519035,-0.7658261920966155,30,4
140,8.31338291913271,103.96557461879257,10.196351044309557,-0.42227229096794194,1.0682696286056723,30,5
139,8.42934927542647,104.12827264387552,10.204326172946233,-0.4279615964432444,0.09993692423156697,30,6
138,8.414810213111881,109.13436722590752,10.446739550017869,-0.4902820193227888,-0.007325394376032595,30,7
144,3.735096156027996,23.33239094804141,4.8303613682665,0.7543186112372302,0.035463720094412565,31,1
143,5.214778157849829,42.61557552810771,6.528060625339482,0.5498790026139104,0.16042964363640005,31,2
142,6.178973813921633,60.0166688806338,7.7470425893132795,0.3635491617130817,0.39234985526598676,31,3
141,6.3982915420164455,61.05326278626612,7.813658732390743,0.3497097895969782,-0.1982569418160628,31,4
140,7.0922365416373525,76.95283319498778,8.772276397548573,0.1820793008832311,1.041790792878185,31,5
139,6.847143281760404,72.96571976707928,8.541997410856508,0.22518264786359266,0.8695247545838356,31,6
138,7.352084639603677,83.56977360674914,9.141650485921518,0.11710520429102744,-0.25693793497655704,31,7
144,5.459082760848105,51.0437801405792,7.1444929939485,0.6735034047516837,1.7005007632283702,32,1
143,7.467134957755362,86.65435050803796,9.30883185518129,0.4412924701248605,0.22430060480858063,32,2
142,9.161025504516044,129.38462330416212,11.374736186134697,0.16569174814548515,0.9342660925967593,32,3
141,8.915233338027136,122.54420981401643,11.06996882624411,0.21161072325524988,-0.10867587397707269,32,4
140,10.430221162204232,148.39763849952863,12.181856939708684,0.04961742386554813,2.1474921923662933,32,5
139,10.021623782974354,139.47493686873057,11.809950756405827,0.11052651371047617,0.8838334960474384,32,6
138,10.072077965444844,148.87812253185456,12.20156229881463,0.056969086689731885,-1.959201867867639,32,7
144,6.19536991974908,66.21630071907079,8.137339904358843,0.6204047770715211,1.9450394238422934,33,1
143,9.138659978448251,131.90991957241,11.485204376606017,0.24163151678667827,2.567499002591557,33,2
142,9.197695618075594,134.6806406628096,11.60519886356152,0.2268489422434954,0.05120909851516636,33,3
141,10.58669608638536,167.92146341530722,12.958451428133966,0.038677346262596224,3.962450875008994,33,4
140,10.985140481804098,174.4816839656803,13.209151523306874,0.005787986711565329,3.889361051789352,33,5
139,10.881618787434032,165.86705929012635,12.87893859330521,0.058058275744049426,3.623029405103742,33,6
138,10.972854858048368,177.30190350184543,13.315476089943065,-0.00010660085530078689,1.2058124720672334,33,7
144,5.261035479294757,43.51478923712875,6.596574053031524,0.6455948400560652,0.33038948848843575,34,1
143,7.474087723120526,86.96165825108855,9.325323493106744,0.2843509799242716,0.3616151313160683,34,2
142,8.43950272834217,113.43822573758138,10.650738271950042,0.06462521281914035,0.5454412520351545,34,3
141,8.488953713882477,119.53286138318477,10.933108495902927,0.016302029807284235,0.7833785837952126,34,4
140,9.180945408823234,131.64864554370507,11.473824364339253,-0.07908775213652053,0.8920794343841928,34,5
139,9.085615803333495,131.47109983127308,11.46608476469946,-0.0745901903879802,1.6427165164793138,34,6
138,9.361416367355032,138.14099457139253,11.753339719900575,-0.12220163438118736,-0.32634845834927284,34,7
144,4.840325423309372,36.50065408193565,6.041577118760933,0.7524400060279268,-0.2096799777613746,35,1
143,7.429596100549598,80.97143016310157,8.998412646856199,0.4496110747243467,-0.28198024661807747,35,2
142,8.659190972138878,114.01925552458856,10.677979936513674,0.22656964328175677,0.47460421012111115,35,3
141,8.909400079161562,120.66940522893474,10.984962686733839,0.18636686987924567,0.9461610862549316,35,4
140,9.58988964376705,136.78594262065232,11.695552258044607,0.08412458165536219,1.1981637019131866,35,5
139,9.407251250829628,137.041806498367,11.706485659597718,0.08830338044323616,-0.1558930633737029,35,6
138,10.08766244330268,160.66396336030633,12.675328925132725,-0.061445595787027685,-1.6054169539956078,35,7
129,5.504420923112437,52.88510000525465,7.272214243629972,0.6957001004344532,-0.3807291778367619,36,1
127,7.700765008062828,97.59658706557359,9.879098494578015,0.4378623872013052,-0.4795313750899683,36,2
125,9.077995829939843,137.3915010725454,11.72141207673143,0.20915662991141537,-0.4219626055955887,36,3
123,9.646857665806282,144.65298568871057,12.027176962559027,0.16718169572657726,-0.050662907521899156,36,4
121,10.003043665435197,155.44104562587603,12.4675998342053,0.10501717276116396,0.2324359740230663,36,5
119,10.026166858104597,156.34724865464165,12.503889341106696,0.10266298428131215,0.14314245858362742,36,6
117,9.673143331439068,174.00014185030133,13.19091133509362,0.0019126658015694575,-3.6997127111396217,36,7
144,5.50482814013958,49.39743914246973,7.028331177631695,0.7199793886545793,1.1433781924554043,37,1
143,8.194922672753984,99.4878272700426,9.974358489148193,0.4354123218545938,1.5840852612277845,37,2
142,9.629852778160236,144.3762483707889,12.015666788438704,0.1837679765737006,1.113457283293697,37,3
141,10.437352904613983,159.28960546027741,12.620998592040069,0.10324908055992232,2.243955937049068,37,4
140,11.63588882567627,192.4365562993974,13.872150384832102,-0.0774208137637653,4.396453945977347,37,5
139,11.263013744686576,177.52139690688585,13.323715581882025,0.010553178058375412,3.6478555711160463,37,6
138,11.463291681331137,192.3431180707783,13.868782140865084,-0.06461379205821371,3.1444731166829234,37,7
144,4.845855137281534,37.88010768503492,6.154681769599052,0.769418099611507,-0.04609845092313157,38,1
143,6.563097876398922,66.61368521333468,8.161720726252197,0.5910626197163196,-0.732811387367807,38,2
142,7.213900471342281,88.32760882210214,9.398276907077284,0.4565631006525527,0.28070828371064765,38,3
141,7.802112821463152,97.20179117154738,9.85909687403199,0.4032887603612628,-1.6230446094950886,38,4
140,8.121557491379125,102.05305698225597,10.102131308899917,0.3754120246694276,-0.04704331521477018,38,5
139,8.20803296791135,107.20953987127118,10.35420397091303,0.34292822556693925,-0.8465331822848149,38,6
138,9.130757072103629,130.27877039753443,11.413972594917794,0.205625754358999,-3.03258101420774,38,7
144,4.84134738599985,36.93254804366043,6.077215484385956,0.6281094492813187,-0.5109116568799235,39,1
143,6.282024605785842,63.813923417683846,7.98836174804846,0.35176017362021983,-0.8272141126225462,39,2
142,7.142961501891555,82.89713701299209,9.104786489149106,0.15845875572794554,-0.7940631578873161,39,3
141,7.600192755460739,90.0303640108671,9.488433169436728,0.08896119000409464,0.19103070723672286,39,4
140,7.863708133383521,98.9892408622536,9.94933368936099,0.0033015929216515527,-0.46028528530150653,39,5
139,7.808468542055046,98.14917381856003,9.907026487224107,0.014460262032136906,0.005188311416682579,39,6
138,8.54578735900746,110.91943259193123,10.531829498806522,-0.10638373917022292,-0.3148550508354885,39,7
144,4.018196064391102,28.26289673801083,5.316285990991346,0.5330715752743456,0.11752656911186124,40,1
143,5.282151789332811,46.95350632075241,6.8522628613292715,0.21397096011519934,0.2659179746349166,40,2
142,7.779397409278112,88.49547859825489,9.407203548252525,-0.4812818861039785,3.1078573466134323,40,3
141,8.427253449269642,109.61069465870918,10.469512627563386,-0.8275539471616749,3.246923662510747,40,4
140,7.396337725887341,82.26016890802686,9.069739186328725,-0.36334036551620796,1.811435929180256,40,5
139,6.981832957953858,74.18022724496812,8.61279439235421,-0.22542018029899613,0.47516928945513937,40,6
138,9.069654710050942,120.72578364310046,10.987528550274646,-0.9900151570284867,-0.32111236766196677,40,7
144,4.0182365594017835,27.851547392007134,5.277456526775672,0.574940713256034,-0.09587342343810532,41,1
143,5.426528589448312,51.831497694116756,7.199409537879947,0.19864318084063226,-0.5029433781763056,41,2
142,6.137002495340478,66.11081034984085,8.130855450064331,-0.02169764035392685,-0.19425796502282922,41,3
141,6.688391218477107,75.58303370618462,8.693850338381989,-0.16352704004443885,0.5697076046931828,41,4
140,7.398367817912783,84.0908186828805,9.170104616790393,-0.28666623757844145,0.16884583979845047,41,5
139,6.8179765126044805,79.99624069973424,8.944061756256731,-0.22079601683002492,-0.7894156745655073,41,6
138,7.88856714585985,86.4737510849974,9.299126361384568,-0.3160198609864937,-0.1560592134145723,41,7
144,5.304777494450617,45.70738479998036,6.760723689072077,0.5783050475754172,0.4509066679359724,43,1
143,7.576011897618328,88.4380134994544,9.404148738692642,0.17309995538930234,0.9205527254282595,43,2
142,8.43548305585823,113.19045595724378,10.639100335895126,-0.06758139993566181,1.2854319791584996,43,3
141,8.5137218955825,113.59863547167168,10.658266063092611,-0.07002546272419075,1.4565943924723366,43,4
140,8.741133355854878,119.81601353136914,10.946050133786576,-0.12333516840044623,1.1837009426472442,43,5
139,8.684184416820356,114.34306393783808,10.693131624451187,-0.07102620959853478,1.6659751097209377,43,6
138,9.215396351572396,126.9552555115078,11.26744227904043,-0.1870778924971579,1.8039591048668693,43,7
144,5.600852441223752,54.36398272972043,7.373193523143173,0.6270518747538938,-0.32454809026482206,44,1
143,7.741165021812166,97.571683984506,9.877838021779159,0.32663299980699656,-0.47642769581162847,44,2
142,8.631770131663538,127.32266134529827,11.283734370557394,0.12093505951284411,-0.7335490819958734,44,3
141,9.11939140656263,132.95758107138383,11.530723354212599,0.08561163135435779,-0.06618748828504525,44,4
140,9.248871025482991,135.08718080741556,11.622701097740386,0.07610628909801909,0.18259493143164685,44,5
139,9.338868292597986,136.47908110038358,11.682426164987458,0.07054259809099839,0.7495170387325527,44,6
138,10.153011098720025,164.05564822383226,12.808420988702403,-0.11022295235698465,-0.5639267591894537,44,7
144,5.188195650879708,40.85037795290699,6.391430039741262,0.4041517903515528,0.7904889286599226,45,1
143,7.193632673446115,81.04142624681553,9.002301163969996,-0.2023765060584799,0.8911207225564477,45,2
142,6.816859232255219,68.80286793368607,8.294749419583818,-0.02597079145846304,1.2300715995493385,45,3
141,6.4010670830839125,69.180212437035,8.317464303321957,-0.03529607156201209,-0.3120460779709966,45,4
140,9.15726109450417,124.77782903581205,11.170399681113118,-0.8699668431322325,3.0321533897625548,45,5
139,6.87825683916068,73.81389243016943,8.591501174426355,-0.11087553381563975,0.5759158014293037,45,6
138,6.927121817255798,76.47322230752214,8.744896929496775,-0.14575383004939835,-0.5077028302070887,45,7
144,2.517989205998472,11.267889359111985,3.356767695136496,0.4750806110364837,-0.19762973691750732,48,1
143,3.8785626748120867,22.393662958204928,4.732194306894522,-0.07012766193459252,-0.4452871961089281,48,2
142,4.797101525799699,32.921295428062365,5.737708203460888,-0.5972389353342589,0.8874192859347857,48,3
141,4.020024527300229,24.20355054519702,4.919710412737422,-0.16989043029301332,0.37264023516459244,48,4
140,5.076264366720404,39.633304252897794,6.295498729481072,-0.9064573262498694,-1.0597840130329133,48,5
139,4.606690247817863,32.032020292573016,5.659683762594251,-0.5312627728629471,-0.37794369952284174,48,6
138,4.94152071526733,36.79064006912663,6.065528836723689,-0.7478271098054992,0.05229028622093408,48,7
144,3.383712916272796,19.533376475297725,4.419657959084359,0.2984028621702308,-0.2298984507409235,50,1
143,4.22003054129077,28.710916718729038,5.358256873156516,-0.053843439253197456,-0.37702929931920726,50,2
142,4.630660942742522,34.74279525554649,5.894301931148971,-0.2792346826456207,-0.9060887694358826,50,3
141,4.68235248633733,32.223932385610134,5.6766127563548086,-0.18029815642673386,0.5943359374365909,50,4
140,5.086058104091457,38.80404514781725,6.229289297168438,-0.4151403661417006,-0.1909983216119664,50,5
139,4.796724675692243,34.238625832483,5.851378113955977,-0.23984824494379864,0.4448203649237859,50,6
138,4.932819602714068,36.44306210267806,6.0368089337561495,-0.3106135512192083,0.5412256294402523,50,7
144,3.124825017615674,16.744733092710234,4.092032880208838,0.21399510657822662,-0.06819747006941018,51,1
143,3.898368153955553,25.898276545717682,5.089034932648595,-0.22845013395462987,-0.0836683470052439,51,2
142,3.9341388319579647,26.329766531843504,5.1312538946970365,-0.25504232342431665,-0.5211080372543402,51,3
141,3.7922358140877797,22.768140491452375,4.771597268363328,-0.07794224687419371,-0.1129986305608817,51,4
140,4.260039288151477,29.698888426299124,5.449668652890662,-0.3967985504567273,-0.9710139989054629,51,5
139,4.041952214130073,27.20515209650102,5.215855835479066,-0.2774621097845884,-1.446051875370548,51,6
138,4.400819500287374,33.21633027545601,5.763361022481241,-0.5491639470434977,-1.2595591270837232,51,7
144,2.508152205716922,9.910512561879345,3.1480966570102873,0.4310120221485986,0.16985002019080436,52,1
143,3.1842191147429126,16.411923818701823,4.051163267347025,0.042384051938146206,0.6126676205207001,52,2
142,3.5788465594400614,19.079967702808897,4.36806223659976,-0.11956180191273424,0.3955218921428625,52,3
141,3.708216007779095,19.973748150983763,4.469199945290406,-0.16379375487428494,1.3122621134174526,52,4
140,4.072788690566085,24.787017101377373,4.9786561541622225,-0.4554697345287917,0.7347500996497859,52,5
139,4.336890572923229,29.585614029595614,5.439265945841922,-0.7422245917768255,1.2641548606694388,52,6
138,4.222242940541195,26.79572986843746,5.176459201851924,-0.5824734012180801,1.843107532709837,52,7
72,3.1672580068310103,16.250276521546326,4.031163172279972,-0.0519165906890946,-0.6203845772478316,53,1
67,4.121823595530951,26.30918276480341,5.129247777676899,-0.7124596143405555,-1.5474727990022346,53,2
62,4.007084385041268,24.758951919657864,4.975836805971219,-0.8138209427200105,-1.3667556739622546,53,3
58,3.376007502962803,17.133583502446935,4.139273306082474,-0.2140916139489042,-0.14435657601932,53,4
54,4.893352489504549,36.15732300817159,6.013095958669842,-1.4242016768424546,-2.9728256560586117,53,5
51,4.058795512891283,23.886374992420983,4.887368923298197,-0.5480969980312111,-1.6740834268869138,53,6
48,4.995639656980832,36.155277576322156,6.012925874840148,-1.231703627082951,-1.8133175373077393,53,7
144,4.539562952342546,53.075560235708664,7.285297539271039,-0.6922160731495892,-2.4759582391319177,54,1
143,6.751387718048963,120.0155492479297,10.95516084993414,-2.9158066850073423,-4.801954243775015,54,2
142,7.897700882083933,222.41527733731422,14.913593709676894,-6.429124068673984,-5.412397123374779,54,3
141,8.910805124763057,315.4227734050903,17.760145647068615,-9.635945466976784,-5.808991183625891,54,4
140,7.346083334726947,134.07975074794652,11.579281098062458,-3.589211342059305,-4.747486917780979,54,5
139,6.948711504610323,116.74236089662331,10.804737891157902,-2.99216821395423,-4.557838315157581,54,6
138,7.607397379758566,143.66057814227193,11.985849078904337,-3.906854228133656,-4.887827808550303,54,7
144,2.3123150856958494,9.180371167638592,3.029912732677064,0.4424239034318006,-0.05751384091046122,55,1
143,3.4096096820764608,17.97036911990927,4.239147216116618,-0.11671942341124852,0.28692061834402016,55,2
142,4.163874906828811,26.785362747817917,5.175457733168915,-0.6943387025307406,-0.1063723744247371,55,3
141,4.266746931848057,26.617322703737482,5.159197874063127,-0.6814899667688996,0.7139121302079858,55,4
140,4.22498265845435,31.62784149968102,5.623863574063743,-1.0004082541343573,-1.006023794412613,55,5
139,3.8000548469076914,24.80165791264858,4.9801262948492155,-0.5575544698980028,-0.7801430550732201,55,6
138,4.294475953971994,28.935648479660273,5.379186600189686,-0.8052732793096673,0.15352841671826184,55,7
144,5.0767554095881575,39.5753958720594,6.290897858975251,0.49078764743877756,0.8816945767612197,56,1
143,8.008653474971652,92.92607956799691,9.639817403249758,-0.21831281629817467,2.2079547365306764,56,2
142,9.79197315053201,137.98098225202907,11.746530647473282,-0.8217125515288055,2.1833719099071662,56,3
141,8.893132162775766,119.33936007471341,10.92425558446494,-0.5841298251061886,-1.3235042333233018,56,4
140,9.820250446269554,144.65094812950113,12.027092255799035,-0.9240101123496784,-0.5545516765277301,56,5
139,8.03809069099722,92.48990840345284,9.617167379402984,-0.23507478456099373,0.16520821225407312,56,6
138,8.289511998980373,99.70892840734419,9.98543581459238,-0.3250029472567326,-0.9694943246094213,56,7
144,4.067636921122256,26.626343083604397,5.1600720037228545,0.673762075526529,-0.2292992489722868,57,1
143,6.008692914216252,53.45388716345382,7.311216531019569,0.33238958364765936,-0.6346049117562654,57,2
142,8.042511693083904,99.12673368690318,9.956240941585493,-0.2456018051466291,3.580028337387132,57,3
141,6.686812037853062,71.21171697707194,8.438703512807637,0.1008341037248256,-0.30156911618954746,57,4
140,7.71249730354175,93.18384388056576,9.653177916135482,-0.17555566201852635,1.3613782623117523,57,5
139,7.607095425077479,92.46404457205824,9.615822615463445,-0.16764830805921682,1.2765884322764205,57,6
138,8.006070971353978,98.15660208999144,9.907401379271532,-0.23115042219927928,0.8273316490855338,57,7
144,4.230262684842779,26.44328721457786,5.142303687509894,0.6143115659888609,-0.599662189061443,58,1
143,6.500910276351692,65.29933020149251,8.080800096617445,0.026569193728271268,-1.1533249715095633,58,2
142,8.03068575514874,102.06271115756243,10.102609126238749,-0.5317355669967825,0.7184043367144087,58,3
141,7.522453461212258,91.37793670166272,9.559180754733259,-0.375298050925319,-1.5542693426898608,58,4
140,8.3670469305345,109.9260239812395,10.484561220253307,-0.6501105621508863,0.12515516504645346,58,5
139,8.184785248242694,97.43125588052823,9.870727221462875,-0.4674529959734772,-0.2596612947879078,58,6
138,8.176845892399982,96.72581256320817,9.834928193088558,-0.4466091514492079,-1.8309246254140052,58,7
144,5.636587324397017,54.539880761225675,7.385112102143452,0.6755076770948822,-1.7312494373052485,59,1
143,9.483559212067744,140.31985631858595,11.845668251246359,0.16227825808903817,-4.252106175972865,59,2
142,11.017684481565801,173.56045261774216,13.174234422452871,-0.03295078190168166,-3.1686627911534946,59,3
141,11.175200362577506,199.07340214551732,14.10933740986859,-0.17989278203739523,-4.144121752774462,59,4
140,11.610811894174134,204.71514259592445,14.307869953138534,-0.2050978661820535,-3.6395828022488526,59,5
139,11.478629323003961,206.1833787499297,14.359086974802043,-0.20868224532446367,-4.3339341643045275,59,6
138,10.465187363758467,178.83437181806144,13.372896911965688,-0.048512651275884444,-3.4501578364035357,59,7
144,4.801626728614792,40.0568074932163,6.3290447536114245,0.709085484786567,-0.5949303438214378,60,1
143,7.7212392061531965,94.64824698383832,9.728733061598428,0.30693648471831303,-1.7194646424972093,60,2
142,9.113255094369533,126.22537237029782,11.235006558533815,0.0761835171878189,-0.5359421079637299,60,3
141,9.234709795115265,130.66735802475114,11.430982373564888,0.04472792202116194,-0.49467750411507083,60,4
140,9.926748533174395,152.15150507532266,12.334970817773453,-0.10954438014782997,0.241947358793446,60,5
139,9.504691327968947,142.82459611309127,11.950924487799732,-0.039801156914307745,-2.924651583214458,60,6
138,9.62188367858745,143.73154672360127,11.988809228760013,-0.039114446116416124,-2.948987388200518,60,7
144,5.255656294990331,45.83007795355508,6.769791573863635,0.699290945875137,-0.3166787643502984,61,1
143,8.574921470005195,109.39514886350011,10.459213587239727,0.2765193169181259,-1.034846993801477,61,2
142,9.532295319028723,137.8001640262591,11.738831459146992,0.08932362211361211,0.1425238808380886,61,3
141,9.376957122791321,136.4008918005588,11.679079235991114,0.09956775637253845,-0.6996699440035414,61,4
140,9.972455132912312,157.48600947380277,12.549342989726703,-0.0373730596192543,0.09843473269471101,61,5
139,10.06831252880448,157.95159646537235,12.567879553264836,-0.03873984137365816,-0.24684380739927292,61,6
138,10.322884306743525,162.28594055266552,12.739149914835979,-0.05999712277061886,-0.45763597497041675,61,7
129,5.436327662347823,57.019140099599184,7.55110191293954,0.4671526106410543,-1.341182764128659,62,1
127,6.96029128333715,77.41565451141615,8.798616624868716,0.2653557765420397,-1.224173881993519,62,2
125,7.595421952962876,97.82518047640666,9.890661275991947,0.0753173716054033,0.969081877708435,62,3
123,9.853261721873187,210.20685346469318,14.498512112099407,-0.9791228795821858,-2.8120228120587707,62,4
122,8.196951868226293,112.48346238132761,10.60582209832541,-0.052672132439254726,1.5544821999234255,62,5
121,8.074454667985686,107.79388720270545,10.382383502968162,-0.003924402825822515,1.5889075199249856,62,6
120,8.125557638208072,107.73029204837788,10.379320403975294,-0.0015781360202189454,1.6147928219288588,62,7
144,3.1657720236366407,17.35471353033253,4.165898886234822,0.2523403796783036,0.35912857931624687,63,1
143,4.00597995889562,26.018943746133818,5.100876762492289,-0.1292082582438534,0.7475860448671388,63,2
142,4.337651778274859,29.03576255674126,5.3884842541053475,-0.2674057694892946,0.29721767025094636,63,3
141,4.817135795369639,32.69542892549303,5.717991686378447,-0.4171262070747346,1.6916096927532067,63,4
140,4.897067450944866,34.44743520044236,5.869193743645064,-0.48249900531560197,0.7627730339765548,63,5
139,4.898213676625876,36.16301220361916,6.0135690071387025,-0.5487298466409598,1.2703845929756439,63,6
138,13.329205956202054,4044.113000295493,63.59334084867293,-170.95489681631233,-5.867484839120205,63,7
144,3.411389518658527,21.624998498307377,4.650268647971575,0.39918630412502243,-0.42736235822343993,64,1
143,4.821127933430505,37.251385428163836,6.1033913055090805,-0.051932793529817944,-1.1081311880916982,64,2
142,5.258265735817627,46.38971033646009,6.81099921718246,-0.31483117752038803,-1.8376004207931773,64,3
141,5.291734273816254,48.09854245335746,6.93531127299687,-0.3620251832225512,-1.753009557142748,64,4
140,6.174325692919748,68.89834153931437,8.300502487157893,-0.9453838396820247,-2.8833690539534604,64,5
139,6.199514412461854,66.82811270402044,8.174846341309447,-0.8788397687212135,-2.917464494115586,64,6
138,6.393107904580193,99.74821994582766,9.987403063150483,-1.7868195577653,-4.144738643821599,64,7
129,6.638180909461753,90.94442154987952,9.536478466912172,-3.2363808498994526,-4.480808999649314,65,1
127,15.63844153543157,659.839524710471,25.687341721370682,-30.10199571714498,-12.95960735429929,65,2
125,52.90204142680764,9592.404850414063,97.94082320674083,-451.08171155075183,-51.39611891499162,65,3
123,81.32060292896216,23648.515140479827,153.78073722179846,-1110.7490550888215,-78.9627260243505,65,4
121,62.22923185540871,13609.180072706164,116.65839049423819,-646.0105766422099,-59.8709553384707,65,5
119,57.969995738296696,11974.81173872304,109.42948295008544,-563.3422402392397,-55.21582751862016,65,6
117,80.6430172438805,24085.16038719695,155.1939444282442,-1121.2540543937123,-76.99275552334949,65,7
144,2.7338858836640916,14.225884836980166,3.771721733768302,0.3544381966111193,0.001637658104300499,67,1
143,3.6581714828531227,23.197549022508504,4.816383396544393,-0.07050657873178956,0.36128988799515305,67,2
142,4.756011647500203,36.94401256312697,6.0781586490586905,-0.7281909502223805,-0.395235986724286,67,3
141,4.829878090808155,37.213706996798926,6.100303844629292,-0.7316309658943387,-0.09601723127965386,67,4
140,4.771683241001197,38.08312576999634,6.171152709988332,-0.7620573798214125,-1.1275886192917823,67,5
139,4.80886631635882,38.19184852645728,6.179955382238393,-0.7546042441121865,-0.8539471134221811,67,6
138,4.7742839221289195,38.656377010522284,6.217425271808443,-0.7733455053895391,-0.40416473161051236,67,7
144,2.902714792639017,16.10259493804701,4.012803874854465,0.1483451196512282,-0.22016117183698547,68,1
143,3.6406055130325,22.62853351845547,4.7569458183224524,-0.21447967890433617,0.4050605222061797,68,2
142,4.378551485043176,30.565461619376748,5.5286039485006295,-0.6678693013495274,0.7019245139729808,68,3
141,4.6814824604819005,34.03573506003529,5.834015346228984,-0.8507268495236153,1.2675881673258247,68,4
140,5.506520119096551,45.851663725615886,6.771385657722936,-1.4760997250173156,1.0159278522644724,68,5
139,4.887678967319804,36.43261935620109,6.035943949060584,-0.9534117391711747,0.9600583825179999,68,6
138,5.257873310559038,42.00843727953027,6.481391615967228,-1.2375108063419038,1.1207306110772535,68,7
144,2.313814850937989,10.343707780672345,3.216163518957384,0.1614029541664883,-0.1058860079695781,69,1
143,2.9362971190806038,14.368623759720512,3.7905967550928588,-0.19218793178854798,-0.2606511707906123,69,2
142,3.142468613638005,17.572374431648196,4.1919416064215635,-0.47866629457808463,-1.0484926868492448,69,3
141,3.3802990471640375,19.285448128772998,4.3915200248630315,-0.6165382333555502,-0.10783056185600605,69,4
140,4.097969274542161,27.70248591589764,5.263315107030705,-1.318776255456556,-0.5143908192004476,69,5
139,2.9978485930737833,17.623941385843956,4.198087824932198,-0.4648148926908038,-1.0639018515031116,69,6
138,3.1233656959257265,18.409316246880813,4.290607911110127,-0.5204346927683612,-0.37062090203381964,69,7
144,5.209497621489896,43.2005189249706,6.5727101659034535,0.6925890565398323,-0.8483752773867713,70,1
143,8.156322176327238,114.53175413106922,10.701950949760011,0.1766565668927399,-2.127426363475673,70,2
142,9.354069131046113,137.2474312586372,11.715264882137202,0.014867052150131843,-1.841493113674748,70,3
141,9.760089146012955,153.62734192804214,12.394649729945664,-0.09935415264992087,-2.6059768190409276,70,4
140,10.920312813350133,191.8617396052563,13.851416519809673,-0.3681516554037023,-1.7019530713558197,70,5
139,10.369187711918954,173.40249868581864,13.168238252925812,-0.23658686227722336,-3.1627878316229197,70,6
138,10.118173463135093,165.13378076808024,12.850438932895647,-0.16941351924466397,-3.006956043828657,70,7
144,6.467836578893992,63.70969746699651,7.9818354698024505,0.7073104779111643,-1.3502921589339774,71,1
143,10.705563740244695,156.91811442947667,12.526696069972987,0.27801724299696684,-1.4517927865361,71,2
142,12.627352654566648,210.09829700935063,14.494767918437006,0.037759752446213546,0.10314151093783513,71,3
141,13.004266570487344,223.62742345846243,14.954177458438242,-0.019228651385748696,-1.659169967134371,71,4
140,13.406534443050623,237.32059788588637,15.405213334643776,-0.07492940168046358,0.008039225531475885,71,5
139,13.451241154679291,243.3562399051024,15.599879483672378,-0.09633126081215204,-2.174267986909949,71,6
138,13.589710068875466,256.0867985734335,16.002712225539565,-0.14703863947335316,-3.9516691872175187,71,7
144,6.240562362389432,58.19810322655284,7.628768132965691,0.7234586101985572,-1.2077479321095679,72,1
143,10.516262038291751,153.53961343356892,12.391110258308935,0.2696422887988006,-1.1984460573721598,72,2
142,12.422362578219511,204.59644025663255,14.303721203121674,0.0313674835694816,0.06965111715482994,72,3
141,12.676942088079791,213.17154925979335,14.600395517238338,-0.00422921537664922,-1.2971906044804458,72,4
140,13.102650953882508,230.72886702565415,15.189761914712625,-0.08017121844600861,0.6145065897809607,72,5
139,13.226217528255724,234.36911533674458,15.309118698891343,-0.09135450179891125,-1.2563118851013322,72,6
138,13.192059210785057,239.90850795112192,15.488980210172713,-0.11064867570430215,-2.1112644772814666,72,7
144,5.380244987085462,48.119838483802006,6.936846436515804,0.7070449458202794,-0.7338428698066208,73,1
143,8.345759943752856,102.73958942343806,10.136053937476756,0.3773226265633244,-1.2989813849017338,73,2
142,9.540731022186892,127.62364898894249,11.29706373306544,0.2311848758915418,0.4865699504620173,73,3
141,10.186427623667615,148.08129147607164,12.168865661024928,0.1123743516527611,-3.3375487868667495,73,4
140,10.969682161909128,159.3073878365514,12.62170304818456,0.05144580424925582,2.313695642724633,73,5
139,11.096571557465003,167.77306000828034,12.952724038142723,0.00816002395442561,2.4066951269779704,73,6
138,11.719036596894696,183.3220248104866,13.539646406405398,-0.07892930926220365,2.7016827509994954,73,7
144,6.017957700338836,63.47533715643677,7.967141090531582,0.7593526637618857,-0.11850096215493977,74,1
143,10.109085891786572,157.8781126735854,12.564955737032479,0.39913857268380926,-1.7240139537236907,74,2
142,11.79545331032763,197.3695926606574,14.04882887149877,0.24946441678295006,-0.8361237572742181,74,3
141,12.433498126870774,233.5566099587611,15.282559012114467,0.11491751039007747,-4.160338288239131,74,4
140,13.672635367459485,258.29809072216807,16.07165488436608,0.025810879852948387,-2.8048943705324616,74,5
139,13.42517884086362,264.19533440820453,16.254086698679952,0.007894861745449289,-3.938430039359511,74,6
138,13.220911820783563,264.74614229468557,16.271021550433936,0.012338627464978935,-4.762200531806203,74,7
144,5.978245378788819,59.54837959916787,7.716759656693208,0.8029513725018321,-0.3959864243515767,75,1
143,10.582166492496128,171.454801884655,13.094075067932634,0.4304978690780734,-2.628202279625864,75,2
142,12.86342147838744,233.67285839107004,15.286361842867322,0.22430744522403434,-0.923840918604442,75,3
141,13.46210858574573,288.1711935519993,16.975605837554056,0.04666161952415082,-5.322698621779469,75,4
140,14.505652269381764,285.35269783728205,16.892385794708872,0.0604059384379364,-1.3724416631872633,75,5
139,14.571725759842842,313.45094163408777,17.704545790109606,-0.027670603220005585,-3.8194840991561363,75,6
138,13.94082856890948,286.5769698245867,16.928584401082883,0.06656626973466528,-3.8253056806498678,75,7
144,5.41151938194202,47.74684915760983,6.909909489827622,0.7384250235813206,0.04473191685974598,76,1
143,8.708588169796483,119.35744059337772,10.925083093202437,0.34305548239058603,-1.5398820865821172,76,2
142,9.971465784374256,153.25119781928038,12.37946678251048,0.15459278351646777,-0.08129922930203692,76,3
141,11.453669425866282,223.95162486269118,14.965013359923578,-0.23427569803308534,-3.0519871944231345,76,4
140,12.125703706911631,237.96851385174386,15.426228114861516,-0.3052112834970142,-3.531757517371859,76,5
139,11.445072307861109,204.5837374996924,14.303277159437707,-0.11897201369237242,-2.975875600636434,76,6
138,11.7239230790216,212.6079999005601,14.58108363258918,-0.15510189520089845,-3.964975374656311,76,7
144,4.649934615732895,36.98407487258245,6.081453352002501,0.8355100125235795,-0.1598353691192137,77,1
143,8.2956531683986,133.92109304300752,11.57242813946181,0.4004532906797088,-2.390618452815326,77,2
142,9.336508068557777,160.39798885161355,12.664832760507087,0.2811145274914224,-2.399271840098458,77,3
141,10.178475244512372,188.00736982445684,13.711577948013746,0.1603422713665782,-4.3253061301107945,77,4
140,10.910088729246386,216.93884963036862,14.728844137622227,0.03570835305789699,-3.0093581926343695,77,5
139,10.823077076845031,215.78264805559866,14.689542132265343,0.044144017276389946,-4.343835353636913,77,6
138,11.224944085530613,232.53292822728648,15.249030402857963,-0.02460449316197355,-3.454827005340569,77,7
129,26.190495245562968,878.2193155212386,29.634765319152415,-2.513440706306751,-25.086984611643377,78,1
127,72.45316516402669,6585.4704165451685,81.1509113722401,-25.332724500112814,-70.80833525040488,78,2
125,77.40675189167261,7406.199578071369,86.05927944197168,-28.46631191202217,-75.34327064388991,78,3
123,81.13940901121472,8027.059821611539,89.5938604013218,-30.89910402744508,-79.15046598102019,78,4
121,123.6727069174209,18593.723869202695,136.3588056166623,-72.26114444208991,-121.28453920683093,78,5
119,141.06616912550535,24153.353671900473,155.4134925670885,-93.55654902062476,-138.9935409640189,78,6
117,194.82121327939706,45838.405064669154,214.09905432922668,-177.03188626423832,-191.8628445258762,78,7
144,4.702995990299517,36.25915291868469,6.021557349945668,0.816168346969144,0.16323053050372335,79,1
143,7.662538417595458,99.25521904470396,9.96269135548743,0.4958074355733496,-0.9050542836995809,79,2
142,8.996518280304654,126.82148906189711,11.261504742346695,0.3537966852606511,-0.3681443971647343,79,3
141,9.665866984543225,150.70682603687916,12.276270852212376,0.23105485293341477,-2.058408222299941,79,4
140,10.46533392508115,171.9198456926492,13.111820838184498,0.12546449075433463,-0.8375317855605058,79,5
139,10.330458879712031,180.4067507253624,13.43155801556031,0.08684239882458433,-2.1124410768903847,79,6
138,10.20215283183084,174.82576877329154,13.222169594030003,0.12056700117929287,-2.1796796520551047,79,7
144,5.242724830077754,45.53498808125492,6.747961772361705,0.7345063900638211,-0.9980921546618143,80,1
143,8.355372138529807,116.40563546224587,10.78914433410944,0.31831190154584454,-2.032886848530986,80,2
142,9.739956481880705,147.2592213442669,12.135041052434348,0.13354053779395914,-2.1787511623451405,80,3
141,10.628710375398608,188.3693462301889,13.724771263310325,-0.10781901890175138,-2.9324867907145347,80,4
140,11.315051638175333,216.78702898108867,14.723689380759453,-0.26729328254832097,-2.1778980034270456,80,5
139,11.17576126550599,217.9958285099269,14.76468179507865,-0.26554733999977476,-3.9997798976280707,80,6
138,11.020397912494946,214.1735810197787,14.63467051285333,-0.2347501623362087,-3.0701460223375023,80,7
116,8.99747401093743,121.14130288408957,11.006420984320451,0.6640325179221971,0.15887692284866653,81,1
114,13.006785108920251,252.55906045136328,15.892106860053618,0.2909233601369665,-0.5910928459151795,81,2
112,15.19592513027601,330.67561972640715,18.184488437303017,0.07228735691318866,-1.0107297674154065,81,3
110,15.0557303796099,333.8178547464307,18.270682930488142,0.07493526584846844,-3.2182345724579964,81,4
108,15.663894642247921,365.12434190874166,19.108227073926603,0.00609833779044644,-1.7195959752425551,81,5
107,15.356527491742485,352.52865751256337,18.775746523442507,0.030103317087395,-3.2084044846488493,81,6
106,15.757569517869994,351.29441325753436,18.742849656803376,0.03598449135602633,-2.5234223501581066,81,7
144,4.974529329894318,40.877229179638476,6.3935302595388155,0.7727953627704807,-0.5526882238272164,82,1
143,8.126928872682832,107.50140882696579,10.368288616110462,0.40075959682303886,-2.2876231108720484,82,2
142,8.909293378427835,119.82063233172924,10.94626111198382,0.3357909390131101,-1.1130885025355177,82,3
141,9.606929433895342,144.94345630167217,12.03924650057769,0.2007230631308703,-1.9346666875037741,82,4
140,10.461681933541383,180.32689179317182,13.428584876790698,0.012656463545836494,-2.032192537241748,82,5
139,10.241725947145078,176.7520605178144,13.294813293830584,0.03880059906370159,-2.9069469894865434,82,6
138,10.100689520330533,173.66758662840547,13.178299838310156,0.06232944014691544,-2.899807024585164,82,7
144,5.065103817317221,41.28626380872951,6.425438802815688,0.7611152432384531,-0.7568702366616991,83,1
143,8.826635444497729,132.42847646808474,11.507757230150657,0.23127357736827503,-2.113497881935193,83,2
142,9.39872698737702,139.88367442270356,11.827242891845232,0.1923143838677156,-1.6609467037127053,83,3
141,9.74891043634068,158.77353677380495,12.600537162113564,0.08786095223579782,-2.703189510244427,83,4
140,10.510044022649527,181.858730874451,13.485500764689867,-0.03739005107997495,-2.769950472137758,83,5
139,10.416740989620736,182.3185117549339,13.50253723397695,-0.03309996816560368,-3.317178026913739,83,6
138,10.154804082668345,170.33409018431576,13.05121029576628,0.041716586111475884,-3.453486415139143,83,7
144,3.60085710324347,21.885361042211894,4.678179244344095,0.33493884228084136,-0.38500825522674453,85,1
143,4.709875236805919,33.76907750288725,5.811116717369154,-0.04016431796033926,-0.881796711964624,85,2
142,5.530563898804322,44.733030905844906,6.6882756302237505,-0.3783840463943431,-1.0605771557336123,85,3
141,5.416332830192772,42.323123402521915,6.505622445433021,-0.2957460648550787,0.7019043037971706,85,4
140,5.786615028498428,50.099928389584974,7.078130289107779,-0.524787550793355,-0.6408940004983119,85,5
139,5.542384567663824,44.74986307045894,6.689533845527575,-0.3523798777344844,-0.1198113462050184,85,6
138,5.907302991311619,51.191961784736165,7.154855818584758,-0.5363637250026865,-0.4303703581293424,85,7
144,3.212847562480925,16.778471086096374,4.096153205886759,0.3015602604261076,-0.09614727214082247,86,1
143,4.017929046668789,24.51258658124246,4.951018741758352,-0.032561613390375665,-0.18510663722986942,86,2
142,4.526392575222212,29.69427153328322,5.449245042506643,-0.2501059328307125,0.03815120025734666,86,3
141,4.608927938056753,29.344886865207226,5.4170921041835,-0.22669712810058096,1.315868337262184,86,4
140,5.08725447793092,36.54216572286473,6.045011639597126,-0.5206886263065023,-0.020466436339276178,86,5
139,4.699459147699874,31.547792385428398,5.616742150520032,-0.3058622502191344,0.4055099433167375,86,6
138,5.144180273988109,38.952776290183465,6.241215930424413,-0.6025616331379045,0.6185697696131208,86,7
144,2.575649316319161,12.440189395591212,3.527065266704206,0.4608572714379625,-0.27447509496576256,88,1
143,3.658089345151728,21.80075995562755,4.669128393568499,0.036817165027497434,-0.735650920367741,88,2
142,4.552843541536532,31.287482341685376,5.593521461627315,-0.39470262644730525,-1.0233969247676957,88,3
141,5.018771694537173,38.10311101398614,6.172771744847378,-0.6956797779822104,-1.1147361354942018,88,4
140,4.9358805043356755,43.61559741767338,6.604210582474894,-0.9326746500598266,-2.495384665897914,88,5
139,4.777446621613537,38.66581189352988,6.218183970704781,-0.702695863368654,-2.2601821010918925,88,6
138,4.8322190694186995,40.715586285223715,6.3808766078983,-0.7832522370884338,-1.9776837557986162,88,7
129,3.480865610662357,57.48645757016432,7.581982430088078,-2.609743657858161,-1.5401056282973105,89,1
127,6.55058654720389,309.6891335983767,17.59798663479367,-18.722916771931274,-3.3700261240399727,89,2
125,11.946657362937927,1931.2465514494957,43.94595034186308,-124.59795643098973,-9.3823496799469,89,3
123,11.704236319879206,1638.3021132086606,40.475944871104126,-107.48406300768636,-8.267363203734886,89,4
121,12.296646663965273,1594.3667096813567,39.929521781275525,-106.22012313254551,-8.362191191389542,89,5
119,12.77716047135221,1960.8373853831208,44.281343536337296,-136.54813533699289,-9.122574366566514,89,6
117,13.866424602830511,2310.277573226824,48.06534690634017,-167.07070191059807,-9.193830096314096,89,7
129,51.79079993843108,13469.545524848647,116.05837119677601,-937.8321700119799,-50.345127690670104,90,1
127,85.86046805813557,34208.05120842194,184.95418678262448,-2427.4108161110084,-83.74401097879635,90,2
125,152.09067498898506,99908.87118592316,316.0836458691325,-7243.3419999921625,-149.73622558951377,90,3
123,148.21951058167753,90435.68446289835,300.7252640914932,-6629.15379910084,-145.73867781738926,90,4
121,169.53438449718735,119836.82221240623,346.1745545420781,-8919.92081855335,-167.1766759405944,90,5
119,145.75118705692913,89832.37220838584,299.72049013770453,-6683.730823341151,-143.23979146427968,90,6
118,139.74827103089478,76131.278977559,275.9189717608396,-5665.589534791224,-136.57518407045785,90,7
144,2.7985561184792056,16.59314932834294,4.073468955122027,-0.016018893647258725,-1.3566466392949224,91,1
143,3.5743428468704224,23.72515897060508,4.870847869786643,-0.4859634986763641,-1.3131265165088895,91,2
142,3.8503947536080654,27.461734355998765,5.240394484769134,-0.7517141361660316,-1.1227491163242032,91,3
141,3.737643632958544,24.774286344449365,4.977377456497484,-0.5773581465796529,-0.7492535896863498,91,4
140,4.230679657203811,32.320211903378265,5.685086798227294,-1.043237008812743,-2.2986389130353926,91,5
139,3.807315320902162,26.139862310975104,5.11271574713235,-0.6412953676913293,-2.1302198492687383,91,6
138,4.232349269308042,30.472094330555763,5.520153469837208,-0.9000685350312594,-1.5345510150427404,91,7
144,4.842300444634424,45.797765375436,6.7674046262534056,0.9176293236084873,-0.6783501814222999,95,1
143,7.384302204670189,119.6054905657726,10.936429516335421,0.7834036685916066,-2.06442902080871,95,2
142,8.340313303113824,148.1001055857117,12.169638679340965,0.7308925540517314,-2.619782209816113,95,3
141,10.094707580005869,213.41480336329082,14.608723536411071,0.6119834043843256,-5.939705493496665,95,4
140,11.71318191279258,295.5591860482324,17.19183486566319,0.4628854397043667,-4.672633755100625,95,5
139,11.660534074034194,291.70234596223565,17.079295827470045,0.46961318219020687,-5.302397351202776,95,6
138,12.45895770035576,316.3539669615754,17.786342146758997,0.42604357649977775,-4.269665278332389,95,7
144,4.184984114952385,40.68286305867422,6.378311928612007,0.9470639040473684,-1.1364625908641353,96,1
143,7.062938705086708,125.6196751918232,11.208018343660186,0.8365259092568055,-2.863373842481133,96,2
142,9.377581477007816,223.0285930983902,14.934141860126754,0.7102166695470564,-4.0240283032852995,96,3
141,12.152424239890372,400.3218328309645,20.008044203044047,0.4813322588895421,-8.101242822588336,96,4
140,12.563572466586317,425.96181205282835,20.638842313774006,0.4498068853690642,-6.534805406204292,96,5
139,12.796144889734633,428.6859216315451,20.70473186572444,0.44789251728735724,-5.350776163258141,96,6
138,14.677319303154945,579.4418724433094,24.07159887592242,0.2567889356350177,-8.254251598663952,96,7
144,4.903933482865493,41.00534850813758,6.403541872131202,0.6021126565533601,-1.1156311865068145,97,1
143,6.881172291778184,76.69458814635726,8.757544641413897,0.25032012179558116,-0.6716274144974622,97,2
142,7.591238503121365,94.14256639192631,9.702709229484634,0.0781838496736108,-0.7337006986613425,97,3
141,8.885697736490703,148.65338419442983,12.19234941241555,-0.4562456194262261,-4.017130777662527,97,4
140,9.660352798338447,160.0983466264798,12.652997535227762,-0.5674685482799993,-0.36412019399659973,97,5
139,10.094223811914274,190.50972701642326,13.802526109970712,-0.8599456061313953,-0.013889948656554702,97,6
138,10.268645077295925,199.9258050053273,14.13951219120827,-0.938021496991833,-0.8121342764816423,97,7
144,4.344495319554375,29.62402049217454,5.4427952829565935,0.6571569916913721,0.2391954561074575,98,1
143,6.994667164720855,77.85371660802161,8.823475313504403,0.07861633902334719,0.549462431585872,98,2
142,8.069496215439178,106.54695372884096,10.322158385184805,-0.27476307136646283,0.4886959583406717,98,3
141,7.2352390407670475,84.47995272432854,9.191297662698588,-0.01734482914599056,-1.300488350239206,98,4
140,8.229188481611866,105.19707698298798,10.25656262999393,-0.2682382042766378,1.6668321536055632,98,5
139,8.060846495274589,100.52598033943411,10.026264525706177,-0.21535688968410627,0.5568976453203949,98,6
138,8.803986396856498,115.93146678332232,10.767147569496869,-0.39427030985466693,0.710245767419321,98,7
144,5.140166349709034,42.98755047566058,6.556489188251635,0.7284180223571965,-1.2254840922024515,100,1
143,7.944270318400089,96.53723056757147,9.825336155448905,0.39322309757101803,-1.2863205239515414,100,2
142,9.346461953411639,129.44807819180946,11.377525134747428,0.1917026623350877,-0.3371660117532166,100,3
141,9.657396022309648,137.5587437241125,11.728543972894185,0.1458926860680323,-3.2804626543471156,100,4
140,10.634797124857348,152.08736917183356,12.332370784720737,0.061968445680996465,-0.1683294969743916,100,5
139,10.604712097550468,163.96944059697603,12.805055275045712,-0.004159451168362693,-1.544914092305753,100,6
138,10.745128878783705,173.83668124816867,13.184713923637808,-0.061796831975386546,-3.341127519509283,100,7
144,6.002527759513921,72.13648073680982,8.493319771256102,0.8597334031975503,-1.2473523411899805,101,1
143,10.018920788554462,234.71925944372816,15.320550233060436,0.5430246450650336,-5.482374321486983,101,2
142,12.095931208364561,353.971152935594,18.814121104521305,0.3115034046908025,-6.458350142647682,101,3
141,13.150048589875512,419.4515282773883,20.480515820588806,0.18543443658322245,-8.86966167739097,101,4
140,13.640118848000254,526.0307912095659,22.93536115280433,-0.015715955389546288,-8.617922795670372,101,5
139,13.830880779156582,515.9628802548922,22.714816315675815,0.006747447626005765,-10.646577404557371,101,6
138,13.218469333011603,533.229877518373,23.091770774853387,-0.02398412374083958,-9.74480126771158,101,7
144,2.4364638388829514,9.48911389692587,3.0804405361775564,0.36379306174635684,0.36491888722715277,103,1
143,3.2241450056329475,15.521060668989216,3.939677736692332,-0.05739564982691969,1.003117320004043,103,2
142,3.7875588556200688,21.604899862862784,4.648107126870333,-0.47269565207119824,1.4404363461153609,103,3
141,3.867662862947224,21.196029684998337,4.603914604442434,-0.43473750388882015,1.9533820776334891,103,4
140,4.046391655132174,23.261105642335743,4.822976844474348,-0.5794673798259036,1.1677507126437767,103,5
139,3.6466061593495684,18.544636067485257,4.306348344884011,-0.256414863195785,1.4101813141015365,103,6
138,4.2371127181484,24.895174019748275,4.989506390390564,-0.6811000643334593,2.0045906856953017,103,7
144,5.863666964112781,55.77468498289894,7.468245107312623,0.6833628931387855,0.8068172644383999,104,1
143,8.063665550137005,97.22372969358844,9.860209414286718,0.4472634027706378,0.6109927814141228,104,2
142,9.389825913556654,135.91888805701618,11.658425625144082,0.22981339892174513,1.1218038585666619,104,3
141,10.49456884241696,157.2506149859208,12.539960725054955,0.1123999186021063,3.882271393922204,104,4
140,11.650224992952177,190.37665804010518,13.797704810587346,-0.06884996664609622,4.9004478038421695,104,5
139,11.298254311459957,177.89394991441557,13.337689076988395,0.005744637218600412,4.213983354326204,104,6
138,11.767510078037562,197.71096835504338,14.060973236410181,-0.09732076815812762,4.159920312626206,104,7
144,6.098625910300244,58.31235467718355,7.636252659333866,0.7309964953618,-0.6525853295008548,105,1
143,9.097541721212073,122.38364807646963,11.062714317764408,0.4312998558348332,-1.004871790355944,105,2
142,10.51174708144923,169.98318697313996,13.037760044315126,0.21080756239723708,-1.3644865693681887,105,3
141,11.663542443291938,197.76898533557198,14.063036135044666,0.0849767936631155,-2.0435422751392034,105,4
140,12.156246580875345,214.05338695417765,14.63056345306556,0.0155750449149884,-1.2442355297239764,105,5
139,12.048370126688438,210.80508059239878,14.519128093394547,0.03624695390056798,-0.8524430354775714,105,6
138,12.553098999179792,229.71739508125526,15.156430816034996,-0.042677498438074224,-1.2437742092255233,105,7
144,5.689780806488772,60.57965910262146,7.783293589645804,0.6827257756248124,-0.772458083785346,106,1
143,8.08491762326314,104.93393316644699,10.243726527316463,0.45050775604429993,-1.6083771762001764,106,2
142,9.337440903731425,139.46922946507428,11.809709118563179,0.27307169820339505,-0.12143743292651546,106,3
141,9.812294777192122,156.2615839283726,12.500463348547228,0.18985327183398493,-0.8833671252355508,106,4
140,11.547993216344288,202.31290099767378,14.223673962717008,-0.04213520988768438,3.56582655778953,106,5
139,11.374894287195994,195.96716006294452,13.99882709597288,-0.0037976467793672253,1.8360946927782442,106,6
138,11.603603703172311,206.92165607861887,14.384771672801028,-0.0522985757648442,1.7786870721889578,106,7
144,4.706847552313572,41.76710032014495,6.4627471186907,0.6167656167826822,0.6421109638176858,107,1
143,7.150726337220285,94.24062410712905,9.707761024413871,0.11594307369363754,0.8783253298981206,107,2
142,7.478873141477226,98.98825308439423,9.949284048834581,0.055211361257682334,-0.13358134897032253,107,3
141,7.801003661085951,104.91775292997032,10.242936733670199,-0.013652242043574514,-1.9744606392180666,107,4
140,8.455500277451106,129.16363958314744,11.365018239455114,-0.24864809663511322,-0.983278012914317,107,5
139,8.054388505520581,118.5452925977339,10.887850687703882,-0.1463336927376957,-1.7340150028467178,107,6
138,8.289574177584786,125.69991650316938,11.211597410858516,-0.21035453775264878,-2.5405833414499313,107,7
129,5.191505981623664,42.174103405501455,6.49415917617527,0.6451785457779522,-2.1259695546802626,108,1
127,8.090476771039286,99.25653170036317,9.962757233836584,0.14459042128824362,-4.502953904350911,108,2
125,9.513451133966447,132.17535398743726,11.496754063101344,-0.14484564109647913,-5.2114427173137665,108,3
123,9.193749704133204,134.39496766216084,11.592884354730742,-0.1547014662112669,-5.796547928113278,108,4
121,9.258494135023149,135.78983361038308,11.652889496188621,-0.15431527674264744,-3.513796978006678,108,5
119,8.968917806358899,124.16039177341334,11.14272820154083,-0.04775352313097181,-3.894736864737102,108,6
117,10.26925829027453,166.8308016287707,12.91629984278666,-0.38966454636645853,-5.668649260814373,108,7
144,5.689406927364568,48.37525816237789,6.955232430507113,0.6439917090235838,0.2599145614852508,109,1
143,8.477696604740162,106.79944698516344,10.334381790178039,0.2194210745099361,1.5984080960856868,109,2
142,10.01851336209392,148.87224921034928,12.201321617363805,-0.08175220686733975,3.211297324871723,109,3
141,10.323778485364102,151.10130095586436,12.292326913805391,-0.09027610646044071,2.464999262111407,109,4
140,10.708462772518397,159.69399471628196,12.637008930766884,-0.14430229741483713,3.271442481662546,109,5
139,11.167098539030487,175.04548346275962,13.230475556938973,-0.24553327305225303,3.159373710226777,109,6
138,11.009420596738009,170.6818935275652,13.06452806371379,-0.22011206179420895,2.652980428593962,109,7
144,3.667053804396548,25.848115355993166,5.084104184219002,0.8861113241550911,-0.7788044411637303,1001,1
143,6.628450558214754,76.60704983183541,8.752545334463308,0.6575726891165286,-2.266462094404481,1001,2
142,7.423100580841723,102.35808724174464,10.117217366536346,0.5382292264013009,-2.636011282742863,1001,3
141,8.390920219903297,138.57855011730797,11.771939097587447,0.3725869272556286,-3.7277965590040734,1001,4
140,10.358987340277858,187.84963693126534,13.70582492706168,0.14940906942223386,-2.877073137196047,1001,5
139,9.899177521440409,180.66497150670432,13.441167044074124,0.18151003765135887,-3.9154830091773607,1001,6
138,11.08986404100838,220.1703300609825,14.838137688435921,0.00481722212996627,-3.3337112036196217,1001,7
144,6.622657672088179,75.61536421104867,8.695709528902668,0.7110048216295334,-1.285006794354154,1002,1
143,9.130835865656813,153.42288717135935,12.38639928192852,0.40134329069469665,-2.3525758674303137,1002,2
142,10.606752846967167,186.3181819032882,13.64984182704284,0.26159392884431953,-4.215865518740365,1002,3
141,11.618859208539023,218.6055660381234,14.785315892402279,0.13019318680528735,-5.415015614518882,1002,4
140,12.664775324187108,272.00005854306,16.492424277317753,-0.08310017294339689,-4.321922528637307,1002,5
139,12.506814466856367,271.15662710154794,16.466834155403035,-0.0809047017605502,-5.07183577034542,1002,6
138,12.382171797201686,268.9982022081596,16.40116466011361,-0.06983158670557876,-4.3396642900787405,1002,7
144,4.018281533900234,24.04750108336962,4.903825148123618,0.5421861331310948,0.2611689733134376,1003,1
143,5.414922771571608,42.890003583711774,6.549046005618816,0.16574338472350014,0.9450258866629817,1003,2
142,6.005950212163825,56.10969983662337,7.490640816153406,-0.09945972115211377,1.1033939427473176,1003,3
141,6.116047116934408,58.11734703516628,7.623473423260966,-0.14133627920380376,1.4600052035129663,1003,4
140,6.8753012365262425,67.79942740878937,8.234040770410926,-0.3301650126251605,1.749685502877193,1003,5
139,6.590262856039641,64.71543346604031,8.044590323070548,-0.2733197727381016,1.7711152983762377,1003,6
138,7.1499784498111065,72.73937369649913,8.528738106924092,-0.4224885522632944,1.0982640104881232,1003,7
144,6.569018776321577,126.39373186251743,11.242496691683632,0.8676308254216623,-3.30042267156144,1004,1
143,10.572554522252583,301.61392871303843,17.367035691592232,0.6844222380671345,-6.314505880320822,1004,2
142,15.228688997911735,632.3931421897473,25.147428142650043,0.3393437386949043,-10.829404223762767,1004,3
141,16.088468881469247,793.5557340978625,28.17012130073036,0.17310893707388586,-10.859371403430371,1004,4
140,16.818314389139413,826.8261376438886,28.754584636956395,0.14179895152498834,-10.586869191804103,1004,5
139,18.18947930816266,959.5917503201644,30.97727796821671,0.007338425620784128,-14.451906394615447,1004,6
138,17.187681712102197,873.4998202523743,29.55503037136613,0.10049184662826038,-11.947166196677996,1004,7
144,5.994811859188808,110.49079483385498,10.511460166592222,0.8792144521367572,-1.9511782785670624,1005,1
143,9.971246065793338,319.9297990999126,17.886581537563643,0.6505211159053549,-5.0478697348307895,1005,2
142,14.888759840961914,761.4433037318856,27.59426215233677,0.16930160508347125,-10.407235017544787,1005,3
141,17.295565901495888,1090.392484687297,33.021091512657435,-0.18661665462344912,-12.671592609679445,1005,4
140,19.91788628952844,1465.4051071235883,38.28061006728587,-0.5886831999645905,-15.028712929998125,1005,5
139,24.443632436313216,2241.824477317083,47.34790890120791,-1.422315137334559,-21.105608386101483,1005,6
138,21.84317287500354,1758.5748692941984,41.93536537690113,-0.8917131802746854,-17.087927089221235,1005,7
129,5.0906237183904,55.06394506831572,7.420508410366214,0.869652451648379,-0.259605497266202,1006,1
127,7.519742555388316,113.91314971917711,10.673010340067,0.6058649148977568,-1.6660400921200205,1006,2
125,8.18480022573471,131.21321345095194,11.454833628252832,0.47959524082464866,-0.8522223000526428,1006,3
123,9.045465602138178,174.6997898996195,13.217404809553935,0.22274333633266696,-2.830856433728846,1006,4
121,10.951766076844093,257.90500419501285,16.059421041712955,-0.22298269669161752,0.1972468936862039,1006,5
119,11.08540825282826,257.05643551281685,16.032979620545174,-0.2739687214175279,-2.6574218613760814,1006,6
117,11.834510346126352,308.54378748093774,17.565414526305315,-0.6335590729627025,-2.7717749080342107,1006,7
144,4.660823109042314,60.013079916275096,7.746810951370576,0.9351943009627703,-1.4460635603302054,1007,1
143,7.8294700474797425,169.08012915914034,13.00308152551311,0.8175319129541767,-2.3328881887914417,1007,2
142,11.944242648255656,441.88211806980576,21.02099231886558,0.5236393397350182,-6.462542299233692,1007,3
141,15.114961474499804,808.0724033386413,28.426614348856976,0.13112109373587733,-10.219731981027211,1007,4
140,18.05348447838,1246.3958935721982,35.304332504272026,-0.3356001186867408,-12.12026809155941,1007,5
139,23.238416151177113,2358.6128494588424,48.5655520864207,-1.5190066930040924,-18.248894963333075,1007,6
138,26.184803892466903,3190.474099251221,56.48428187780403,-2.3928624551670956,-19.6457352741365,1007,7
144,4.425218057042609,54.326959209666384,7.370682411396273,0.9398226332374099,1.4647558089216344,1008,1
143,7.899243030931566,147.3296865842423,12.1379440839148,0.8368759700216528,0.8362203011145959,1008,2
142,11.282309678763571,381.95675397815756,19.543713924895584,0.5775690067584622,-2.5259040651816718,1008,3
141,13.035975768845132,563.4853646923119,23.73784667345191,0.37858113296985296,-5.199732692740488,1008,4
140,16.51566837908966,938.9922840984833,30.64298099236566,-0.032091865930443,-7.348482188901731,1008,5
139,18.508819060574332,1328.2610197273477,36.445315470267886,-0.455243532079598,-12.812117260780266,1008,6
138,19.51148367835128,1408.193545716896,37.52590499530819,-0.5365505825702264,-12.704353580008382,1008,7
144,6.673434576226605,161.71743676656013,12.716817084733119,0.8813431062133026,-3.026549263339904,1009,1
143,10.128835206056808,308.69695024574673,17.56977376763135,0.7741242850806949,-4.195767176943225,1009,2
142,15.500786294714667,851.1698046227997,29.174814560212713,0.3794016654846135,-10.335803029297942,1009,3
141,17.495598357937016,1101.6691385087208,33.191401574936855,0.20024462914123675,-13.102060270541948,1009,4
140,17.782751768401692,1045.813792823865,32.339044401835146,0.24448798777135883,-11.937104789699827,1009,5
139,19.86026071869641,1260.6144125970304,35.50513220081049,0.09364036633326034,-16.632699026156672,1009,6
138,19.392625676980916,1220.9157418013683,34.94160473992814,0.12698647435366472,-13.373412013485812,1009,7
144,4.755199750549057,56.051989577210854,7.486787667431931,0.9349441248236788,0.0004488305550896459,1010,1
143,8.881202473871774,196.34894957752599,14.012456942932099,0.772113827769108,-1.848769117850107,1010,2
142,12.434166715572207,401.47987178747525,20.03696263877026,0.5345065888765111,-2.483739038194779,1010,3
141,13.875364893023585,597.1767972381433,24.43720109255852,0.30941384968779595,-6.816480214667923,1010,4
140,14.756766179922437,586.505905926356,24.21788401009378,0.32420988871134115,-5.4578501611149735,1010,5
139,15.767841581328899,747.058940284356,27.332378972280406,0.14207498614910996,-9.956923520989823,1010,6
138,16.521866413616184,776.3849845069265,27.86368576672739,0.11236633672378715,-11.092591422785452,1010,7
144,3.722045014405416,32.273445297717856,5.680972214130065,0.9386976885577027,-0.09000943611479467,1011,1
143,6.361864874829779,96.06969716789644,9.80151504451717,0.8166123944116678,-1.2641601477052782,1011,2
142,8.06019654130222,146.8565262076444,12.118437449095671,0.7191265542291319,-3.3166199481298384,1011,3
141,9.573466801791326,216.95435603517225,14.729370524064233,0.5853494268550223,-5.0344372550223735,1011,4
140,10.710927700410997,246.60415507999053,15.703635091277132,0.5294713293103421,-3.8519157454903636,1011,5
139,11.383621929950422,301.00955340177114,17.349626895174755,0.42625732619571144,-6.233730739773177,1011,6
138,11.910654160693504,307.3615062042807,17.53172855722677,0.415982601613749,-4.377080743241569,1011,7
129,4.8685987993150714,47.304453527492214,6.877823313192351,0.9210850223668102,-0.44941538601189623,1012,1
127,7.885222399504635,136.68185515604438,11.69110153732506,0.7707395377504662,-1.5913727719366082,1012,2
126,9.95563746160931,207.488574033552,14.40446368434285,0.6529488956682881,-4.507912602216479,1012,3
125,12.602566668510438,327.19345210334427,18.088489492031783,0.4552241148850036,-9.146113194465638,1012,4
124,12.792761731532313,376.54506606666934,19.40476915777844,0.37669557763661743,-7.879906112147916,1012,5
123,12.955822164450234,376.3992954514501,19.401012742933037,0.38019099060181194,-8.825627655517764,1012,6
122,13.959592861230256,440.8843009592178,20.9972450802294,0.27541463884136785,-8.389811501151225,1012,7
144,4.851875850206448,52.50810737194378,7.2462478133130235,0.8832122983822152,-0.1336731038366755,1014,1
143,7.8253686019590685,126.3534509385188,11.240705090808085,0.7169874375667191,-0.9923358126120134,1014,2
142,9.069660136817207,176.83531118167565,13.297943870451387,0.6017985063549727,-0.9166586111548921,1014,3
141,10.24065724279441,228.8848606518404,15.128941160961675,0.48333314905318414,-3.1348978742851434,1014,4
140,12.893367766908236,354.2964451272908,18.822764014014805,0.20104704658470773,-2.592000250731196,1014,5
139,12.512930536441665,359.8257527413731,18.96907358679841,0.18947534164553081,-3.5694927909820198,1014,6
138,13.212245194916276,361.0430443450412,19.00113271215801,0.18821461328653377,-2.565982465618762,1014,7
144,5.940468938814269,89.59285341143975,9.465350147323646,0.9246464355838534,-1.9007797514398892,1015,1
143,8.943880221643647,213.69885037948632,14.618442132439636,0.8205338805052048,-2.919992807444993,1015,2
142,12.49579063036912,491.34033891231087,22.16619811587704,0.5882397583240891,-6.499823037377546,1015,3
141,15.306405975040814,802.1891030765061,28.322943051111515,0.32957223993348184,-8.821719711976694,1015,4
140,17.55521085453885,1018.6767934147518,31.916716519948473,0.15140802951428878,-9.942120446690492,1015,5
139,19.79608781217671,1316.1813163442355,36.279213281771085,-0.09289080156175178,-15.687009418611046,1015,6
138,19.98685615218204,1305.8900785830044,36.13710113696178,-0.07983992060239098,-13.647061188151872,1015,7
144,4.629123444255027,46.920645312676456,6.849864620025454,0.8907365932856812,-1.7731235433990757,1016,1
143,7.619785666882575,127.23397540228724,11.279803872509808,0.7014830941949688,-2.7849915873754276,1016,2
142,8.972512680879781,179.438383594133,13.395461305760731,0.5766454442126832,-3.9351000785827637,1016,3
141,10.068831095881496,224.21590675037922,14.973840748130696,0.4697184264364914,-4.796013348914207,1016,4
140,11.746229684352874,299.0115559129472,17.291950610412556,0.2935704669264837,-4.924052080086299,1016,5
139,11.602597049243158,310.7473886073533,17.6280284946262,0.26659199187241567,-5.614331987693156,1016,6
138,12.56105236881885,340.04398821301896,18.440281673906693,0.19889650620269328,-5.126572697274927,1016,7
144,4.079740482796398,44.51459701786016,6.671926035101121,0.9483593131992826,-0.5148795556483997,1017,1
143,7.158031263733869,132.94786694291963,11.530302118458112,0.8456555913034836,-2.415431080555374,1017,2
142,13.211211966167033,575.1331406548237,23.981933630439887,0.33216333317284763,-8.95724646579212,1017,3
141,17.450402125980414,1184.877593426994,34.42205097647428,-0.373504476028101,-12.877053511956483,1017,4
140,17.645343168079854,1047.6784521282862,32.36786140801221,-0.21090242258804914,-10.897689607420139,1017,5
139,18.704889959890206,1317.9116066230333,36.30305230449684,-0.5188979510890073,-15.5175968343191,1017,6
138,18.70156754531722,1128.6385962555607,33.595216865731956,-0.2959528265737834,-12.58823495671369,1017,7
144,5.014213256123993,87.1854520787618,9.337315035852747,0.843542876278053,2.8086186243842044,1018,1
143,6.049550072817536,82.820604047774,9.100582621336613,0.8514543044257292,-1.100735142827034,1018,2
142,7.927117401865167,137.1651168619038,11.711751229508925,0.7542315101041985,-2.9873142809095516,1018,3
141,9.838336986747194,269.6801937058886,16.421942446187316,0.518571984009742,-3.9895318274168257,1018,4
140,10.763175011532647,307.81458108379024,17.544645367854837,0.4521882238126169,-5.169618764093944,1018,5
139,13.128600912986041,391.36680593834643,19.782992845834688,0.30534942420812194,-9.576010460476224,1018,6
138,13.351087930409804,425.1704645599533,20.619662086463816,0.2476398407899364,-6.599815668403238,1018,7
144,5.237844161585802,104.97546176388121,10.245753352676473,0.9283153363063255,-1.8991952183552914,1019,1
143,8.959242118822111,231.10143840230242,15.202020865736976,0.8426162642339992,-3.2781692305644907,1019,2
142,11.7461231245961,427.71306139552894,20.68122485240004,0.7096252492866935,-5.0430051495491615,1019,3
141,14.227878812357044,709.481991096986,26.6361031514932,0.5202518670549191,-7.394935673010265,1019,4
140,16.057472576839583,856.2865085814466,29.262373597872177,0.42342414515191085,-8.462903973460197,1019,5
139,17.428168135581256,1050.5385776887479,32.41201286080128,0.295559320508442,-9.685568945013362,1019,6
138,18.896011996960294,1157.5851543711833,34.02330310788744,0.22748398844842244,-9.191856812739719,1019,7
144,5.302728315297928,79.60499151430086,8.922162939237372,0.8543877895199806,-2.437581363341047,1020,1
143,9.406979693920462,271.11067795304695,16.465438893423002,0.503793402191971,-5.982761510289633,1020,2
142,9.569438764327009,239.29093705900092,15.469031548839796,0.56197964019934,-5.933824244939106,1020,3
141,12.090178548866975,509.1993920807002,22.565446861976834,0.07131802792337527,-8.082867833739478,1020,4
140,11.771062058210372,405.22753547067833,20.13026416793079,0.262820789414262,-7.2157564376081735,1020,5
139,11.923571823741035,372.3545443121336,19.29649046619964,0.32404253316954945,-9.0070761712335,1020,6
138,13.12588892509972,494.15354104593143,22.22956457166742,0.10517708962261851,-7.07997623777044,1020,7
144,4.3846896270859155,60.48398795328082,7.777145231592426,0.9464980460622617,-1.4796671162928559,1021,1
143,7.635398252652242,155.6100829554482,12.474377056809217,0.86258790576909,-2.760033812139418,1021,2
142,10.920585518151942,369.6151711541159,19.225378309778872,0.6743273127396526,-5.177787514639572,1021,3
141,13.645208138100644,663.8597515135511,25.765475961323734,0.4171141058112099,-8.011392009173724,1021,4
140,15.944618285553796,883.0058928404354,29.715415070976803,0.22767500264540963,-10.824597030878067,1021,5
139,17.707660530968536,1095.1293150230542,33.09273810102534,0.04572531811423142,-13.402341983301177,1021,6
138,18.704465878182564,1181.7108148270715,34.37602092777859,-0.025115184873945262,-11.95603128792583,1021,7
144,3.7296758794174014,30.24501939788115,5.499547199350247,0.937085059942526,-1.2866845823979627,1022,1
143,6.459051474121275,91.54263951815234,9.567791778574215,0.8090646754616528,-2.1626394493440233,1022,2
142,7.885180041167728,139.84474015411251,11.825596820207956,0.7080827591759364,-1.533344529805259,1022,3
141,9.819577985198785,220.9633089661991,14.864834643082952,0.5394504187360352,-3.2609212871984385,1022,4
140,11.05620686598122,255.27073721620093,15.977194284861186,0.4694006256238977,-3.228242055167045,1022,5
139,11.763000024308404,321.15875515406606,17.920902743837043,0.3340819994379094,-5.05690685536364,1022,6
138,12.418673672429893,350.5848873184727,18.72391217984299,0.276026790672943,-4.6237382694430975,1022,7
144,5.438880839074652,142.3844630300848,11.932496093864216,0.896154179161383,-2.449175132852462,1023,1
143,8.391296976512962,302.37482822958617,17.38892832320572,0.7804019857802138,-3.3969358951895385,1023,2
142,11.805458913806458,595.2719347654751,24.398195317799125,0.5695961052127166,-8.260238411141113,1023,3
141,15.007203529912529,1059.0046097133588,32.54235101699567,0.237540568698139,-11.710640232613747,1023,4
140,17.0656358225005,1288.3789427169327,35.89399591459458,0.07668106394750807,-13.84057479756219,1023,5
139,19.01868822591768,1470.679039830224,38.34943337039315,-0.049221857800761715,-15.658259978397288,1023,6
138,18.606933975565262,1533.9424104101133,39.16557685532173,-0.08921098120245308,-14.102768474730892,1023,7
144,9.14421035680506,351.56852954780203,18.750160787251986,0.6538092226299167,-5.821373301765157,1024,1
143,16.445665461616915,1309.5970191534036,36.188354745047526,-0.2882581323984923,-11.493366896689356,1024,2
142,20.502238569964824,1973.4118003260962,44.42309985048428,-0.9380620015191183,-16.066264831684006,1024,3
141,18.706757518205237,1509.731813813382,38.85526751694527,-0.47881468872427524,-14.289952917513272,1024,4
140,18.224991347108567,1188.4990973573306,34.474615260468546,-0.15999190783220651,-12.49654175213405,1024,5
139,22.261598629917174,1832.428666037051,42.8068763872938,-0.7824485755548918,-18.990803895236777,1024,6
138,18.71980267158453,1031.585909261429,32.11831112093893,0.0009729610829860569,-13.576026216797207,1024,7
144,2.630178187145955,13.297196307542702,3.6465320933103964,0.4285289322854209,-0.08975569996982813,1025,1
143,3.6372190755564016,23.212854466390045,4.817972028394316,-0.016655469610647566,0.07610564465289349,1025,2
142,4.431816018803019,31.896775352916784,5.6477230237430005,-0.41775687928994376,-0.042119952364706656,1025,3
141,4.3953614507583865,28.899637379557653,5.37583829551798,-0.28124890887606746,0.13548736221401403,1025,4
140,4.807973551750183,37.47445951822871,6.121638630156856,-0.6729975502292382,-0.9820362610476358,1025,5
139,4.361526485827329,30.26661169706475,5.501509947011343,-0.34371265777650506,-0.45146532538983464,1025,6
138,4.47013036194055,31.941975084075125,5.651723195988558,-0.40983761123895524,-0.7742172449395277,1025,7
129,5.644458992583605,65.2147071864452,8.075562344904855,0.8988109584314692,-0.47490590834961266,1026,1
127,8.909294980482793,162.15299710079137,12.733930936705734,0.7488152279727298,-1.5184597964361897,1026,2
125,11.090292186975478,255.42342081360331,15.981971743611716,0.6043822254907811,-2.0816613833904265,1026,3
123,12.406822378315576,313.75430870717963,17.713111209134876,0.5158483626032146,-3.0175700245833976,1026,4
121,14.19054027098762,379.69473863565474,19.485757327742096,0.41597311656618874,-4.201590615978911,1026,5
119,15.663026417002959,499.6113165312251,22.351986858693905,0.23488859718405541,-7.210204332816501,1026,6
117,18.233520448717297,717.3536326234347,26.783458190148536,-0.09151278817901831,-13.473759123402782,1026,7
129,4.64077454580124,51.18365961872035,7.154275618028729,0.9261012451668593,-0.6538882103654765,1027,1
127,7.465914688476428,130.93761619162564,11.442797568410692,0.8120290717598184,-1.6304836449191327,1027,2
125,8.671864832401276,200.63719282347236,14.16464587709387,0.7138643985803583,-1.8547492561340333,1027,3
123,11.029802649365209,331.41440337617206,18.20479067103415,0.5314412808933568,-4.906684310819076,1027,4
121,13.121602735982453,392.0124624186082,19.799304594318667,0.4516849717484356,-4.409449770184588,1027,5
119,14.49569336381279,520.537914890241,22.81530001753738,0.27899074411571234,-7.35166379458764,1027,6
117,15.343852727076946,566.6485813565339,23.80438155795134,0.22216693748379213,-7.30393754136868,1027,7
144,3.858706328396996,32.34580639723858,5.687337373256363,0.9319171428584918,-0.6576511818501685,1028,1
143,7.66095809925061,114.6119672560686,10.705697887390087,0.7573038853620143,-1.364976097289082,1028,2
142,8.489346748086769,156.42374354042371,12.506947810733989,0.667621703834455,-1.8708753967788858,1028,3
141,10.370487374616854,246.1927040101389,15.690529118233677,0.4767086844663394,-5.110491315523784,1028,4
140,12.139688516408205,278.3785048343704,16.68467874531513,0.4093159720215894,-2.7100906502987656,1028,5
139,12.77616127446401,348.10561071101466,18.65758855562569,0.26215696397386334,-5.028862606707237,1028,6
138,13.820370508924775,393.0587737625497,19.825709918248823,0.1692276882047542,-5.324280101104059,1028,7
144,4.1222481421557156,38.412314059208654,6.197766860669144,0.9294680100978705,-0.6791716340877529,1029,1
143,7.444169470350017,125.13031829380299,11.186166380570377,0.7692080466083251,-1.938533051212976,1029,2
142,8.748116651418764,183.5122472228036,13.546669229844051,0.6606525257391738,-2.087576832517352,1029,3
141,10.571026167759658,260.3035700733971,16.13392605887969,0.5188105120355098,-3.4889314371220608,1029,4
140,12.674801058854376,337.2352295004873,18.363965516752838,0.3778081040031993,-3.790123847978456,1029,5
139,13.113114582977706,385.48112563098505,19.633673258740583,0.28969239690319215,-5.450549209289414,1029,6
138,14.110386816055879,424.13182717302635,20.59446107993667,0.22070387614414766,-5.507289805705996,1029,7
144,3.4335956658081463,20.128175284215768,4.486443500615579,0.9273346162625656,-0.17487175123662585,1031,1
143,6.36495402856515,66.94010618728173,8.181693356957453,0.7563379927116461,-0.5828859334538034,1031,2
142,7.08494956088318,87.02561391804537,9.328752002172925,0.6817161336524684,-1.2000244984954176,1031,3
141,8.083269653960745,117.94813356509191,10.860392882630531,0.5678960068238573,-1.9498433830573203,1031,4
140,9.601689493017536,162.0664072789258,12.730530518361196,0.40685840837457143,-1.7410895507250512,1031,5
139,10.322895868862275,247.1960390600164,15.722469241821287,0.09583570224193083,-5.608781544210242,1031,6
138,10.85885496178399,225.08246510582367,15.002748585036798,0.1793174210339551,-3.3382207511559776,1031,7
144,3.937224511988461,25.662261364534437,5.0657932611324,0.8298875227542941,0.42194238072261214,1032,1
143,6.6888132861756775,71.44293663624153,8.452392361706922,0.5142759622094198,1.3726850000919995,1032,2
142,7.82270023481212,101.28717463673992,10.064152951775919,0.3005366764804964,1.0754515069313872,1032,3
141,8.259252860983635,110.73078488972811,10.522869612882605,0.230967713926428,-0.4349249093562153,1032,4
140,9.979172825041626,149.12073462354186,12.211500097184697,-0.03697176137537972,0.13617807916764701,1032,5
139,9.739138238185602,141.6049635056923,11.899788380710486,0.012987021517285924,-0.5197582084605162,1032,6
138,9.913114397962024,155.9115867679218,12.486456133263825,-0.08407571726186513,-1.8771787833260454,1032,7
144,3.646489738176266,21.361048712480297,4.621801457492554,0.8287006666194163,-1.2286212489836745,1033,1
143,5.754205359132974,51.482489657518585,7.175129940113878,0.577751202889349,-1.5891037403078345,1033,2
142,7.109526339288749,83.77021119580742,9.152606797836746,0.3035611547651317,-1.9663140076461811,1033,3
141,7.708897848712637,101.13972383284548,10.05682473909362,0.15423060908188768,-2.4547603335363646,1033,4
140,8.779617143635239,123.51943344060632,11.113929702882158,-0.03465065888030372,-2.0454841746815613,1033,5
139,9.10755476205469,148.15388418158648,12.171848018340784,-0.24341612731312545,-3.507983838482726,1033,6
138,9.701439161123574,160.28820337508233,12.660497753843737,-0.3416079808611985,-3.5178664718633113,1033,7
121,3.939867021623722,31.21567241212958,5.587098747304327,0.8599717682512578,-1.4820679078909977,1034,1
119,6.834281731052559,81.29457988949706,9.01635069690044,0.6367651513701709,-2.3274300934887733,1034,2
117,8.057795745185297,116.42284638824758,10.789941908474187,0.48340163293266725,-2.9710493459660783,1034,3
115,9.131932553001072,154.54296757003118,12.431531183648746,0.31946515559593014,-4.438202658943508,1034,4
113,10.9645632513329,205.67630826450608,14.341419325314565,0.10214178742052737,-3.4490306807302797,1034,5
111,10.902950207929354,215.53199486717207,14.681007964958404,0.072290015665336,-4.677349963166693,1034,6
109,11.859962524897462,254.11074545634384,15.940851465851622,-0.07684853488221344,-4.762604558413182,1034,7
142,3.251710750739759,18.858237372269542,4.342607209070323,0.9205474214674141,-0.012918049653231258,1035,1
141,5.8551161337828805,56.62687939361841,7.525083347951597,0.7587670614045194,-0.1064662330962242,1035,2
140,6.686113566106983,74.56668052788923,8.635200086152564,0.6805045144570738,-1.785529848454254,1035,3
139,8.158341555715465,132.0681834258541,11.49209221272846,0.4331484153925048,-4.590142151863455,1035,4
138,9.257115535114123,139.22910037535613,11.79953814245948,0.4029491682861651,-0.8901999324992083,1035,5
137,9.137822730806622,152.76618811956172,12.35986197817604,0.3449238102672152,-3.4079230922634585,1035,6
136,9.904792735681815,194.42506596638708,13.943638906913327,0.16875480572064172,-4.1429595097022895,1035,7
144,5.454098218301725,43.41459710322559,6.588975421355402,0.7541432168893715,-0.3950188257990198,1036,1
143,8.037168369947613,96.64531522284466,9.830834919926417,0.4478007027715698,0.43951340165588404,1036,2
142,9.270587598144168,137.5383307948426,11.727673716250917,0.21349908407332463,0.3422933497899015,1036,3
141,9.432457110032122,145.53117231114254,12.063630146483376,0.1678487035837155,-0.313601904409997,1036,4
140,10.529537533809032,175.2762057686465,13.239192036096707,0.00030352386753307314,0.725944131772433,1036,5
139,10.850700613406065,176.0100902106997,13.266879445095583,-0.002040841640291724,0.8461128857067163,1036,6
138,11.036038098073956,184.36334495927878,13.578046433831297,-0.0429995901659177,-0.13331076529794844,1036,7
144,5.2131194891925485,50.25831940687897,7.089310220809847,0.6838142712555696,0.7943616490293708,1037,1
143,8.004292049920643,112.62584568157125,10.612532482003118,0.27666899904509945,1.3544301681376838,1037,2
142,8.588619972880878,124.91861501819514,11.176699647847531,0.19148953149793768,0.1737101015595483,1037,3
141,9.45226246039284,135.56345930469556,11.64317221828723,0.1267573423059728,-1.1869506358783295,1037,4
140,11.926012364881379,216.43869432387845,14.71185557038535,-0.38499334068537494,1.8432351840393884,1037,5
139,11.264466928813954,188.35581765883268,13.724278402117639,-0.19705692789959506,0.2648919989093602,1037,6
138,11.301195637849363,193.11542480555022,13.896597598173095,-0.21904740359048125,0.44025426028647285,1037,7
129,3.6154990388556967,26.383410158959695,5.136478381046658,0.8970784183518947,-0.8912919307517451,1038,1
127,6.553178228672564,80.64066226442186,8.980014602684221,0.6823834626062006,-2.9245542749527873,1038,2
125,7.9010450848937035,122.1301977853507,11.051253222388432,0.5176338095265092,-3.9640696283578873,1038,3
123,8.969247660016626,169.54840168355582,13.021075289067175,0.3335467478784957,-4.976810700040523,1038,4
121,10.793949281473544,219.74657283824556,14.823851484625902,0.14302800669532467,-4.880051515780943,1038,5
119,10.869112659339644,232.14792574647217,15.236401338454963,0.09877231946491694,-5.303274645337036,1038,6
117,11.787481307060036,264.85502680034983,16.274367170503123,-0.019998618140351532,-5.994565435804618,1038,7
144,3.8060469671618193,24.635547858636258,4.963420983418216,0.7486606191234091,-1.0427249842582063,1039,1
143,5.8814971589750344,60.297960323678836,7.765176129598017,0.37247616328496513,-1.6875904266546655,1039,2
142,7.0291663043358374,82.34761753704828,9.074558806743624,0.13381390683219763,-1.5821251049900138,1039,3
141,7.4322871787750975,91.60869570311635,9.571243163932069,0.03182055793393612,-2.463629609092753,1039,4
140,8.627142235450446,114.86880936995392,10.717686754610527,-0.2160477758267081,-0.7146634327779923,1039,5
139,8.628888005028955,120.16120977024669,10.96180686612598,-0.27389481707666063,-2.009482486803326,1039,6
138,8.949929293083107,125.38132133466884,11.197380110305662,-0.3221483505458036,-1.8608591111673825,1039,7
144,3.710629199890213,21.175692883274394,4.6017054320408635,0.8005063384515726,-0.25105749293126994,1040,1
143,5.3317484749363855,44.032094444049825,6.635668349461856,0.5794639400307757,-0.29551629258410916,1040,2
142,6.411487559040247,62.76877786735918,7.922674918697546,0.3965290018429295,0.8721274050398612,1040,3
141,6.902563633066966,74.3437536290567,8.622282390936677,0.2828277355880714,-0.47440438136352714,1040,4
140,7.685833979092006,88.03709773319065,9.382808627121767,0.14964198642538362,0.15125111574307085,1040,5
139,7.931706375355343,98.11644403274688,9.905374502397517,0.05232998482662432,-1.3034905358184157,1040,6
138,8.385485063536443,109.91775694696047,10.48416696485517,-0.055344392188416025,-2.0420389392453693,1040,7
114,9.841565664661559,263.848222943494,16.24340552173386,-1.839300158419952,-6.136455908286989,1041,1
111,17.376973031474662,871.8234386459429,29.52665640816689,-8.601799468168066,-11.567912483940253,1041,2
108,25.274308425408822,2105.5773448401446,45.88657041924298,-22.22240178030042,-18.601709858272915,1041,3
105,22.64444824911299,1492.0433012868377,38.62697634150048,-15.452263953944058,-17.21479999394644,1041,4
103,8.270051211661215,109.63308618375244,10.470581941026603,-0.19604835426483858,1.1423488296568394,1041,5
101,8.312835876673166,107.35909377611723,10.361423347017398,-0.1656525103900479,0.23695823631369242,1041,6
99,9.007157800737957,126.79025975070738,11.260118105539895,-0.37554404826556853,-1.9861105167579771,1041,7
144,3.6940874978899956,22.160343608778458,4.707477414579751,0.8181797548779716,-0.6223336283324493,1042,1
143,5.883722611240573,55.662053557344485,7.460700607673819,0.5365770080620051,-1.5477477212052244,1042,2
142,7.094024291445671,77.78867793599836,8.819788996115404,0.3478958458638781,-0.7614998747135552,1042,3
141,7.81346772389209,96.57267414302716,9.827139672510366,0.18849401736699734,-1.4251703968707552,1042,4
140,8.66868932853852,117.92368145758431,10.859267077366884,0.01013297733845997,-1.8107553289404936,1042,5
139,8.810019564714363,125.21834831423611,11.190100460417508,-0.05052412367443515,-1.7151862807411085,1042,6
138,9.257799045979112,143.63515995066663,11.984788690280135,-0.19893368051478144,-2.1402674427498942,1042,7
144,7.008605341323548,83.20494797840165,9.121674625769199,0.8130629060575264,-0.2500512700320946,1043,1
143,10.835153481525767,191.72078888440362,13.846327631700891,0.5710894519404092,-1.1748664378338343,1043,2
142,13.506722545329954,285.70996006688745,16.90295713971042,0.36454128761141313,-2.584756044224954,1043,3
141,15.064965605841461,415.49193623729417,20.383619311527926,0.08213795201949636,-7.091082484481182,1043,4
140,15.875288058125546,449.7389023321023,21.207048411603683,0.013526338214511768,-4.9179250633610145,1043,5
139,16.78063468495719,511.00569241694944,22.605435019414013,-0.11285424204616201,-5.414502522713846,1043,6
138,17.905305772263933,606.9316613613636,24.63598306058363,-0.31295637086750494,-6.862482578318188,1043,7
114,6.201756866877539,59.163674916628594,7.691792698495494,0.6157708357055562,-0.03835429015912508,1045,1
111,8.800976328887382,118.79720807566896,10.899413198685009,0.1979671412957721,1.3436957003028542,1045,2
108,10.4941823904713,162.98347832912506,12.766498279838723,-0.12686169007318182,1.4107087168980528,1045,3
105,9.983323679651534,155.5501483087201,12.471974515236957,-0.15728220481504263,0.06331050736563547,1045,4
103,10.037831974261016,165.67728992040966,12.871569054330932,-0.21805063012702286,-1.0006865864818535,1045,5
101,10.537718497880615,178.5443005221886,13.362047018409589,-0.29345082482924956,-2.6378040396341005,1045,6
99,10.303479317462806,181.9845497343331,13.490164926135376,-0.3096813561514262,-2.8747043874528675,1045,7
144,4.78081879339556,36.878134857306215,6.072737015325644,0.8031902196188009,-0.02490075395972882,1046,1
143,7.119432667309379,77.38601867695519,8.796932344684436,0.5823192018232666,-0.533186106356447,1046,2
142,8.511315388893577,112.57382792531831,10.610081428778873,0.38904824097939417,-0.7145573381387013,1046,3
141,8.80378767389289,122.52446230876046,11.069076849889536,0.3349822546376977,-1.0973343858132072,1046,4
140,10.022419731159296,157.25894085659758,12.540292694215617,0.15001839634475223,-0.9886197548359632,1046,5
139,10.135304276570142,163.653129550939,12.792698290467849,0.11840541768086965,-1.1919387119065086,1046,6
138,10.498376280825207,181.11379275796625,13.457852457133205,0.028715876389438955,-1.4467890157863714,1046,7
117,4.715130562965687,34.49248761842104,5.873030531030895,0.8483364269363491,0.8361518357554053,1047,1
115,7.6243867822315385,94.10245275633118,9.700641873419055,0.5927555600028269,0.3178072690963745,1047,2
113,9.35936399371223,128.74653087248302,11.346652848857367,0.45068381785989575,0.6969933520376155,1047,3
111,9.741202527875299,145.8528026455123,12.076953367696353,0.3849552838815423,0.19036669720400562,1047,4
109,10.58642367840907,187.92569376389227,13.708599263378161,0.21344480174755354,-0.15304688001991412,1047,5
107,10.947825463018685,207.1072418844841,14.391221000474008,0.1326670060678361,-3.3786680364163124,1047,6
105,10.657543393543788,224.9166479382703,14.997221340577404,0.053569828719113866,-4.3261813458942235,1047,7
144,7.604586123799284,101.94448424151497,10.096756124692472,0.8147510443526464,-0.33530136115021175,1048,1
143,12.0299486459552,233.01517626880712,15.264834629592524,0.5786257004810018,-0.6948996041412954,1048,2
142,14.542500599851492,339.5223979083742,18.426133558301757,0.3897050510585828,-1.8746406370380395,1048,3
141,15.778532700652772,444.6862055393468,21.087584156070292,0.20613278800717338,-6.880443947852081,1048,4
140,17.53586275928787,549.2487817779885,23.436057300194257,0.02640288499554888,-4.131829552671739,1048,5
139,17.636206891039294,562.5129904886164,23.717356313228006,0.010011617180742394,-4.812736778808155,1048,6
138,18.324679899690807,610.7575036188372,24.713508525072623,-0.06775597124526289,-5.6255089787469394,1048,7
144,5.134021722401182,50.13334573309846,7.080490500883287,0.7840830497920362,-1.2789571882329054,1049,1
143,7.220788234414963,80.39928433257131,8.966564801113709,0.6515279454391358,-1.4570904609884,1049,2
142,8.645258461663001,117.85746202153071,10.856217666458733,0.4886524661219487,-1.7282634465102578,1049,3
141,9.777455641339857,148.3727390233156,12.180834906660364,0.35856201668243903,-3.1215237766927015,1049,4
140,10.971629438762154,218.36464666896745,14.777166395116739,0.06053373784676874,-4.045719746500254,1049,5
139,10.775278619939474,207.04525136746813,14.389067077731903,0.11230993281025137,-3.377612470079669,1049,6
138,10.837691038307073,220.25182759737453,14.840883652848119,0.06068212918067395,-3.647706504965174,1049,7
129,4.999447941087013,38.84094665084546,6.232250528568749,0.7501509014566563,-1.572764907234399,1050,1
127,8.284172328907674,102.43661664780161,10.121097600942381,0.33461147491804544,-2.815303958776429,1050,2
125,9.41893531703949,123.60729467115321,11.117881752885898,0.18910609522912414,-2.9100648069381716,1050,3
123,9.954834473811514,141.36984723087934,11.889905265849654,0.06627497641154545,-4.0251849695919,1050,4
121,10.474966910259782,172.77939523992987,13.1445576281566,-0.13694295033600867,-4.431220029011246,1050,5
119,10.417103052139282,171.06439062063194,13.079158635808037,-0.11265299994991795,-4.54475751644423,1050,6
117,11.058233202013195,205.3086551450141,14.3285957143404,-0.31940298829790015,-5.48047555409945,1050,7
144,4.665683251702124,34.481056229148265,5.872057239941404,0.7060233063786232,-0.44018851013647187,1051,1
143,7.139901445878969,75.7726082875995,8.704746308055135,0.34846972178620683,-0.03294789082520492,1051,2
142,8.413837818245232,98.68851256475273,9.934209206814236,0.15080994802308956,0.37311419577036103,1051,3
141,9.189679724104861,117.76267398585642,10.851851177833966,-0.011923677055985182,-3.2598023262429745,1051,4
140,9.111103095087621,118.0914206652094,10.866987653678889,-0.010485072542092633,-0.6682567638744201,1051,5
139,9.534810608346685,128.91813084352015,11.35421203093901,-0.09939837462107759,-2.19216704851003,1051,6
138,9.361273621627387,131.7569748330202,11.478544107726389,-0.11587799156337475,-3.8144883222985957,1051,7
144,5.058088328689337,42.64801056394333,6.5305444308988,0.6865902869771121,0.9349888167861435,1052,1
143,8.034326948329703,93.64784737743325,9.677181789004134,0.31056713977922,0.38543782414464683,1052,2
142,9.51415620576328,133.49567414461075,11.5540328087041,0.02074134674445649,0.5436548792140584,1052,3
141,9.765963474381055,140.52120618528835,11.854164086315338,-0.026706590939537866,0.06378896048305728,1052,4
140,10.224964545826827,156.63024670563308,12.515200625864257,-0.13859754429367732,0.3365260050232921,1052,5
139,10.478107595454446,156.43879000165322,12.507549320376603,-0.13309616629305254,0.782946713483162,1052,6
138,10.735942661978196,167.36210466149814,12.93685064695029,-0.2037365246144538,0.5258737584387047,1052,7
129,5.7608710993514505,51.059610588501585,7.145600785693362,0.7250257689471359,-0.17406847096921862,1053,1
127,9.964369814226947,133.94800287361704,11.573590751085725,0.28689321413601965,0.6468115807987573,1053,2
125,11.824672277271748,182.36069180026195,13.504099073994604,0.03872038016544965,1.4940543187260629,1053,3
123,11.897032290030786,185.35828843500798,13.614635082697149,0.030078500867455893,-0.32479142421871665,1053,4
121,12.759201803914278,218.2502137348706,14.77329393652176,-0.1260508230785653,1.5955772171458922,1053,5
119,12.664165620355545,214.52972315507756,14.646833212509712,-0.10023688224092742,0.7810978787411161,1053,6
117,13.046114206314087,231.6152266435718,15.218910166091781,-0.19391654978403383,1.2077127241680765,1053,7
144,4.333953115261263,30.828019377513986,5.552298567036357,0.697490295367361,-0.6311135035422113,1054,1
143,6.957171939782329,71.32950733122372,8.445679802788153,0.2943931082045058,-0.6427948461337523,1054,2
142,8.169408678798609,98.9885993314368,9.949301449420297,0.02186896121126025,-0.3578500879902235,1054,3
141,8.320633391539255,103.34172440405608,10.165713177345507,-0.018893370122056607,-0.7439460623348858,1054,4
140,9.727417711594276,145.05179367961324,12.043745002266249,-0.42218494919636407,-4.641143239502396,1054,5
139,9.650574448350952,144.6194222497627,12.025781565027808,-0.41385308803268406,-3.498007307646515,1054,6
138,9.522189265467983,130.0569552214669,11.404251629171767,-0.2649178316714207,-1.8522783741354942,1054,7
144,5.549177394002779,49.394830659923606,7.028145606055953,0.6913535537192768,-0.7163680323218513,1055,1
143,9.443052941112668,129.716720428477,11.389324845155528,0.18629165026516148,-2.2432859326888632,1055,2
142,10.953149553388357,168.17643499365775,12.9682857384335,-0.05180210330999624,-2.4907914405872282,1055,3
141,10.785022985533619,171.32668094779999,13.089181828815734,-0.0672789177720281,-3.405967446030877,1055,4
140,11.608736348844,194.6013244678266,13.949957866166715,-0.20397393933288188,-3.568809279426932,1055,5
139,11.55272810335318,201.25221073275682,14.186338876988552,-0.2402339140858334,-4.177135612494011,1055,6
138,10.076973478620252,156.87675816995545,12.525045236243878,0.03356638295280867,-3.5921835614557285,1055,7
144,5.716182272622569,53.833632894261505,7.337140648390319,0.6476775673765012,-1.9392174117577572,1056,1
143,8.971087450330907,118.39762702463491,10.88106736605536,0.22150314199464505,-3.103038122603943,1056,2
142,10.457258649275337,157.97702154205808,12.568891022761637,-0.0360217926652151,-3.4940190802157765,1056,3
141,10.02303323614682,156.225948045345,12.499037884787173,-0.020654110262053216,-4.277345168463727,1056,4
140,10.981297574937344,175.10329494373482,13.232660161272745,-0.13642019171635233,-3.708504487999848,1056,5
139,11.101020844505845,176.77671202459484,13.295740371434562,-0.14285074884547266,-4.403061080536396,1056,6
138,10.410919793382071,171.2641471233228,13.086792850936504,-0.10697033535814016,-4.736413471184779,1056,7
144,4.184719459567633,28.94883344932916,5.380412014830199,0.7004686004766703,-0.47902821304483545,1057,1
143,6.573471522831417,66.79212823825637,8.17264511882514,0.3009191279391792,-0.5932301874760981,1057,2
142,8.033169558140594,98.14236739699201,9.906682966411715,-0.02702887535892584,0.720967024564743,1057,3
141,8.121232515425547,99.89171269885958,9.994584168381373,-0.043764730042216815,-1.136613572214512,1057,4
140,9.269359784041132,130.8250974701739,11.437879937740817,-0.35839651954580054,-2.3170768298208713,1057,5
139,8.537072271859046,111.77482285771512,10.572361271623057,-0.1601326499145037,-1.8504448218954552,1057,6
138,8.433224864196086,115.8806945600527,10.764789573421893,-0.19540558281172138,-2.263599466154541,1057,7
135,4.702291959468965,34.5835411927961,5.880777260940606,0.5352918003045807,-0.06355948199828466,1058,1
134,6.50826681410866,67.06262678719165,8.18917741822655,0.10350302609601258,-0.28033951186199685,1058,2
133,7.355001341243436,86.47626504349228,9.299261532159006,-0.16112887752904248,0.820089347716561,1058,3
132,6.963403026827357,78.34403225095527,8.851216427754734,-0.06279368684067177,1.034129472957416,1058,4
131,7.675853660259083,92.93900580880107,9.640487840809772,-0.2851761693793675,1.2523168049582087,1058,5
130,7.410215296080479,83.22360458933237,9.122697221180388,-0.15465894279152814,1.7941911994264677,1058,6
129,7.458104465185672,87.4295769018396,9.350378436290137,-0.21186484168559572,0.8472660100159719,1058,7
129,5.645856892184693,48.00066733701252,6.928251391008595,0.6071248480533187,-1.9524138810098632,1059,1
127,7.830238645470987,92.90314632401291,9.638627823710847,0.2126259898070887,-3.3086004595118244,1059,2
125,7.923028801202774,93.2648315714384,9.657371877039758,0.19020526408065697,-2.531182549715042,1059,3
123,8.471302033439885,105.88152287721644,10.289874774612976,0.06590315003457936,-2.3080046356208928,1059,4
121,8.468536633844218,111.69649230525812,10.56865612579282,0.00015690265808354642,-1.7045541260360686,1059,5
119,8.976640957243303,127.90844276857685,11.309661478955807,-0.15124584041666678,-1.6797842754035437,1059,6
117,8.883635283535362,129.1899984138637,11.366177827830413,-0.15088788074604298,-1.6580739204700177,1059,7
144,4.483381889191353,32.81275235589659,5.728241646080985,0.5388984527151464,0.10173724586558011,1061,1
143,6.481054041039694,67.1708538630003,8.195782687638827,0.03264106589406879,0.902161186495861,1061,2
142,11.099393366298205,284.71080103459445,16.873375508018377,-3.1531131028986374,6.332974099777114,1061,3
141,13.576967524721267,509.54568734872373,22.573118689023094,-6.49701165259778,8.478672272136025,1061,4
140,7.775234070899231,96.73214363002062,9.835250054270132,-0.42809743104513576,1.4636777701654604,1061,5
139,7.339524894416761,88.76985310696355,9.421775475299947,-0.31554586733690515,-0.08465879887556858,1061,6
138,8.021058363111123,101.65793204721629,10.082555829114773,-0.5006998878724387,0.08440516543561134,1061,7
144,4.917996391188353,40.47584592539201,6.36206302431782,0.5874543271024881,-0.041925892492549285,1062,1
143,6.766977002179915,73.31645344466597,8.56250275589246,0.24299795546360914,0.13704470365301713,1062,2
142,7.790332881917416,95.33553103425344,9.763991552344432,0.010763928278534451,0.553862815119431,1062,3
141,8.019075582160594,99.38601582780063,9.96925352410102,-0.03419329569341212,-0.38707103548531835,1062,4
140,8.734087268103446,113.74979870839725,10.665355067150706,-0.18201397228024963,0.6016014872384923,1062,5
139,8.869117167249,114.99387522672541,10.723519721934837,-0.19338474489371582,0.5809955518665931,1062,6
138,9.121307876554953,126.43103437369464,11.244155565167828,-0.3044276414470144,-0.1864131888833599,1062,7
129,4.802475165258082,38.76359279129109,6.226041502535225,0.6164878094455094,0.380797709143439,1063,1
127,7.271191948159474,80.36621062743146,8.964720331802408,0.20452265874161046,0.8837184087028653,1063,2
125,8.465842052817345,111.34040902694082,10.551796483392808,-0.09978743303503634,1.651188112616539,1063,3
123,8.560623833440184,110.3680102949727,10.505618034888414,-0.08943626353989664,1.4251490944042438,1063,4
121,8.963135688511793,122.67365275599742,11.07581386427189,-0.19576574692023274,1.3835561813648083,1063,5
119,9.037893963586383,122.12479184521852,11.051008634745452,-0.18033057951268106,1.7332507537192656,1063,6
117,9.319526777690292,135.31591662510107,11.63253698146286,-0.33068377424834217,0.26815155708891714,1063,7
144,4.17519052241308,29.028514254373995,5.38781163872439,0.5968133929424946,0.49300277742764187,1064,1
143,6.533840395145483,64.55738145052771,8.034760820990735,0.07711586379113256,0.6334095574342288,1064,2
142,7.206683192769407,77.75250781202078,8.817738248100857,-0.13080711307857618,1.8530200322119283,1064,3
141,7.428359792270559,82.96618902026154,9.108577771543784,-0.221208349436677,0.20798540104788246,1064,4
140,7.836472647850003,98.3564046769287,9.917479754298906,-0.4541697235546658,1.6448403348880154,1064,5
139,8.1346077327248,100.4145528414605,10.020706204727315,-0.49252357926926704,-0.5799871305767581,1064,6
138,8.565581186472073,110.67157242502724,10.520055723475386,-0.6407409596887901,-0.037288783523051636,1064,7
144,4.160748328910106,28.508223648791994,5.339309285740244,0.6594748042203853,-0.46464345200608176,1065,1
143,5.599754427279626,48.731569117654956,6.9808000342120495,0.4080494294122162,-0.910268583497801,1065,2
142,6.255609902854957,68.18660555515551,8.257518123210842,0.16733686945343784,0.0281215009450073,1065,3
141,6.460464447842422,70.56039736128925,8.400023652424393,0.13760679718072721,-0.12583465831922303,1065,4
140,7.20714412198535,84.21242496553356,9.176732804518913,-0.026920953067668618,-0.22806722090712617,1065,5
139,7.359107976497935,86.64569607809555,9.308366993092589,-0.05859578458476844,0.06829335808539562,1065,6
138,8.023381355987942,97.8160762467049,9.890201021551832,-0.18781735014468226,-1.0196198755200359,1065,7
144,4.864788360324585,39.2840042986334,6.267695294016246,0.6198203148909319,-0.3792350914639731,1066,1
143,8.200706085020846,130.0805596827653,11.405286479644662,-0.27400359992896184,0.7809562217313927,1066,2
142,8.612185940671136,108.47672481815071,10.415216023595033,-0.06533446267145848,0.42481212475350205,1066,3
141,8.948201600435779,125.50671687938932,11.202978036191507,-0.23257261610870117,-0.06333647309042884,1066,4
140,9.539950091604675,135.48888636345785,11.639969345468993,-0.32679588579161467,0.46265257203153204,1066,5
139,9.216771433250509,128.44288008756004,11.333264317378292,-0.25675210617452326,0.5639125490360123,1066,6
138,9.531733794596748,132.0367096184023,11.490722763099035,-0.2840284513234814,-1.440942726381447,1066,7
144,4.779874608800229,36.23424391383089,6.019488675446685,0.5860223756946872,0.6547150725188354,1068,1
143,6.511185554982899,62.799836329652464,7.92463477578951,0.27237692326981866,0.7502800439829593,1068,2
142,7.051328972113175,78.97541109941507,8.886811075938043,0.08176071673871799,0.5436528356824543,1068,3
141,7.57993573362523,90.18047021442702,9.496339832505312,-0.04887544142633127,1.2800817636521995,1068,4
140,8.027972776442766,97.90289252520093,9.894589052871318,-0.13548912501960308,0.9965908039361239,1068,5
139,8.067946455407915,98.91558735451987,9.945631571424705,-0.1468965297273792,1.2849448235343686,1068,6
138,8.584623595888631,112.13510387790542,10.589386378724,-0.2922811776967884,0.8231337963994863,1068,7
129,5.113364970990161,44.87484578156695,6.698868992715632,0.5896392359123206,1.5092828036683013,1069,1
127,10.278952445864208,295.47597674419967,17.189414671366784,-1.7194280720058988,-1.7012448221093088,1069,2
125,8.351835922181607,108.56439775310616,10.419424060527826,0.0028475386280331083,2.9331827953457834,1069,3
123,39.03682004348413,12547.638521076376,112.01624221994048,-113.65775360691329,-26.804742046336575,1069,4
121,11.745031979935598,250.47755517557488,15.826482716496892,-1.2809845064769334,5.711065157586016,1069,5
119,22.184771940112114,2681.8908322181096,51.78697550753577,-23.480175281847366,-11.935874374599017,1069,6
117,10.919015689745036,183.70054816029167,13.55361753039725,-0.653364301541794,1.6171883694732037,1069,7
129,4.219578258462192,25.744019724778944,5.073856494302824,0.5481332838375775,-0.2244668017870696,1070,1
127,5.0376215652511345,38.16601121486577,6.177864616100434,0.2668888179547113,-0.42596192672614036,1070,2
125,5.48423240070045,44.73813469785326,6.688657167014412,0.07513751185654216,0.3567690589278936,1070,3
123,5.455448809178258,45.397192100104924,6.737743843461617,0.054170564668593046,1.0553912369428369,1070,4
121,6.151624324523713,55.33113721941982,7.438490251349384,-0.15044444187727213,1.2954675823696389,1070,5
119,6.066208820539613,55.103952885222746,7.4232036807043595,-0.15299670791711906,1.6416964175633522,1070,6
117,6.171843957060423,56.64052346546926,7.5259898661551,-0.19627163724080687,0.8640137712160746,1070,7
140,6.2010817489985905,63.178696657941714,7.94850279347889,0.6469156186541818,-1.1802348937839269,1071,1
139,8.66526463075722,120.91865224641593,10.996301753153919,0.3270816726996466,-1.7824691725398998,1071,2
138,40.49628934372163,7815.980347054979,88.40803327218052,-42.19258045701464,-28.239970138755396,1071,3
137,10.353432537593546,163.1580981020346,12.773335433708558,0.10359883541952442,-1.2652108152091068,1071,4
136,10.748510142130886,172.4053934853495,13.13032343414851,0.059179888705027994,-0.19487547644359224,1071,5
135,10.430362165360538,162.7228728453232,12.75628758084903,0.11825840463679349,0.23618199819767915,1071,6
134,10.48459115591067,174.91666818652953,13.22560653378625,0.057862719021390396,-1.0383453047764835,1071,7
129,5.3924215707076035,47.72077079091315,6.908022205444417,0.6419860798708013,-1.1070984591072959,1072,1
127,7.889793419587154,102.13591694517793,10.106231589726109,0.23482738577392648,-2.5240772149092923,1072,2
125,8.60257748021558,119.9808977780685,10.953579222248246,0.10920460445213587,-0.20314615039154887,1072,3
123,9.130132880501025,123.93607933968654,11.132658233310073,0.08855322686713218,-0.4103324490379754,1072,4
121,9.338920421521218,133.67247757684544,11.561681433807344,0.030195120778796047,-0.5570434831036639,1072,5
119,9.305521723884745,124.60695239183809,11.162748424641581,0.10710876293667082,0.6082154109510554,1072,6
117,9.829455614973527,150.4334267841519,12.265130524546075,-0.06370913183676996,-1.2305916336436684,1072,7
144,3.974235128197405,27.73790253252458,5.2666785104584255,0.6344326645790366,-0.3366655061642329,1073,1
143,5.319876248811508,48.192834079480754,6.942105882185949,0.36743481784648024,0.05143119009224685,1073,2
142,5.8359673277173245,59.65561973623858,7.723705052385065,0.22113924269540253,0.23294485895566538,1073,3
141,6.600390244513116,67.73252885694184,8.229977451788178,0.12127536267413064,1.3678753080625905,1073,4
140,7.274944090204579,77.04831431918294,8.77771691951745,0.0067746378268345175,1.6687491860772883,1073,5
139,6.938792774574362,69.62964745647962,8.34443811508478,0.10644176972491348,1.4814485468023972,1073,6
138,7.2437469397766,81.97364150633705,9.05392961682037,-0.044433619463010166,0.32763289800588635,1073,7
129,4.581663671187883,35.54879586929271,5.962281096131975,0.637818695218943,0.3321498382634433,1074,1
127,6.394545144394157,67.65668024078805,8.225368091507397,0.3130053512063842,-0.2664203037779162,1074,2
125,7.572008641451597,92.28849499166449,9.606690116354565,0.07026266803961989,1.024545135051012,1074,3
123,8.220516751815634,97.9001682550056,9.894451387267795,0.022634011814857247,1.6567307695504125,1074,4
121,8.32112219024542,97.92437407870673,9.895674513579493,0.030350703600409257,1.2057086806898274,1074,5
119,8.34537859217209,99.4013669300114,9.970023416723324,-0.00128286324872251,1.7931525771733092,1074,6
117,8.410948148522621,108.01792710598066,10.393167327912154,-0.1602284280640769,0.6276993829215693,1074,7
144,4.710657656438546,35.11410256151763,5.925715362850095,0.6456714689839393,-0.3641067499734668,1075,1
143,6.447326457062801,67.34272382637064,8.206261257501533,0.3174149759618393,-1.326574123301706,1075,2
142,7.49986586244908,92.85615796156046,9.636190012736385,0.06004817560656894,-0.5620151260526667,1075,3
141,8.180585511993115,98.67380643753725,9.933469003200104,0.00441555997716736,0.3332216356161004,1075,4
140,8.283109740593604,102.86035495781765,10.142009414204743,-0.032635770406271636,0.11750866669629301,1075,5
139,8.207164569590375,101.85093437154492,10.092122391823482,-0.01875985374018585,0.6096044183313418,1075,6
138,8.574252077162374,113.41052508315171,10.64943778249123,-0.12650386879003417,0.31265270252428623,1075,7
129,5.14864337678219,46.76083190052168,6.838189226726742,0.5874588204272003,-0.08632211678827456,1076,1
127,6.8113642079447665,78.33504358571098,8.850708648786885,0.30515542406102947,0.4947976173437017,1076,2
125,8.047797014325857,100.70515301181908,10.03519571367789,0.11426320272589519,0.7942388562858105,1076,3
123,8.414302600199372,105.490635847209,10.270863442145894,0.08289457178994497,1.3220096976473563,1076,4
122,8.816957407020277,115.55543853812037,10.749671554895079,0.0019165858830691995,1.5057629483187052,1076,5
121,8.558362140882114,109.39285979136822,10.45910415816614,0.06192577511960273,1.5088537452388402,1076,6
120,8.85131700054432,120.56521745336515,10.980219371823368,-0.027772220466884212,0.8071970000552634,1076,7
144,4.671525474741227,37.58133300070412,6.1303615717756905,0.6580707257582707,-0.10684680473059416,1077,1
143,6.50947756450493,70.44527023952608,8.393168069300536,0.35438154549654666,-0.8184625844021777,1077,2
142,7.627042862127574,95.06452686616997,9.75010394130083,0.1286376874992763,-1.1217756240143322,1077,3
141,8.088792309429206,104.45760435895755,10.220450301183288,0.04506456525898528,-1.5587168823637017,1077,4
140,8.523123456165195,111.57386222637246,10.562852939730462,-0.014907401971484546,-0.521755519562534,1077,5
139,8.194200368397098,110.41898176711129,10.50804366983271,-0.0008094932950060141,-1.2703070300195713,1077,6
138,9.014004908286143,130.0803726958707,11.405278282263467,-0.17103908533416234,-1.6920126431446145,1077,7
144,2.823265047640436,15.028355308626105,3.876642272460293,0.3866393386870579,0.16502886017163595,1078,1
143,3.699510887369409,22.91428267947361,4.786886532964157,0.04633601442221613,0.44172689839676543,1078,2
142,4.64420697601958,33.91764212146861,5.8238854832035125,-0.4206714644424303,-1.1406033627269134,1078,3
141,4.772039502832695,35.526598856326224,5.9604193523884055,-0.4834342777597913,-0.6584603890301065,1078,4
140,5.082508347289902,42.914632462672294,6.550926076721694,-0.7930308746791335,-1.4277165749243328,1078,5
139,4.900222353422813,39.05173869365093,6.24913903619138,-0.6231867435243721,-1.4851036625478764,1078,6
138,5.046877396063528,42.65686129635292,6.531222036981512,-0.763233796090907,-1.694230913899947,1078,7
144,2.472274677310553,12.53892533737261,3.5410345010141615,0.42474016027914063,-0.27202680551757413,1079,1
143,3.6955708595631007,24.45763019040505,4.945465619171268,-0.1479095674068609,-0.8774133117257298,1079,2
142,4.698167132922042,39.79762624928522,6.3085359830379995,-0.8831034676267298,-1.9731745140128572,1079,3
141,5.129033056451074,50.0315913951308,7.073301308097288,-1.356795256758414,-2.8328566049219024,1079,4
140,5.079632380072559,49.94742877292006,7.067349487107601,-1.3448197414122056,-2.974714024471385,1079,5
139,5.219860108207456,49.523683746882206,7.037306569056247,-1.3099585335902693,-3.249709092026992,1079,6
138,5.6552823488263115,59.461154072920415,7.711105891694162,-1.7539239928159454,-3.048004122747891,1079,7
144,2.632539376616478,13.046500258245734,3.6119939449348104,0.43458049361300344,-0.1572044077846739,1080,1
143,3.6193522060667718,22.02178722782008,4.692737711381287,0.027051924041864628,-0.3515938699662269,1080,2
142,4.646704358534074,33.94749453159625,5.826447848526257,-0.5132780345653207,-2.149246958359866,1080,3
141,4.958079740088037,37.68431473955673,6.138755145756893,-0.677042339863744,-1.5489142532889724,1080,4
140,4.731349086761474,39.52385080811791,6.286799727056518,-0.751363022684256,-1.7231351324490138,1080,5
139,4.481557688267111,34.41903186172459,5.8667735478476235,-0.5156837604622762,-1.9355284944712687,1080,6
138,4.7081393068251405,36.08845202135933,6.007366479694687,-0.5805940346609462,-0.1452940715395886,1080,7
144,4.8998723021811905,40.6702116488274,6.377320099291504,0.6195768914348159,0.8077115110225148,1082,1
143,6.743230651152301,74.6998131624922,8.642905365818384,0.2950747816218746,-0.20072739540071755,1082,2
142,7.609889608086415,90.32329488921722,9.50385684284108,0.1465296192776182,1.3729508558524326,1082,3
141,8.437441147811024,111.89998514167407,10.578278930982774,-0.053375939882712053,3.1589490314747426,1082,4
140,9.741911540712628,149.86308504899478,12.241857908381178,-0.40263306259300946,4.08352397935731,1082,5
139,9.300531670665569,128.53883167446648,11.337496711111605,-0.19932603975453134,2.594772803376047,1082,6
138,9.214491548097651,125.62287777493614,11.20816121292588,-0.16742509562140961,0.5382024660922479,1082,7
144,2.6358765732083054,13.179108579178063,3.630304199261828,0.2113408198997727,-0.7330224716828929,1083,1
143,4.9563771610285015,38.170682364560605,6.178242659896146,-1.3365557493632165,-2.400250062971682,1083,2
142,4.505680516572066,34.75686644374193,5.895495436665347,-1.1546104435546414,-2.5612756223745747,1083,3
141,3.9859373070669513,26.27017086331521,5.125443479672292,-0.6182778084424965,-1.1499778378939798,1083,4
140,5.105435479538781,45.5332448726255,6.7478326055575435,-1.7857529622377672,-2.569313631738935,1083,5
139,4.615906932371126,36.525059487971916,6.043596568929127,-1.2191473387528151,-2.249460631137272,1083,6
138,4.719258052931315,35.053299654147786,5.920582712381256,-1.1144886591817258,-0.7052704713482788,1083,7
144,2.9268582456020846,15.825805446292813,3.9781660908379397,0.3990336659488838,-0.3137666153618031,1084,1
143,3.6230585195801477,22.150718075435872,4.706454937151302,0.14590882294851948,-0.22571196297665577,1084,2
142,4.061959122687998,26.599964124573933,5.157515305316498,-0.026311501510319246,-0.8713837908187383,1084,3
141,4.080024642724517,26.542194436813098,5.151911726418951,-0.019481779718447,-0.5419893759362241,1084,4
140,4.6301200777292255,33.07927143963701,5.751458201155339,-0.274060517063085,-0.5967910328081676,1084,5
139,4.29849509283793,28.474714940947262,5.336170437771573,-0.09673662201978983,-0.19999194316726795,1084,6
138,4.309865146443464,32.19504076489693,5.674067391642166,-0.23136727507313903,-1.2988169832506042,1084,7
144,2.875342504845725,15.166894269096973,3.89446970319413,0.30201307796268007,0.39652383099827504,1085,1
143,3.935144679112868,25.1315831006196,5.013141041365144,-0.17751012454897008,0.79237318080622,1085,2
142,3.9918786127802353,24.029331250905546,4.901972179735983,-0.14097906865973586,-0.09409594787678248,1085,3
141,4.108085566378654,25.3062342084046,5.030530211459285,-0.1952676979494481,1.0563859178664836,1085,4
140,4.662535772153309,32.355390518918234,5.688179895091068,-0.518976829443925,0.7818629801273346,1085,5
139,3.9464002616113896,24.636354538458683,4.963502245235584,-0.14845892227867385,-0.643065641252257,1085,6
138,4.206156455952188,29.000974761294817,5.38525531068814,-0.3478417898409609,-0.5702106037001679,1085,7
144,2.3829566832217903,12.704653562092322,3.5643587869478464,0.19694385927191438,-0.09938132721516821,1086,1
143,3.1464857033916287,18.88981798668637,4.346241823309693,-0.20735499083550302,-0.35647422492087305,1086,2
142,4.208549646844326,31.861437693894093,5.6445936695119245,-1.0605881586963517,-2.0799195141019955,1086,3
141,3.3648554505185877,20.397123335219966,4.516317452883484,-0.32608229229910046,0.3652760834558636,1086,4
140,4.3027427490268435,36.38490795754556,6.0319903810886135,-1.3551569617458625,-2.0849825096981864,1086,5
139,5.253392144072827,51.897244602968705,7.203974222814009,-2.335374036463732,-3.4107845292674552,1086,6
138,4.838329792022705,45.56983236999203,6.750543116667875,-1.9123730875203888,-2.789359044337618,1086,7
144,2.61336924885917,13.601404221846416,3.688008164557993,0.2183016781101016,0.023787285149511363,1087,1
143,3.379388901320371,19.569743704203873,4.423770304186676,-0.1359212088011288,0.5808848826201646,1087,2
142,3.631256922449864,20.652052686666945,4.5444529579110995,-0.20186503916366072,0.31613268860628907,1087,3
141,4.04971922648714,23.672844028178073,4.865474697105933,-0.38075902691242125,1.8651472928253472,1087,4
140,4.267234120198658,28.293694351049815,5.319181736982655,-0.6627972741637076,0.05849777204649789,1087,5
139,3.7895163867971022,22.88416262524448,4.783739397714353,-0.34051273256429915,0.5516170301883341,1087,6
138,4.351936851938565,28.82562531882502,5.368950113274011,-0.6812209757511503,1.2552207313154056,1087,7
114,2.9284796669033537,16.537982959788202,4.066691893884783,0.19159706152110934,0.0668215822232397,1088,1
111,3.4496414586901665,21.365959087851884,4.622332645737635,-0.1127947150170705,0.7141411856890799,1088,2
108,3.856669625888268,23.509858075798643,4.848696533688064,-0.28028267845185084,0.8357696468355479,1088,3
105,4.407674591030394,28.21384871711479,5.311670991045547,-0.6801170683918827,2.4655777730402493,1088,4
102,4.831335004638223,33.93717408620836,5.8255621261993555,-1.0929783464810097,1.5854515579401278,1088,5
99,4.3171705760137,27.9513054612562,5.286899418492488,-0.7884230362338414,1.9061357303701265,1088,6
96,5.00560317778339,36.12786578400358,6.010646037158034,-1.2551636312252996,2.4313940769061446,1088,7
144,3.0723091570867433,16.329572912764313,4.0409866261550915,0.44316138675491656,-0.23430956403414407,1089,1
143,3.9872986553432224,26.346041090194667,5.132839476371209,0.08929746939240935,-0.6309245999876436,1089,2
142,5.114980907140064,45.60817423277107,6.753382429032956,-0.5979918936104176,-2.794381429139577,1089,3
141,5.273437381213438,47.738493076142916,6.909304818586521,-0.6680907903163931,-2.3028191002548164,1089,4
140,5.57860954818981,54.45022550940663,7.379039606168721,-0.9129972516914986,-2.3800951005092688,1089,5
139,5.606965084298909,52.4071450088044,7.239277934214462,-0.8305910731106938,-3.130928358156904,1089,6
138,5.848339097979276,54.21198212951574,7.36287865780197,-0.8931230668258259,-1.9761479981783507,1089,7
144,4.907113630479823,41.195086282124485,6.4183398384726,0.68993365459132,0.29295541703080136,1090,1
143,7.290679430836565,79.95735686659656,8.941887768620033,0.3941611458568184,0.21029372898848742,1090,2
142,8.377980725236341,105.91639038464139,10.29156889811468,0.1969396131415837,0.6316606205114177,1090,3
141,8.516788138565442,111.29012822861144,10.549413643829283,0.15703751104242225,-1.1320283357978713,1090,4
140,9.448365864955953,133.28742225247578,11.5450172045119,-0.005715354455451127,0.49920204478715147,1090,5
139,9.28050967525664,127.27178977555045,11.28147994615735,0.04284799545242901,0.543540531032377,1090,6
138,9.723836860794952,141.38482194360398,11.890534972977624,-0.056523676048794824,-0.4692179399771967,1090,7
129,3.6345331283907094,21.380076995017205,4.623859534524941,0.467425641446219,-0.5035988371674867,1091,1
127,4.920394654466412,37.032592684182326,6.085441042700383,0.057730074843798995,-0.9987020802896792,1091,2
125,5.414808411598205,44.963821836556924,6.705506829208134,-0.14870039426123483,-0.8330137144327163,1091,3
123,5.69579807711326,47.479222185056194,6.890516830039398,-0.20882202376207992,0.12404174133529508,1091,4
121,6.08655488023088,52.20282472832242,7.225152228730023,-0.31695873661371343,-0.9287745216168648,1091,5
119,5.928424455162857,51.40202463215791,7.169520530144112,-0.27991388159476704,-0.4502645379104534,1091,6
117,6.141615573667053,56.83109399891099,7.5386400629630135,-0.4085928944591799,-1.205484995475182,1091,7
144,2.637024505270852,11.253786511966233,3.354666378638304,0.43387876405001946,0.5133435957961612,3901,1
143,3.521432299713988,19.254213570807522,4.387962348380797,0.009140931095619531,1.1928625406918827,3901,2
142,4.113330256771034,24.499740626744714,4.949721267581106,-0.30073739805429156,1.5913658209250008,3901,3
141,4.239037730169635,24.99454919849347,4.999454890134871,-0.32554968405003826,2.0363376766231887,3901,4
140,4.622437763214111,29.500776456963674,5.431461723787039,-0.5797711130129424,1.574185507638114,3901,5
139,4.289038356259573,25.51308419818244,5.051047831706055,-0.3698034134777042,1.9495546148835325,3901,6
138,4.750020227570465,30.65829613669381,5.536993420322424,-0.6456206409291518,2.310283543407053,3901,7
129,3.819517762624016,30.83078249525654,5.5525473879343465,-0.6220597622816915,-2.0993118207584054,3902,1
127,6.788487936568073,132.8564632622915,11.526337807920237,-6.028202796676777,-5.794427482161935,3902,2
125,7.442328020095825,116.32513973382275,10.785413285258139,-5.145544757163468,-6.75769347190857,3902,3
123,6.441875722834735,66.3747967841192,8.147072896698495,-2.496405130513233,-5.931809598352851,3902,4
121,5.752709673455924,105.2870349023582,10.26094707628678,-4.598011126751208,-3.6915406973893976,3902,5
119,6.136952275112898,108.35331471342784,10.409289827525596,-4.790794822612698,-5.182393562768688,3902,6
117,5.7531062252501135,95.67693993136398,9.781458987869037,-4.028622901432067,-4.200117660383893,3902,7
129,2.916381614152775,14.356514678477362,3.7889991658058415,0.23892857274563284,0.48440047567204914,3903,1
127,3.7067222895584706,21.23564117391006,4.6082145321056895,-0.12863185152196688,1.2082155332790585,3903,2
125,4.201992332458496,25.917984519510334,5.090970881817174,-0.37263800113299883,1.9857458114624023,3903,3
123,4.541855145276077,29.385326824732754,5.42082344526482,-0.5468199542339827,2.67507467037294,3903,4
121,4.621861725799309,29.45903175656395,5.427617502787383,-0.5580078663609915,1.9292031516713544,3903,5
119,4.409211198822791,27.50652189953382,5.244666042707945,-0.4610963831023165,2.28518641495905,3903,6
117,4.893461822444557,33.76608710244482,5.810859411691598,-0.7644410512636479,2.8883205560537486,3903,7
144,2.8672805494732327,13.961133189326903,3.736459980961512,0.31630873465220843,0.40969906912909615,3904,1
143,3.7095249482801744,21.653433027721587,4.653324943276752,-0.07171386890327525,0.985913343362875,3904,2
142,4.476722797877352,28.750553760735936,5.361954285588039,-0.42015446057793926,1.8721554178587148,3904,3
141,4.845520797350728,31.525683867470725,5.6147737147164465,-0.5464165181237455,2.6167908864663847,3904,4
140,5.052132041113717,35.05802950802305,5.920982140491816,-0.7084773113281533,1.6758921555110387,3904,5
139,4.880299472122741,32.936150649876204,5.739002583191282,-0.5977848930597851,2.307602745165928,3904,6
138,5.361919596575309,40.56434369905951,6.369014342820992,-0.9601472126768111,2.717862087747325,3904,7
129,2.7821198190136474,13.060356395195273,3.613911509043252,0.32849489687207634,-0.8107940368643103,3905,1
127,3.8704461436572037,24.189558257849058,4.918288143027923,-0.2602260485538812,-2.298210344445987,3905,2
125,7.139484480381012,71.71465825451442,8.468450758817365,-2.822754519068209,-6.936637869358063,3905,3
123,6.650731026641721,66.63856479973687,8.163244747019219,-2.5568559156401065,-6.380899787918339,3905,4
121,4.641126191320498,28.86731939063127,5.372831598945873,-0.590777424570343,1.7894013144753196,3905,5
119,4.236771391219452,24.502736539945154,4.950023892866089,-0.3604208666489077,2.019520439019724,3905,6
117,4.7267141586694965,29.578236444432033,5.438587725175722,-0.6390339229843007,2.566551534538595,3905,7
129,2.6732690241909767,11.390272307367205,3.374947748835114,0.4353409537506834,0.5530088299004606,3906,1
127,3.5040957796292043,18.907798535372034,4.348309848133184,0.046912795477647595,1.399385418478898,3906,2
125,4.181936492919922,24.91932062512255,4.99192554282639,-0.2917744472428414,1.8370828704833984,3906,3
123,4.3503598158921655,25.995560267577563,5.0985841434242865,-0.3534167085748219,2.208519028454292,3906,4
121,4.662183312345142,29.676418930253487,5.44760671582058,-0.5920035039987064,1.8510713892534745,3906,5
119,4.312762468802829,25.660505305852954,5.065619933024284,-0.3900655979844063,2.0373711545928184,3906,6
117,4.775864568531004,30.03942468184434,5.480823358022437,-0.6202573359855013,2.5298764726035614,3906,7
129,2.979021190441856,14.719049463130103,3.836541341251271,0.2135773551340231,-1.7069910388122234,3907,1
127,3.4477331206554505,18.338866944645737,4.282390330720185,0.011288534151649321,1.2078215381291908,3907,2
125,4.080424293518067,23.504402024631833,4.84813387032906,-0.28257952236819883,1.6917776412963867,3907,3
123,4.375808273873678,26.175158884551834,5.11616642463396,-0.428507843892604,2.3765248942181345,3907,4
121,4.633424506699743,28.693309803899904,5.356613650796547,-0.6145022352197893,1.7562030603077785,3907,5
119,4.195092642006754,24.512525042516895,4.951012527000603,-0.38572167765248255,2.0714019006039917,3907,6
117,4.680870243626782,30.14104310820948,5.490085892607645,-0.6890408512460755,2.5885041473258257,3907,7
114,2.770989049944961,11.965462515145207,3.4591129665197706,0.4395337746075936,0.22197701638205009,3908,1
111,3.3447859394657717,17.552285521155977,4.189544786865988,0.1490790056367267,0.7962168186634511,3908,2
108,4.028957737816705,23.403709982117174,4.837738105986844,-0.17013100895561162,1.2703865898980036,3908,3
105,4.280896958850679,25.217972981903085,5.021749991975216,-0.24106478439705836,1.9505078815278554,3908,4
102,4.565464337666829,28.11516353990994,5.302373387447355,-0.3912386355474895,1.3537718081006818,3908,5
99,4.09065529794404,23.326897712614272,4.829792719425366,-0.22236544696407923,1.7609058148933179,3908,6
97,4.433705929628353,26.45321318041475,5.143268725277219,-0.433373415527049,2.298864030346428,3908,7
129,2.6987229280693588,11.780306169305781,3.4322450625364413,0.35810875704781076,0.4913262359855711,3909,1
127,3.4631492659801575,18.48076796593475,4.2989263736350205,-0.01562917561508237,1.304256446718231,3909,2
125,4.183605812072754,24.231407739975612,4.922540780935757,-0.34692811246484623,1.9423616409301758,3909,3
123,4.390993676534513,26.244823595157794,5.122970192686836,-0.45842593968234224,2.4629356725429132,3909,4
121,4.615562643886598,28.317019441036184,5.321373830228072,-0.6226207224402296,1.8205055520554219,3909,5
119,4.183315854112641,24.512233254347887,4.9509830593880935,-0.41207087268053866,2.132855086767373,3909,6
117,4.711790370126056,30.20034656042705,5.495484197086463,-0.7231501529260362,2.6271265062511477,3909,7
123,2.7040232293974094,12.209300459394901,3.4941809425664982,0.33116083507297134,0.39732960181507637,3910,1
121,3.3754928131734045,18.068868327668362,4.250749148993429,-0.014400191602590873,1.0957935191383046,3910,2
119,3.942511005561893,21.621001464198024,4.6498388643261634,-0.30114191260090073,1.589656717637006,3910,3
117,4.083143527691181,23.009601346538716,4.796832428440535,-0.39757012193091645,2.2748144915980153,3910,4
115,4.598305660745372,28.17806860465084,5.308301856964319,-0.75194271392184,1.9652918940005095,3910,5
113,4.087920788115105,23.68461012459806,4.866683688570489,-0.47709462190592644,2.1109805486898505,3910,6
111,4.694186683173652,31.182865270095185,5.584162002493766,-0.9216544882264697,2.666769147993208,3910,7
129,3.3386946685554446,17.947590411461753,4.236459655356316,0.3745583914691155,0.1891155390776405,3911,1
127,4.085499921182948,25.942190248489048,5.093347646537496,0.08204206280746917,0.7122649846114512,3911,2
125,4.901799339294434,34.65800245603437,5.887104760069619,-0.22611860269965978,1.0403998641967773,3911,3
123,5.080902215911121,36.774214319349824,6.064174661019406,-0.3137475607400919,1.5207532789649032,3911,4
121,5.41079519602878,40.082544387999185,6.331077664031549,-0.45234728126165713,1.003967600420487,3911,5
119,5.106803317029937,37.13372530833655,6.093744768886908,-0.3479203393187362,1.322284986992844,3911,6
117,5.5025194852780075,42.827428390639234,6.544266833697969,-0.5292082141094487,1.6536484498244066,3911,7
129,3.5279692864233207,21.530572698284512,4.64010481544162,0.3738433292825588,0.1417308629945267,3912,1
127,4.324501172764095,29.704866300490128,5.45021708746451,0.11759527847610574,0.5649280698280635,3912,2
125,5.189483047485352,40.502148224896764,6.36412980892885,-0.20522575577450963,0.8198141326904297,3912,3
123,5.63087953396929,45.866034920501356,6.772446745490241,-0.3790851717750239,1.4318618774414062,3912,4
121,5.916156713627586,49.990123916229365,7.070369432796943,-0.5200737348320088,1.019152404848209,3912,5
119,5.56884551649334,46.00453085047583,6.782663993629335,-0.39949177558753823,1.288189198790478,3912,6
117,5.699662868793194,48.691701998954315,6.977943966452749,-0.4564222009129313,1.2823524475097656,3912,7
144,3.1758252713415356,15.995572940320491,3.9994465792557463,0.3445371163752121,0.3380205300119188,3913,1
143,3.944836923292467,24.195207276365874,4.91886239656751,-0.0031390182676260814,0.8420036222551253,3913,2
142,4.642945464228241,30.73494794862019,5.5439108893109195,-0.2748682298321885,1.3400109788061867,3913,3
141,4.857493197664302,32.11274475698607,5.666810810057635,-0.3226415392607094,1.9760682735037296,3913,4
140,5.257915026800973,37.18276449361241,6.097767172794679,-0.5252625506547328,1.3805538381849016,3913,5
139,5.101041183197241,35.46160772350962,5.954964964087498,-0.4462726645416688,1.9032810746337012,3913,6
138,5.477728415226591,41.8408596630071,6.4684511023124465,-0.6955773498518845,2.191834270090297,3913,7
114,3.361560670953048,18.584469681646688,4.310970851403044,0.36490483964649223,0.031019813136050577,3914,1
111,4.146240595224741,27.089894119402317,5.204795300432315,0.04535719160175922,0.39041850803134676,3914,2
108,4.824452391377202,35.780425590194504,5.981674146106131,-0.27256163935450717,0.8235200864297373,3914,3
105,5.0925990695045105,36.88097413784634,6.072970783549542,-0.3312083394176548,1.1927482060023717,3914,4
102,5.466632057638729,42.059517646657966,6.485330958914739,-0.5427175610416763,0.6084021026012945,3914,5
99,5.129149475482979,37.63470541907535,6.134713148882787,-0.38184142977644386,0.9910252214682223,3914,6
96,5.494133412837982,43.14376781701029,6.568391570012425,-0.5517258233640274,1.2568278312683105,3914,7
114,2.677543280417459,12.22096052928329,3.4958490426909585,0.3143475251153113,0.3327265371356094,3915,1
111,3.454524340930286,18.95898638518461,4.354191817683806,-0.08771049855897295,1.1658339285635733,3915,2
108,4.289367145962185,25.88353111836115,5.087585981421951,-0.49278390419927365,1.8927006368283872,3915,3
105,4.703848339262462,29.271286700155958,5.410294511406561,-0.6551506818809474,2.747831108456566,3915,4
102,4.770458529977238,30.545769420898186,5.5268227238530265,-0.7352550687639607,2.0031896011502135,3915,5
99,4.3362002324576325,26.21278552186856,5.119842333692373,-0.4941859585767321,2.3464687424476702,3915,6
96,5.003261138995488,34.36177193595291,5.861891498138882,-0.9711837853889627,2.820772260427475,3915,7
144,2.639656490749783,11.321749090655734,3.3647806898304284,0.41725362288849255,0.38776731491088867,3916,1
143,3.458548945980472,18.59584196511564,4.312289642998906,0.021887057016352185,1.0674469621031435,3916,2
142,4.086321219592027,23.796919773687176,4.878208664426643,-0.28938065440505456,1.6187424256768026,3916,3
141,4.404522699667207,26.26850774413241,5.1252812356135555,-0.418485241583225,2.3820806597986963,3916,4
140,4.636865758895874,29.248597784354523,5.408197276760022,-0.5928146450964187,1.6943803582872663,3916,5
139,4.342510930068201,25.820775558393173,5.081414720173229,-0.4067294411730715,2.095619043857931,3916,6
138,4.819347554358883,31.33335533472704,5.5976205064944375,-0.7054093828235939,2.5158301712810127,3916,7
129,3.1974026559628257,30.16760048789002,5.492504027116413,-0.6064799701636878,-1.4181587408448375,3917,1
127,3.3805920908770224,17.604923645525403,4.195822165622062,0.0377010297955096,1.2730869984063578,3917,2
125,4.032459800720215,23.648901684101475,4.8630136421874735,-0.32695923880632516,1.6623959579467773,3917,3
123,4.244733159135028,24.897678320639233,4.989757340857292,-0.4169634969617133,1.92832712623162,3917,4
121,4.58395038951527,28.673465387950184,5.354761001944922,-0.6758313688115698,1.7392310308030814,3917,5
119,4.186043795417337,24.194922804051593,4.918833480008405,-0.4377037251631295,1.915794132136497,3917,6
117,4.699240439977402,29.87203490727206,5.465531530169052,-0.7522513451352768,2.478965131645529,3917,7
129,2.668647801229196,12.019425829467755,3.4669043582809946,0.32492525796776517,-0.8908550776252451,3918,1
127,3.235573513301339,17.104842123471215,4.13580005844954,0.02302743787222794,-0.8768594565353994,3918,2
125,4.290174530029297,25.69092446308372,5.06862155453371,-0.49209131682748075,2.2829009857177733,3918,3
123,4.664249048000428,28.611506712191723,5.348972491253972,-0.6704812096472792,2.761355066687111,3918,4
121,4.697805664756081,30.09717051805345,5.486088817915132,-0.7998066658376173,2.1266764254609414,3918,5
119,4.437391810056542,26.573688143155174,5.154967327069608,-0.6053856247385065,2.4827952665441178,3918,6
117,4.978530044229622,33.091860764252246,5.752552543371703,-0.9780244646602139,3.0479552358643622,3918,7
144,2.5306606557634144,10.319364356312564,3.2123767456997574,0.3650744109168633,0.38701411088307697,3919,1
143,3.2746115731192638,16.792681186548744,4.0978874053039505,-0.05647496513052186,1.1682635620757416,3919,2
142,3.867458659158626,21.618821287357047,4.649604422674798,-0.3851103822165882,1.8370174018430039,3919,3
141,4.359020327845363,25.438429445337494,5.0436523914062015,-0.6195269964704389,2.6446746934390237,3919,4
140,4.568961811065674,28.64299128300932,5.351914730543577,-0.8276641660266275,1.919218717302595,3919,5
139,4.181038005746526,24.171392222483963,4.916441011797453,-0.532102745562161,2.405039238415176,3919,6
138,4.923468582872031,32.90646403690898,5.736415608802154,-1.075871721314528,2.9490424377330835,3919,7
119,2.8376967726635334,13.292516179102089,3.6458903136411123,0.3580614019048973,0.40307092265922484,3920,1
117,3.5843623723739233,20.114788080689276,4.48495129078224,0.015093713404664366,1.1076332320514908,3920,2
115,4.2627005038054095,27.22805536831843,5.218050916608464,-0.339514934007348,1.8847502998683763,3920,3
113,4.550833229470042,28.699707192631358,5.357210766119937,-0.4250446412248283,2.3827945658590943,3920,4
111,4.795069711702364,31.238911416702894,5.589178062712164,-0.5756834500138088,2.0211813213588954,3920,5
109,4.6480520493393644,29.428281970100407,5.424784048245645,-0.5058678616605479,2.410903256967527,3920,6
107,5.1616514063327115,36.114893038528336,6.009566792916802,-0.82967027766757,2.8682076908717646,3920,7
144,3.2916184862454734,17.601359882138095,4.195397464143069,0.36021056517519834,0.22414102156956991,3921,1
143,4.1335086755819255,26.27491332028265,5.1259060974897555,0.032383232421982155,0.5928834568370472,3921,2
142,4.789472982917033,33.251288910969556,5.766393059007473,-0.22297009852016592,1.0366110465895961,3921,3
141,5.1805639469877205,36.276795992065075,6.023022164334535,-0.32508957934131044,1.7324514050855704,3921,4
140,5.45352988243103,40.84764629014804,6.391216338862896,-0.4832954877036548,1.1148874487195697,3921,5
139,5.3106036700790735,38.45807411740822,6.20145741881763,-0.3874110194818865,1.6585262353471715,3921,6
138,5.587026506230451,43.975342284224595,6.631390674980972,-0.576635744658029,1.9486244243124258,3921,7
129,2.3180627822875977,8.896291853805447,2.9826652265726112,0.4156945008789288,0.4712356227312901,3922,1
127,3.2905492369584213,16.364871257987836,4.0453518089268625,-0.09675456241842606,1.4929121685779,3922,2
125,3.9452489318847657,22.133762330971994,4.70465326362868,-0.524201007481292,2.115715072631836,3922,3
123,4.32994500602164,25.79725489282796,5.079099811268525,-0.7913944751564757,2.6890491470088804,3922,4
121,4.529336298792815,28.617604986120494,5.349542502506218,-1.0360965819442085,2.2675650415341715,3922,5
119,4.157229231185272,23.9284941264215,4.891676003827471,-0.7258999881806381,2.4855171572260497,3922,6
117,4.863819350544204,31.698207083749008,5.6301160808414075,-1.2540711457062312,3.306516370202741,3922,7
129,2.6927340086116347,11.674917717017621,3.4168578719369673,0.40706650879795836,0.42937779241754104,3923,1
127,3.419895277248593,18.267183883914843,4.2740126209353715,0.05876949614903604,1.2075258540356253,3923,2
125,4.180350303649902,24.723677692365463,4.9722909903147725,-0.30343327712516754,1.892989387512207,3923,3
123,4.536163252543628,27.675366188722222,5.260738179069761,-0.463034602361301,2.4817223122449423,3923,4
121,4.707743274278878,29.83217018423468,5.461883391673122,-0.6214219485761063,1.886907120381505,3923,5
119,4.410979294977269,26.44320362764048,5.142295560121032,-0.44867541934022004,2.2294919951623227,3923,6
117,4.890216167156513,32.05700762318874,5.661890816961127,-0.7466170315765139,2.7943390658778005,3923,7
144,2.3707586096392737,9.238465150438383,3.0394843560114575,0.4500078153732876,0.4373886419667138,3924,1
143,3.315491366219687,16.661713231781015,4.0818761901582725,-0.017699560188279895,1.1271326858680566,3924,2
142,3.9052872187654737,22.04903720947646,4.695640234246706,-0.3898780494257583,1.8254319311867298,3924,3
141,4.301506062771412,25.19668208606548,5.019629676187824,-0.5851945639359204,2.4642212576899967,3924,4
140,4.522209112984793,27.99913313076023,5.291420710051341,-0.7727528875458924,1.7258578981672015,3924,5
139,4.197431879935505,23.830186693824604,4.881617221149627,-0.5114017402618718,2.1918179217002374,3924,6
138,4.762211460998093,31.074535459435584,5.574453826110284,-0.9606336667403055,2.7252805889516636,3924,7
129,2.2850352146828823,8.881596156670597,2.9802006906701095,0.4444185341779473,0.5328926115997078,3925,1
127,3.3224120402899313,16.778427290527254,4.096147859944421,-0.0731707305487368,1.443623189851055,3925,2
125,4.0054580612182615,22.76799078144991,4.771581580718275,-0.499851912746452,2.209427375793457,3925,3
123,4.471091154145031,26.655739274725303,5.162919646355665,-0.7784921541430936,2.7501649003687914,3925,4
121,4.556848187091922,28.17807520881135,5.308302479023906,-0.9267941178254775,2.1480174655756676,3925,5
119,4.174365588596889,23.450678465996212,4.842590057603081,-0.6314473592776761,2.39020970288445,3925,6
117,4.787531811966855,30.80616351677646,5.550330036743443,-1.1114036157960934,3.1943790240165515,3925,7
144,2.8539136317041187,13.29591784979552,3.646356791346058,0.3339390044739151,0.25506065289179486,3926,1
143,3.6259596898005557,20.715555606032982,4.551434455864764,-0.04984161579930202,0.8494905325082632,3926,2
142,4.244066507043973,26.101131136174754,5.108926612917312,-0.32959044856535136,1.5181823918517208,3926,3
141,4.621871752096406,28.725034056659105,5.359574055525225,-0.45295575299285296,2.283571980523725,3926,4
140,4.893514217649187,32.745653327631736,5.722381787999796,-0.6577899536570855,1.5405846118927002,3926,5
139,4.58821041463948,29.13248177914616,5.397451415172364,-0.4660605611700508,2.1377922991196887,3926,6
138,5.072344994199449,36.90002363534436,6.07453896483876,-0.843941625183454,2.5969890442447388,3926,7
129,2.972864557606305,14.150312919111196,3.761690167878157,0.31707205549834805,0.36866814221522604,3927,1
127,3.6576793475413885,21.02769409794234,4.585596373204072,-0.028288867108231752,1.0266166371623362,3927,2
125,4.327085884094238,27.200127111427655,5.215374110399718,-0.3312996860519477,1.5785192337036134,3927,3
123,4.667416983503636,29.604823359640037,5.4410314610044335,-0.4522810224399334,2.318133082816271,3927,4
121,4.960894592537367,33.634147195988234,5.7994954259821805,-0.6857658563366116,1.6503444703157284,3927,5
119,4.605341238134048,29.78060460515534,5.457160855715666,-0.5055927887972125,2.102746650952251,3927,6
117,5.068464352534368,36.195270419928846,6.016250528354753,-0.7998557737592678,2.6743866765601005,3927,7
129,3.1808879320011583,15.824824583310408,3.978042808129446,0.33716246775003533,0.3259239640346793,3928,1
127,3.8450941626481185,22.865708972906027,4.781810219248149,0.02445538831568883,0.8795222259881929,3928,2
125,4.566969673156739,29.776004251853877,5.456739342487771,-0.26846193335983504,1.365126121520996,3928,3
123,4.7606045094931995,31.589763730546323,5.62047717996847,-0.3535871351837241,1.9623575830847266,3928,4
121,5.150494323289099,36.133034508083824,6.011075985885041,-0.5779843137232132,1.3710683475841174,3928,5
119,4.886113904103511,33.582392652611105,5.795031721449944,-0.47605421943247195,1.7825288452020212,3928,6
117,5.415668707627517,40.93271405096881,6.3978679300974015,-0.7712639461731146,2.3612746132744684,3928,7
114,3.111932528646369,14.814951384205104,3.8490195354408248,0.3634750957723346,-0.0641575947142484,3929,1
111,3.835199596645596,21.19998241692136,4.604343863887814,0.07079867382494409,0.13350701546883798,3929,2
108,4.3100117930659545,27.87215517649309,5.279408601017077,-0.2380744590006676,0.5632663832770454,3929,3
105,4.3983796891712,27.14339397333326,5.209932242681594,-0.17245242053578758,1.2732380367460705,3929,4
102,4.793024493198769,34.52277336303226,5.87560833982595,-0.4794531853642683,-0.027783936145258883,3929,5
99,4.491270546961313,29.669419016390783,5.4469642018642626,-0.2575170569002112,0.8253641995516691,3929,6
96,4.877886672814687,35.9210900940191,5.993420567090141,-0.5163625544837271,0.9548528790473938,3929,7
129,2.8295295404833416,13.2695611884374,3.6427408895551987,0.3094948499375808,0.42099935694258345,3930,1
127,3.6491187163225307,20.470246402163465,4.524405640762493,-0.06981706759311335,1.2204541709479384,3930,2
125,4.5096095809936525,29.761306498531013,5.45539242388034,-0.5481992589153635,2.3534406967163086,3930,3
123,4.921588533292941,33.18898693319276,5.760988364264656,-0.7298655688567262,2.96166026883009,3930,4
121,5.010564788313936,34.378446796740334,5.863313636224856,-0.8136076428980514,2.188447510900576,3930,5
119,4.743025683555283,31.267300540458226,5.591717137021348,-0.6672150268510606,2.659353328352215,3930,6
117,5.206837417732956,38.00716668562523,6.164995270527402,-0.9939497588371571,3.067313952323718,3930,7
129,3.0495576710664025,15.024155065112849,3.876100497292717,0.36534352016507754,0.2786630660064461,3931,1
127,3.7791100149079573,22.315441775549008,4.723922287204671,0.048654787075365524,0.9044249076542892,3931,2
125,4.412608947753906,30.158575020540738,5.491682348838172,-0.28565666725339867,1.6723949432373046,3931,3
123,4.922382098872487,33.84388342965893,5.817549606978778,-0.45330782307672113,2.450388582741342,3931,4
121,5.012522011749016,35.54376945820077,5.961859563777125,-0.5455769325716873,1.5820305721818908,3931,5
119,4.812635966709682,32.268900746021416,5.680572219945929,-0.4170157419705758,2.1096654298926603,3931,6
117,5.190547714885484,38.14856367227589,6.176452353274968,-0.6579960177825093,2.545628914466271,3931,7
129,2.9754769894503807,14.277336341888075,3.778536269759505,0.302298133277874,0.43935343276622685,3932,1
127,3.764700138662744,21.425059260198903,4.628721125775337,-0.05681428497425722,1.1820571854358584,3932,2
125,4.599952682495117,31.385260659620297,5.602254962032726,-0.54086684333207,2.234933654785156,3932,3
123,5.266926222700413,37.37357648421379,6.113393205431317,-0.8391079133211432,3.1878102077701227,3932,4
121,5.173450706418881,36.50053244174642,6.041567051829055,-0.823713156801051,2.1479782861126355,3932,5
119,4.928701512953815,33.99562709450719,5.830576909235242,-0.7169912841043402,2.6157897500430836,3932,6
117,5.297902930496085,39.374054917807385,6.274874892602034,-0.9566206444404237,3.026268054277469,3932,7
129,3.2597795678663624,17.253636409937982,4.153749680702724,0.4028004584700494,0.12375034657559654,3933,1
127,4.027972288957731,25.973387254253588,5.096409251056433,0.09091214385239488,0.6116874574676273,3933,2
125,5.142357421875,39.3284342609624,6.271238654441593,-0.3797368531429639,1.945034652709961,3933,3
123,5.448616787670105,40.89565000149274,6.39497068026842,-0.4488399281409441,2.3211590061342813,3933,4
121,5.403515311312084,39.405653289928004,6.277392236424932,-0.40878072253671904,1.4005489901077648,3933,5
119,5.439912988358185,40.0108245266005,6.325411016416285,-0.4370325581016812,2.244051059754957,3933,6
117,5.395629181821122,41.0144957912351,6.404256068524673,-0.4636484054591343,2.1075651380750866,3933,7
144,3.4090300069914923,19.03085037637011,4.362436289090089,0.3567155940385792,0.1708218985133701,3934,1
143,4.243569787565645,28.036089678759605,5.294911678088654,0.040580122046493194,0.5974937719064992,3934,2
142,4.99905802498401,35.91601126870982,5.9929968520523875,-0.22888785220346297,1.0657991892854932,3934,3
141,5.307365688026374,38.46736902439103,6.202206786651912,-0.30724078340632643,1.7354880799638464,3934,4
140,5.632255526951381,43.248631678045605,6.576369186568345,-0.4618105122033671,1.1336549350193568,3934,5
139,5.42911389577303,40.653036515252126,6.375973377865699,-0.36488956143084517,1.6749694330229177,3934,6
138,5.7132715971573536,45.79994518572486,6.767565676498815,-0.5276161403361919,1.8150765515755916,3934,7
129,3.612357960190884,22.822472939860816,4.777287194617968,0.34624098749108645,0.16130648472512416,3935,1
127,4.408219915675366,30.368509294149828,5.510763041008915,0.10865458702436748,0.5936193691463921,3935,2
125,5.265236701965332,41.91323508586132,6.47404317917801,-0.23203899497397362,1.0573291702270509,3935,3
123,5.805362957279857,47.95412392699334,6.92489161842937,-0.4258554108296291,1.6823535779627359,3935,4
121,5.989862946439381,51.29383822738145,7.161971671780156,-0.5442363756654434,1.1877097295335501,3935,5
119,5.691556073036514,47.49491405061118,6.891655392618756,-0.42993355680528156,1.5342555887558882,3935,6
117,5.7804658596332255,50.312700092028884,7.093144584176251,-0.4893742492118831,1.553387821230114,3935,7
144,3.658183687263065,23.059608763985196,4.802042145169615,0.3542466268974197,0.14644212855233085,3936,1
143,4.572299003601074,33.152569578895914,5.75782681042908,0.058495356798904274,0.48758400736988844,3936,2
142,5.195491770623436,41.45248077050042,6.438360099474122,-0.17871786553747304,0.5259681285267145,3936,3
141,5.662865259968642,46.94701182810267,6.8517889509311845,-0.32677462454239925,1.1967293286154457,3936,4
140,6.040523174830845,52.14576815622039,7.221202680732649,-0.46464278360553624,0.7500909124101911,3936,5
139,5.692375972116594,48.52599126923329,6.966059953031792,-0.3532472259682551,1.2171639298363555,3936,6
138,5.72187710499418,49.696411545608555,7.049568181499386,-0.37604728889795735,1.0587405812913093,3936,7
129,4.730275460800459,39.06416099549263,6.25013287822688,-0.1246978398569416,-3.1697662746490436,3937,1
127,6.910623763489911,81.29150585244099,9.016180225153056,-1.3993614637515743,-6.36822793145818,3937,2
125,9.098701414108277,129.2111022306557,11.367106150232596,-2.7929180573477588,-8.892934392929076,3937,3
123,6.962540179733338,85.25074107717914,9.233132787801718,-1.4880582119009382,-6.436322005783639,3937,4
121,5.956214628928949,50.02306131808534,7.072698305320632,-0.5346248416906134,1.2632938495352248,3937,5
119,5.581867370284906,46.36305983021853,6.8090425046564755,-0.42187268259526456,1.6907813689287972,3937,6
117,5.658780750046429,48.44028806729512,6.959905751322723,-0.5047746614822,1.7459062837127945,3937,7
129,2.9523535292277963,14.193757778613223,3.767460388459741,0.3693720808775022,0.4075367062590843,3938,1
127,3.7464934747050127,22.119743383513892,4.70316312533532,0.00980115841408502,0.957394614933044,3938,2
125,4.280465972900391,26.82088559096714,5.178888451296006,-0.1978129845469705,1.2216734466552734,3938,3
123,4.648587831636754,29.898374320357338,5.467940592248359,-0.3442365415928763,1.6886188305490386,3938,4
121,5.051398592546952,34.67542237012367,5.888584071754743,-0.5811602619358482,1.354881877741538,3938,5
119,4.731477104315237,31.255430073955118,5.590655603232515,-0.4344420534462339,1.5665023947964196,3938,6
117,5.210948781070546,37.384119559099105,6.114255437835347,-0.6915160040868851,2.1681782649113583,3938,7
144,3.687143782774607,21.943123118668098,4.68434874007776,0.43631814713930606,-0.2837760779592726,3939,1
143,4.973010603364531,40.00277624440376,6.324774797919983,-0.05476719441230338,0.03656536715847629,3939,2
142,5.906219421977728,53.490816755862035,7.313741638577482,-0.421651395110777,1.5096569665720765,3939,3
141,6.668875829547855,61.1253941664383,7.818273093621014,-0.6307381750069894,2.1715225801400257,3939,4
140,6.406769350596837,57.01961576591101,7.551133409357234,-0.519309561187735,0.5767340319497245,3939,5
139,6.32019644675495,58.06158551049341,7.61981531997288,-0.539880512971211,1.5776705090090526,3939,6
138,6.4763060514477715,59.66562608057066,7.72435279363719,-0.5842602981662706,1.1215066702469536,3939,7
