feature,importance,model,group
lat,0.0021367162,h1,Central
long,0.0017023426,h1,Central
pm25,0.3063112,h1,Central
wind_speed_avg,0.0023937847,h1,Central
wind_speed_max,0.0017200804,h1,Central
temperature_avg,0.006532162,h1,Central
temperature_min,0.011124924,h1,Central
temperature_max,0.002303914,h1,Central
rainfall,0.0025147668,h1,Central
pressure_avg,0.0026204444,h1,Central
pressure_min,0.0030493652,h1,Central
pressure_max,0.0035330874,h1,Central
humidity_avg,0.003645274,h1,Central
humidity_min,0.00493707,h1,Central
humidity_max,0.0015754752,h1,Central
sunshine_duration,0.0018831495,h1,Central
wind_direction_avg_sin,0.002039568,h1,Central
wind_direction_avg_cos,0.0026640103,h1,Central
wind_direction_at_max_speed_sin,0.001713274,h1,Central
wind_direction_at_max_speed_cos,0.0021837233,h1,Central
hotspot_count,0.0014875679,h1,Central
hotspot_frp_sum,0.0017235662,h1,Central
hotspot_day,0.0018127698,h1,Central
hotspot_night,0.0015736496,h1,Central
hotspot_conf_low,0.0027392681,h1,Central
hotspot_conf_nominal,0.0020850457,h1,Central
hotspot_conf_high,0.0026164935,h1,Central
hotspot_fire_farming_count,0.0,h1,Central
hotspot_fire_wildfire_count,0.0017212807,h1,Central
hotspot_frp_max,0.0018381596,h1,Central
hotspot_frp_mean,0.001925849,h1,Central
hotspot_min_distance_km,0.0015301424,h1,Central
hotspot_present,0.0,h1,Central
year_index,0.0035259675,h1,Central
dow_sin,0.0035689522,h1,Central
dow_cos,0.0043168766,h1,Central
month_sin,0.0031839507,h1,Central
month_cos,0.020048512,h1,Central
doy_sin,0.0044546355,h1,Central
doy_cos,0.00497792,h1,Central
temperature_range,0.0021602386,h1,Central
humidity_range,0.0026463477,h1,Central
pressure_range,0.002792573,h1,Central
rain_event,0.0031626525,h1,Central
hotspot_day_ratio,0.001990731,h1,Central
hotspot_night_ratio,0.0021168792,h1,Central
log1p_rainfall,0.0024083774,h1,Central
log1p_hotspot_count,0.0021215498,h1,Central
log1p_hotspot_frp_sum,0.0015505484,h1,Central
pm25_lag_1,0.018619671,h1,Central
pm25_lag_2,0.0030528505,h1,Central
pm25_lag_3,0.0029594991,h1,Central
pm25_lag_7,0.0033769468,h1,Central
pm25_lag_14,0.0054296856,h1,Central
temperature_avg_lag_1,0.009596944,h1,Central
temperature_avg_lag_3,0.0028235929,h1,Central
temperature_avg_lag_7,0.0026545275,h1,Central
humidity_avg_lag_1,0.0024567093,h1,Central
humidity_avg_lag_3,0.0017535837,h1,Central
humidity_avg_lag_7,0.0021476916,h1,Central
pressure_avg_lag_1,0.0044412487,h1,Central
pressure_avg_lag_3,0.0020896986,h1,Central
pressure_avg_lag_7,0.0021576772,h1,Central
wind_speed_avg_lag_1,0.0015710993,h1,Central
wind_speed_avg_lag_3,0.0013244706,h1,Central
wind_speed_avg_lag_7,0.0016056584,h1,Central
rainfall_lag_1,0.001604568,h1,Central
rainfall_lag_3,0.0018239596,h1,Central
rainfall_lag_7,0.0014677504,h1,Central
hotspot_count_lag_1,0.0013410456,h1,Central
hotspot_count_lag_3,0.0025842385,h1,Central
hotspot_count_lag_7,0.0014870295,h1,Central
hotspot_frp_sum_lag_1,0.0015041201,h1,Central
hotspot_frp_sum_lag_3,0.002124725,h1,Central
hotspot_frp_sum_lag_7,0.0016231243,h1,Central
pm25_roll_mean_3d,0.15805155,h1,Central
pm25_roll_mean_7d,0.09387246,h1,Central
pm25_roll_mean_14d,0.01480166,h1,Central
pm25_roll_std_3d,0.002990255,h1,Central
pm25_roll_std_7d,0.0033006035,h1,Central
pm25_roll_min_7d,0.0068075513,h1,Central
pm25_roll_max_7d,0.03063135,h1,Central
temperature_avg_roll_mean_3d,0.0037189787,h1,Central
temperature_avg_roll_mean_7d,0.0022918305,h1,Central
humidity_avg_roll_mean_3d,0.0039009221,h1,Central
humidity_avg_roll_mean_7d,0.001908085,h1,Central
pressure_avg_roll_mean_3d,0.0026849038,h1,Central
pressure_avg_roll_mean_7d,0.0020443264,h1,Central
wind_speed_avg_roll_mean_3d,0.0014121137,h1,Central
wind_speed_avg_roll_mean_7d,0.0012948307,h1,Central
rainfall_roll_sum_3d,0.0018701308,h1,Central
rainfall_roll_sum_7d,0.0026366045,h1,Central
rainfall_roll_sum_14d,0.0031754344,h1,Central
rain_days_7d,0.0025834937,h1,Central
hotspot_count_roll_sum_3d,0.0017757721,h1,Central
hotspot_count_roll_sum_7d,0.002069464,h1,Central
hotspot_frp_sum_roll_sum_3d,0.0018238483,h1,Central
hotspot_frp_sum_roll_sum_7d,0.0020791905,h1,Central
hotspot_active_days_7d,0.0020878688,h1,Central
pm25_diff_1d,0.020788528,h1,Central
pm25_diff_3d,0.018949017,h1,Central
temperature_avg_diff_1d,0.0029561226,h1,Central
humidity_avg_diff_1d,0.0023244023,h1,Central
pressure_avg_diff_1d,0.005300668,h1,Central
wind_speed_avg_diff_1d,0.010032053,h1,Central
hotspot_count_diff_1d,0.00229431,h1,Central
co_mean_ugm3,0.005260171,h1,Central
co_8h_max_ugm3,0.0028052882,h1,Central
aod500_mean,0.0023767357,h1,Central
co_mean_ugm3_lag_1,0.002291594,h1,Central
co_mean_ugm3_lag_3,0.00188525,h1,Central
co_mean_ugm3_lag_7,0.0021768746,h1,Central
co_8h_max_ugm3_lag_1,0.0021020763,h1,Central
co_8h_max_ugm3_lag_3,0.0018999154,h1,Central
co_8h_max_ugm3_lag_7,0.0023236005,h1,Central
aod500_mean_lag_1,0.0022737593,h1,Central
aod500_mean_lag_3,0.0022196285,h1,Central
aod500_mean_lag_7,0.0025450992,h1,Central
co_mean_ugm3_roll_mean_3d,0.0029996713,h1,Central
co_mean_ugm3_roll_mean_7d,0.001790661,h1,Central
co_8h_max_ugm3_roll_mean_3d,0.00222317,h1,Central
co_8h_max_ugm3_roll_mean_7d,0.0017838379,h1,Central
aod500_mean_roll_mean_3d,0.0020836059,h1,Central
aod500_mean_roll_mean_7d,0.002072384,h1,Central
co_mean_ugm3_diff_1d,0.004590012,h1,Central
co_mean_ugm3_missing,0.0,h1,Central
co_8h_max_ugm3_missing,0.0,h1,Central
aod500_mean_missing,0.0016274538,h1,Central
station_id_code,0.0019239762,h1,Central
region_id_code,0.0,h1,Central
lat,0.004398981,h2,Central
long,0.0020179753,h2,Central
pm25,0.16506156,h2,Central
wind_speed_avg,0.0019262523,h2,Central
wind_speed_max,0.0013846427,h2,Central
temperature_avg,0.017039051,h2,Central
temperature_min,0.03941184,h2,Central
temperature_max,0.004842619,h2,Central
rainfall,0.0016766868,h2,Central
pressure_avg,0.006130107,h2,Central
pressure_min,0.009577588,h2,Central
pressure_max,0.0076282276,h2,Central
humidity_avg,0.008259043,h2,Central
humidity_min,0.005036155,h2,Central
humidity_max,0.0029538416,h2,Central
sunshine_duration,0.0015027862,h2,Central
wind_direction_avg_sin,0.0021227053,h2,Central
wind_direction_avg_cos,0.0034569702,h2,Central
wind_direction_at_max_speed_sin,0.0018665496,h2,Central
wind_direction_at_max_speed_cos,0.002300351,h2,Central
hotspot_count,0.0034988427,h2,Central
hotspot_frp_sum,0.0019492818,h2,Central
hotspot_day,0.001794634,h2,Central
hotspot_night,0.0016372246,h2,Central
hotspot_conf_low,0.0022537918,h2,Central
hotspot_conf_nominal,0.0036280428,h2,Central
hotspot_conf_high,0.00026892306,h2,Central
hotspot_fire_farming_count,0.0,h2,Central
hotspot_fire_wildfire_count,0.0002709038,h2,Central
hotspot_frp_max,0.0015963903,h2,Central
hotspot_frp_mean,0.002329695,h2,Central
hotspot_min_distance_km,0.0023692064,h2,Central
hotspot_present,0.0,h2,Central
year_index,0.007613673,h2,Central
dow_sin,0.005277488,h2,Central
dow_cos,0.0065319957,h2,Central
month_sin,0.011045791,h2,Central
month_cos,0.041938297,h2,Central
doy_sin,0.010114425,h2,Central
doy_cos,0.014474786,h2,Central
temperature_range,0.00249456,h2,Central
humidity_range,0.0017747695,h2,Central
pressure_range,0.006185538,h2,Central
rain_event,0.0010174555,h2,Central
hotspot_day_ratio,0.0026569688,h2,Central
hotspot_night_ratio,0.0022155384,h2,Central
log1p_rainfall,0.0019970639,h2,Central
log1p_hotspot_count,0.0017059643,h2,Central
log1p_hotspot_frp_sum,0.0015405574,h2,Central
pm25_lag_1,0.005496641,h2,Central
pm25_lag_2,0.0035141937,h2,Central
pm25_lag_3,0.0039586653,h2,Central
pm25_lag_7,0.0070565315,h2,Central
pm25_lag_14,0.008809533,h2,Central
temperature_avg_lag_1,0.009003539,h2,Central
temperature_avg_lag_3,0.005848229,h2,Central
temperature_avg_lag_7,0.0075005614,h2,Central
humidity_avg_lag_1,0.0078916885,h2,Central
humidity_avg_lag_3,0.0023225148,h2,Central
humidity_avg_lag_7,0.0028287387,h2,Central
pressure_avg_lag_1,0.0088196015,h2,Central
pressure_avg_lag_3,0.0026394892,h2,Central
pressure_avg_lag_7,0.0055698743,h2,Central
wind_speed_avg_lag_1,0.0021448135,h2,Central
wind_speed_avg_lag_3,0.00143117,h2,Central
wind_speed_avg_lag_7,0.0016223458,h2,Central
rainfall_lag_1,0.0023795436,h2,Central
rainfall_lag_3,0.0020682013,h2,Central
rainfall_lag_7,0.000907552,h2,Central
hotspot_count_lag_1,0.0014475817,h2,Central
hotspot_count_lag_3,0.002502357,h2,Central
hotspot_count_lag_7,0.002192111,h2,Central
hotspot_frp_sum_lag_1,0.002125889,h2,Central
hotspot_frp_sum_lag_3,0.0040013497,h2,Central
hotspot_frp_sum_lag_7,0.0014567289,h2,Central
pm25_roll_mean_3d,0.10118444,h2,Central
pm25_roll_mean_7d,0.07372659,h2,Central
pm25_roll_mean_14d,0.048597418,h2,Central
pm25_roll_std_3d,0.0034978942,h2,Central
pm25_roll_std_7d,0.0063593197,h2,Central
pm25_roll_min_7d,0.009882361,h2,Central
pm25_roll_max_7d,0.036911163,h2,Central
temperature_avg_roll_mean_3d,0.0053514526,h2,Central
temperature_avg_roll_mean_7d,0.0034937644,h2,Central
humidity_avg_roll_mean_3d,0.009834308,h2,Central
humidity_avg_roll_mean_7d,0.004050741,h2,Central
pressure_avg_roll_mean_3d,0.0063505922,h2,Central
pressure_avg_roll_mean_7d,0.0025716159,h2,Central
wind_speed_avg_roll_mean_3d,0.0018994844,h2,Central
wind_speed_avg_roll_mean_7d,0.0014763942,h2,Central
rainfall_roll_sum_3d,0.0028660616,h2,Central
rainfall_roll_sum_7d,0.003478153,h2,Central
rainfall_roll_sum_14d,0.003973956,h2,Central
rain_days_7d,0.002961421,h2,Central
hotspot_count_roll_sum_3d,0.0034608934,h2,Central
hotspot_count_roll_sum_7d,0.0041658944,h2,Central
hotspot_frp_sum_roll_sum_3d,0.0025116762,h2,Central
hotspot_frp_sum_roll_sum_7d,0.0031362488,h2,Central
hotspot_active_days_7d,0.0033974168,h2,Central
pm25_diff_1d,0.01377272,h2,Central
pm25_diff_3d,0.011013044,h2,Central
temperature_avg_diff_1d,0.005160556,h2,Central
humidity_avg_diff_1d,0.0018314508,h2,Central
pressure_avg_diff_1d,0.00665283,h2,Central
wind_speed_avg_diff_1d,0.007741727,h2,Central
hotspot_count_diff_1d,0.0016514373,h2,Central
co_mean_ugm3,0.009329218,h2,Central
co_8h_max_ugm3,0.003189135,h2,Central
aod500_mean,0.0031150389,h2,Central
co_mean_ugm3_lag_1,0.00233158,h2,Central
co_mean_ugm3_lag_3,0.002132541,h2,Central
co_mean_ugm3_lag_7,0.0042605693,h2,Central
co_8h_max_ugm3_lag_1,0.0025439153,h2,Central
co_8h_max_ugm3_lag_3,0.0016383608,h2,Central
co_8h_max_ugm3_lag_7,0.0043199193,h2,Central
aod500_mean_lag_1,0.007000833,h2,Central
aod500_mean_lag_3,0.0030763906,h2,Central
aod500_mean_lag_7,0.0030758325,h2,Central
co_mean_ugm3_roll_mean_3d,0.0018646132,h2,Central
co_mean_ugm3_roll_mean_7d,0.0023934129,h2,Central
co_8h_max_ugm3_roll_mean_3d,0.0022155133,h2,Central
co_8h_max_ugm3_roll_mean_7d,0.0021228828,h2,Central
aod500_mean_roll_mean_3d,0.0059179985,h2,Central
aod500_mean_roll_mean_7d,0.0033417132,h2,Central
co_mean_ugm3_diff_1d,0.00403637,h2,Central
co_mean_ugm3_missing,0.0,h2,Central
co_8h_max_ugm3_missing,0.0,h2,Central
aod500_mean_missing,0.0015989967,h2,Central
station_id_code,0.0032170087,h2,Central
region_id_code,0.0,h2,Central
lat,0.0043265326,h3,Central
long,0.0031901496,h3,Central
pm25,0.055623174,h3,Central
wind_speed_avg,0.0,h3,Central
wind_speed_max,0.000787148,h3,Central
temperature_avg,0.015885277,h3,Central
temperature_min,0.0357474,h3,Central
temperature_max,0.016134419,h3,Central
rainfall,0.0,h3,Central
pressure_avg,0.01061297,h3,Central
pressure_min,0.007618822,h3,Central
pressure_max,0.007341472,h3,Central
humidity_avg,0.012683091,h3,Central
humidity_min,0.010444109,h3,Central
humidity_max,0.0063520954,h3,Central
sunshine_duration,0.0,h3,Central
wind_direction_avg_sin,0.0,h3,Central
wind_direction_avg_cos,0.008507434,h3,Central
wind_direction_at_max_speed_sin,0.0017656628,h3,Central
wind_direction_at_max_speed_cos,0.007895731,h3,Central
hotspot_count,0.00398084,h3,Central
hotspot_frp_sum,0.0,h3,Central
hotspot_day,0.0,h3,Central
hotspot_night,0.0041018077,h3,Central
hotspot_conf_low,0.0,h3,Central
hotspot_conf_nominal,0.0,h3,Central
hotspot_conf_high,0.0,h3,Central
hotspot_fire_farming_count,0.0,h3,Central
hotspot_fire_wildfire_count,0.0,h3,Central
hotspot_frp_max,0.0,h3,Central
hotspot_frp_mean,0.0070907692,h3,Central
hotspot_min_distance_km,0.0029917087,h3,Central
hotspot_present,0.0,h3,Central
year_index,0.0074404725,h3,Central
dow_sin,0.008270529,h3,Central
dow_cos,0.0030207266,h3,Central
month_sin,0.035361595,h3,Central
month_cos,0.07834088,h3,Central
doy_sin,0.016623989,h3,Central
doy_cos,0.026656784,h3,Central
temperature_range,0.0,h3,Central
humidity_range,0.0,h3,Central
pressure_range,0.0026899872,h3,Central
rain_event,0.0,h3,Central
hotspot_day_ratio,0.003324024,h3,Central
hotspot_night_ratio,0.0,h3,Central
log1p_rainfall,0.0,h3,Central
log1p_hotspot_count,0.0,h3,Central
log1p_hotspot_frp_sum,0.0,h3,Central
pm25_lag_1,0.004328757,h3,Central
pm25_lag_2,0.006533488,h3,Central
pm25_lag_3,0.003338067,h3,Central
pm25_lag_7,0.010039197,h3,Central
pm25_lag_14,0.009656543,h3,Central
temperature_avg_lag_1,0.0040072207,h3,Central
temperature_avg_lag_3,0.004262124,h3,Central
temperature_avg_lag_7,0.00454461,h3,Central
humidity_avg_lag_1,0.019653415,h3,Central
humidity_avg_lag_3,0.0,h3,Central
humidity_avg_lag_7,0.0011378686,h3,Central
pressure_avg_lag_1,0.0,h3,Central
pressure_avg_lag_3,0.0030763797,h3,Central
pressure_avg_lag_7,0.006896716,h3,Central
wind_speed_avg_lag_1,0.0,h3,Central
wind_speed_avg_lag_3,0.0,h3,Central
wind_speed_avg_lag_7,0.0,h3,Central
rainfall_lag_1,0.0,h3,Central
rainfall_lag_3,0.0,h3,Central
rainfall_lag_7,0.0,h3,Central
hotspot_count_lag_1,0.0046780724,h3,Central
hotspot_count_lag_3,0.0,h3,Central
hotspot_count_lag_7,0.0,h3,Central
hotspot_frp_sum_lag_1,0.0,h3,Central
hotspot_frp_sum_lag_3,0.0033522095,h3,Central
hotspot_frp_sum_lag_7,0.0,h3,Central
pm25_roll_mean_3d,0.09551443,h3,Central
pm25_roll_mean_7d,0.10949027,h3,Central
pm25_roll_mean_14d,0.12172656,h3,Central
pm25_roll_std_3d,0.0,h3,Central
pm25_roll_std_7d,0.0029555254,h3,Central
pm25_roll_min_7d,0.0075451112,h3,Central
pm25_roll_max_7d,0.013637367,h3,Central
temperature_avg_roll_mean_3d,0.0032638682,h3,Central
temperature_avg_roll_mean_7d,0.006765392,h3,Central
humidity_avg_roll_mean_3d,0.01076227,h3,Central
humidity_avg_roll_mean_7d,0.000726867,h3,Central
pressure_avg_roll_mean_3d,0.0,h3,Central
pressure_avg_roll_mean_7d,0.003295139,h3,Central
wind_speed_avg_roll_mean_3d,0.0,h3,Central
wind_speed_avg_roll_mean_7d,0.0,h3,Central
rainfall_roll_sum_3d,0.002528095,h3,Central
rainfall_roll_sum_7d,0.0055464897,h3,Central
rainfall_roll_sum_14d,0.008505817,h3,Central
rain_days_7d,0.0,h3,Central
hotspot_count_roll_sum_3d,0.005884011,h3,Central
hotspot_count_roll_sum_7d,0.016497903,h3,Central
hotspot_frp_sum_roll_sum_3d,0.002086286,h3,Central
hotspot_frp_sum_roll_sum_7d,0.011629471,h3,Central
hotspot_active_days_7d,0.0069464017,h3,Central
pm25_diff_1d,0.005391179,h3,Central
pm25_diff_3d,0.0047854595,h3,Central
temperature_avg_diff_1d,0.00783723,h3,Central
humidity_avg_diff_1d,0.002148224,h3,Central
pressure_avg_diff_1d,0.0062891054,h3,Central
wind_speed_avg_diff_1d,0.0,h3,Central
hotspot_count_diff_1d,0.0,h3,Central
co_mean_ugm3,0.006446031,h3,Central
co_8h_max_ugm3,0.0024636418,h3,Central
aod500_mean,0.0036286467,h3,Central
co_mean_ugm3_lag_1,0.0,h3,Central
co_mean_ugm3_lag_3,0.003075192,h3,Central
co_mean_ugm3_lag_7,0.0035948767,h3,Central
co_8h_max_ugm3_lag_1,0.00046517682,h3,Central
co_8h_max_ugm3_lag_3,0.0006545797,h3,Central
co_8h_max_ugm3_lag_7,0.0025431206,h3,Central
aod500_mean_lag_1,0.0031197346,h3,Central
aod500_mean_lag_3,0.003784007,h3,Central
aod500_mean_lag_7,0.008599029,h3,Central
co_mean_ugm3_roll_mean_3d,0.0,h3,Central
co_mean_ugm3_roll_mean_7d,0.0019509192,h3,Central
co_8h_max_ugm3_roll_mean_3d,0.0,h3,Central
co_8h_max_ugm3_roll_mean_7d,0.0,h3,Central
aod500_mean_roll_mean_3d,0.0016035195,h3,Central
aod500_mean_roll_mean_7d,0.0,h3,Central
co_mean_ugm3_diff_1d,0.0029311962,h3,Central
co_mean_ugm3_missing,0.0,h3,Central
co_8h_max_ugm3_missing,0.0,h3,Central
aod500_mean_missing,0.0,h3,Central
station_id_code,0.0030674972,h3,Central
region_id_code,0.0,h3,Central
lat,0.007743818,h4,Central
long,0.0056983624,h4,Central
pm25,0.039545618,h4,Central
wind_speed_avg,0.0,h4,Central
wind_speed_max,0.0,h4,Central
temperature_avg,0.010342871,h4,Central
temperature_min,0.024238903,h4,Central
temperature_max,0.0065315273,h4,Central
rainfall,0.0,h4,Central
pressure_avg,0.0026531336,h4,Central
pressure_min,0.007865163,h4,Central
pressure_max,0.008241942,h4,Central
humidity_avg,0.027619606,h4,Central
humidity_min,0.0037761359,h4,Central
humidity_max,0.0,h4,Central
sunshine_duration,0.0,h4,Central
wind_direction_avg_sin,0.0,h4,Central
wind_direction_avg_cos,0.008734358,h4,Central
wind_direction_at_max_speed_sin,0.0027711804,h4,Central
wind_direction_at_max_speed_cos,0.0,h4,Central
hotspot_count,0.0,h4,Central
hotspot_frp_sum,0.0,h4,Central
hotspot_day,0.0,h4,Central
hotspot_night,0.0,h4,Central
hotspot_conf_low,0.0060440577,h4,Central
hotspot_conf_nominal,0.0,h4,Central
hotspot_conf_high,0.0,h4,Central
hotspot_fire_farming_count,0.0,h4,Central
hotspot_fire_wildfire_count,0.0,h4,Central
hotspot_frp_max,0.0,h4,Central
hotspot_frp_mean,0.0,h4,Central
hotspot_min_distance_km,0.0009476157,h4,Central
hotspot_present,0.0,h4,Central
year_index,0.0057964483,h4,Central
dow_sin,0.006808152,h4,Central
dow_cos,0.004886755,h4,Central
month_sin,0.010023799,h4,Central
month_cos,0.19606775,h4,Central
doy_sin,0.018189134,h4,Central
doy_cos,0.023035495,h4,Central
temperature_range,0.0,h4,Central
humidity_range,0.0020409615,h4,Central
pressure_range,0.0028986721,h4,Central
rain_event,0.0,h4,Central
hotspot_day_ratio,0.0042352774,h4,Central
hotspot_night_ratio,0.0,h4,Central
log1p_rainfall,0.0,h4,Central
log1p_hotspot_count,0.0,h4,Central
log1p_hotspot_frp_sum,0.0,h4,Central
pm25_lag_1,0.002837782,h4,Central
pm25_lag_2,0.0028137264,h4,Central
pm25_lag_3,0.0037718983,h4,Central
pm25_lag_7,0.0077047003,h4,Central
pm25_lag_14,0.0071508572,h4,Central
temperature_avg_lag_1,0.002502119,h4,Central
temperature_avg_lag_3,0.0007499592,h4,Central
temperature_avg_lag_7,0.007532701,h4,Central
humidity_avg_lag_1,0.0007437596,h4,Central
humidity_avg_lag_3,0.0,h4,Central
humidity_avg_lag_7,0.004326974,h4,Central
pressure_avg_lag_1,0.0,h4,Central
pressure_avg_lag_3,0.0037477252,h4,Central
pressure_avg_lag_7,0.009463435,h4,Central
wind_speed_avg_lag_1,0.0,h4,Central
wind_speed_avg_lag_3,0.0,h4,Central
wind_speed_avg_lag_7,0.0,h4,Central
rainfall_lag_1,0.0,h4,Central
rainfall_lag_3,0.0,h4,Central
rainfall_lag_7,0.0,h4,Central
hotspot_count_lag_1,0.0007469783,h4,Central
hotspot_count_lag_3,0.0,h4,Central
hotspot_count_lag_7,0.0,h4,Central
hotspot_frp_sum_lag_1,0.002254426,h4,Central
hotspot_frp_sum_lag_3,0.0,h4,Central
hotspot_frp_sum_lag_7,0.0,h4,Central
pm25_roll_mean_3d,0.009031019,h4,Central
pm25_roll_mean_7d,0.12050918,h4,Central
pm25_roll_mean_14d,0.11491641,h4,Central
pm25_roll_std_3d,0.003182624,h4,Central
pm25_roll_std_7d,0.0033047472,h4,Central
pm25_roll_min_7d,0.021319276,h4,Central
pm25_roll_max_7d,0.04462598,h4,Central
temperature_avg_roll_mean_3d,0.0025756455,h4,Central
temperature_avg_roll_mean_7d,0.0046115783,h4,Central
humidity_avg_roll_mean_3d,0.016191779,h4,Central
humidity_avg_roll_mean_7d,0.0,h4,Central
pressure_avg_roll_mean_3d,0.0054960162,h4,Central
pressure_avg_roll_mean_7d,0.005879506,h4,Central
wind_speed_avg_roll_mean_3d,0.0,h4,Central
wind_speed_avg_roll_mean_7d,0.0029092508,h4,Central
rainfall_roll_sum_3d,0.0047593825,h4,Central
rainfall_roll_sum_7d,0.009736252,h4,Central
rainfall_roll_sum_14d,0.0,h4,Central
rain_days_7d,0.011299175,h4,Central
hotspot_count_roll_sum_3d,0.025384013,h4,Central
hotspot_count_roll_sum_7d,0.000726067,h4,Central
hotspot_frp_sum_roll_sum_3d,0.010314229,h4,Central
hotspot_frp_sum_roll_sum_7d,0.0020883274,h4,Central
hotspot_active_days_7d,0.007793148,h4,Central
pm25_diff_1d,0.0065711495,h4,Central
pm25_diff_3d,0.005721307,h4,Central
temperature_avg_diff_1d,0.010339077,h4,Central
humidity_avg_diff_1d,0.0012444723,h4,Central
pressure_avg_diff_1d,0.01353778,h4,Central
wind_speed_avg_diff_1d,0.0,h4,Central
hotspot_count_diff_1d,0.0,h4,Central
co_mean_ugm3,0.0018260434,h4,Central
co_8h_max_ugm3,0.0,h4,Central
aod500_mean,0.0018864975,h4,Central
co_mean_ugm3_lag_1,0.002384894,h4,Central
co_mean_ugm3_lag_3,0.002061553,h4,Central
co_mean_ugm3_lag_7,0.0027798861,h4,Central
co_8h_max_ugm3_lag_1,0.0,h4,Central
co_8h_max_ugm3_lag_3,0.0,h4,Central
co_8h_max_ugm3_lag_7,0.001208071,h4,Central
aod500_mean_lag_1,0.0015858619,h4,Central
aod500_mean_lag_3,0.0020369452,h4,Central
aod500_mean_lag_7,0.004892609,h4,Central
co_mean_ugm3_roll_mean_3d,0.0033011711,h4,Central
co_mean_ugm3_roll_mean_7d,0.0,h4,Central
co_8h_max_ugm3_roll_mean_3d,0.0016053483,h4,Central
co_8h_max_ugm3_roll_mean_7d,0.003515194,h4,Central
aod500_mean_roll_mean_3d,0.00177604,h4,Central
aod500_mean_roll_mean_7d,0.0039409343,h4,Central
co_mean_ugm3_diff_1d,0.0020643,h4,Central
co_mean_ugm3_missing,0.0,h4,Central
co_8h_max_ugm3_missing,0.0,h4,Central
aod500_mean_missing,0.0012555841,h4,Central
station_id_code,0.004727986,h4,Central
region_id_code,0.0,h4,Central
lat,0.011710743,h5,Central
long,0.005067356,h5,Central
pm25,0.005805173,h5,Central
wind_speed_avg,0.0016162777,h5,Central
wind_speed_max,0.0018406112,h5,Central
temperature_avg,0.005017462,h5,Central
temperature_min,0.007944778,h5,Central
temperature_max,0.0022159,h5,Central
rainfall,0.0011243933,h5,Central
pressure_avg,0.00081577245,h5,Central
pressure_min,0.0012505112,h5,Central
pressure_max,0.002947987,h5,Central
humidity_avg,0.021766324,h5,Central
humidity_min,0.030158663,h5,Central
humidity_max,0.00033094766,h5,Central
sunshine_duration,0.0,h5,Central
wind_direction_avg_sin,0.0022245895,h5,Central
wind_direction_avg_cos,0.011503623,h5,Central
wind_direction_at_max_speed_sin,0.00022794212,h5,Central
wind_direction_at_max_speed_cos,0.0002708376,h5,Central
hotspot_count,0.0,h5,Central
hotspot_frp_sum,0.00240643,h5,Central
hotspot_day,0.0,h5,Central
hotspot_night,0.0,h5,Central
hotspot_conf_low,0.00626541,h5,Central
hotspot_conf_nominal,0.0,h5,Central
hotspot_conf_high,0.0,h5,Central
hotspot_fire_farming_count,0.0,h5,Central
hotspot_fire_wildfire_count,0.0,h5,Central
hotspot_frp_max,0.003341431,h5,Central
hotspot_frp_mean,0.0045804307,h5,Central
hotspot_min_distance_km,0.004573703,h5,Central
hotspot_present,0.0,h5,Central
year_index,0.01707879,h5,Central
dow_sin,0.0070143156,h5,Central
dow_cos,0.014040484,h5,Central
month_sin,0.0075962367,h5,Central
month_cos,0.16507098,h5,Central
doy_sin,0.02135651,h5,Central
doy_cos,0.058297794,h5,Central
temperature_range,0.0029415325,h5,Central
humidity_range,0.00095066853,h5,Central
pressure_range,0.011829933,h5,Central
rain_event,0.0,h5,Central
hotspot_day_ratio,0.0013974252,h5,Central
hotspot_night_ratio,0.0,h5,Central
log1p_rainfall,0.0,h5,Central
log1p_hotspot_count,0.0,h5,Central
log1p_hotspot_frp_sum,0.0111866705,h5,Central
pm25_lag_1,0.0045718197,h5,Central
pm25_lag_2,0.004618508,h5,Central
pm25_lag_3,0.0038004115,h5,Central
pm25_lag_7,0.008111554,h5,Central
pm25_lag_14,0.01581963,h5,Central
temperature_avg_lag_1,0.0058557778,h5,Central
temperature_avg_lag_3,0.0036563578,h5,Central
temperature_avg_lag_7,0.006103983,h5,Central
humidity_avg_lag_1,0.0010680396,h5,Central
humidity_avg_lag_3,0.0015157671,h5,Central
humidity_avg_lag_7,0.0025157728,h5,Central
pressure_avg_lag_1,0.002212346,h5,Central
pressure_avg_lag_3,0.0070841415,h5,Central
pressure_avg_lag_7,0.014148975,h5,Central
wind_speed_avg_lag_1,0.0029043055,h5,Central
wind_speed_avg_lag_3,0.0023377822,h5,Central
wind_speed_avg_lag_7,0.0021204927,h5,Central
rainfall_lag_1,0.0,h5,Central
rainfall_lag_3,0.0,h5,Central
rainfall_lag_7,0.0,h5,Central
hotspot_count_lag_1,0.0,h5,Central
hotspot_count_lag_3,0.0,h5,Central
hotspot_count_lag_7,0.002516241,h5,Central
hotspot_frp_sum_lag_1,0.0,h5,Central
hotspot_frp_sum_lag_3,0.0017252008,h5,Central
hotspot_frp_sum_lag_7,0.0014366462,h5,Central
pm25_roll_mean_3d,0.008107323,h5,Central
pm25_roll_mean_7d,0.018212138,h5,Central
pm25_roll_mean_14d,0.120334454,h5,Central
pm25_roll_std_3d,0.011027315,h5,Central
pm25_roll_std_7d,0.00512447,h5,Central
pm25_roll_min_7d,0.022170909,h5,Central
pm25_roll_max_7d,0.05250042,h5,Central
temperature_avg_roll_mean_3d,0.003881258,h5,Central
temperature_avg_roll_mean_7d,0.0060585896,h5,Central
humidity_avg_roll_mean_3d,0.0,h5,Central
humidity_avg_roll_mean_7d,0.010128795,h5,Central
pressure_avg_roll_mean_3d,0.0017358629,h5,Central
pressure_avg_roll_mean_7d,0.008541017,h5,Central
wind_speed_avg_roll_mean_3d,0.0046384563,h5,Central
wind_speed_avg_roll_mean_7d,0.00077000674,h5,Central
rainfall_roll_sum_3d,0.004487131,h5,Central
rainfall_roll_sum_7d,0.010453016,h5,Central
rainfall_roll_sum_14d,0.004553373,h5,Central
rain_days_7d,0.0055338885,h5,Central
hotspot_count_roll_sum_3d,0.01527486,h5,Central
hotspot_count_roll_sum_7d,0.0031218086,h5,Central
hotspot_frp_sum_roll_sum_3d,0.0069184303,h5,Central
hotspot_frp_sum_roll_sum_7d,0.003944653,h5,Central
hotspot_active_days_7d,0.008820533,h5,Central
pm25_diff_1d,0.004684715,h5,Central
pm25_diff_3d,0.007429959,h5,Central
temperature_avg_diff_1d,0.0053408477,h5,Central
humidity_avg_diff_1d,0.0015622483,h5,Central
pressure_avg_diff_1d,0.011013005,h5,Central
wind_speed_avg_diff_1d,0.006213377,h5,Central
hotspot_count_diff_1d,0.00018030932,h5,Central
co_mean_ugm3,0.0061147097,h5,Central
co_8h_max_ugm3,0.00257096,h5,Central
aod500_mean,0.0045433943,h5,Central
co_mean_ugm3_lag_1,0.0043356693,h5,Central
co_mean_ugm3_lag_3,0.005126167,h5,Central
co_mean_ugm3_lag_7,0.0024666726,h5,Central
co_8h_max_ugm3_lag_1,0.0012728305,h5,Central
co_8h_max_ugm3_lag_3,0.0019622305,h5,Central
co_8h_max_ugm3_lag_7,0.0036758054,h5,Central
aod500_mean_lag_1,0.0034183818,h5,Central
aod500_mean_lag_3,0.004756374,h5,Central
aod500_mean_lag_7,0.0064942357,h5,Central
co_mean_ugm3_roll_mean_3d,0.00390625,h5,Central
co_mean_ugm3_roll_mean_7d,0.0028694805,h5,Central
co_8h_max_ugm3_roll_mean_3d,0.00445019,h5,Central
co_8h_max_ugm3_roll_mean_7d,0.00250648,h5,Central
aod500_mean_roll_mean_3d,0.0036822371,h5,Central
aod500_mean_roll_mean_7d,0.0036963471,h5,Central
co_mean_ugm3_diff_1d,0.004354617,h5,Central
co_mean_ugm3_missing,0.0,h5,Central
co_8h_max_ugm3_missing,0.0,h5,Central
aod500_mean_missing,0.0,h5,Central
station_id_code,0.0071414607,h5,Central
region_id_code,0.0,h5,Central
lat,0.012150432,h6,Central
long,0.0059623984,h6,Central
pm25,0.005347907,h6,Central
wind_speed_avg,0.003903686,h6,Central
wind_speed_max,0.0,h6,Central
temperature_avg,0.005117297,h6,Central
temperature_min,0.002101194,h6,Central
temperature_max,0.024514204,h6,Central
rainfall,0.0,h6,Central
pressure_avg,0.0,h6,Central
pressure_min,0.0,h6,Central
pressure_max,0.0,h6,Central
humidity_avg,0.012755027,h6,Central
humidity_min,0.0,h6,Central
humidity_max,0.00032314393,h6,Central
sunshine_duration,0.0,h6,Central
wind_direction_avg_sin,0.0,h6,Central
wind_direction_avg_cos,0.0002922109,h6,Central
wind_direction_at_max_speed_sin,0.0,h6,Central
wind_direction_at_max_speed_cos,0.0,h6,Central
hotspot_count,0.0035300963,h6,Central
hotspot_frp_sum,0.011882834,h6,Central
hotspot_day,4.506227e-05,h6,Central
hotspot_night,0.0,h6,Central
hotspot_conf_low,0.0040506986,h6,Central
hotspot_conf_nominal,0.0,h6,Central
hotspot_conf_high,0.0,h6,Central
hotspot_fire_farming_count,0.0,h6,Central
hotspot_fire_wildfire_count,0.0038970006,h6,Central
hotspot_frp_max,0.0,h6,Central
hotspot_frp_mean,3.5726043e-05,h6,Central
hotspot_min_distance_km,0.0,h6,Central
hotspot_present,0.0,h6,Central
year_index,0.012883214,h6,Central
dow_sin,0.0131527195,h6,Central
dow_cos,0.0071216123,h6,Central
month_sin,0.03777564,h6,Central
month_cos,0.15443563,h6,Central
doy_sin,0.027007176,h6,Central
doy_cos,0.07180072,h6,Central
temperature_range,0.0069883317,h6,Central
humidity_range,0.00028615675,h6,Central
pressure_range,0.0,h6,Central
rain_event,0.0,h6,Central
hotspot_day_ratio,0.0,h6,Central
hotspot_night_ratio,0.0,h6,Central
log1p_rainfall,0.0,h6,Central
log1p_hotspot_count,0.0,h6,Central
log1p_hotspot_frp_sum,0.0070693903,h6,Central
pm25_lag_1,0.0032545023,h6,Central
pm25_lag_2,0.0036211098,h6,Central
pm25_lag_3,0.013714712,h6,Central
pm25_lag_7,0.0074539366,h6,Central
pm25_lag_14,0.012648231,h6,Central
temperature_avg_lag_1,0.00063224894,h6,Central
temperature_avg_lag_3,0.007587651,h6,Central
temperature_avg_lag_7,0.0042855656,h6,Central
humidity_avg_lag_1,0.0,h6,Central
humidity_avg_lag_3,0.0,h6,Central
humidity_avg_lag_7,0.0,h6,Central
pressure_avg_lag_1,0.0,h6,Central
pressure_avg_lag_3,0.013775053,h6,Central
pressure_avg_lag_7,0.00828569,h6,Central
wind_speed_avg_lag_1,0.005505137,h6,Central
wind_speed_avg_lag_3,0.0,h6,Central
wind_speed_avg_lag_7,0.0015997828,h6,Central
rainfall_lag_1,0.0,h6,Central
rainfall_lag_3,0.0,h6,Central
rainfall_lag_7,0.0,h6,Central
hotspot_count_lag_1,0.0,h6,Central
hotspot_count_lag_3,0.0,h6,Central
hotspot_count_lag_7,0.0,h6,Central
hotspot_frp_sum_lag_1,0.0,h6,Central
hotspot_frp_sum_lag_3,0.0,h6,Central
hotspot_frp_sum_lag_7,0.0,h6,Central
pm25_roll_mean_3d,0.009082945,h6,Central
pm25_roll_mean_7d,0.07915162,h6,Central
pm25_roll_mean_14d,0.07346397,h6,Central
pm25_roll_std_3d,0.009217443,h6,Central
pm25_roll_std_7d,0.0082536815,h6,Central
pm25_roll_min_7d,0.015593604,h6,Central
pm25_roll_max_7d,0.034491237,h6,Central
temperature_avg_roll_mean_3d,0.008118479,h6,Central
temperature_avg_roll_mean_7d,0.01272739,h6,Central
humidity_avg_roll_mean_3d,0.0,h6,Central
humidity_avg_roll_mean_7d,0.014226267,h6,Central
pressure_avg_roll_mean_3d,0.0,h6,Central
pressure_avg_roll_mean_7d,0.009588039,h6,Central
wind_speed_avg_roll_mean_3d,0.0,h6,Central
wind_speed_avg_roll_mean_7d,0.0,h6,Central
rainfall_roll_sum_3d,0.0,h6,Central
rainfall_roll_sum_7d,0.0068863058,h6,Central
rainfall_roll_sum_14d,0.0,h6,Central
rain_days_7d,0.0,h6,Central
hotspot_count_roll_sum_3d,0.010463055,h6,Central
hotspot_count_roll_sum_7d,0.021152522,h6,Central
hotspot_frp_sum_roll_sum_3d,0.0,h6,Central
hotspot_frp_sum_roll_sum_7d,0.02636916,h6,Central
hotspot_active_days_7d,0.008403271,h6,Central
pm25_diff_1d,0.0041156798,h6,Central
pm25_diff_3d,0.009287135,h6,Central
temperature_avg_diff_1d,0.010146005,h6,Central
humidity_avg_diff_1d,0.0,h6,Central
pressure_avg_diff_1d,0.01374748,h6,Central
wind_speed_avg_diff_1d,0.0030002042,h6,Central
hotspot_count_diff_1d,0.0,h6,Central
co_mean_ugm3,0.005443902,h6,Central
co_8h_max_ugm3,0.00064065325,h6,Central
aod500_mean,0.0009334695,h6,Central
co_mean_ugm3_lag_1,0.0032494676,h6,Central
co_mean_ugm3_lag_3,0.015101506,h6,Central
co_mean_ugm3_lag_7,0.0032436412,h6,Central
co_8h_max_ugm3_lag_1,0.0,h6,Central
co_8h_max_ugm3_lag_3,0.0,h6,Central
co_8h_max_ugm3_lag_7,0.0043334207,h6,Central
aod500_mean_lag_1,0.0,h6,Central
aod500_mean_lag_3,0.008637939,h6,Central
aod500_mean_lag_7,0.0047101784,h6,Central
co_mean_ugm3_roll_mean_3d,0.0016599753,h6,Central
co_mean_ugm3_roll_mean_7d,0.0,h6,Central
co_8h_max_ugm3_roll_mean_3d,0.0037377027,h6,Central
co_8h_max_ugm3_roll_mean_7d,0.0032927673,h6,Central
aod500_mean_roll_mean_3d,0.016598169,h6,Central
aod500_mean_roll_mean_7d,0.012120999,h6,Central
co_mean_ugm3_diff_1d,0.005627892,h6,Central
co_mean_ugm3_missing,0.0,h6,Central
co_8h_max_ugm3_missing,0.0,h6,Central
aod500_mean_missing,0.0,h6,Central
station_id_code,0.00638978,h6,Central
region_id_code,0.0,h6,Central
lat,0.010158983,h7,Central
long,0.005981009,h7,Central
pm25,0.004520992,h7,Central
wind_speed_avg,0.0023427866,h7,Central
wind_speed_max,0.0008938309,h7,Central
temperature_avg,0.0015028599,h7,Central
temperature_min,0.003818433,h7,Central
temperature_max,0.007234162,h7,Central
rainfall,0.0,h7,Central
pressure_avg,0.0029377625,h7,Central
pressure_min,0.0013644838,h7,Central
pressure_max,0.0026199617,h7,Central
humidity_avg,0.0044950726,h7,Central
humidity_min,0.0031898685,h7,Central
humidity_max,0.0022566789,h7,Central
sunshine_duration,0.0028182385,h7,Central
wind_direction_avg_sin,0.006060665,h7,Central
wind_direction_avg_cos,0.0019860975,h7,Central
wind_direction_at_max_speed_sin,0.0013021987,h7,Central
wind_direction_at_max_speed_cos,0.0021392945,h7,Central
hotspot_count,0.0013924668,h7,Central
hotspot_frp_sum,0.0,h7,Central
hotspot_day,0.0,h7,Central
hotspot_night,0.0036741456,h7,Central
hotspot_conf_low,0.0031638292,h7,Central
hotspot_conf_nominal,0.0026932375,h7,Central
hotspot_conf_high,0.0,h7,Central
hotspot_fire_farming_count,0.0,h7,Central
hotspot_fire_wildfire_count,0.0048051826,h7,Central
hotspot_frp_max,0.002349265,h7,Central
hotspot_frp_mean,0.0023180407,h7,Central
hotspot_min_distance_km,0.002224304,h7,Central
hotspot_present,0.0,h7,Central
year_index,0.0122818835,h7,Central
dow_sin,0.011536816,h7,Central
dow_cos,0.004254345,h7,Central
month_sin,0.02392858,h7,Central
month_cos,0.16175379,h7,Central
doy_sin,0.023012847,h7,Central
doy_cos,0.041761972,h7,Central
temperature_range,0.004363775,h7,Central
humidity_range,0.0011789189,h7,Central
pressure_range,0.0067382776,h7,Central
rain_event,0.0,h7,Central
hotspot_day_ratio,0.0015783196,h7,Central
hotspot_night_ratio,0.0,h7,Central
log1p_rainfall,3.8788563e-05,h7,Central
log1p_hotspot_count,0.0,h7,Central
log1p_hotspot_frp_sum,0.0,h7,Central
pm25_lag_1,0.0032189956,h7,Central
pm25_lag_2,0.0016136663,h7,Central
pm25_lag_3,0.017790863,h7,Central
pm25_lag_7,0.006813239,h7,Central
pm25_lag_14,0.0073647,h7,Central
temperature_avg_lag_1,0.0016295185,h7,Central
temperature_avg_lag_3,0.009937777,h7,Central
temperature_avg_lag_7,0.001876941,h7,Central
humidity_avg_lag_1,0.0038516368,h7,Central
humidity_avg_lag_3,0.0023126407,h7,Central
humidity_avg_lag_7,0.004637164,h7,Central
pressure_avg_lag_1,0.0054948744,h7,Central
pressure_avg_lag_3,0.0022061302,h7,Central
pressure_avg_lag_7,0.0033942165,h7,Central
wind_speed_avg_lag_1,0.0044155857,h7,Central
wind_speed_avg_lag_3,0.0014692995,h7,Central
wind_speed_avg_lag_7,0.002362643,h7,Central
rainfall_lag_1,0.0,h7,Central
rainfall_lag_3,0.0,h7,Central
rainfall_lag_7,0.0,h7,Central
hotspot_count_lag_1,0.008604629,h7,Central
hotspot_count_lag_3,0.001342799,h7,Central
hotspot_count_lag_7,0.0015704536,h7,Central
hotspot_frp_sum_lag_1,0.0005856657,h7,Central
hotspot_frp_sum_lag_3,0.0015236734,h7,Central
hotspot_frp_sum_lag_7,0.001388848,h7,Central
pm25_roll_mean_3d,0.008651072,h7,Central
pm25_roll_mean_7d,0.16700481,h7,Central
pm25_roll_mean_14d,0.033840936,h7,Central
pm25_roll_std_3d,0.0094693145,h7,Central
pm25_roll_std_7d,0.0034328671,h7,Central
pm25_roll_min_7d,0.015976202,h7,Central
pm25_roll_max_7d,0.051033784,h7,Central
temperature_avg_roll_mean_3d,0.0014775102,h7,Central
temperature_avg_roll_mean_7d,0.0064626406,h7,Central
humidity_avg_roll_mean_3d,0.0016821313,h7,Central
humidity_avg_roll_mean_7d,0.010781106,h7,Central
pressure_avg_roll_mean_3d,0.0032326167,h7,Central
pressure_avg_roll_mean_7d,0.012177111,h7,Central
wind_speed_avg_roll_mean_3d,4.988243e-05,h7,Central
wind_speed_avg_roll_mean_7d,0.0,h7,Central
rainfall_roll_sum_3d,0.001009811,h7,Central
rainfall_roll_sum_7d,0.0132829,h7,Central
rainfall_roll_sum_14d,0.010076177,h7,Central
rain_days_7d,0.033191796,h7,Central
hotspot_count_roll_sum_3d,0.00427995,h7,Central
hotspot_count_roll_sum_7d,0.0013553421,h7,Central
hotspot_frp_sum_roll_sum_3d,0.004349646,h7,Central
hotspot_frp_sum_roll_sum_7d,0.008254314,h7,Central
hotspot_active_days_7d,0.0044635655,h7,Central
pm25_diff_1d,0.003760312,h7,Central
pm25_diff_3d,0.004613042,h7,Central
temperature_avg_diff_1d,0.0072119324,h7,Central
humidity_avg_diff_1d,0.00070351444,h7,Central
pressure_avg_diff_1d,0.010806616,h7,Central
wind_speed_avg_diff_1d,0.0020099492,h7,Central
hotspot_count_diff_1d,0.002251436,h7,Central
co_mean_ugm3,0.0058679506,h7,Central
co_8h_max_ugm3,0.0021675536,h7,Central
aod500_mean,0.002625205,h7,Central
co_mean_ugm3_lag_1,0.004116568,h7,Central
co_mean_ugm3_lag_3,0.001092619,h7,Central
co_mean_ugm3_lag_7,0.007126576,h7,Central
co_8h_max_ugm3_lag_1,0.0017700644,h7,Central
co_8h_max_ugm3_lag_3,0.0022977393,h7,Central
co_8h_max_ugm3_lag_7,0.006455597,h7,Central
aod500_mean_lag_1,0.003215037,h7,Central
aod500_mean_lag_3,0.011141341,h7,Central
aod500_mean_lag_7,0.005183616,h7,Central
co_mean_ugm3_roll_mean_3d,0.00475745,h7,Central
co_mean_ugm3_roll_mean_7d,0.0037752998,h7,Central
co_8h_max_ugm3_roll_mean_3d,0.002263808,h7,Central
co_8h_max_ugm3_roll_mean_7d,0.0016288111,h7,Central
aod500_mean_roll_mean_3d,0.005665718,h7,Central
aod500_mean_roll_mean_7d,0.0049414537,h7,Central
co_mean_ugm3_diff_1d,0.0019787464,h7,Central
co_mean_ugm3_missing,0.0,h7,Central
co_8h_max_ugm3_missing,0.0,h7,Central
aod500_mean_missing,0.0,h7,Central
station_id_code,0.0069584926,h7,Central
region_id_code,0.0,h7,Central
lat,0.0023538521,h1,North
long,0.0007739486,h1,North
pm25,0.368418,h1,North
wind_speed_avg,0.0007326772,h1,North
wind_speed_max,0.0014608363,h1,North
temperature_avg,0.0011223245,h1,North
temperature_min,0.0015789444,h1,North
temperature_max,0.00082032423,h1,North
rainfall,0.004537565,h1,North
pressure_avg,0.00090567424,h1,North
pressure_min,0.0010045108,h1,North
pressure_max,0.0013369892,h1,North
humidity_avg,0.0018544367,h1,North
humidity_min,0.0059019015,h1,North
humidity_max,0.0013661468,h1,North
sunshine_duration,0.00048716765,h1,North
wind_direction_avg_sin,0.0006199216,h1,North
wind_direction_avg_cos,0.0007270682,h1,North
wind_direction_at_max_speed_sin,0.000657987,h1,North
wind_direction_at_max_speed_cos,0.0006937632,h1,North
hotspot_count,0.0028013217,h1,North
hotspot_frp_sum,0.001416582,h1,North
hotspot_day,0.0016004741,h1,North
hotspot_night,0.009960938,h1,North
hotspot_conf_low,0.001478272,h1,North
hotspot_conf_nominal,0.0038091494,h1,North
hotspot_conf_high,0.0020152049,h1,North
hotspot_fire_farming_count,0.0,h1,North
hotspot_fire_wildfire_count,0.0036161274,h1,North
hotspot_frp_max,0.0010930629,h1,North
hotspot_frp_mean,0.00085661997,h1,North
hotspot_min_distance_km,0.0008355893,h1,North
hotspot_present,0.0,h1,North
year_index,0.0023516538,h1,North
dow_sin,0.0026803482,h1,North
dow_cos,0.0013144033,h1,North
month_sin,0.0016399716,h1,North
month_cos,0.0022145899,h1,North
doy_sin,0.0028850655,h1,North
doy_cos,0.0022009662,h1,North
temperature_range,0.0011692574,h1,North
humidity_range,0.00082202203,h1,North
pressure_range,0.002314433,h1,North
rain_event,0.009818154,h1,North
hotspot_day_ratio,0.0062136576,h1,North
hotspot_night_ratio,0.006123128,h1,North
log1p_rainfall,0.0038545758,h1,North
log1p_hotspot_count,0.00443361,h1,North
log1p_hotspot_frp_sum,0.0015190656,h1,North
pm25_lag_1,0.10544398,h1,North
pm25_lag_2,0.0015396774,h1,North
pm25_lag_3,0.0018546259,h1,North
pm25_lag_7,0.0017960778,h1,North
pm25_lag_14,0.0016940368,h1,North
temperature_avg_lag_1,0.00084709225,h1,North
temperature_avg_lag_3,0.0007907236,h1,North
temperature_avg_lag_7,0.0014876124,h1,North
humidity_avg_lag_1,0.000992974,h1,North
humidity_avg_lag_3,0.0006817633,h1,North
humidity_avg_lag_7,0.00071968394,h1,North
pressure_avg_lag_1,0.0009857841,h1,North
pressure_avg_lag_3,0.0007878654,h1,North
pressure_avg_lag_7,0.0011115147,h1,North
wind_speed_avg_lag_1,0.00069515227,h1,North
wind_speed_avg_lag_3,0.0006741546,h1,North
wind_speed_avg_lag_7,0.00066581997,h1,North
rainfall_lag_1,0.0005330725,h1,North
rainfall_lag_3,0.00058504613,h1,North
rainfall_lag_7,0.0005031298,h1,North
hotspot_count_lag_1,0.0009086576,h1,North
hotspot_count_lag_3,0.00067037466,h1,North
hotspot_count_lag_7,0.0011041665,h1,North
hotspot_frp_sum_lag_1,0.0008277132,h1,North
hotspot_frp_sum_lag_3,0.0007239087,h1,North
hotspot_frp_sum_lag_7,0.000861272,h1,North
pm25_roll_mean_3d,0.22951782,h1,North
pm25_roll_mean_7d,0.062489428,h1,North
pm25_roll_mean_14d,0.0068125855,h1,North
pm25_roll_std_3d,0.0014454117,h1,North
pm25_roll_std_7d,0.0012230373,h1,North
pm25_roll_min_7d,0.003407039,h1,North
pm25_roll_max_7d,0.015282733,h1,North
temperature_avg_roll_mean_3d,0.0009670776,h1,North
temperature_avg_roll_mean_7d,0.000933424,h1,North
humidity_avg_roll_mean_3d,0.0009850898,h1,North
humidity_avg_roll_mean_7d,0.00070460286,h1,North
pressure_avg_roll_mean_3d,0.0010745459,h1,North
pressure_avg_roll_mean_7d,0.0010811505,h1,North
wind_speed_avg_roll_mean_3d,0.0005770866,h1,North
wind_speed_avg_roll_mean_7d,0.0006211836,h1,North
rainfall_roll_sum_3d,0.006740886,h1,North
rainfall_roll_sum_7d,0.00095962343,h1,North
rainfall_roll_sum_14d,0.00063536025,h1,North
rain_days_7d,0.00058847753,h1,North
hotspot_count_roll_sum_3d,0.0009541326,h1,North
hotspot_count_roll_sum_7d,0.0007501489,h1,North
hotspot_frp_sum_roll_sum_3d,0.0007322456,h1,North
hotspot_frp_sum_roll_sum_7d,0.0006402805,h1,North
hotspot_active_days_7d,0.00067956967,h1,North
pm25_diff_1d,0.01236539,h1,North
pm25_diff_3d,0.005108259,h1,North
temperature_avg_diff_1d,0.0011671195,h1,North
humidity_avg_diff_1d,0.0013465313,h1,North
pressure_avg_diff_1d,0.004774297,h1,North
wind_speed_avg_diff_1d,0.003212925,h1,North
hotspot_count_diff_1d,0.0016233042,h1,North
co_mean_ugm3,0.00084121566,h1,North
co_8h_max_ugm3,0.00069134793,h1,North
aod500_mean,0.0019645486,h1,North
co_mean_ugm3_lag_1,0.0008837804,h1,North
co_mean_ugm3_lag_3,0.00084412866,h1,North
co_mean_ugm3_lag_7,0.0010008354,h1,North
co_8h_max_ugm3_lag_1,0.0009456195,h1,North
co_8h_max_ugm3_lag_3,0.00073187123,h1,North
co_8h_max_ugm3_lag_7,0.0008565848,h1,North
aod500_mean_lag_1,0.0019032123,h1,North
aod500_mean_lag_3,0.0012666088,h1,North
aod500_mean_lag_7,0.001541332,h1,North
co_mean_ugm3_roll_mean_3d,0.0007297915,h1,North
co_mean_ugm3_roll_mean_7d,0.0007728301,h1,North
co_8h_max_ugm3_roll_mean_3d,0.0007151699,h1,North
co_8h_max_ugm3_roll_mean_7d,0.000794569,h1,North
aod500_mean_roll_mean_3d,0.0013805743,h1,North
aod500_mean_roll_mean_7d,0.0014939519,h1,North
co_mean_ugm3_diff_1d,0.0012868998,h1,North
co_mean_ugm3_missing,0.0,h1,North
co_8h_max_ugm3_missing,0.0,h1,North
aod500_mean_missing,0.0012151438,h1,North
station_id_code,0.000861078,h1,North
region_id_code,0.0,h1,North
lat,0.005147084,h2,North
long,0.0011658334,h2,North
pm25,0.26455855,h2,North
wind_speed_avg,0.00064072787,h2,North
wind_speed_max,0.0013691504,h2,North
temperature_avg,0.0020791513,h2,North
temperature_min,0.0053170244,h2,North
temperature_max,0.002072736,h2,North
rainfall,0.004934749,h2,North
pressure_avg,0.0020481688,h2,North
pressure_min,0.001790303,h2,North
pressure_max,0.002601322,h2,North
humidity_avg,0.0062305396,h2,North
humidity_min,0.0147680715,h2,North
humidity_max,0.0029781712,h2,North
sunshine_duration,0.0003153775,h2,North
wind_direction_avg_sin,0.00045593307,h2,North
wind_direction_avg_cos,0.0007192245,h2,North
wind_direction_at_max_speed_sin,0.000586284,h2,North
wind_direction_at_max_speed_cos,0.0005522535,h2,North
hotspot_count,0.004391973,h2,North
hotspot_frp_sum,0.0015370584,h2,North
hotspot_day,0.0010419027,h2,North
hotspot_night,0.019140892,h2,North
hotspot_conf_low,0.0019875364,h2,North
hotspot_conf_nominal,0.008604298,h2,North
hotspot_conf_high,0.0017609457,h2,North
hotspot_fire_farming_count,0.0,h2,North
hotspot_fire_wildfire_count,0.008410936,h2,North
hotspot_frp_max,0.0014340166,h2,North
hotspot_frp_mean,0.0011274558,h2,North
hotspot_min_distance_km,0.0007507208,h2,North
hotspot_present,0.0,h2,North
year_index,0.0065547936,h2,North
dow_sin,0.004018999,h2,North
dow_cos,0.0033501536,h2,North
month_sin,0.0042746942,h2,North
month_cos,0.007955738,h2,North
doy_sin,0.007706154,h2,North
doy_cos,0.005037182,h2,North
temperature_range,0.0031792244,h2,North
humidity_range,0.0010584326,h2,North
pressure_range,0.0016383833,h2,North
rain_event,0.005325531,h2,North
hotspot_day_ratio,0.0094502205,h2,North
hotspot_night_ratio,0.014465207,h2,North
log1p_rainfall,0.005863924,h2,North
log1p_hotspot_count,0.0129136825,h2,North
log1p_hotspot_frp_sum,0.0013946958,h2,North
pm25_lag_1,0.062526084,h2,North
pm25_lag_2,0.002255132,h2,North
pm25_lag_3,0.0035011184,h2,North
pm25_lag_7,0.0054902956,h2,North
pm25_lag_14,0.003303367,h2,North
temperature_avg_lag_1,0.0016551835,h2,North
temperature_avg_lag_3,0.0015080328,h2,North
temperature_avg_lag_7,0.00319853,h2,North
humidity_avg_lag_1,0.0018398331,h2,North
humidity_avg_lag_3,0.0016671768,h2,North
humidity_avg_lag_7,0.0010042952,h2,North
pressure_avg_lag_1,0.0018485447,h2,North
pressure_avg_lag_3,0.0011581461,h2,North
pressure_avg_lag_7,0.0030262785,h2,North
wind_speed_avg_lag_1,0.0008617632,h2,North
wind_speed_avg_lag_3,0.00073176256,h2,North
wind_speed_avg_lag_7,0.00060076953,h2,North
rainfall_lag_1,0.00046139467,h2,North
rainfall_lag_3,0.00042334423,h2,North
rainfall_lag_7,0.0009256933,h2,North
hotspot_count_lag_1,0.0012880682,h2,North
hotspot_count_lag_3,0.00091462827,h2,North
hotspot_count_lag_7,0.0014853673,h2,North
hotspot_frp_sum_lag_1,0.0013742974,h2,North
hotspot_frp_sum_lag_3,0.00095539744,h2,North
hotspot_frp_sum_lag_7,0.001172472,h2,North
pm25_roll_mean_3d,0.1853492,h2,North
pm25_roll_mean_7d,0.06387474,h2,North
pm25_roll_mean_14d,0.03720041,h2,North
pm25_roll_std_3d,0.0017229102,h2,North
pm25_roll_std_7d,0.0020226964,h2,North
pm25_roll_min_7d,0.002459594,h2,North
pm25_roll_max_7d,0.02977258,h2,North
temperature_avg_roll_mean_3d,0.0016661043,h2,North
temperature_avg_roll_mean_7d,0.0014841746,h2,North
humidity_avg_roll_mean_3d,0.0025709907,h2,North
humidity_avg_roll_mean_7d,0.0022054354,h2,North
pressure_avg_roll_mean_3d,0.0019235862,h2,North
pressure_avg_roll_mean_7d,0.0016045581,h2,North
wind_speed_avg_roll_mean_3d,0.00075417006,h2,North
wind_speed_avg_roll_mean_7d,0.0009374937,h2,North
rainfall_roll_sum_3d,0.013891796,h2,North
rainfall_roll_sum_7d,0.0021449523,h2,North
rainfall_roll_sum_14d,0.0024050858,h2,North
rain_days_7d,0.000946449,h2,North
hotspot_count_roll_sum_3d,0.0013220059,h2,North
hotspot_count_roll_sum_7d,0.0009611275,h2,North
hotspot_frp_sum_roll_sum_3d,0.0027067903,h2,North
hotspot_frp_sum_roll_sum_7d,0.0011040026,h2,North
hotspot_active_days_7d,0.00090531696,h2,North
pm25_diff_1d,0.006445111,h2,North
pm25_diff_3d,0.006531648,h2,North
temperature_avg_diff_1d,0.0019527983,h2,North
humidity_avg_diff_1d,0.001358126,h2,North
pressure_avg_diff_1d,0.006526876,h2,North
wind_speed_avg_diff_1d,0.0027662162,h2,North
hotspot_count_diff_1d,0.0021864597,h2,North
co_mean_ugm3,0.0015909997,h2,North
co_8h_max_ugm3,0.0010479093,h2,North
aod500_mean,0.0047973776,h2,North
co_mean_ugm3_lag_1,0.0013335939,h2,North
co_mean_ugm3_lag_3,0.0018628788,h2,North
co_mean_ugm3_lag_7,0.0016253866,h2,North
co_8h_max_ugm3_lag_1,0.0009344988,h2,North
co_8h_max_ugm3_lag_3,0.0007863376,h2,North
co_8h_max_ugm3_lag_7,0.0012287715,h2,North
aod500_mean_lag_1,0.00238951,h2,North
aod500_mean_lag_3,0.0025983427,h2,North
aod500_mean_lag_7,0.001946526,h2,North
co_mean_ugm3_roll_mean_3d,0.001048525,h2,North
co_mean_ugm3_roll_mean_7d,0.0012970738,h2,North
co_8h_max_ugm3_roll_mean_3d,0.0011034276,h2,North
co_8h_max_ugm3_roll_mean_7d,0.0015645688,h2,North
aod500_mean_roll_mean_3d,0.0036209144,h2,North
aod500_mean_roll_mean_7d,0.004397869,h2,North
co_mean_ugm3_diff_1d,0.0010402062,h2,North
co_mean_ugm3_missing,0.0,h2,North
co_8h_max_ugm3_missing,0.0,h2,North
aod500_mean_missing,0.0031577542,h2,North
station_id_code,0.001041717,h2,North
region_id_code,0.0,h2,North
lat,0.007943279,h3,North
long,0.0010650518,h3,North
pm25,0.1676795,h3,North
wind_speed_avg,0.0011836966,h3,North
wind_speed_max,0.0,h3,North
temperature_avg,0.0025493987,h3,North
temperature_min,0.0074595963,h3,North
temperature_max,0.0011766123,h3,North
rainfall,0.0032017934,h3,North
pressure_avg,0.006145392,h3,North
pressure_min,0.0017904844,h3,North
pressure_max,0.010915203,h3,North
humidity_avg,0.011098655,h3,North
humidity_min,0.01882108,h3,North
humidity_max,0.0091904355,h3,North
sunshine_duration,0.0,h3,North
wind_direction_avg_sin,0.0,h3,North
wind_direction_avg_cos,0.00031440964,h3,North
wind_direction_at_max_speed_sin,0.00047821776,h3,North
wind_direction_at_max_speed_cos,9.604027e-05,h3,North
hotspot_count,0.014577739,h3,North
hotspot_frp_sum,0.0036460038,h3,North
hotspot_day,0.0007530844,h3,North
hotspot_night,0.016920403,h3,North
hotspot_conf_low,0.00060302287,h3,North
hotspot_conf_nominal,0.014804667,h3,North
hotspot_conf_high,0.0,h3,North
hotspot_fire_farming_count,0.0,h3,North
hotspot_fire_wildfire_count,0.00062952726,h3,North
hotspot_frp_max,0.0009895476,h3,North
hotspot_frp_mean,0.00096978294,h3,North
hotspot_min_distance_km,0.00056007504,h3,North
hotspot_present,0.0,h3,North
year_index,0.011096416,h3,North
dow_sin,0.0020177728,h3,North
dow_cos,0.0031620793,h3,North
month_sin,0.0045532966,h3,North
month_cos,0.012771692,h3,North
doy_sin,0.010435627,h3,North
doy_cos,0.0060774577,h3,North
temperature_range,0.0055315313,h3,North
humidity_range,0.0,h3,North
pressure_range,0.0015150199,h3,North
rain_event,0.010792913,h3,North
hotspot_day_ratio,0.037103534,h3,North
hotspot_night_ratio,0.038814984,h3,North
log1p_rainfall,0.0054997653,h3,North
log1p_hotspot_count,0.0,h3,North
log1p_hotspot_frp_sum,0.0,h3,North
pm25_lag_1,0.0060600354,h3,North
pm25_lag_2,0.002668139,h3,North
pm25_lag_3,0.0023694749,h3,North
pm25_lag_7,0.004443015,h3,North
pm25_lag_14,0.004513603,h3,North
temperature_avg_lag_1,0.004500605,h3,North
temperature_avg_lag_3,0.0009183443,h3,North
temperature_avg_lag_7,0.0016883982,h3,North
humidity_avg_lag_1,0.009919624,h3,North
humidity_avg_lag_3,0.0018620483,h3,North
humidity_avg_lag_7,0.0011603254,h3,North
pressure_avg_lag_1,0.0021933892,h3,North
pressure_avg_lag_3,0.0015585427,h3,North
pressure_avg_lag_7,0.005638731,h3,North
wind_speed_avg_lag_1,0.0011263235,h3,North
wind_speed_avg_lag_3,0.0,h3,North
wind_speed_avg_lag_7,6.553441e-05,h3,North
rainfall_lag_1,0.0,h3,North
rainfall_lag_3,0.0,h3,North
rainfall_lag_7,0.0,h3,North
hotspot_count_lag_1,0.0011297109,h3,North
hotspot_count_lag_3,0.0,h3,North
hotspot_count_lag_7,0.0019953602,h3,North
hotspot_frp_sum_lag_1,0.0013069999,h3,North
hotspot_frp_sum_lag_3,0.0015575226,h3,North
hotspot_frp_sum_lag_7,0.0020508128,h3,North
pm25_roll_mean_3d,0.19216686,h3,North
pm25_roll_mean_7d,0.030283622,h3,North
pm25_roll_mean_14d,0.08687077,h3,North
pm25_roll_std_3d,0.0014109889,h3,North
pm25_roll_std_7d,0.0014742649,h3,North
pm25_roll_min_7d,0.0033067958,h3,North
pm25_roll_max_7d,0.07085442,h3,North
temperature_avg_roll_mean_3d,0.0,h3,North
temperature_avg_roll_mean_7d,0.001367211,h3,North
humidity_avg_roll_mean_3d,0.010437576,h3,North
humidity_avg_roll_mean_7d,0.0009189058,h3,North
pressure_avg_roll_mean_3d,0.00089462503,h3,North
pressure_avg_roll_mean_7d,0.0,h3,North
wind_speed_avg_roll_mean_3d,0.0011410265,h3,North
wind_speed_avg_roll_mean_7d,0.00052567886,h3,North
rainfall_roll_sum_3d,0.014235053,h3,North
rainfall_roll_sum_7d,0.0012050342,h3,North
rainfall_roll_sum_14d,0.0011836659,h3,North
rain_days_7d,0.0007931548,h3,North
hotspot_count_roll_sum_3d,0.0023589062,h3,North
hotspot_count_roll_sum_7d,0.0016203168,h3,North
hotspot_frp_sum_roll_sum_3d,0.0015148764,h3,North
hotspot_frp_sum_roll_sum_7d,0.0012784465,h3,North
hotspot_active_days_7d,0.0,h3,North
pm25_diff_1d,0.0055189845,h3,North
pm25_diff_3d,0.006183915,h3,North
temperature_avg_diff_1d,0.001250037,h3,North
humidity_avg_diff_1d,0.0010293582,h3,North
pressure_avg_diff_1d,0.0056656855,h3,North
wind_speed_avg_diff_1d,0.0006856396,h3,North
hotspot_count_diff_1d,0.0016119061,h3,North
co_mean_ugm3,0.002651834,h3,North
co_8h_max_ugm3,0.0003854634,h3,North
aod500_mean,0.0025642526,h3,North
co_mean_ugm3_lag_1,0.00054447685,h3,North
co_mean_ugm3_lag_3,0.0028441735,h3,North
co_mean_ugm3_lag_7,0.0024844704,h3,North
co_8h_max_ugm3_lag_1,0.0010992001,h3,North
co_8h_max_ugm3_lag_3,0.0022315267,h3,North
co_8h_max_ugm3_lag_7,0.001565974,h3,North
aod500_mean_lag_1,0.0016679185,h3,North
aod500_mean_lag_3,0.0039997865,h3,North
aod500_mean_lag_7,0.001125626,h3,North
co_mean_ugm3_roll_mean_3d,0.0,h3,North
co_mean_ugm3_roll_mean_7d,0.0012399697,h3,North
co_8h_max_ugm3_roll_mean_3d,0.0037239825,h3,North
co_8h_max_ugm3_roll_mean_7d,0.0008812244,h3,North
aod500_mean_roll_mean_3d,0.0035488792,h3,North
aod500_mean_roll_mean_7d,0.0050992477,h3,North
co_mean_ugm3_diff_1d,0.00028107685,h3,North
co_mean_ugm3_missing,0.0,h3,North
co_8h_max_ugm3_missing,0.0,h3,North
aod500_mean_missing,0.0,h3,North
station_id_code,0.0006118317,h3,North
region_id_code,0.0,h3,North
lat,0.011438882,h4,North
long,0.0014233802,h4,North
pm25,0.21645321,h4,North
wind_speed_avg,0.0003011936,h4,North
wind_speed_max,0.0,h4,North
temperature_avg,0.0015111573,h4,North
temperature_min,0.01200422,h4,North
temperature_max,0.0031912725,h4,North
rainfall,0.0015881872,h4,North
pressure_avg,0.001121973,h4,North
pressure_min,0.0019974695,h4,North
pressure_max,0.0009591616,h4,North
humidity_avg,0.008314891,h4,North
humidity_min,0.034484237,h4,North
humidity_max,0.0083997855,h4,North
sunshine_duration,0.0,h4,North
wind_direction_avg_sin,0.00085772446,h4,North
wind_direction_avg_cos,0.0,h4,North
wind_direction_at_max_speed_sin,0.0,h4,North
wind_direction_at_max_speed_cos,0.0,h4,North
hotspot_count,0.007501403,h4,North
hotspot_frp_sum,0.00771068,h4,North
hotspot_day,0.0,h4,North
hotspot_night,0.017892255,h4,North
hotspot_conf_low,0.0,h4,North
hotspot_conf_nominal,0.0008452809,h4,North
hotspot_conf_high,0.0,h4,North
hotspot_fire_farming_count,0.0,h4,North
hotspot_fire_wildfire_count,0.0,h4,North
hotspot_frp_max,0.0020627463,h4,North
hotspot_frp_mean,0.0008064574,h4,North
hotspot_min_distance_km,0.00067346595,h4,North
hotspot_present,0.0,h4,North
year_index,0.018250585,h4,North
dow_sin,0.0029646128,h4,North
dow_cos,0.0016375615,h4,North
month_sin,0.0041224947,h4,North
month_cos,0.028809872,h4,North
doy_sin,0.012706075,h4,North
doy_cos,0.007115078,h4,North
temperature_range,0.0062686573,h4,North
humidity_range,0.0,h4,North
pressure_range,0.005253992,h4,North
rain_event,0.0,h4,North
hotspot_day_ratio,0.06660542,h4,North
hotspot_night_ratio,0.0,h4,North
log1p_rainfall,0.00048273368,h4,North
log1p_hotspot_count,0.0,h4,North
log1p_hotspot_frp_sum,0.00097272644,h4,North
pm25_lag_1,0.007594926,h4,North
pm25_lag_2,0.0030736306,h4,North
pm25_lag_3,0.0013636851,h4,North
pm25_lag_7,0.0037908868,h4,North
pm25_lag_14,0.009501885,h4,North
temperature_avg_lag_1,0.003170322,h4,North
temperature_avg_lag_3,0.0007430605,h4,North
temperature_avg_lag_7,0.002605005,h4,North
humidity_avg_lag_1,0.0011847607,h4,North
humidity_avg_lag_3,0.0013996747,h4,North
humidity_avg_lag_7,0.0014457457,h4,North
pressure_avg_lag_1,0.0,h4,North
pressure_avg_lag_3,0.000671094,h4,North
pressure_avg_lag_7,0.0029891257,h4,North
wind_speed_avg_lag_1,0.00055160123,h4,North
wind_speed_avg_lag_3,0.0,h4,North
wind_speed_avg_lag_7,0.0,h4,North
rainfall_lag_1,0.0,h4,North
rainfall_lag_3,0.0,h4,North
rainfall_lag_7,0.0,h4,North
hotspot_count_lag_1,0.0006307646,h4,North
hotspot_count_lag_3,0.0,h4,North
hotspot_count_lag_7,0.0022901648,h4,North
hotspot_frp_sum_lag_1,0.0,h4,North
hotspot_frp_sum_lag_3,0.0010036244,h4,North
hotspot_frp_sum_lag_7,0.0012551402,h4,North
pm25_roll_mean_3d,0.0361987,h4,North
pm25_roll_mean_7d,0.019378334,h4,North
pm25_roll_mean_14d,0.14447257,h4,North
pm25_roll_std_3d,0.00082351704,h4,North
pm25_roll_std_7d,0.0024901778,h4,North
pm25_roll_min_7d,0.00569551,h4,North
pm25_roll_max_7d,0.15831718,h4,North
temperature_avg_roll_mean_3d,0.0013238125,h4,North
temperature_avg_roll_mean_7d,0.0029292724,h4,North
humidity_avg_roll_mean_3d,0.0,h4,North
humidity_avg_roll_mean_7d,0.0,h4,North
pressure_avg_roll_mean_3d,0.0,h4,North
pressure_avg_roll_mean_7d,0.02693045,h4,North
wind_speed_avg_roll_mean_3d,0.00057708815,h4,North
wind_speed_avg_roll_mean_7d,0.0,h4,North
rainfall_roll_sum_3d,0.00042000506,h4,North
rainfall_roll_sum_7d,0.0,h4,North
rainfall_roll_sum_14d,0.0047683157,h4,North
rain_days_7d,0.00036008738,h4,North
hotspot_count_roll_sum_3d,0.0,h4,North
hotspot_count_roll_sum_7d,0.0027433194,h4,North
hotspot_frp_sum_roll_sum_3d,0.0,h4,North
hotspot_frp_sum_roll_sum_7d,0.0009562583,h4,North
hotspot_active_days_7d,0.0,h4,North
pm25_diff_1d,0.008830856,h4,North
pm25_diff_3d,0.0043827426,h4,North
temperature_avg_diff_1d,0.0010743473,h4,North
humidity_avg_diff_1d,0.00088502746,h4,North
pressure_avg_diff_1d,0.0026333446,h4,North
wind_speed_avg_diff_1d,0.0,h4,North
hotspot_count_diff_1d,0.0007854112,h4,North
co_mean_ugm3,0.001276577,h4,North
co_8h_max_ugm3,0.0,h4,North
aod500_mean,0.003474914,h4,North
co_mean_ugm3_lag_1,0.0012430494,h4,North
co_mean_ugm3_lag_3,0.0,h4,North
co_mean_ugm3_lag_7,0.0031969866,h4,North
co_8h_max_ugm3_lag_1,0.0,h4,North
co_8h_max_ugm3_lag_3,0.0,h4,North
co_8h_max_ugm3_lag_7,0.0011568973,h4,North
aod500_mean_lag_1,0.0029588996,h4,North
aod500_mean_lag_3,0.0030509888,h4,North
aod500_mean_lag_7,0.0013994273,h4,North
co_mean_ugm3_roll_mean_3d,0.0,h4,North
co_mean_ugm3_roll_mean_7d,0.0009876341,h4,North
co_8h_max_ugm3_roll_mean_3d,0.0,h4,North
co_8h_max_ugm3_roll_mean_7d,0.00232968,h4,North
aod500_mean_roll_mean_3d,0.0068014073,h4,North
aod500_mean_roll_mean_7d,0.0018228688,h4,North
co_mean_ugm3_diff_1d,0.00065893435,h4,North
co_mean_ugm3_missing,0.0,h4,North
co_8h_max_ugm3_missing,0.0,h4,North
aod500_mean_missing,0.0,h4,North
station_id_code,0.0006715933,h4,North
region_id_code,0.0,h4,North
lat,0.012168627,h5,North
long,0.0017588786,h5,North
pm25,0.10086884,h5,North
wind_speed_avg,0.0009782588,h5,North
wind_speed_max,0.00036301863,h5,North
temperature_avg,0.0005850486,h5,North
temperature_min,0.0059345947,h5,North
temperature_max,0.0028963906,h5,North
rainfall,0.001217894,h5,North
pressure_avg,0.0007249367,h5,North
pressure_min,0.0023760488,h5,North
pressure_max,0.0016766879,h5,North
humidity_avg,0.01075846,h5,North
humidity_min,0.029263863,h5,North
humidity_max,0.00894156,h5,North
sunshine_duration,0.0,h5,North
wind_direction_avg_sin,0.0006108058,h5,North
wind_direction_avg_cos,0.00028046864,h5,North
wind_direction_at_max_speed_sin,0.00078493287,h5,North
wind_direction_at_max_speed_cos,0.00052564364,h5,North
hotspot_count,0.017889058,h5,North
hotspot_frp_sum,0.0,h5,North
hotspot_day,0.0033001176,h5,North
hotspot_night,0.0045086676,h5,North
hotspot_conf_low,0.0036177495,h5,North
hotspot_conf_nominal,0.0023397333,h5,North
hotspot_conf_high,0.0,h5,North
hotspot_fire_farming_count,0.0,h5,North
hotspot_fire_wildfire_count,0.030987147,h5,North
hotspot_frp_max,0.0013301347,h5,North
hotspot_frp_mean,0.00078938575,h5,North
hotspot_min_distance_km,0.0012330242,h5,North
hotspot_present,0.0,h5,North
year_index,0.012207813,h5,North
dow_sin,0.0031603135,h5,North
dow_cos,0.0012776904,h5,North
month_sin,0.008196449,h5,North
month_cos,0.032605406,h5,North
doy_sin,0.010756053,h5,North
doy_cos,0.009453303,h5,North
temperature_range,0.0043329685,h5,North
humidity_range,0.000274813,h5,North
pressure_range,0.004876268,h5,North
rain_event,0.0,h5,North
hotspot_day_ratio,0.011736325,h5,North
hotspot_night_ratio,0.019244023,h5,North
log1p_rainfall,0.00063144614,h5,North
log1p_hotspot_count,0.0,h5,North
log1p_hotspot_frp_sum,0.0051869773,h5,North
pm25_lag_1,0.005210109,h5,North
pm25_lag_2,0.0020153692,h5,North
pm25_lag_3,0.0042459466,h5,North
pm25_lag_7,0.006836715,h5,North
pm25_lag_14,0.010176659,h5,North
temperature_avg_lag_1,0.0025425528,h5,North
temperature_avg_lag_3,0.0016616831,h5,North
temperature_avg_lag_7,0.012557345,h5,North
humidity_avg_lag_1,0.000987587,h5,North
humidity_avg_lag_3,0.0015381698,h5,North
humidity_avg_lag_7,0.0029397758,h5,North
pressure_avg_lag_1,0.0072212997,h5,North
pressure_avg_lag_3,0.0018625901,h5,North
pressure_avg_lag_7,0.0030844416,h5,North
wind_speed_avg_lag_1,0.0004714806,h5,North
wind_speed_avg_lag_3,0.00095923024,h5,North
wind_speed_avg_lag_7,0.0010592171,h5,North
rainfall_lag_1,0.0,h5,North
rainfall_lag_3,0.00015661528,h5,North
rainfall_lag_7,0.0006752003,h5,North
hotspot_count_lag_1,0.0009817526,h5,North
hotspot_count_lag_3,0.0018818526,h5,North
hotspot_count_lag_7,0.001424286,h5,North
hotspot_frp_sum_lag_1,0.0,h5,North
hotspot_frp_sum_lag_3,0.0015206473,h5,North
hotspot_frp_sum_lag_7,0.0011109733,h5,North
pm25_roll_mean_3d,0.02983752,h5,North
pm25_roll_mean_7d,0.06922505,h5,North
pm25_roll_mean_14d,0.19023229,h5,North
pm25_roll_std_3d,0.002054027,h5,North
pm25_roll_std_7d,0.006129835,h5,North
pm25_roll_min_7d,0.0052903835,h5,North
pm25_roll_max_7d,0.10670726,h5,North
temperature_avg_roll_mean_3d,0.001364661,h5,North
temperature_avg_roll_mean_7d,0.003436671,h5,North
humidity_avg_roll_mean_3d,0.021453636,h5,North
humidity_avg_roll_mean_7d,0.0005808374,h5,North
pressure_avg_roll_mean_3d,0.0,h5,North
pressure_avg_roll_mean_7d,0.01683732,h5,North
wind_speed_avg_roll_mean_3d,0.0013884152,h5,North
wind_speed_avg_roll_mean_7d,0.0010287635,h5,North
rainfall_roll_sum_3d,0.006150515,h5,North
rainfall_roll_sum_7d,0.002767505,h5,North
rainfall_roll_sum_14d,0.0048983684,h5,North
rain_days_7d,0.0,h5,North
hotspot_count_roll_sum_3d,0.0014749177,h5,North
hotspot_count_roll_sum_7d,0.0022384557,h5,North
hotspot_frp_sum_roll_sum_3d,0.0014953754,h5,North
hotspot_frp_sum_roll_sum_7d,0.0015436693,h5,North
hotspot_active_days_7d,0.0029296065,h5,North
pm25_diff_1d,0.003636709,h5,North
pm25_diff_3d,0.0029339795,h5,North
temperature_avg_diff_1d,0.0008854622,h5,North
humidity_avg_diff_1d,0.0007797717,h5,North
pressure_avg_diff_1d,0.0019833345,h5,North
wind_speed_avg_diff_1d,0.00017669125,h5,North
hotspot_count_diff_1d,0.0009875349,h5,North
co_mean_ugm3,0.002301291,h5,North
co_8h_max_ugm3,0.0061002336,h5,North
aod500_mean,0.005504062,h5,North
co_mean_ugm3_lag_1,0.003077354,h5,North
co_mean_ugm3_lag_3,0.0012237355,h5,North
co_mean_ugm3_lag_7,0.0019981693,h5,North
co_8h_max_ugm3_lag_1,0.000396787,h5,North
co_8h_max_ugm3_lag_3,0.0011680652,h5,North
co_8h_max_ugm3_lag_7,0.0013335607,h5,North
aod500_mean_lag_1,0.005656446,h5,North
aod500_mean_lag_3,0.0013634652,h5,North
aod500_mean_lag_7,0.0019303665,h5,North
co_mean_ugm3_roll_mean_3d,0.0028991485,h5,North
co_mean_ugm3_roll_mean_7d,0.0005659167,h5,North
co_8h_max_ugm3_roll_mean_3d,0.0015633232,h5,North
co_8h_max_ugm3_roll_mean_7d,0.0014005296,h5,North
aod500_mean_roll_mean_3d,0.013516829,h5,North
aod500_mean_roll_mean_7d,0.010090155,h5,North
co_mean_ugm3_diff_1d,0.0007532382,h5,North
co_mean_ugm3_missing,0.0,h5,North
co_8h_max_ugm3_missing,0.0,h5,North
aod500_mean_missing,0.0,h5,North
station_id_code,0.00093744416,h5,North
region_id_code,0.0,h5,North
lat,0.013597776,h6,North
long,0.0016400809,h6,North
pm25,0.04232952,h6,North
wind_speed_avg,0.0005790879,h6,North
wind_speed_max,0.0,h6,North
temperature_avg,0.00096864643,h6,North
temperature_min,0.0048933383,h6,North
temperature_max,0.0040244046,h6,North
rainfall,0.0,h6,North
pressure_avg,0.001015435,h6,North
pressure_min,0.0008728089,h6,North
pressure_max,0.0007739436,h6,North
humidity_avg,0.004361714,h6,North
humidity_min,0.035950977,h6,North
humidity_max,0.008314718,h6,North
sunshine_duration,0.0,h6,North
wind_direction_avg_sin,0.0,h6,North
wind_direction_avg_cos,6.279657e-05,h6,North
wind_direction_at_max_speed_sin,0.0,h6,North
wind_direction_at_max_speed_cos,0.0015120081,h6,North
hotspot_count,0.0028853405,h6,North
hotspot_frp_sum,0.001805334,h6,North
hotspot_day,0.0033228158,h6,North
hotspot_night,0.0077818236,h6,North
hotspot_conf_low,0.001005114,h6,North
hotspot_conf_nominal,0.0020645475,h6,North
hotspot_conf_high,0.0,h6,North
hotspot_fire_farming_count,0.0,h6,North
hotspot_fire_wildfire_count,0.0014296892,h6,North
hotspot_frp_max,0.0013583571,h6,North
hotspot_frp_mean,0.0,h6,North
hotspot_min_distance_km,0.0026088974,h6,North
hotspot_present,0.0,h6,North
year_index,0.01209886,h6,North
dow_sin,0.0023111135,h6,North
dow_cos,0.0021342754,h6,North
month_sin,0.0043610088,h6,North
month_cos,0.034863472,h6,North
doy_sin,0.0095548695,h6,North
doy_cos,0.010125912,h6,North
temperature_range,0.0060516302,h6,North
humidity_range,0.0049340734,h6,North
pressure_range,0.0034805557,h6,North
rain_event,0.0,h6,North
hotspot_day_ratio,0.028266272,h6,North
hotspot_night_ratio,0.027289066,h6,North
log1p_rainfall,0.0,h6,North
log1p_hotspot_count,0.0,h6,North
log1p_hotspot_frp_sum,0.0,h6,North
pm25_lag_1,0.0021708123,h6,North
pm25_lag_2,0.002261159,h6,North
pm25_lag_3,0.0063736853,h6,North
pm25_lag_7,0.011519849,h6,North
pm25_lag_14,0.009395138,h6,North
temperature_avg_lag_1,0.0026432697,h6,North
temperature_avg_lag_3,0.0011624148,h6,North
temperature_avg_lag_7,0.0031909484,h6,North
humidity_avg_lag_1,0.0,h6,North
humidity_avg_lag_3,5.0208655e-05,h6,North
humidity_avg_lag_7,0.00094901136,h6,North
pressure_avg_lag_1,0.0,h6,North
pressure_avg_lag_3,0.0026486393,h6,North
pressure_avg_lag_7,0.0032028824,h6,North
wind_speed_avg_lag_1,0.00055968063,h6,North
wind_speed_avg_lag_3,0.0,h6,North
wind_speed_avg_lag_7,0.0,h6,North
rainfall_lag_1,0.0,h6,North
rainfall_lag_3,0.0,h6,North
rainfall_lag_7,0.0,h6,North
hotspot_count_lag_1,0.0,h6,North
hotspot_count_lag_3,0.0022293373,h6,North
hotspot_count_lag_7,0.0011720399,h6,North
hotspot_frp_sum_lag_1,4.9280687e-05,h6,North
hotspot_frp_sum_lag_3,0.00163501,h6,North
hotspot_frp_sum_lag_7,0.0004434307,h6,North
pm25_roll_mean_3d,0.07507549,h6,North
pm25_roll_mean_7d,0.1741692,h6,North
pm25_roll_mean_14d,0.14117801,h6,North
pm25_roll_std_3d,0.002068655,h6,North
pm25_roll_std_7d,0.008253855,h6,North
pm25_roll_min_7d,0.0025820509,h6,North
pm25_roll_max_7d,0.15846446,h6,North
temperature_avg_roll_mean_3d,0.0015084638,h6,North
temperature_avg_roll_mean_7d,0.00341757,h6,North
humidity_avg_roll_mean_3d,0.006657653,h6,North
humidity_avg_roll_mean_7d,0.0017919489,h6,North
pressure_avg_roll_mean_3d,0.0050045312,h6,North
pressure_avg_roll_mean_7d,0.016246222,h6,North
wind_speed_avg_roll_mean_3d,0.0,h6,North
wind_speed_avg_roll_mean_7d,0.0030237623,h6,North
rainfall_roll_sum_3d,0.00065027917,h6,North
rainfall_roll_sum_7d,0.0017741385,h6,North
rainfall_roll_sum_14d,0.0022847834,h6,North
rain_days_7d,0.0,h6,North
hotspot_count_roll_sum_3d,0.0022543725,h6,North
hotspot_count_roll_sum_7d,0.0023692132,h6,North
hotspot_frp_sum_roll_sum_3d,0.00043129773,h6,North
hotspot_frp_sum_roll_sum_7d,0.00097484415,h6,North
hotspot_active_days_7d,0.0,h6,North
pm25_diff_1d,0.0029128229,h6,North
pm25_diff_3d,0.00210968,h6,North
temperature_avg_diff_1d,0.0006082221,h6,North
humidity_avg_diff_1d,0.00091483025,h6,North
pressure_avg_diff_1d,0.0012639797,h6,North
wind_speed_avg_diff_1d,0.0,h6,North
hotspot_count_diff_1d,0.0012902551,h6,North
co_mean_ugm3,0.001985178,h6,North
co_8h_max_ugm3,0.0006875238,h6,North
aod500_mean,0.0053965203,h6,North
co_mean_ugm3_lag_1,0.0014625088,h6,North
co_mean_ugm3_lag_3,0.000102704915,h6,North
co_mean_ugm3_lag_7,0.0016731443,h6,North
co_8h_max_ugm3_lag_1,0.00089253375,h6,North
co_8h_max_ugm3_lag_3,5.241723e-05,h6,North
co_8h_max_ugm3_lag_7,0.0020717443,h6,North
aod500_mean_lag_1,0.0039252923,h6,North
aod500_mean_lag_3,0.0011958446,h6,North
aod500_mean_lag_7,0.0024905966,h6,North
co_mean_ugm3_roll_mean_3d,0.0013890121,h6,North
co_mean_ugm3_roll_mean_7d,0.00038658714,h6,North
co_8h_max_ugm3_roll_mean_3d,0.0019497371,h6,North
co_8h_max_ugm3_roll_mean_7d,0.0017580426,h6,North
aod500_mean_roll_mean_3d,0.002291458,h6,North
aod500_mean_roll_mean_7d,0.0065085646,h6,North
co_mean_ugm3_diff_1d,0.0007035667,h6,North
co_mean_ugm3_missing,0.0,h6,North
co_8h_max_ugm3_missing,0.0,h6,North
aod500_mean_missing,0.0,h6,North
station_id_code,0.0015093039,h6,North
region_id_code,0.0,h6,North
lat,0.014139052,h7,North
long,0.0021847135,h7,North
pm25,0.048744105,h7,North
wind_speed_avg,0.0009310151,h7,North
wind_speed_max,0.00068844954,h7,North
temperature_avg,0.0031268012,h7,North
temperature_min,0.007110276,h7,North
temperature_max,0.0016523012,h7,North
rainfall,0.0,h7,North
pressure_avg,0.0019546738,h7,North
pressure_min,0.0008464856,h7,North
pressure_max,0.0017410913,h7,North
humidity_avg,0.0015629514,h7,North
humidity_min,0.0052375994,h7,North
humidity_max,0.0043090074,h7,North
sunshine_duration,0.0,h7,North
wind_direction_avg_sin,0.00051279296,h7,North
wind_direction_avg_cos,0.0015376407,h7,North
wind_direction_at_max_speed_sin,0.0,h7,North
wind_direction_at_max_speed_cos,0.0007665406,h7,North
hotspot_count,0.00072954723,h7,North
hotspot_frp_sum,0.00067866576,h7,North
hotspot_day,0.00051198,h7,North
hotspot_night,0.0038884748,h7,North
hotspot_conf_low,0.0,h7,North
hotspot_conf_nominal,0.0010597892,h7,North
hotspot_conf_high,0.0,h7,North
hotspot_fire_farming_count,0.0,h7,North
hotspot_fire_wildfire_count,0.0022940533,h7,North
hotspot_frp_max,0.0012369647,h7,North
hotspot_frp_mean,0.0009588129,h7,North
hotspot_min_distance_km,0.0018450166,h7,North
hotspot_present,0.0,h7,North
year_index,0.01802166,h7,North
dow_sin,0.0009965443,h7,North
dow_cos,0.002119221,h7,North
month_sin,0.0116830245,h7,North
month_cos,0.05863215,h7,North
doy_sin,0.011574423,h7,North
doy_cos,0.011983068,h7,North
temperature_range,0.0015787141,h7,North
humidity_range,0.0029531256,h7,North
pressure_range,0.0031790005,h7,North
rain_event,0.0,h7,North
hotspot_day_ratio,0.008340485,h7,North
hotspot_night_ratio,0.0026793522,h7,North
log1p_rainfall,0.0,h7,North
log1p_hotspot_count,0.0,h7,North
log1p_hotspot_frp_sum,0.0012447265,h7,North
pm25_lag_1,0.0034901646,h7,North
pm25_lag_2,0.0048137815,h7,North
pm25_lag_3,0.0029949024,h7,North
pm25_lag_7,0.009532645,h7,North
pm25_lag_14,0.009003535,h7,North
temperature_avg_lag_1,0.002010827,h7,North
temperature_avg_lag_3,0.0005941327,h7,North
temperature_avg_lag_7,0.0065986556,h7,North
humidity_avg_lag_1,0.0012596727,h7,North
humidity_avg_lag_3,0.0012216589,h7,North
humidity_avg_lag_7,0.002093513,h7,North
pressure_avg_lag_1,0.0018514097,h7,North
pressure_avg_lag_3,0.005773634,h7,North
pressure_avg_lag_7,0.0014860443,h7,North
wind_speed_avg_lag_1,0.0,h7,North
wind_speed_avg_lag_3,0.00084513397,h7,North
wind_speed_avg_lag_7,0.00056064804,h7,North
rainfall_lag_1,0.0,h7,North
rainfall_lag_3,0.0,h7,North
rainfall_lag_7,1.0024248e-05,h7,North
hotspot_count_lag_1,0.0017773957,h7,North
hotspot_count_lag_3,0.0026883879,h7,North
hotspot_count_lag_7,0.0012678866,h7,North
hotspot_frp_sum_lag_1,0.0017568403,h7,North
hotspot_frp_sum_lag_3,0.0016493683,h7,North
hotspot_frp_sum_lag_7,0.00067900104,h7,North
pm25_roll_mean_3d,0.08732872,h7,North
pm25_roll_mean_7d,0.10808069,h7,North
pm25_roll_mean_14d,0.13063309,h7,North
pm25_roll_std_3d,0.001167121,h7,North
pm25_roll_std_7d,0.025552744,h7,North
pm25_roll_min_7d,0.0052828705,h7,North
pm25_roll_max_7d,0.20597456,h7,North
temperature_avg_roll_mean_3d,0.0008481011,h7,North
temperature_avg_roll_mean_7d,0.0032918442,h7,North
humidity_avg_roll_mean_3d,0.00256473,h7,North
humidity_avg_roll_mean_7d,0.0031818168,h7,North
pressure_avg_roll_mean_3d,0.003269996,h7,North
pressure_avg_roll_mean_7d,0.02775198,h7,North
wind_speed_avg_roll_mean_3d,0.0005508421,h7,North
wind_speed_avg_roll_mean_7d,0.0011129904,h7,North
rainfall_roll_sum_3d,0.0010365313,h7,North
rainfall_roll_sum_7d,0.0011016752,h7,North
rainfall_roll_sum_14d,0.007106304,h7,North
rain_days_7d,0.0,h7,North
hotspot_count_roll_sum_3d,0.0012671775,h7,North
hotspot_count_roll_sum_7d,0.0042816936,h7,North
hotspot_frp_sum_roll_sum_3d,0.004004006,h7,North
hotspot_frp_sum_roll_sum_7d,0.0016833754,h7,North
hotspot_active_days_7d,0.0,h7,North
pm25_diff_1d,0.004394576,h7,North
pm25_diff_3d,0.0036761397,h7,North
temperature_avg_diff_1d,0.0024764612,h7,North
humidity_avg_diff_1d,0.0013527562,h7,North
pressure_avg_diff_1d,0.0018039254,h7,North
wind_speed_avg_diff_1d,0.0016656382,h7,North
hotspot_count_diff_1d,0.0020786119,h7,North
co_mean_ugm3,0.0016453034,h7,North
co_8h_max_ugm3,0.0006293688,h7,North
aod500_mean,0.006003972,h7,North
co_mean_ugm3_lag_1,0.0012506063,h7,North
co_mean_ugm3_lag_3,0.0007422434,h7,North
co_mean_ugm3_lag_7,0.0014903052,h7,North
co_8h_max_ugm3_lag_1,0.0011089664,h7,North
co_8h_max_ugm3_lag_3,0.0015144575,h7,North
co_8h_max_ugm3_lag_7,0.0012745316,h7,North
aod500_mean_lag_1,0.0017385663,h7,North
aod500_mean_lag_3,0.0012198618,h7,North
aod500_mean_lag_7,0.006469555,h7,North
co_mean_ugm3_roll_mean_3d,0.0011655549,h7,North
co_mean_ugm3_roll_mean_7d,0.0014407288,h7,North
co_8h_max_ugm3_roll_mean_3d,0.000570405,h7,North
co_8h_max_ugm3_roll_mean_7d,0.0006741966,h7,North
aod500_mean_roll_mean_3d,0.0037549168,h7,North
aod500_mean_roll_mean_7d,0.01259621,h7,North
co_mean_ugm3_diff_1d,0.00026051898,h7,North
co_mean_ugm3_missing,0.0,h7,North
co_8h_max_ugm3_missing,0.0,h7,North
aod500_mean_missing,0.0,h7,North
station_id_code,0.000735263,h7,North
region_id_code,0.0,h7,North
lat,0.002603534,h1,Northeast
long,0.0020831753,h1,Northeast
pm25,0.33035174,h1,Northeast
wind_speed_avg,0.004803714,h1,Northeast
wind_speed_max,0.0015920533,h1,Northeast
temperature_avg,0.004967721,h1,Northeast
temperature_min,0.0043981797,h1,Northeast
temperature_max,0.003072435,h1,Northeast
rainfall,0.0056016026,h1,Northeast
pressure_avg,0.0017684138,h1,Northeast
pressure_min,0.0017703635,h1,Northeast
pressure_max,0.0021217267,h1,Northeast
humidity_avg,0.0027836468,h1,Northeast
humidity_min,0.0030455487,h1,Northeast
humidity_max,0.0012297718,h1,Northeast
sunshine_duration,0.001462804,h1,Northeast
wind_direction_avg_sin,0.0031675997,h1,Northeast
wind_direction_avg_cos,0.0014423336,h1,Northeast
wind_direction_at_max_speed_sin,0.0015105756,h1,Northeast
wind_direction_at_max_speed_cos,0.0011390419,h1,Northeast
hotspot_count,0.0016170011,h1,Northeast
hotspot_frp_sum,0.0013921845,h1,Northeast
hotspot_day,0.001574,h1,Northeast
hotspot_night,0.0013628441,h1,Northeast
hotspot_conf_low,0.0017919433,h1,Northeast
hotspot_conf_nominal,0.0014416415,h1,Northeast
hotspot_conf_high,0.0015393671,h1,Northeast
hotspot_fire_farming_count,0.0,h1,Northeast
hotspot_fire_wildfire_count,0.0020651694,h1,Northeast
hotspot_frp_max,0.001242406,h1,Northeast
hotspot_frp_mean,0.0011166962,h1,Northeast
hotspot_min_distance_km,0.0014391848,h1,Northeast
hotspot_present,0.0,h1,Northeast
year_index,0.004806141,h1,Northeast
dow_sin,0.0030890256,h1,Northeast
dow_cos,0.0025877508,h1,Northeast
month_sin,0.004540903,h1,Northeast
month_cos,0.008817116,h1,Northeast
doy_sin,0.004672114,h1,Northeast
doy_cos,0.004231955,h1,Northeast
temperature_range,0.0025063397,h1,Northeast
humidity_range,0.0013644925,h1,Northeast
pressure_range,0.0031495623,h1,Northeast
rain_event,0.0072067757,h1,Northeast
hotspot_day_ratio,0.0014075943,h1,Northeast
hotspot_night_ratio,0.0013147804,h1,Northeast
log1p_rainfall,0.0047204522,h1,Northeast
log1p_hotspot_count,0.0016343634,h1,Northeast
log1p_hotspot_frp_sum,0.0016045197,h1,Northeast
pm25_lag_1,0.0138612455,h1,Northeast
pm25_lag_2,0.0023878575,h1,Northeast
pm25_lag_3,0.0032118857,h1,Northeast
pm25_lag_7,0.0022427426,h1,Northeast
pm25_lag_14,0.0030928354,h1,Northeast
temperature_avg_lag_1,0.0027754083,h1,Northeast
temperature_avg_lag_3,0.0020933263,h1,Northeast
temperature_avg_lag_7,0.0021032682,h1,Northeast
humidity_avg_lag_1,0.0011964993,h1,Northeast
humidity_avg_lag_3,0.0014665693,h1,Northeast
humidity_avg_lag_7,0.0014312194,h1,Northeast
pressure_avg_lag_1,0.0024560804,h1,Northeast
pressure_avg_lag_3,0.0020614124,h1,Northeast
pressure_avg_lag_7,0.0021865612,h1,Northeast
wind_speed_avg_lag_1,0.0022413575,h1,Northeast
wind_speed_avg_lag_3,0.0013971489,h1,Northeast
wind_speed_avg_lag_7,0.0019600815,h1,Northeast
rainfall_lag_1,0.0013660906,h1,Northeast
rainfall_lag_3,0.0023836922,h1,Northeast
rainfall_lag_7,0.0009627121,h1,Northeast
hotspot_count_lag_1,0.0013249285,h1,Northeast
hotspot_count_lag_3,0.0011794252,h1,Northeast
hotspot_count_lag_7,0.0013084062,h1,Northeast
hotspot_frp_sum_lag_1,0.001380859,h1,Northeast
hotspot_frp_sum_lag_3,0.0012187078,h1,Northeast
hotspot_frp_sum_lag_7,0.001196846,h1,Northeast
pm25_roll_mean_3d,0.17039523,h1,Northeast
pm25_roll_mean_7d,0.07006861,h1,Northeast
pm25_roll_mean_14d,0.007057333,h1,Northeast
pm25_roll_std_3d,0.0023127203,h1,Northeast
pm25_roll_std_7d,0.0023492577,h1,Northeast
pm25_roll_min_7d,0.0040843324,h1,Northeast
pm25_roll_max_7d,0.09473932,h1,Northeast
temperature_avg_roll_mean_3d,0.0026611611,h1,Northeast
temperature_avg_roll_mean_7d,0.002142248,h1,Northeast
humidity_avg_roll_mean_3d,0.0015590749,h1,Northeast
humidity_avg_roll_mean_7d,0.0021649871,h1,Northeast
pressure_avg_roll_mean_3d,0.0019199299,h1,Northeast
pressure_avg_roll_mean_7d,0.0017914248,h1,Northeast
wind_speed_avg_roll_mean_3d,0.0014993047,h1,Northeast
wind_speed_avg_roll_mean_7d,0.001571667,h1,Northeast
rainfall_roll_sum_3d,0.0018213122,h1,Northeast
rainfall_roll_sum_7d,0.001565747,h1,Northeast
rainfall_roll_sum_14d,0.0015173898,h1,Northeast
rain_days_7d,0.0014926641,h1,Northeast
hotspot_count_roll_sum_3d,0.0018847447,h1,Northeast
hotspot_count_roll_sum_7d,0.0025163728,h1,Northeast
hotspot_frp_sum_roll_sum_3d,0.0015964343,h1,Northeast
hotspot_frp_sum_roll_sum_7d,0.0019266283,h1,Northeast
hotspot_active_days_7d,0.0020180088,h1,Northeast
pm25_diff_1d,0.012800726,h1,Northeast
pm25_diff_3d,0.008003852,h1,Northeast
temperature_avg_diff_1d,0.0032147253,h1,Northeast
humidity_avg_diff_1d,0.0025661397,h1,Northeast
pressure_avg_diff_1d,0.016250903,h1,Northeast
wind_speed_avg_diff_1d,0.01564821,h1,Northeast
hotspot_count_diff_1d,0.0015552966,h1,Northeast
co_mean_ugm3,0.004683304,h1,Northeast
co_8h_max_ugm3,0.0022096056,h1,Northeast
aod500_mean,0.0018559191,h1,Northeast
co_mean_ugm3_lag_1,0.0017750955,h1,Northeast
co_mean_ugm3_lag_3,0.0018194533,h1,Northeast
co_mean_ugm3_lag_7,0.0025240805,h1,Northeast
co_8h_max_ugm3_lag_1,0.0013916518,h1,Northeast
co_8h_max_ugm3_lag_3,0.0014101556,h1,Northeast
co_8h_max_ugm3_lag_7,0.0018838474,h1,Northeast
aod500_mean_lag_1,0.002037297,h1,Northeast
aod500_mean_lag_3,0.0019854761,h1,Northeast
aod500_mean_lag_7,0.0019179111,h1,Northeast
co_mean_ugm3_roll_mean_3d,0.0022339374,h1,Northeast
co_mean_ugm3_roll_mean_7d,0.0023863162,h1,Northeast
co_8h_max_ugm3_roll_mean_3d,0.001438256,h1,Northeast
co_8h_max_ugm3_roll_mean_7d,0.0014925718,h1,Northeast
aod500_mean_roll_mean_3d,0.001868269,h1,Northeast
aod500_mean_roll_mean_7d,0.0018963763,h1,Northeast
co_mean_ugm3_diff_1d,0.002413677,h1,Northeast
co_mean_ugm3_missing,0.0,h1,Northeast
co_8h_max_ugm3_missing,0.0,h1,Northeast
aod500_mean_missing,0.0010302804,h1,Northeast
station_id_code,0.0014112017,h1,Northeast
region_id_code,0.0,h1,Northeast
lat,0.0038699184,h2,Northeast
long,0.0037302137,h2,Northeast
pm25,0.18451199,h2,Northeast
wind_speed_avg,0.0029984647,h2,Northeast
wind_speed_max,0.0016263472,h2,Northeast
temperature_avg,0.007193858,h2,Northeast
temperature_min,0.013038235,h2,Northeast
temperature_max,0.007935424,h2,Northeast
rainfall,0.002322395,h2,Northeast
pressure_avg,0.0021945145,h2,Northeast
pressure_min,0.0026748087,h2,Northeast
pressure_max,0.004154522,h2,Northeast
humidity_avg,0.002755885,h2,Northeast
humidity_min,0.0034631174,h2,Northeast
humidity_max,0.0015507084,h2,Northeast
sunshine_duration,0.0018601299,h2,Northeast
wind_direction_avg_sin,0.0047830655,h2,Northeast
wind_direction_avg_cos,0.0022578964,h2,Northeast
wind_direction_at_max_speed_sin,0.0015987694,h2,Northeast
wind_direction_at_max_speed_cos,0.0011573453,h2,Northeast
hotspot_count,0.0014421945,h2,Northeast
hotspot_frp_sum,0.001726839,h2,Northeast
hotspot_day,0.002199751,h2,Northeast
hotspot_night,0.002936024,h2,Northeast
hotspot_conf_low,0.0011449013,h2,Northeast
hotspot_conf_nominal,0.00229828,h2,Northeast
hotspot_conf_high,0.0017818714,h2,Northeast
hotspot_fire_farming_count,0.0,h2,Northeast
hotspot_fire_wildfire_count,0.0016639362,h2,Northeast
hotspot_frp_max,0.001437893,h2,Northeast
hotspot_frp_mean,0.001438162,h2,Northeast
hotspot_min_distance_km,0.002651633,h2,Northeast
hotspot_present,0.0,h2,Northeast
year_index,0.0120755695,h2,Northeast
dow_sin,0.0045677,h2,Northeast
dow_cos,0.0053833723,h2,Northeast
month_sin,0.011557995,h2,Northeast
month_cos,0.018860035,h2,Northeast
doy_sin,0.009984698,h2,Northeast
doy_cos,0.0071961414,h2,Northeast
temperature_range,0.0029624493,h2,Northeast
humidity_range,0.0019238025,h2,Northeast
pressure_range,0.0032795416,h2,Northeast
rain_event,0.002117498,h2,Northeast
hotspot_day_ratio,0.0025166688,h2,Northeast
hotspot_night_ratio,0.0021162406,h2,Northeast
log1p_rainfall,0.0021911815,h2,Northeast
log1p_hotspot_count,0.00321701,h2,Northeast
log1p_hotspot_frp_sum,0.0015383675,h2,Northeast
pm25_lag_1,0.012702733,h2,Northeast
pm25_lag_2,0.0035928325,h2,Northeast
pm25_lag_3,0.006107093,h2,Northeast
pm25_lag_7,0.0057283314,h2,Northeast
pm25_lag_14,0.0050947284,h2,Northeast
temperature_avg_lag_1,0.0066079646,h2,Northeast
temperature_avg_lag_3,0.003989708,h2,Northeast
temperature_avg_lag_7,0.0046893237,h2,Northeast
humidity_avg_lag_1,0.0016652622,h2,Northeast
humidity_avg_lag_3,0.0023858766,h2,Northeast
humidity_avg_lag_7,0.0039768512,h2,Northeast
pressure_avg_lag_1,0.0031583617,h2,Northeast
pressure_avg_lag_3,0.0031453075,h2,Northeast
pressure_avg_lag_7,0.0046578683,h2,Northeast
wind_speed_avg_lag_1,0.0020898182,h2,Northeast
wind_speed_avg_lag_3,0.001746725,h2,Northeast
wind_speed_avg_lag_7,0.0028029392,h2,Northeast
rainfall_lag_1,0.0012847092,h2,Northeast
rainfall_lag_3,0.0017883577,h2,Northeast
rainfall_lag_7,0.0020535113,h2,Northeast
hotspot_count_lag_1,0.001648974,h2,Northeast
hotspot_count_lag_3,0.0014833543,h2,Northeast
hotspot_count_lag_7,0.0016891871,h2,Northeast
hotspot_frp_sum_lag_1,0.0013906515,h2,Northeast
hotspot_frp_sum_lag_3,0.0015753685,h2,Northeast
hotspot_frp_sum_lag_7,0.0015699603,h2,Northeast
pm25_roll_mean_3d,0.073313005,h2,Northeast
pm25_roll_mean_7d,0.07616913,h2,Northeast
pm25_roll_mean_14d,0.030328903,h2,Northeast
pm25_roll_std_3d,0.0030763852,h2,Northeast
pm25_roll_std_7d,0.0033675362,h2,Northeast
pm25_roll_min_7d,0.003982149,h2,Northeast
pm25_roll_max_7d,0.15841663,h2,Northeast
temperature_avg_roll_mean_3d,0.008009175,h2,Northeast
temperature_avg_roll_mean_7d,0.0057013426,h2,Northeast
humidity_avg_roll_mean_3d,0.0037969246,h2,Northeast
humidity_avg_roll_mean_7d,0.005155846,h2,Northeast
pressure_avg_roll_mean_3d,0.00298524,h2,Northeast
pressure_avg_roll_mean_7d,0.004110832,h2,Northeast
wind_speed_avg_roll_mean_3d,0.001865085,h2,Northeast
wind_speed_avg_roll_mean_7d,0.0016294644,h2,Northeast
rainfall_roll_sum_3d,0.004249801,h2,Northeast
rainfall_roll_sum_7d,0.0027573055,h2,Northeast
rainfall_roll_sum_14d,0.0022806,h2,Northeast
rain_days_7d,0.0046269367,h2,Northeast
hotspot_count_roll_sum_3d,0.0037908738,h2,Northeast
hotspot_count_roll_sum_7d,0.005684915,h2,Northeast
hotspot_frp_sum_roll_sum_3d,0.0023238317,h2,Northeast
hotspot_frp_sum_roll_sum_7d,0.0017940473,h2,Northeast
hotspot_active_days_7d,0.003613826,h2,Northeast
pm25_diff_1d,0.0068029547,h2,Northeast
pm25_diff_3d,0.007437486,h2,Northeast
temperature_avg_diff_1d,0.004712,h2,Northeast
humidity_avg_diff_1d,0.0032730899,h2,Northeast
pressure_avg_diff_1d,0.011750162,h2,Northeast
wind_speed_avg_diff_1d,0.014084947,h2,Northeast
hotspot_count_diff_1d,0.001734264,h2,Northeast
co_mean_ugm3,0.0075345393,h2,Northeast
co_8h_max_ugm3,0.0022943786,h2,Northeast
aod500_mean,0.0030330115,h2,Northeast
co_mean_ugm3_lag_1,0.0025003331,h2,Northeast
co_mean_ugm3_lag_3,0.0032160685,h2,Northeast
co_mean_ugm3_lag_7,0.0045726905,h2,Northeast
co_8h_max_ugm3_lag_1,0.0017938984,h2,Northeast
co_8h_max_ugm3_lag_3,0.002222536,h2,Northeast
co_8h_max_ugm3_lag_7,0.002833612,h2,Northeast
aod500_mean_lag_1,0.0038622743,h2,Northeast
aod500_mean_lag_3,0.005482809,h2,Northeast
aod500_mean_lag_7,0.0036041066,h2,Northeast
co_mean_ugm3_roll_mean_3d,0.0025562271,h2,Northeast
co_mean_ugm3_roll_mean_7d,0.008813957,h2,Northeast
co_8h_max_ugm3_roll_mean_3d,0.0020150025,h2,Northeast
co_8h_max_ugm3_roll_mean_7d,0.0027945398,h2,Northeast
aod500_mean_roll_mean_3d,0.0053295195,h2,Northeast
aod500_mean_roll_mean_7d,0.0065479497,h2,Northeast
co_mean_ugm3_diff_1d,0.003104845,h2,Northeast
co_mean_ugm3_missing,0.0,h2,Northeast
co_8h_max_ugm3_missing,0.0,h2,Northeast
aod500_mean_missing,0.004932512,h2,Northeast
station_id_code,0.0016173037,h2,Northeast
region_id_code,0.0,h2,Northeast
lat,0.002741914,h3,Northeast
long,0.0032005564,h3,Northeast
pm25,0.059567034,h3,Northeast
wind_speed_avg,0.0011708776,h3,Northeast
wind_speed_max,0.0011596067,h3,Northeast
temperature_avg,0.007508681,h3,Northeast
temperature_min,0.014946398,h3,Northeast
temperature_max,0.0044217682,h3,Northeast
rainfall,0.0,h3,Northeast
pressure_avg,0.003843365,h3,Northeast
pressure_min,0.0023913044,h3,Northeast
pressure_max,0.0075459112,h3,Northeast
humidity_avg,0.0,h3,Northeast
humidity_min,0.0017357642,h3,Northeast
humidity_max,0.00053922745,h3,Northeast
sunshine_duration,0.0,h3,Northeast
wind_direction_avg_sin,0.0,h3,Northeast
wind_direction_avg_cos,0.0,h3,Northeast
wind_direction_at_max_speed_sin,0.0028738019,h3,Northeast
wind_direction_at_max_speed_cos,0.0,h3,Northeast
hotspot_count,0.0,h3,Northeast
hotspot_frp_sum,0.0,h3,Northeast
hotspot_day,0.0,h3,Northeast
hotspot_night,0.0,h3,Northeast
hotspot_conf_low,0.0014429077,h3,Northeast
hotspot_conf_nominal,0.0,h3,Northeast
hotspot_conf_high,0.00075165025,h3,Northeast
hotspot_fire_farming_count,0.0,h3,Northeast
hotspot_fire_wildfire_count,0.0,h3,Northeast
hotspot_frp_max,0.0,h3,Northeast
hotspot_frp_mean,0.0020073974,h3,Northeast
hotspot_min_distance_km,0.0,h3,Northeast
hotspot_present,0.0,h3,Northeast
year_index,0.008278562,h3,Northeast
dow_sin,0.0024100821,h3,Northeast
dow_cos,0.002849427,h3,Northeast
month_sin,0.011644686,h3,Northeast
month_cos,0.033940442,h3,Northeast
doy_sin,0.0095494045,h3,Northeast
doy_cos,0.0069295205,h3,Northeast
temperature_range,0.0010270564,h3,Northeast
humidity_range,0.0,h3,Northeast
pressure_range,0.0033942575,h3,Northeast
rain_event,0.0,h3,Northeast
hotspot_day_ratio,0.0,h3,Northeast
hotspot_night_ratio,0.0064203194,h3,Northeast
log1p_rainfall,0.0,h3,Northeast
log1p_hotspot_count,0.0,h3,Northeast
log1p_hotspot_frp_sum,0.0,h3,Northeast
pm25_lag_1,0.044437498,h3,Northeast
pm25_lag_2,0.001754824,h3,Northeast
pm25_lag_3,0.0023491408,h3,Northeast
pm25_lag_7,0.005375015,h3,Northeast
pm25_lag_14,0.0043955185,h3,Northeast
temperature_avg_lag_1,0.008502715,h3,Northeast
temperature_avg_lag_3,0.003131879,h3,Northeast
temperature_avg_lag_7,0.005020951,h3,Northeast
humidity_avg_lag_1,0.00060212484,h3,Northeast
humidity_avg_lag_3,0.0016658803,h3,Northeast
humidity_avg_lag_7,0.007815176,h3,Northeast
pressure_avg_lag_1,0.0031409683,h3,Northeast
pressure_avg_lag_3,0.001704892,h3,Northeast
pressure_avg_lag_7,0.0030400713,h3,Northeast
wind_speed_avg_lag_1,0.0,h3,Northeast
wind_speed_avg_lag_3,0.0005810243,h3,Northeast
wind_speed_avg_lag_7,0.0,h3,Northeast
rainfall_lag_1,0.0,h3,Northeast
rainfall_lag_3,0.0,h3,Northeast
rainfall_lag_7,0.0,h3,Northeast
hotspot_count_lag_1,0.0,h3,Northeast
hotspot_count_lag_3,0.0,h3,Northeast
hotspot_count_lag_7,0.0,h3,Northeast
hotspot_frp_sum_lag_1,0.0,h3,Northeast
hotspot_frp_sum_lag_3,0.0005101947,h3,Northeast
hotspot_frp_sum_lag_7,0.0,h3,Northeast
pm25_roll_mean_3d,0.14568415,h3,Northeast
pm25_roll_mean_7d,0.094944276,h3,Northeast
pm25_roll_mean_14d,0.04211926,h3,Northeast
pm25_roll_std_3d,0.0013631212,h3,Northeast
pm25_roll_std_7d,0.007600206,h3,Northeast
pm25_roll_min_7d,0.0047268267,h3,Northeast
pm25_roll_max_7d,0.20471944,h3,Northeast
temperature_avg_roll_mean_3d,0.01205584,h3,Northeast
temperature_avg_roll_mean_7d,0.008605851,h3,Northeast
humidity_avg_roll_mean_3d,0.0027795155,h3,Northeast
humidity_avg_roll_mean_7d,0.011318771,h3,Northeast
pressure_avg_roll_mean_3d,0.00087496964,h3,Northeast
pressure_avg_roll_mean_7d,0.004318521,h3,Northeast
wind_speed_avg_roll_mean_3d,0.0017810395,h3,Northeast
wind_speed_avg_roll_mean_7d,0.0015815792,h3,Northeast
rainfall_roll_sum_3d,0.005141113,h3,Northeast
rainfall_roll_sum_7d,0.00081437646,h3,Northeast
rainfall_roll_sum_14d,0.0,h3,Northeast
rain_days_7d,0.0,h3,Northeast
hotspot_count_roll_sum_3d,0.037854288,h3,Northeast
hotspot_count_roll_sum_7d,0.028597208,h3,Northeast
hotspot_frp_sum_roll_sum_3d,0.0,h3,Northeast
hotspot_frp_sum_roll_sum_7d,0.0,h3,Northeast
hotspot_active_days_7d,0.0,h3,Northeast
pm25_diff_1d,0.004239751,h3,Northeast
pm25_diff_3d,0.0033688676,h3,Northeast
temperature_avg_diff_1d,0.0008457069,h3,Northeast
humidity_avg_diff_1d,0.00047006574,h3,Northeast
pressure_avg_diff_1d,0.0056190663,h3,Northeast
wind_speed_avg_diff_1d,0.0027771397,h3,Northeast
hotspot_count_diff_1d,0.00041408217,h3,Northeast
co_mean_ugm3,0.009558699,h3,Northeast
co_8h_max_ugm3,0.0,h3,Northeast
aod500_mean,0.0036074896,h3,Northeast
co_mean_ugm3_lag_1,0.0,h3,Northeast
co_mean_ugm3_lag_3,0.0022153433,h3,Northeast
co_mean_ugm3_lag_7,0.004788583,h3,Northeast
co_8h_max_ugm3_lag_1,0.0,h3,Northeast
co_8h_max_ugm3_lag_3,0.001257754,h3,Northeast
co_8h_max_ugm3_lag_7,0.003156041,h3,Northeast
aod500_mean_lag_1,0.0025520255,h3,Northeast
aod500_mean_lag_3,0.0024619245,h3,Northeast
aod500_mean_lag_7,0.0025601904,h3,Northeast
co_mean_ugm3_roll_mean_3d,0.0,h3,Northeast
co_mean_ugm3_roll_mean_7d,0.01850068,h3,Northeast
co_8h_max_ugm3_roll_mean_3d,0.0010648712,h3,Northeast
co_8h_max_ugm3_roll_mean_7d,0.0030758462,h3,Northeast
aod500_mean_roll_mean_3d,0.0050793123,h3,Northeast
aod500_mean_roll_mean_7d,0.0071864096,h3,Northeast
co_mean_ugm3_diff_1d,0.0,h3,Northeast
co_mean_ugm3_missing,0.0,h3,Northeast
co_8h_max_ugm3_missing,0.0,h3,Northeast
aod500_mean_missing,0.0,h3,Northeast
station_id_code,0.0,h3,Northeast
region_id_code,0.0,h3,Northeast
lat,0.0033773547,h4,Northeast
long,0.0016239207,h4,Northeast
pm25,0.05090834,h4,Northeast
wind_speed_avg,0.0021565773,h4,Northeast
wind_speed_max,0.0011158527,h4,Northeast
temperature_avg,0.021606404,h4,Northeast
temperature_min,0.012091203,h4,Northeast
temperature_max,0.005271986,h4,Northeast
rainfall,0.0,h4,Northeast
pressure_avg,0.00083814963,h4,Northeast
pressure_min,0.0008006712,h4,Northeast
pressure_max,0.0,h4,Northeast
humidity_avg,0.0007158059,h4,Northeast
humidity_min,0.0005100899,h4,Northeast
humidity_max,0.0018220693,h4,Northeast
sunshine_duration,0.0,h4,Northeast
wind_direction_avg_sin,0.0,h4,Northeast
wind_direction_avg_cos,0.0,h4,Northeast
wind_direction_at_max_speed_sin,0.00025265574,h4,Northeast
wind_direction_at_max_speed_cos,0.0,h4,Northeast
hotspot_count,0.00611053,h4,Northeast
hotspot_frp_sum,0.00073823665,h4,Northeast
hotspot_day,0.0,h4,Northeast
hotspot_night,0.0,h4,Northeast
hotspot_conf_low,0.0,h4,Northeast
hotspot_conf_nominal,0.0007278926,h4,Northeast
hotspot_conf_high,0.0014369409,h4,Northeast
hotspot_fire_farming_count,0.0,h4,Northeast
hotspot_fire_wildfire_count,0.0,h4,Northeast
hotspot_frp_max,0.00017400326,h4,Northeast
hotspot_frp_mean,0.0013429538,h4,Northeast
hotspot_min_distance_km,0.00061919517,h4,Northeast
hotspot_present,0.0,h4,Northeast
year_index,0.012131473,h4,Northeast
dow_sin,0.001414098,h4,Northeast
dow_cos,0.0023953824,h4,Northeast
month_sin,0.032966916,h4,Northeast
month_cos,0.10651881,h4,Northeast
doy_sin,0.011766054,h4,Northeast
doy_cos,0.007370001,h4,Northeast
temperature_range,0.0010819484,h4,Northeast
humidity_range,0.0011303865,h4,Northeast
pressure_range,0.0015953461,h4,Northeast
rain_event,0.0,h4,Northeast
hotspot_day_ratio,0.0013729882,h4,Northeast
hotspot_night_ratio,0.0024332444,h4,Northeast
log1p_rainfall,0.0,h4,Northeast
log1p_hotspot_count,0.0,h4,Northeast
log1p_hotspot_frp_sum,0.0,h4,Northeast
pm25_lag_1,0.0020459217,h4,Northeast
pm25_lag_2,0.0014759346,h4,Northeast
pm25_lag_3,0.0019009176,h4,Northeast
pm25_lag_7,0.0048159854,h4,Northeast
pm25_lag_14,0.0061518177,h4,Northeast
temperature_avg_lag_1,0.006166315,h4,Northeast
temperature_avg_lag_3,0.004326817,h4,Northeast
temperature_avg_lag_7,0.003467294,h4,Northeast
humidity_avg_lag_1,0.0010846495,h4,Northeast
humidity_avg_lag_3,0.0027398448,h4,Northeast
humidity_avg_lag_7,0.0145608215,h4,Northeast
pressure_avg_lag_1,0.01427172,h4,Northeast
pressure_avg_lag_3,0.0041730767,h4,Northeast
pressure_avg_lag_7,0.0022575036,h4,Northeast
wind_speed_avg_lag_1,0.0,h4,Northeast
wind_speed_avg_lag_3,0.0,h4,Northeast
wind_speed_avg_lag_7,0.0035323002,h4,Northeast
rainfall_lag_1,0.0,h4,Northeast
rainfall_lag_3,0.0,h4,Northeast
rainfall_lag_7,0.0,h4,Northeast
hotspot_count_lag_1,0.0,h4,Northeast
hotspot_count_lag_3,0.0,h4,Northeast
hotspot_count_lag_7,0.0,h4,Northeast
hotspot_frp_sum_lag_1,0.0,h4,Northeast
hotspot_frp_sum_lag_3,0.0005665397,h4,Northeast
hotspot_frp_sum_lag_7,0.0,h4,Northeast
pm25_roll_mean_3d,0.09262543,h4,Northeast
pm25_roll_mean_7d,0.008799207,h4,Northeast
pm25_roll_mean_14d,0.07772958,h4,Northeast
pm25_roll_std_3d,0.0020335433,h4,Northeast
pm25_roll_std_7d,0.0057509216,h4,Northeast
pm25_roll_min_7d,0.0068027535,h4,Northeast
pm25_roll_max_7d,0.25692636,h4,Northeast
temperature_avg_roll_mean_3d,0.0016877545,h4,Northeast
temperature_avg_roll_mean_7d,0.005601684,h4,Northeast
humidity_avg_roll_mean_3d,0.0,h4,Northeast
humidity_avg_roll_mean_7d,0.0027642322,h4,Northeast
pressure_avg_roll_mean_3d,0.0,h4,Northeast
pressure_avg_roll_mean_7d,0.004879133,h4,Northeast
wind_speed_avg_roll_mean_3d,0.0005180462,h4,Northeast
wind_speed_avg_roll_mean_7d,0.0013522985,h4,Northeast
rainfall_roll_sum_3d,0.0,h4,Northeast
rainfall_roll_sum_7d,0.0008969117,h4,Northeast
rainfall_roll_sum_14d,0.00283979,h4,Northeast
rain_days_7d,0.0,h4,Northeast
hotspot_count_roll_sum_3d,0.001325548,h4,Northeast
hotspot_count_roll_sum_7d,0.063572004,h4,Northeast
hotspot_frp_sum_roll_sum_3d,0.0010802072,h4,Northeast
hotspot_frp_sum_roll_sum_7d,0.0,h4,Northeast
hotspot_active_days_7d,0.0,h4,Northeast
pm25_diff_1d,0.0023270806,h4,Northeast
pm25_diff_3d,0.010575899,h4,Northeast
temperature_avg_diff_1d,0.0013014398,h4,Northeast
humidity_avg_diff_1d,0.0014698744,h4,Northeast
pressure_avg_diff_1d,0.0015899485,h4,Northeast
wind_speed_avg_diff_1d,0.0,h4,Northeast
hotspot_count_diff_1d,0.0,h4,Northeast
co_mean_ugm3,0.0027577858,h4,Northeast
co_8h_max_ugm3,0.0008096653,h4,Northeast
aod500_mean,0.0047553545,h4,Northeast
co_mean_ugm3_lag_1,0.001866217,h4,Northeast
co_mean_ugm3_lag_3,0.0018655561,h4,Northeast
co_mean_ugm3_lag_7,0.005815983,h4,Northeast
co_8h_max_ugm3_lag_1,0.0,h4,Northeast
co_8h_max_ugm3_lag_3,0.0026430895,h4,Northeast
co_8h_max_ugm3_lag_7,0.0,h4,Northeast
aod500_mean_lag_1,0.0023930138,h4,Northeast
aod500_mean_lag_3,0.0035154477,h4,Northeast
aod500_mean_lag_7,0.0058570774,h4,Northeast
co_mean_ugm3_roll_mean_3d,0.0020904725,h4,Northeast
co_mean_ugm3_roll_mean_7d,0.015500374,h4,Northeast
co_8h_max_ugm3_roll_mean_3d,0.0021472324,h4,Northeast
co_8h_max_ugm3_roll_mean_7d,0.0030072518,h4,Northeast
aod500_mean_roll_mean_3d,0.009605466,h4,Northeast
aod500_mean_roll_mean_7d,0.007027701,h4,Northeast
co_mean_ugm3_diff_1d,0.002601637,h4,Northeast
co_mean_ugm3_missing,0.0,h4,Northeast
co_8h_max_ugm3_missing,0.0,h4,Northeast
aod500_mean_missing,0.0,h4,Northeast
station_id_code,0.001336024,h4,Northeast
region_id_code,0.0,h4,Northeast
lat,0.0053668083,h5,Northeast
long,0.0043881107,h5,Northeast
pm25,0.015489171,h5,Northeast
wind_speed_avg,0.00045438242,h5,Northeast
wind_speed_max,0.00042710363,h5,Northeast
temperature_avg,0.011753028,h5,Northeast
temperature_min,0.002914556,h5,Northeast
temperature_max,0.008733843,h5,Northeast
rainfall,0.0,h5,Northeast
pressure_avg,0.002152013,h5,Northeast
pressure_min,0.0036994445,h5,Northeast
pressure_max,0.0054103793,h5,Northeast
humidity_avg,0.004344382,h5,Northeast
humidity_min,0.0018592558,h5,Northeast
humidity_max,0.004277268,h5,Northeast
sunshine_duration,0.0,h5,Northeast
wind_direction_avg_sin,0.0039300965,h5,Northeast
wind_direction_avg_cos,0.00028566513,h5,Northeast
wind_direction_at_max_speed_sin,0.0009166462,h5,Northeast
wind_direction_at_max_speed_cos,0.0018352465,h5,Northeast
hotspot_count,0.0055996724,h5,Northeast
hotspot_frp_sum,0.0010040754,h5,Northeast
hotspot_day,0.0,h5,Northeast
hotspot_night,0.0026664694,h5,Northeast
hotspot_conf_low,0.0,h5,Northeast
hotspot_conf_nominal,0.00071045617,h5,Northeast
hotspot_conf_high,0.0,h5,Northeast
hotspot_fire_farming_count,0.0,h5,Northeast
hotspot_fire_wildfire_count,0.0009215144,h5,Northeast
hotspot_frp_max,0.001371353,h5,Northeast
hotspot_frp_mean,0.0015948748,h5,Northeast
hotspot_min_distance_km,0.0008962864,h5,Northeast
hotspot_present,0.0,h5,Northeast
year_index,0.015882272,h5,Northeast
dow_sin,0.0036265603,h5,Northeast
dow_cos,0.0030682366,h5,Northeast
month_sin,0.01328926,h5,Northeast
month_cos,0.15772785,h5,Northeast
doy_sin,0.01312274,h5,Northeast
doy_cos,0.008880139,h5,Northeast
temperature_range,0.0015951534,h5,Northeast
humidity_range,0.00213227,h5,Northeast
pressure_range,0.0035656262,h5,Northeast
rain_event,0.0,h5,Northeast
hotspot_day_ratio,0.0036709527,h5,Northeast
hotspot_night_ratio,0.0033890915,h5,Northeast
log1p_rainfall,0.0,h5,Northeast
log1p_hotspot_count,0.0,h5,Northeast
log1p_hotspot_frp_sum,0.0,h5,Northeast
pm25_lag_1,0.0021654533,h5,Northeast
pm25_lag_2,0.0033005185,h5,Northeast
pm25_lag_3,0.0033471514,h5,Northeast
pm25_lag_7,0.0044795703,h5,Northeast
pm25_lag_14,0.009182402,h5,Northeast
temperature_avg_lag_1,0.005238891,h5,Northeast
temperature_avg_lag_3,0.0044882144,h5,Northeast
temperature_avg_lag_7,0.0060886517,h5,Northeast
humidity_avg_lag_1,0.001481393,h5,Northeast
humidity_avg_lag_3,0.001024621,h5,Northeast
humidity_avg_lag_7,0.0029923178,h5,Northeast
pressure_avg_lag_1,0.00439593,h5,Northeast
pressure_avg_lag_3,0.009421193,h5,Northeast
pressure_avg_lag_7,0.0036833794,h5,Northeast
wind_speed_avg_lag_1,0.0017406984,h5,Northeast
wind_speed_avg_lag_3,0.0030868084,h5,Northeast
wind_speed_avg_lag_7,0.0019117375,h5,Northeast
rainfall_lag_1,0.0,h5,Northeast
rainfall_lag_3,0.00063169823,h5,Northeast
rainfall_lag_7,0.0,h5,Northeast
hotspot_count_lag_1,0.0015705843,h5,Northeast
hotspot_count_lag_3,0.00039678402,h5,Northeast
hotspot_count_lag_7,0.00013692128,h5,Northeast
hotspot_frp_sum_lag_1,0.0,h5,Northeast
hotspot_frp_sum_lag_3,0.0020097308,h5,Northeast
hotspot_frp_sum_lag_7,0.0006324722,h5,Northeast
pm25_roll_mean_3d,0.024465913,h5,Northeast
pm25_roll_mean_7d,0.011441873,h5,Northeast
pm25_roll_mean_14d,0.03812018,h5,Northeast
pm25_roll_std_3d,0.0027846894,h5,Northeast
pm25_roll_std_7d,0.005331293,h5,Northeast
pm25_roll_min_7d,0.0049467124,h5,Northeast
pm25_roll_max_7d,0.3176262,h5,Northeast
temperature_avg_roll_mean_3d,0.0081158765,h5,Northeast
temperature_avg_roll_mean_7d,0.0039950795,h5,Northeast
humidity_avg_roll_mean_3d,0.004562959,h5,Northeast
humidity_avg_roll_mean_7d,0.008550874,h5,Northeast
pressure_avg_roll_mean_3d,0.0019766113,h5,Northeast
pressure_avg_roll_mean_7d,0.005430505,h5,Northeast
wind_speed_avg_roll_mean_3d,0.0013675323,h5,Northeast
wind_speed_avg_roll_mean_7d,0.0021572912,h5,Northeast
rainfall_roll_sum_3d,0.0,h5,Northeast
rainfall_roll_sum_7d,0.0010688234,h5,Northeast
rainfall_roll_sum_14d,0.0034555276,h5,Northeast
rain_days_7d,0.0,h5,Northeast
hotspot_count_roll_sum_3d,0.003883944,h5,Northeast
hotspot_count_roll_sum_7d,0.040414345,h5,Northeast
hotspot_frp_sum_roll_sum_3d,0.0018381851,h5,Northeast
hotspot_frp_sum_roll_sum_7d,0.0035351235,h5,Northeast
hotspot_active_days_7d,0.0019801566,h5,Northeast
pm25_diff_1d,0.0020555046,h5,Northeast
pm25_diff_3d,0.00444348,h5,Northeast
temperature_avg_diff_1d,0.0019019827,h5,Northeast
humidity_avg_diff_1d,0.0010015572,h5,Northeast
pressure_avg_diff_1d,0.0026378364,h5,Northeast
wind_speed_avg_diff_1d,0.0002765754,h5,Northeast
hotspot_count_diff_1d,0.0013858684,h5,Northeast
co_mean_ugm3,0.0036188636,h5,Northeast
co_8h_max_ugm3,0.0020929005,h5,Northeast
aod500_mean,0.0057856007,h5,Northeast
co_mean_ugm3_lag_1,0.0015643495,h5,Northeast
co_mean_ugm3_lag_3,0.008402167,h5,Northeast
co_mean_ugm3_lag_7,0.0021689008,h5,Northeast
co_8h_max_ugm3_lag_1,0.0019980795,h5,Northeast
co_8h_max_ugm3_lag_3,0.0014946576,h5,Northeast
co_8h_max_ugm3_lag_7,0.0019968133,h5,Northeast
aod500_mean_lag_1,0.0045323735,h5,Northeast
aod500_mean_lag_3,0.002755496,h5,Northeast
aod500_mean_lag_7,0.0089636,h5,Northeast
co_mean_ugm3_roll_mean_3d,0.008032187,h5,Northeast
co_mean_ugm3_roll_mean_7d,0.0101251975,h5,Northeast
co_8h_max_ugm3_roll_mean_3d,0.001603075,h5,Northeast
co_8h_max_ugm3_roll_mean_7d,0.0038986448,h5,Northeast
aod500_mean_roll_mean_3d,0.0102794,h5,Northeast
aod500_mean_roll_mean_7d,0.009744227,h5,Northeast
co_mean_ugm3_diff_1d,0.0015759957,h5,Northeast
co_mean_ugm3_missing,0.0,h5,Northeast
co_8h_max_ugm3_missing,0.0,h5,Northeast
aod500_mean_missing,0.0,h5,Northeast
station_id_code,0.0022555913,h5,Northeast
region_id_code,0.0,h5,Northeast
lat,0.0063862232,h6,Northeast
long,0.0022806698,h6,Northeast
pm25,0.016729027,h6,Northeast
wind_speed_avg,0.0033843587,h6,Northeast
wind_speed_max,0.0,h6,Northeast
temperature_avg,0.009050242,h6,Northeast
temperature_min,0.005095741,h6,Northeast
temperature_max,0.0045043696,h6,Northeast
rainfall,0.0,h6,Northeast
pressure_avg,0.0052546132,h6,Northeast
pressure_min,0.0055469293,h6,Northeast
pressure_max,0.0032370961,h6,Northeast
humidity_avg,0.0,h6,Northeast
humidity_min,0.0,h6,Northeast
humidity_max,0.0025727379,h6,Northeast
sunshine_duration,0.0,h6,Northeast
wind_direction_avg_sin,0.001864534,h6,Northeast
wind_direction_avg_cos,0.0,h6,Northeast
wind_direction_at_max_speed_sin,0.0,h6,Northeast
wind_direction_at_max_speed_cos,0.0,h6,Northeast
hotspot_count,0.0,h6,Northeast
hotspot_frp_sum,0.0,h6,Northeast
hotspot_day,0.0,h6,Northeast
hotspot_night,0.0,h6,Northeast
hotspot_conf_low,0.0,h6,Northeast
hotspot_conf_nominal,0.0,h6,Northeast
hotspot_conf_high,0.0,h6,Northeast
hotspot_fire_farming_count,0.0,h6,Northeast
hotspot_fire_wildfire_count,0.0,h6,Northeast
hotspot_frp_max,0.0,h6,Northeast
hotspot_frp_mean,0.0006998148,h6,Northeast
hotspot_min_distance_km,4.9301492e-05,h6,Northeast
hotspot_present,0.0,h6,Northeast
year_index,0.008267144,h6,Northeast
dow_sin,0.0014674541,h6,Northeast
dow_cos,0.0022871732,h6,Northeast
month_sin,0.013024665,h6,Northeast
month_cos,0.11733578,h6,Northeast
doy_sin,0.008366873,h6,Northeast
doy_cos,0.006939914,h6,Northeast
temperature_range,0.0004772963,h6,Northeast
humidity_range,0.0018659935,h6,Northeast
pressure_range,0.00025145494,h6,Northeast
rain_event,0.0,h6,Northeast
hotspot_day_ratio,0.0,h6,Northeast
hotspot_night_ratio,0.0,h6,Northeast
log1p_rainfall,0.0,h6,Northeast
log1p_hotspot_count,0.0,h6,Northeast
log1p_hotspot_frp_sum,0.0,h6,Northeast
pm25_lag_1,0.0018081804,h6,Northeast
pm25_lag_2,0.00035973906,h6,Northeast
pm25_lag_3,0.002184071,h6,Northeast
pm25_lag_7,0.0055243643,h6,Northeast
pm25_lag_14,0.004063796,h6,Northeast
temperature_avg_lag_1,0.0031882052,h6,Northeast
temperature_avg_lag_3,0.0014312934,h6,Northeast
temperature_avg_lag_7,0.0019963973,h6,Northeast
humidity_avg_lag_1,0.0,h6,Northeast
humidity_avg_lag_3,0.0001672916,h6,Northeast
humidity_avg_lag_7,0.0025070305,h6,Northeast
pressure_avg_lag_1,0.00217938,h6,Northeast
pressure_avg_lag_3,0.0044084424,h6,Northeast
pressure_avg_lag_7,0.0017499442,h6,Northeast
wind_speed_avg_lag_1,0.0005889731,h6,Northeast
wind_speed_avg_lag_3,0.0019949423,h6,Northeast
wind_speed_avg_lag_7,0.0020185416,h6,Northeast
rainfall_lag_1,0.0,h6,Northeast
rainfall_lag_3,0.0,h6,Northeast
rainfall_lag_7,0.0,h6,Northeast
hotspot_count_lag_1,0.0,h6,Northeast
hotspot_count_lag_3,0.0,h6,Northeast
hotspot_count_lag_7,0.0,h6,Northeast
hotspot_frp_sum_lag_1,0.0,h6,Northeast
hotspot_frp_sum_lag_3,0.0,h6,Northeast
hotspot_frp_sum_lag_7,0.0,h6,Northeast
pm25_roll_mean_3d,0.007483249,h6,Northeast
pm25_roll_mean_7d,0.0072673736,h6,Northeast
pm25_roll_mean_14d,0.030562485,h6,Northeast
pm25_roll_std_3d,0.004524633,h6,Northeast
pm25_roll_std_7d,0.0026791343,h6,Northeast
pm25_roll_min_7d,0.005645566,h6,Northeast
pm25_roll_max_7d,0.08038753,h6,Northeast
temperature_avg_roll_mean_3d,0.0052549886,h6,Northeast
temperature_avg_roll_mean_7d,0.0024606325,h6,Northeast
humidity_avg_roll_mean_3d,0.0011964135,h6,Northeast
humidity_avg_roll_mean_7d,0.009121059,h6,Northeast
pressure_avg_roll_mean_3d,0.0057888334,h6,Northeast
pressure_avg_roll_mean_7d,0.004056698,h6,Northeast
wind_speed_avg_roll_mean_3d,0.0014190531,h6,Northeast
wind_speed_avg_roll_mean_7d,0.0025218097,h6,Northeast
rainfall_roll_sum_3d,0.0,h6,Northeast
rainfall_roll_sum_7d,0.0,h6,Northeast
rainfall_roll_sum_14d,0.0,h6,Northeast
rain_days_7d,0.0,h6,Northeast
hotspot_count_roll_sum_3d,0.0,h6,Northeast
hotspot_count_roll_sum_7d,0.032579876,h6,Northeast
hotspot_frp_sum_roll_sum_3d,0.0,h6,Northeast
hotspot_frp_sum_roll_sum_7d,0.00086383306,h6,Northeast
hotspot_active_days_7d,0.4634879,h6,Northeast
pm25_diff_1d,0.002349957,h6,Northeast
pm25_diff_3d,0.0025899776,h6,Northeast
temperature_avg_diff_1d,0.00072002533,h6,Northeast
humidity_avg_diff_1d,0.0,h6,Northeast
pressure_avg_diff_1d,0.0026405666,h6,Northeast
wind_speed_avg_diff_1d,0.00013235668,h6,Northeast
hotspot_count_diff_1d,0.0,h6,Northeast
co_mean_ugm3,0.0019910955,h6,Northeast
co_8h_max_ugm3,0.0005717354,h6,Northeast
aod500_mean,0.0021384908,h6,Northeast
co_mean_ugm3_lag_1,0.004204701,h6,Northeast
co_mean_ugm3_lag_3,0.0036150655,h6,Northeast
co_mean_ugm3_lag_7,0.002410376,h6,Northeast
co_8h_max_ugm3_lag_1,0.0003493687,h6,Northeast
co_8h_max_ugm3_lag_3,0.00015236782,h6,Northeast
co_8h_max_ugm3_lag_7,0.0016702169,h6,Northeast
aod500_mean_lag_1,0.0022720026,h6,Northeast
aod500_mean_lag_3,0.0016438958,h6,Northeast
aod500_mean_lag_7,0.0044472422,h6,Northeast
co_mean_ugm3_roll_mean_3d,0.007550283,h6,Northeast
co_mean_ugm3_roll_mean_7d,0.00850145,h6,Northeast
co_8h_max_ugm3_roll_mean_3d,0.0,h6,Northeast
co_8h_max_ugm3_roll_mean_7d,0.005406145,h6,Northeast
aod500_mean_roll_mean_3d,0.00555344,h6,Northeast
aod500_mean_roll_mean_7d,0.0056606205,h6,Northeast
co_mean_ugm3_diff_1d,0.00039014412,h6,Northeast
co_mean_ugm3_missing,0.0,h6,Northeast
co_8h_max_ugm3_missing,0.0,h6,Northeast
aod500_mean_missing,0.0,h6,Northeast
station_id_code,0.0026274766,h6,Northeast
region_id_code,0.0,h6,Northeast
lat,0.004513016,h7,Northeast
long,0.0046794447,h7,Northeast
pm25,0.007002544,h7,Northeast
wind_speed_avg,0.0017779644,h7,Northeast
wind_speed_max,0.0007508608,h7,Northeast
temperature_avg,0.011445815,h7,Northeast
temperature_min,0.012572492,h7,Northeast
temperature_max,0.006379319,h7,Northeast
rainfall,0.00059023785,h7,Northeast
pressure_avg,0.0055179587,h7,Northeast
pressure_min,0.0031066237,h7,Northeast
pressure_max,0.011851828,h7,Northeast
humidity_avg,0.0011507346,h7,Northeast
humidity_min,0.0013230509,h7,Northeast
humidity_max,0.006196327,h7,Northeast
sunshine_duration,0.0011567305,h7,Northeast
wind_direction_avg_sin,0.0010933992,h7,Northeast
wind_direction_avg_cos,0.0014849923,h7,Northeast
wind_direction_at_max_speed_sin,0.0011494743,h7,Northeast
wind_direction_at_max_speed_cos,0.00029517236,h7,Northeast
hotspot_count,0.0,h7,Northeast
hotspot_frp_sum,0.00071278535,h7,Northeast
hotspot_day,0.0019299926,h7,Northeast
hotspot_night,0.0015862543,h7,Northeast
hotspot_conf_low,0.00069812953,h7,Northeast
hotspot_conf_nominal,0.0012643675,h7,Northeast
hotspot_conf_high,0.0011875329,h7,Northeast
hotspot_fire_farming_count,0.0,h7,Northeast
hotspot_fire_wildfire_count,0.0,h7,Northeast
hotspot_frp_max,0.0018691893,h7,Northeast
hotspot_frp_mean,0.0012422012,h7,Northeast
hotspot_min_distance_km,0.0011159235,h7,Northeast
hotspot_present,0.0,h7,Northeast
year_index,0.017119793,h7,Northeast
dow_sin,0.0017148997,h7,Northeast
dow_cos,0.002899407,h7,Northeast
month_sin,0.012126814,h7,Northeast
month_cos,0.19280341,h7,Northeast
doy_sin,0.012382972,h7,Northeast
doy_cos,0.0071329633,h7,Northeast
temperature_range,0.0034230195,h7,Northeast
humidity_range,0.0037108562,h7,Northeast
pressure_range,0.0028361813,h7,Northeast
rain_event,0.0,h7,Northeast
hotspot_day_ratio,0.0012420573,h7,Northeast
hotspot_night_ratio,0.0013568208,h7,Northeast
log1p_rainfall,0.0,h7,Northeast
log1p_hotspot_count,0.0,h7,Northeast
log1p_hotspot_frp_sum,0.0019648683,h7,Northeast
pm25_lag_1,0.0020920376,h7,Northeast
pm25_lag_2,0.0018991522,h7,Northeast
pm25_lag_3,0.0023339652,h7,Northeast
pm25_lag_7,0.0028304716,h7,Northeast
pm25_lag_14,0.004419989,h7,Northeast
temperature_avg_lag_1,0.003128203,h7,Northeast
temperature_avg_lag_3,0.006629109,h7,Northeast
temperature_avg_lag_7,0.0030997952,h7,Northeast
humidity_avg_lag_1,0.004571626,h7,Northeast
humidity_avg_lag_3,0.0033986534,h7,Northeast
humidity_avg_lag_7,0.0025987145,h7,Northeast
pressure_avg_lag_1,0.009697382,h7,Northeast
pressure_avg_lag_3,0.0013012924,h7,Northeast
pressure_avg_lag_7,0.0019744702,h7,Northeast
wind_speed_avg_lag_1,0.0034583139,h7,Northeast
wind_speed_avg_lag_3,0.0010934036,h7,Northeast
wind_speed_avg_lag_7,0.0009777335,h7,Northeast
rainfall_lag_1,0.00019136834,h7,Northeast
rainfall_lag_3,0.0,h7,Northeast
rainfall_lag_7,0.0015902731,h7,Northeast
hotspot_count_lag_1,0.00068573205,h7,Northeast
hotspot_count_lag_3,0.0035234925,h7,Northeast
hotspot_count_lag_7,0.0011912502,h7,Northeast
hotspot_frp_sum_lag_1,0.00088832865,h7,Northeast
hotspot_frp_sum_lag_3,0.00075278495,h7,Northeast
hotspot_frp_sum_lag_7,0.0018014816,h7,Northeast
pm25_roll_mean_3d,0.0063498016,h7,Northeast
pm25_roll_mean_7d,0.019946437,h7,Northeast
pm25_roll_mean_14d,0.05224697,h7,Northeast
pm25_roll_std_3d,0.0044266973,h7,Northeast
pm25_roll_std_7d,0.0026283439,h7,Northeast
pm25_roll_min_7d,0.0045601185,h7,Northeast
pm25_roll_max_7d,0.091802895,h7,Northeast
temperature_avg_roll_mean_3d,0.00698319,h7,Northeast
temperature_avg_roll_mean_7d,0.0044443305,h7,Northeast
humidity_avg_roll_mean_3d,0.0013780014,h7,Northeast
humidity_avg_roll_mean_7d,0.0042753434,h7,Northeast
pressure_avg_roll_mean_3d,0.01418687,h7,Northeast
pressure_avg_roll_mean_7d,0.0043226015,h7,Northeast
wind_speed_avg_roll_mean_3d,0.0023158344,h7,Northeast
wind_speed_avg_roll_mean_7d,0.0036283908,h7,Northeast
rainfall_roll_sum_3d,0.0026373428,h7,Northeast
rainfall_roll_sum_7d,0.0015395263,h7,Northeast
rainfall_roll_sum_14d,0.002196682,h7,Northeast
rain_days_7d,0.0016562549,h7,Northeast
hotspot_count_roll_sum_3d,0.0029855205,h7,Northeast
hotspot_count_roll_sum_7d,0.033788096,h7,Northeast
hotspot_frp_sum_roll_sum_3d,0.0019536791,h7,Northeast
hotspot_frp_sum_roll_sum_7d,0.0014519965,h7,Northeast
hotspot_active_days_7d,0.21206748,h7,Northeast
pm25_diff_1d,0.003276604,h7,Northeast
pm25_diff_3d,0.0031974923,h7,Northeast
temperature_avg_diff_1d,0.0028123707,h7,Northeast
humidity_avg_diff_1d,0.0013740076,h7,Northeast
pressure_avg_diff_1d,0.0045299446,h7,Northeast
wind_speed_avg_diff_1d,0.0015305182,h7,Northeast
hotspot_count_diff_1d,0.0006594717,h7,Northeast
co_mean_ugm3,0.0048042103,h7,Northeast
co_8h_max_ugm3,0.0011078224,h7,Northeast
aod500_mean,0.0034672534,h7,Northeast
co_mean_ugm3_lag_1,0.007913186,h7,Northeast
co_mean_ugm3_lag_3,0.0016115039,h7,Northeast
co_mean_ugm3_lag_7,0.0024195889,h7,Northeast
co_8h_max_ugm3_lag_1,0.002543704,h7,Northeast
co_8h_max_ugm3_lag_3,0.0017581168,h7,Northeast
co_8h_max_ugm3_lag_7,0.0034002247,h7,Northeast
aod500_mean_lag_1,0.0013184195,h7,Northeast
aod500_mean_lag_3,0.0026598459,h7,Northeast
aod500_mean_lag_7,0.004386717,h7,Northeast
co_mean_ugm3_roll_mean_3d,0.017676841,h7,Northeast
co_mean_ugm3_roll_mean_7d,0.0042615063,h7,Northeast
co_8h_max_ugm3_roll_mean_3d,0.0014430269,h7,Northeast
co_8h_max_ugm3_roll_mean_7d,0.0012067315,h7,Northeast
aod500_mean_roll_mean_3d,0.0059990487,h7,Northeast
aod500_mean_roll_mean_7d,0.004430069,h7,Northeast
co_mean_ugm3_diff_1d,0.0022157803,h7,Northeast
co_mean_ugm3_missing,0.0,h7,Northeast
co_8h_max_ugm3_missing,0.0,h7,Northeast
aod500_mean_missing,0.0,h7,Northeast
station_id_code,0.0017361514,h7,Northeast
region_id_code,0.0,h7,Northeast
lat,0.0024990595,h1,South
long,0.002238178,h1,South
pm25,0.30852532,h1,South
wind_speed_avg,0.0018210004,h1,South
wind_speed_max,0.0017681847,h1,South
temperature_avg,0.002800678,h1,South
temperature_min,0.0018538459,h1,South
temperature_max,0.0018844486,h1,South
rainfall,0.004176029,h1,South
pressure_avg,0.002257959,h1,South
pressure_min,0.0019002203,h1,South
pressure_max,0.0023465834,h1,South
humidity_avg,0.0020913554,h1,South
humidity_min,0.0020990758,h1,South
humidity_max,0.0015398226,h1,South
sunshine_duration,0.0011099578,h1,South
wind_direction_avg_sin,0.0018472605,h1,South
wind_direction_avg_cos,0.0019349905,h1,South
wind_direction_at_max_speed_sin,0.0021674265,h1,South
wind_direction_at_max_speed_cos,0.0018683571,h1,South
hotspot_count,0.0006386553,h1,South
hotspot_frp_sum,0.0014182302,h1,South
hotspot_day,0.0020958115,h1,South
hotspot_night,0.002162253,h1,South
hotspot_conf_low,0.0,h1,South
hotspot_conf_nominal,0.0012523206,h1,South
hotspot_conf_high,0.0,h1,South
hotspot_fire_farming_count,0.0,h1,South
hotspot_fire_wildfire_count,0.0043990985,h1,South
hotspot_frp_max,0.0024504203,h1,South
hotspot_frp_mean,0.0017362013,h1,South
hotspot_min_distance_km,0.0020774943,h1,South
hotspot_present,0.0,h1,South
year_index,0.0064402367,h1,South
dow_sin,0.0037747333,h1,South
dow_cos,0.004517828,h1,South
month_sin,0.0037998187,h1,South
month_cos,0.008827562,h1,South
doy_sin,0.0058932505,h1,South
doy_cos,0.0061253463,h1,South
temperature_range,0.0021998608,h1,South
humidity_range,0.0021248036,h1,South
pressure_range,0.002382829,h1,South
rain_event,0.00329978,h1,South
hotspot_day_ratio,0.0025621224,h1,South
hotspot_night_ratio,0.0005503343,h1,South
log1p_rainfall,0.003980467,h1,South
log1p_hotspot_count,0.0,h1,South
log1p_hotspot_frp_sum,0.0013318106,h1,South
pm25_lag_1,0.033666074,h1,South
pm25_lag_2,0.002908187,h1,South
pm25_lag_3,0.0035428202,h1,South
pm25_lag_7,0.0034727852,h1,South
pm25_lag_14,0.0050646854,h1,South
temperature_avg_lag_1,0.0025668014,h1,South
temperature_avg_lag_3,0.0022889278,h1,South
temperature_avg_lag_7,0.0024790226,h1,South
humidity_avg_lag_1,0.0020926474,h1,South
humidity_avg_lag_3,0.0021813712,h1,South
humidity_avg_lag_7,0.0019365735,h1,South
pressure_avg_lag_1,0.0021544844,h1,South
pressure_avg_lag_3,0.002101054,h1,South
pressure_avg_lag_7,0.0019186437,h1,South
wind_speed_avg_lag_1,0.0022180334,h1,South
wind_speed_avg_lag_3,0.0015391255,h1,South
wind_speed_avg_lag_7,0.002257827,h1,South
rainfall_lag_1,0.0024333284,h1,South
rainfall_lag_3,0.0026258295,h1,South
rainfall_lag_7,0.002032129,h1,South
hotspot_count_lag_1,0.0016927186,h1,South
hotspot_count_lag_3,0.0018160623,h1,South
hotspot_count_lag_7,0.0017673202,h1,South
hotspot_frp_sum_lag_1,0.0036930183,h1,South
hotspot_frp_sum_lag_3,0.0019550151,h1,South
hotspot_frp_sum_lag_7,0.002232785,h1,South
pm25_roll_mean_3d,0.17500031,h1,South
pm25_roll_mean_7d,0.09663801,h1,South
pm25_roll_mean_14d,0.01424062,h1,South
pm25_roll_std_3d,0.0056148237,h1,South
pm25_roll_std_7d,0.004545282,h1,South
pm25_roll_min_7d,0.011425401,h1,South
pm25_roll_max_7d,0.029697094,h1,South
temperature_avg_roll_mean_3d,0.0025119218,h1,South
temperature_avg_roll_mean_7d,0.0024606101,h1,South
humidity_avg_roll_mean_3d,0.0021565433,h1,South
humidity_avg_roll_mean_7d,0.0020737767,h1,South
pressure_avg_roll_mean_3d,0.002284958,h1,South
pressure_avg_roll_mean_7d,0.0030086755,h1,South
wind_speed_avg_roll_mean_3d,0.0022765656,h1,South
wind_speed_avg_roll_mean_7d,0.0018158911,h1,South
rainfall_roll_sum_3d,0.0025811612,h1,South
rainfall_roll_sum_7d,0.0031817541,h1,South
rainfall_roll_sum_14d,0.00229937,h1,South
rain_days_7d,0.0021152857,h1,South
hotspot_count_roll_sum_3d,0.002232884,h1,South
hotspot_count_roll_sum_7d,0.0021405625,h1,South
hotspot_frp_sum_roll_sum_3d,0.0022189738,h1,South
hotspot_frp_sum_roll_sum_7d,0.0026107852,h1,South
hotspot_active_days_7d,0.0022144814,h1,South
pm25_diff_1d,0.012688961,h1,South
pm25_diff_3d,0.012190689,h1,South
temperature_avg_diff_1d,0.002711945,h1,South
humidity_avg_diff_1d,0.0022956834,h1,South
pressure_avg_diff_1d,0.004212099,h1,South
wind_speed_avg_diff_1d,0.0021939222,h1,South
hotspot_count_diff_1d,0.0027189818,h1,South
co_mean_ugm3,0.004492578,h1,South
co_8h_max_ugm3,0.002724346,h1,South
aod500_mean,0.0030275194,h1,South
co_mean_ugm3_lag_1,0.0027816556,h1,South
co_mean_ugm3_lag_3,0.0028524664,h1,South
co_mean_ugm3_lag_7,0.0036144883,h1,South
co_8h_max_ugm3_lag_1,0.0024959766,h1,South
co_8h_max_ugm3_lag_3,0.003015115,h1,South
co_8h_max_ugm3_lag_7,0.0024988917,h1,South
aod500_mean_lag_1,0.003641833,h1,South
aod500_mean_lag_3,0.002235137,h1,South
aod500_mean_lag_7,0.00273479,h1,South
co_mean_ugm3_roll_mean_3d,0.0030471475,h1,South
co_mean_ugm3_roll_mean_7d,0.0028388663,h1,South
co_8h_max_ugm3_roll_mean_3d,0.0031659438,h1,South
co_8h_max_ugm3_roll_mean_7d,0.002753048,h1,South
aod500_mean_roll_mean_3d,0.002590018,h1,South
aod500_mean_roll_mean_7d,0.0026066876,h1,South
co_mean_ugm3_diff_1d,0.006834466,h1,South
co_mean_ugm3_missing,0.0,h1,South
co_8h_max_ugm3_missing,0.0,h1,South
aod500_mean_missing,0.002267876,h1,South
station_id_code,0.0020148347,h1,South
region_id_code,0.0,h1,South
lat,0.0052640783,h2,South
long,0.0047913226,h2,South
pm25,0.21283005,h2,South
wind_speed_avg,0.00193802,h2,South
wind_speed_max,0.004050874,h2,South
temperature_avg,0.0030354043,h2,South
temperature_min,0.0024117893,h2,South
temperature_max,0.0035329494,h2,South
rainfall,0.004384797,h2,South
pressure_avg,0.0038634785,h2,South
pressure_min,0.005560283,h2,South
pressure_max,0.0024507197,h2,South
humidity_avg,0.002476812,h2,South
humidity_min,0.0045111324,h2,South
humidity_max,0.0026833094,h2,South
sunshine_duration,0.0014057005,h2,South
wind_direction_avg_sin,0.0016425157,h2,South
wind_direction_avg_cos,0.0025023362,h2,South
wind_direction_at_max_speed_sin,0.0021331776,h2,South
wind_direction_at_max_speed_cos,0.001404109,h2,South
hotspot_count,0.0013149387,h2,South
hotspot_frp_sum,0.001536781,h2,South
hotspot_day,0.0,h2,South
hotspot_night,0.0,h2,South
hotspot_conf_low,0.0,h2,South
hotspot_conf_nominal,0.0,h2,South
hotspot_conf_high,0.0,h2,South
hotspot_fire_farming_count,0.0,h2,South
hotspot_fire_wildfire_count,0.0,h2,South
hotspot_frp_max,0.0,h2,South
hotspot_frp_mean,0.0003000838,h2,South
hotspot_min_distance_km,0.0020268166,h2,South
hotspot_present,0.0,h2,South
year_index,0.00996737,h2,South
dow_sin,0.006764686,h2,South
dow_cos,0.0057722405,h2,South
month_sin,0.008893888,h2,South
month_cos,0.015187182,h2,South
doy_sin,0.009596582,h2,South
doy_cos,0.0108979475,h2,South
temperature_range,0.0015864931,h2,South
humidity_range,0.0026693202,h2,South
pressure_range,0.003212277,h2,South
rain_event,0.004011874,h2,South
hotspot_day_ratio,0.0,h2,South
hotspot_night_ratio,0.0,h2,South
log1p_rainfall,0.002226493,h2,South
log1p_hotspot_count,0.0,h2,South
log1p_hotspot_frp_sum,0.0,h2,South
pm25_lag_1,0.011850775,h2,South
pm25_lag_2,0.0042079627,h2,South
pm25_lag_3,0.0040764366,h2,South
pm25_lag_7,0.0041993055,h2,South
pm25_lag_14,0.008402321,h2,South
temperature_avg_lag_1,0.0025706987,h2,South
temperature_avg_lag_3,0.0037287308,h2,South
temperature_avg_lag_7,0.0025585594,h2,South
humidity_avg_lag_1,0.002595605,h2,South
humidity_avg_lag_3,0.004669996,h2,South
humidity_avg_lag_7,0.0021400214,h2,South
pressure_avg_lag_1,0.0028691653,h2,South
pressure_avg_lag_3,0.0030256882,h2,South
pressure_avg_lag_7,0.0028242616,h2,South
wind_speed_avg_lag_1,0.0037425333,h2,South
wind_speed_avg_lag_3,0.0015148193,h2,South
wind_speed_avg_lag_7,0.0021027245,h2,South
rainfall_lag_1,0.005475927,h2,South
rainfall_lag_3,0.0048031765,h2,South
rainfall_lag_7,0.0033485745,h2,South
hotspot_count_lag_1,0.0,h2,South
hotspot_count_lag_3,0.0,h2,South
hotspot_count_lag_7,0.0006690352,h2,South
hotspot_frp_sum_lag_1,0.0,h2,South
hotspot_frp_sum_lag_3,0.00067014305,h2,South
hotspot_frp_sum_lag_7,0.0020830014,h2,South
pm25_roll_mean_3d,0.14753826,h2,South
pm25_roll_mean_7d,0.10453369,h2,South
pm25_roll_mean_14d,0.030037913,h2,South
pm25_roll_std_3d,0.008987425,h2,South
pm25_roll_std_7d,0.007956436,h2,South
pm25_roll_min_7d,0.012376681,h2,South
pm25_roll_max_7d,0.063043624,h2,South
temperature_avg_roll_mean_3d,0.002841201,h2,South
temperature_avg_roll_mean_7d,0.0053271917,h2,South
humidity_avg_roll_mean_3d,0.002483547,h2,South
humidity_avg_roll_mean_7d,0.004842278,h2,South
pressure_avg_roll_mean_3d,0.003569296,h2,South
pressure_avg_roll_mean_7d,0.00717248,h2,South
wind_speed_avg_roll_mean_3d,0.003797961,h2,South
wind_speed_avg_roll_mean_7d,0.0022198656,h2,South
rainfall_roll_sum_3d,0.009557387,h2,South
rainfall_roll_sum_7d,0.0068543446,h2,South
rainfall_roll_sum_14d,0.0046478156,h2,South
rain_days_7d,0.007741546,h2,South
hotspot_count_roll_sum_3d,0.0011486441,h2,South
hotspot_count_roll_sum_7d,0.0007631791,h2,South
hotspot_frp_sum_roll_sum_3d,0.00038194997,h2,South
hotspot_frp_sum_roll_sum_7d,0.0022119854,h2,South
hotspot_active_days_7d,0.0014050639,h2,South
pm25_diff_1d,0.009488394,h2,South
pm25_diff_3d,0.0061258795,h2,South
temperature_avg_diff_1d,0.002278356,h2,South
humidity_avg_diff_1d,0.0022699654,h2,South
pressure_avg_diff_1d,0.0064375815,h2,South
wind_speed_avg_diff_1d,0.0016680668,h2,South
hotspot_count_diff_1d,0.0,h2,South
co_mean_ugm3,0.005484912,h2,South
co_8h_max_ugm3,0.0025224104,h2,South
aod500_mean,0.0041996255,h2,South
co_mean_ugm3_lag_1,0.004474162,h2,South
co_mean_ugm3_lag_3,0.004298181,h2,South
co_mean_ugm3_lag_7,0.006732284,h2,South
co_8h_max_ugm3_lag_1,0.0029886384,h2,South
co_8h_max_ugm3_lag_3,0.003275652,h2,South
co_8h_max_ugm3_lag_7,0.0038797087,h2,South
aod500_mean_lag_1,0.0038496854,h2,South
aod500_mean_lag_3,0.0029406564,h2,South
aod500_mean_lag_7,0.004246007,h2,South
co_mean_ugm3_roll_mean_3d,0.0035937545,h2,South
co_mean_ugm3_roll_mean_7d,0.0038597544,h2,South
co_8h_max_ugm3_roll_mean_3d,0.0034576731,h2,South
co_8h_max_ugm3_roll_mean_7d,0.0034930664,h2,South
aod500_mean_roll_mean_3d,0.0048503987,h2,South
aod500_mean_roll_mean_7d,0.0046769152,h2,South
co_mean_ugm3_diff_1d,0.0076647126,h2,South
co_mean_ugm3_missing,0.0,h2,South
co_8h_max_ugm3_missing,0.0,h2,South
aod500_mean_missing,0.0030655363,h2,South
station_id_code,0.0037710308,h2,South
region_id_code,0.0,h2,South
lat,0.007470013,h3,South
long,0.0046884334,h3,South
pm25,0.06686822,h3,South
wind_speed_avg,0.00456832,h3,South
wind_speed_max,0.0029965618,h3,South
temperature_avg,0.0,h3,South
temperature_min,0.0014374215,h3,South
temperature_max,0.0,h3,South
rainfall,0.0,h3,South
pressure_avg,0.0024296811,h3,South
pressure_min,0.0024931452,h3,South
pressure_max,0.0,h3,South
humidity_avg,0.0,h3,South
humidity_min,0.0055022095,h3,South
humidity_max,0.0012339797,h3,South
sunshine_duration,0.0,h3,South
wind_direction_avg_sin,0.0025633785,h3,South
wind_direction_avg_cos,0.0,h3,South
wind_direction_at_max_speed_sin,0.002490302,h3,South
wind_direction_at_max_speed_cos,0.0,h3,South
hotspot_count,0.0,h3,South
hotspot_frp_sum,0.0,h3,South
hotspot_day,0.0,h3,South
hotspot_night,0.0,h3,South
hotspot_conf_low,0.0,h3,South
hotspot_conf_nominal,0.0,h3,South
hotspot_conf_high,0.0,h3,South
hotspot_fire_farming_count,0.0,h3,South
hotspot_fire_wildfire_count,0.0,h3,South
hotspot_frp_max,0.0,h3,South
hotspot_frp_mean,0.0,h3,South
hotspot_min_distance_km,0.0,h3,South
hotspot_present,0.0,h3,South
year_index,0.013871047,h3,South
dow_sin,0.007002443,h3,South
dow_cos,0.002835258,h3,South
month_sin,0.0072178547,h3,South
month_cos,0.016018145,h3,South
doy_sin,0.01054491,h3,South
doy_cos,0.012404164,h3,South
temperature_range,0.0013060619,h3,South
humidity_range,0.0050539803,h3,South
pressure_range,0.0,h3,South
rain_event,0.0,h3,South
hotspot_day_ratio,0.0,h3,South
hotspot_night_ratio,0.0,h3,South
log1p_rainfall,0.0,h3,South
log1p_hotspot_count,0.0,h3,South
log1p_hotspot_frp_sum,0.0,h3,South
pm25_lag_1,0.0027735238,h3,South
pm25_lag_2,0.0041612675,h3,South
pm25_lag_3,0.0063093435,h3,South
pm25_lag_7,0.0036198837,h3,South
pm25_lag_14,0.009296377,h3,South
temperature_avg_lag_1,0.0023425834,h3,South
temperature_avg_lag_3,0.0066786297,h3,South
temperature_avg_lag_7,0.0060818437,h3,South
humidity_avg_lag_1,0.0009294874,h3,South
humidity_avg_lag_3,0.0034765198,h3,South
humidity_avg_lag_7,0.0,h3,South
pressure_avg_lag_1,0.0014718635,h3,South
pressure_avg_lag_3,0.0,h3,South
pressure_avg_lag_7,0.0,h3,South
wind_speed_avg_lag_1,0.0,h3,South
wind_speed_avg_lag_3,0.0,h3,South
wind_speed_avg_lag_7,0.0,h3,South
rainfall_lag_1,0.0,h3,South
rainfall_lag_3,0.0016244204,h3,South
rainfall_lag_7,0.0,h3,South
hotspot_count_lag_1,0.0,h3,South
hotspot_count_lag_3,0.0,h3,South
hotspot_count_lag_7,0.0,h3,South
hotspot_frp_sum_lag_1,0.0,h3,South
hotspot_frp_sum_lag_3,0.0,h3,South
hotspot_frp_sum_lag_7,0.0,h3,South
pm25_roll_mean_3d,0.15803541,h3,South
pm25_roll_mean_7d,0.3126919,h3,South
pm25_roll_mean_14d,0.029950209,h3,South
pm25_roll_std_3d,0.0045193974,h3,South
pm25_roll_std_7d,0.010319655,h3,South
pm25_roll_min_7d,0.021695288,h3,South
pm25_roll_max_7d,0.116213486,h3,South
temperature_avg_roll_mean_3d,0.0019847164,h3,South
temperature_avg_roll_mean_7d,0.0051392084,h3,South
humidity_avg_roll_mean_3d,0.0,h3,South
humidity_avg_roll_mean_7d,0.0029855906,h3,South
pressure_avg_roll_mean_3d,0.0041179038,h3,South
pressure_avg_roll_mean_7d,0.0020386965,h3,South
wind_speed_avg_roll_mean_3d,0.0020215109,h3,South
wind_speed_avg_roll_mean_7d,0.0,h3,South
rainfall_roll_sum_3d,0.004801835,h3,South
rainfall_roll_sum_7d,0.0070309937,h3,South
rainfall_roll_sum_14d,0.0039107506,h3,South
rain_days_7d,0.013239411,h3,South
hotspot_count_roll_sum_3d,0.0,h3,South
hotspot_count_roll_sum_7d,0.0,h3,South
hotspot_frp_sum_roll_sum_3d,0.0,h3,South
hotspot_frp_sum_roll_sum_7d,0.0,h3,South
hotspot_active_days_7d,0.0,h3,South
pm25_diff_1d,0.00352627,h3,South
pm25_diff_3d,0.0027778419,h3,South
temperature_avg_diff_1d,0.0,h3,South
humidity_avg_diff_1d,0.0,h3,South
pressure_avg_diff_1d,0.0055267033,h3,South
wind_speed_avg_diff_1d,0.0,h3,South
hotspot_count_diff_1d,0.0,h3,South
co_mean_ugm3,0.004960579,h3,South
co_8h_max_ugm3,0.0,h3,South
aod500_mean,0.0027057927,h3,South
co_mean_ugm3_lag_1,0.0038405336,h3,South
co_mean_ugm3_lag_3,0.0031022294,h3,South
co_mean_ugm3_lag_7,0.0073694964,h3,South
co_8h_max_ugm3_lag_1,0.0040993784,h3,South
co_8h_max_ugm3_lag_3,0.0,h3,South
co_8h_max_ugm3_lag_7,0.007937535,h3,South
aod500_mean_lag_1,0.0,h3,South
aod500_mean_lag_3,0.003321435,h3,South
aod500_mean_lag_7,0.0,h3,South
co_mean_ugm3_roll_mean_3d,0.0003618165,h3,South
co_mean_ugm3_roll_mean_7d,0.0011557391,h3,South
co_8h_max_ugm3_roll_mean_3d,0.0019073596,h3,South
co_8h_max_ugm3_roll_mean_7d,0.0022333448,h3,South
aod500_mean_roll_mean_3d,0.0,h3,South
aod500_mean_roll_mean_7d,0.006159512,h3,South
co_mean_ugm3_diff_1d,0.005441004,h3,South
co_mean_ugm3_missing,0.0,h3,South
co_8h_max_ugm3_missing,0.0,h3,South
aod500_mean_missing,0.0,h3,South
station_id_code,0.0031161727,h3,South
region_id_code,0.0,h3,South
lat,0.006827324,h4,South
long,0.004564903,h4,South
pm25,0.04242964,h4,South
wind_speed_avg,0.0016255159,h4,South
wind_speed_max,0.0011999145,h4,South
temperature_avg,0.0010638274,h4,South
temperature_min,0.0014507021,h4,South
temperature_max,0.0,h4,South
rainfall,0.0,h4,South
pressure_avg,0.0014381271,h4,South
pressure_min,0.0057556643,h4,South
pressure_max,0.0,h4,South
humidity_avg,0.0,h4,South
humidity_min,0.0,h4,South
humidity_max,0.0,h4,South
sunshine_duration,0.0,h4,South
wind_direction_avg_sin,0.0,h4,South
wind_direction_avg_cos,0.0,h4,South
wind_direction_at_max_speed_sin,0.0,h4,South
wind_direction_at_max_speed_cos,0.0,h4,South
hotspot_count,0.0,h4,South
hotspot_frp_sum,0.0,h4,South
hotspot_day,0.0,h4,South
hotspot_night,0.0,h4,South
hotspot_conf_low,0.0,h4,South
hotspot_conf_nominal,0.0,h4,South
hotspot_conf_high,0.0,h4,South
hotspot_fire_farming_count,0.0,h4,South
hotspot_fire_wildfire_count,0.0,h4,South
hotspot_frp_max,0.0,h4,South
hotspot_frp_mean,0.0,h4,South
hotspot_min_distance_km,0.0,h4,South
hotspot_present,0.0,h4,South
year_index,0.018544726,h4,South
dow_sin,0.005912781,h4,South
dow_cos,0.0026804493,h4,South
month_sin,0.015147045,h4,South
month_cos,0.035636786,h4,South
doy_sin,0.010396489,h4,South
doy_cos,0.014426877,h4,South
temperature_range,0.0008591088,h4,South
humidity_range,0.00019272868,h4,South
pressure_range,0.0,h4,South
rain_event,0.0,h4,South
hotspot_day_ratio,0.0,h4,South
hotspot_night_ratio,0.0,h4,South
log1p_rainfall,0.0,h4,South
log1p_hotspot_count,0.0,h4,South
log1p_hotspot_frp_sum,0.0,h4,South
pm25_lag_1,0.0050595324,h4,South
pm25_lag_2,0.006199262,h4,South
pm25_lag_3,0.002268661,h4,South
pm25_lag_7,0.0040431605,h4,South
pm25_lag_14,0.0150001515,h4,South
temperature_avg_lag_1,0.0030190407,h4,South
temperature_avg_lag_3,0.0011006369,h4,South
temperature_avg_lag_7,0.0014887651,h4,South
humidity_avg_lag_1,0.001540931,h4,South
humidity_avg_lag_3,0.0076725227,h4,South
humidity_avg_lag_7,0.0006766592,h4,South
pressure_avg_lag_1,0.0,h4,South
pressure_avg_lag_3,0.0015465858,h4,South
pressure_avg_lag_7,0.0,h4,South
wind_speed_avg_lag_1,0.00042043743,h4,South
wind_speed_avg_lag_3,0.00060389994,h4,South
wind_speed_avg_lag_7,0.0023060748,h4,South
rainfall_lag_1,0.0028720815,h4,South
rainfall_lag_3,0.0,h4,South
rainfall_lag_7,0.0036883522,h4,South
hotspot_count_lag_1,0.0,h4,South
hotspot_count_lag_3,0.0,h4,South
hotspot_count_lag_7,0.0,h4,South
hotspot_frp_sum_lag_1,0.0,h4,South
hotspot_frp_sum_lag_3,0.0,h4,South
hotspot_frp_sum_lag_7,0.0021293669,h4,South
pm25_roll_mean_3d,0.21084294,h4,South
pm25_roll_mean_7d,0.19756398,h4,South
pm25_roll_mean_14d,0.054555602,h4,South
pm25_roll_std_3d,0.0024603617,h4,South
pm25_roll_std_7d,0.0071535455,h4,South
pm25_roll_min_7d,0.023060093,h4,South
pm25_roll_max_7d,0.14394073,h4,South
temperature_avg_roll_mean_3d,0.0036158722,h4,South
temperature_avg_roll_mean_7d,0.0051459656,h4,South
humidity_avg_roll_mean_3d,0.007893027,h4,South
humidity_avg_roll_mean_7d,0.0040025725,h4,South
pressure_avg_roll_mean_3d,0.0,h4,South
pressure_avg_roll_mean_7d,0.002945564,h4,South
wind_speed_avg_roll_mean_3d,0.0014055099,h4,South
wind_speed_avg_roll_mean_7d,0.0010964194,h4,South
rainfall_roll_sum_3d,0.020317484,h4,South
rainfall_roll_sum_7d,0.0021235058,h4,South
rainfall_roll_sum_14d,0.001993019,h4,South
rain_days_7d,0.0015526012,h4,South
hotspot_count_roll_sum_3d,0.0,h4,South
hotspot_count_roll_sum_7d,0.0,h4,South
hotspot_frp_sum_roll_sum_3d,0.0014077867,h4,South
hotspot_frp_sum_roll_sum_7d,0.0,h4,South
hotspot_active_days_7d,0.0,h4,South
pm25_diff_1d,0.0006754394,h4,South
pm25_diff_3d,0.0034458246,h4,South
temperature_avg_diff_1d,0.0009928002,h4,South
humidity_avg_diff_1d,0.0002773817,h4,South
pressure_avg_diff_1d,0.0020602979,h4,South
wind_speed_avg_diff_1d,0.0,h4,South
hotspot_count_diff_1d,0.0,h4,South
co_mean_ugm3,0.002659578,h4,South
co_8h_max_ugm3,0.0008393219,h4,South
aod500_mean,0.0056398744,h4,South
co_mean_ugm3_lag_1,0.0,h4,South
co_mean_ugm3_lag_3,0.007049054,h4,South
co_mean_ugm3_lag_7,0.009627361,h4,South
co_8h_max_ugm3_lag_1,0.0,h4,South
co_8h_max_ugm3_lag_3,0.004476259,h4,South
co_8h_max_ugm3_lag_7,0.0019553807,h4,South
aod500_mean_lag_1,0.0012892566,h4,South
aod500_mean_lag_3,0.0043176627,h4,South
aod500_mean_lag_7,0.0035972751,h4,South
co_mean_ugm3_roll_mean_3d,0.0039607845,h4,South
co_mean_ugm3_roll_mean_7d,0.0036961017,h4,South
co_8h_max_ugm3_roll_mean_3d,0.002898426,h4,South
co_8h_max_ugm3_roll_mean_7d,0.0018331642,h4,South
aod500_mean_roll_mean_3d,0.003934085,h4,South
aod500_mean_roll_mean_7d,0.0039039978,h4,South
co_mean_ugm3_diff_1d,0.0022925888,h4,South
co_mean_ugm3_missing,0.0,h4,South
co_8h_max_ugm3_missing,0.0,h4,South
aod500_mean_missing,0.0,h4,South
station_id_code,0.003712831,h4,South
region_id_code,0.0,h4,South
lat,0.0043479395,h5,South
long,0.0033662296,h5,South
pm25,0.030558962,h5,South
wind_speed_avg,0.00012316508,h5,South
wind_speed_max,0.0008405731,h5,South
temperature_avg,0.0022032466,h5,South
temperature_min,0.0022111007,h5,South
temperature_max,0.0013850096,h5,South
rainfall,0.006153447,h5,South
pressure_avg,0.0019989396,h5,South
pressure_min,0.0025143132,h5,South
pressure_max,0.0016697417,h5,South
humidity_avg,0.0011496304,h5,South
humidity_min,0.004659956,h5,South
humidity_max,0.0015229963,h5,South
sunshine_duration,0.0,h5,South
wind_direction_avg_sin,0.0019195061,h5,South
wind_direction_avg_cos,0.0017309902,h5,South
wind_direction_at_max_speed_sin,0.0,h5,South
wind_direction_at_max_speed_cos,0.0010372887,h5,South
hotspot_count,0.0,h5,South
hotspot_frp_sum,0.0,h5,South
hotspot_day,0.0,h5,South
hotspot_night,0.0,h5,South
hotspot_conf_low,0.0,h5,South
hotspot_conf_nominal,0.0,h5,South
hotspot_conf_high,0.0,h5,South
hotspot_fire_farming_count,0.0,h5,South
hotspot_fire_wildfire_count,0.0,h5,South
hotspot_frp_max,0.0,h5,South
hotspot_frp_mean,0.0,h5,South
hotspot_min_distance_km,0.0,h5,South
hotspot_present,0.0,h5,South
year_index,0.010344264,h5,South
dow_sin,0.004851135,h5,South
dow_cos,0.0053821737,h5,South
month_sin,0.0056178267,h5,South
month_cos,0.041076925,h5,South
doy_sin,0.012512514,h5,South
doy_cos,0.015036601,h5,South
temperature_range,0.0026853892,h5,South
humidity_range,0.002749184,h5,South
pressure_range,0.0023869122,h5,South
rain_event,0.0,h5,South
hotspot_day_ratio,0.0,h5,South
hotspot_night_ratio,0.0,h5,South
log1p_rainfall,0.0,h5,South
log1p_hotspot_count,0.0,h5,South
log1p_hotspot_frp_sum,0.0,h5,South
pm25_lag_1,0.0025801682,h5,South
pm25_lag_2,0.0018320933,h5,South
pm25_lag_3,0.0021187793,h5,South
pm25_lag_7,0.007832888,h5,South
pm25_lag_14,0.016651157,h5,South
temperature_avg_lag_1,0.0010019735,h5,South
temperature_avg_lag_3,0.0025383872,h5,South
temperature_avg_lag_7,0.0017048335,h5,South
humidity_avg_lag_1,0.00557525,h5,South
humidity_avg_lag_3,0.002751163,h5,South
humidity_avg_lag_7,0.0022005113,h5,South
pressure_avg_lag_1,0.0044188173,h5,South
pressure_avg_lag_3,0.00316907,h5,South
pressure_avg_lag_7,0.00277085,h5,South
wind_speed_avg_lag_1,0.0010723127,h5,South
wind_speed_avg_lag_3,0.0015532478,h5,South
wind_speed_avg_lag_7,0.0005764694,h5,South
rainfall_lag_1,0.00086741557,h5,South
rainfall_lag_3,0.0,h5,South
rainfall_lag_7,0.0037520037,h5,South
hotspot_count_lag_1,0.0,h5,South
hotspot_count_lag_3,0.0,h5,South
hotspot_count_lag_7,0.0,h5,South
hotspot_frp_sum_lag_1,0.0,h5,South
hotspot_frp_sum_lag_3,0.0,h5,South
hotspot_frp_sum_lag_7,0.0,h5,South
pm25_roll_mean_3d,0.29481784,h5,South
pm25_roll_mean_7d,0.16760029,h5,South
pm25_roll_mean_14d,0.051431984,h5,South
pm25_roll_std_3d,0.0018328041,h5,South
pm25_roll_std_7d,0.008732578,h5,South
pm25_roll_min_7d,0.00968422,h5,South
pm25_roll_max_7d,0.07288779,h5,South
temperature_avg_roll_mean_3d,0.0026098026,h5,South
temperature_avg_roll_mean_7d,0.0064746044,h5,South
humidity_avg_roll_mean_3d,0.0044671604,h5,South
humidity_avg_roll_mean_7d,0.0036690433,h5,South
pressure_avg_roll_mean_3d,0.0022569576,h5,South
pressure_avg_roll_mean_7d,0.0024029717,h5,South
wind_speed_avg_roll_mean_3d,0.0013365803,h5,South
wind_speed_avg_roll_mean_7d,0.0015747864,h5,South
rainfall_roll_sum_3d,0.012131212,h5,South
rainfall_roll_sum_7d,0.0029709172,h5,South
rainfall_roll_sum_14d,0.0017462084,h5,South
rain_days_7d,0.004973296,h5,South
hotspot_count_roll_sum_3d,0.0010799458,h5,South
hotspot_count_roll_sum_7d,0.0027427832,h5,South
hotspot_frp_sum_roll_sum_3d,0.0005259391,h5,South
hotspot_frp_sum_roll_sum_7d,0.0016984806,h5,South
hotspot_active_days_7d,0.0009786586,h5,South
pm25_diff_1d,0.0018804143,h5,South
pm25_diff_3d,0.004053106,h5,South
temperature_avg_diff_1d,0.002546356,h5,South
humidity_avg_diff_1d,0.003507259,h5,South
pressure_avg_diff_1d,0.002934033,h5,South
wind_speed_avg_diff_1d,0.00088815007,h5,South
hotspot_count_diff_1d,0.0,h5,South
co_mean_ugm3,0.0018597924,h5,South
co_8h_max_ugm3,0.0021273731,h5,South
aod500_mean,0.0023899344,h5,South
co_mean_ugm3_lag_1,0.004100865,h5,South
co_mean_ugm3_lag_3,0.004923817,h5,South
co_mean_ugm3_lag_7,0.016161736,h5,South
co_8h_max_ugm3_lag_1,0.0032349848,h5,South
co_8h_max_ugm3_lag_3,0.004434539,h5,South
co_8h_max_ugm3_lag_7,0.0027619384,h5,South
aod500_mean_lag_1,0.003139267,h5,South
aod500_mean_lag_3,0.0046205437,h5,South
aod500_mean_lag_7,0.0026727288,h5,South
co_mean_ugm3_roll_mean_3d,0.004470628,h5,South
co_mean_ugm3_roll_mean_7d,0.004660507,h5,South
co_8h_max_ugm3_roll_mean_3d,0.004463777,h5,South
co_8h_max_ugm3_roll_mean_7d,0.0028882825,h5,South
aod500_mean_roll_mean_3d,0.0066310116,h5,South
aod500_mean_roll_mean_7d,0.0029025697,h5,South
co_mean_ugm3_diff_1d,0.0040614256,h5,South
co_mean_ugm3_missing,0.0,h5,South
co_8h_max_ugm3_missing,0.0,h5,South
aod500_mean_missing,0.0,h5,South
station_id_code,0.004054703,h5,South
region_id_code,0.0,h5,South
lat,0.010120316,h6,South
long,0.006519094,h6,South
pm25,0.012431583,h6,South
wind_speed_avg,0.0,h6,South
wind_speed_max,0.0,h6,South
temperature_avg,0.011626689,h6,South
temperature_min,0.0,h6,South
temperature_max,0.0073365048,h6,South
rainfall,0.0,h6,South
pressure_avg,0.0,h6,South
pressure_min,0.004403827,h6,South
pressure_max,0.00702325,h6,South
humidity_avg,0.004447552,h6,South
humidity_min,0.008333569,h6,South
humidity_max,0.0,h6,South
sunshine_duration,0.0,h6,South
wind_direction_avg_sin,0.0,h6,South
wind_direction_avg_cos,0.0011326467,h6,South
wind_direction_at_max_speed_sin,0.0,h6,South
wind_direction_at_max_speed_cos,0.0,h6,South
hotspot_count,0.0,h6,South
hotspot_frp_sum,0.0,h6,South
hotspot_day,0.0,h6,South
hotspot_night,0.0,h6,South
hotspot_conf_low,0.0,h6,South
hotspot_conf_nominal,0.0,h6,South
hotspot_conf_high,0.0,h6,South
hotspot_fire_farming_count,0.0,h6,South
hotspot_fire_wildfire_count,0.0,h6,South
hotspot_frp_max,0.0,h6,South
hotspot_frp_mean,0.0,h6,South
hotspot_min_distance_km,0.0,h6,South
hotspot_present,0.0,h6,South
year_index,0.024432642,h6,South
dow_sin,0.0041184956,h6,South
dow_cos,0.0031189926,h6,South
month_sin,0.014983223,h6,South
month_cos,0.074972,h6,South
doy_sin,0.019851146,h6,South
doy_cos,0.03259481,h6,South
temperature_range,0.0,h6,South
humidity_range,0.00068936794,h6,South
pressure_range,0.003316154,h6,South
rain_event,0.0,h6,South
hotspot_day_ratio,0.0,h6,South
hotspot_night_ratio,0.0,h6,South
log1p_rainfall,0.0,h6,South
log1p_hotspot_count,0.0,h6,South
log1p_hotspot_frp_sum,0.0,h6,South
pm25_lag_1,0.0036969143,h6,South
pm25_lag_2,0.0009133449,h6,South
pm25_lag_3,0.007020105,h6,South
pm25_lag_7,0.0122686485,h6,South
pm25_lag_14,0.02523396,h6,South
temperature_avg_lag_1,0.0,h6,South
temperature_avg_lag_3,0.0,h6,South
temperature_avg_lag_7,0.0,h6,South
humidity_avg_lag_1,0.0,h6,South
humidity_avg_lag_3,0.0,h6,South
humidity_avg_lag_7,0.0,h6,South
pressure_avg_lag_1,0.0035518925,h6,South
pressure_avg_lag_3,0.0060406365,h6,South
pressure_avg_lag_7,0.0,h6,South
wind_speed_avg_lag_1,0.0,h6,South
wind_speed_avg_lag_3,0.0,h6,South
wind_speed_avg_lag_7,0.0,h6,South
rainfall_lag_1,0.0,h6,South
rainfall_lag_3,0.0,h6,South
rainfall_lag_7,0.0016398821,h6,South
hotspot_count_lag_1,0.0,h6,South
hotspot_count_lag_3,0.0,h6,South
hotspot_count_lag_7,0.0,h6,South
hotspot_frp_sum_lag_1,0.0,h6,South
hotspot_frp_sum_lag_3,0.0,h6,South
hotspot_frp_sum_lag_7,0.0,h6,South
pm25_roll_mean_3d,0.15990247,h6,South
pm25_roll_mean_7d,0.18064356,h6,South
pm25_roll_mean_14d,0.056231547,h6,South
pm25_roll_std_3d,0.0064066635,h6,South
pm25_roll_std_7d,0.027152594,h6,South
pm25_roll_min_7d,0.02990452,h6,South
pm25_roll_max_7d,0.065228954,h6,South
temperature_avg_roll_mean_3d,0.005001055,h6,South
temperature_avg_roll_mean_7d,0.004268491,h6,South
humidity_avg_roll_mean_3d,0.005712333,h6,South
humidity_avg_roll_mean_7d,0.0062391013,h6,South
pressure_avg_roll_mean_3d,0.0,h6,South
pressure_avg_roll_mean_7d,0.0047538034,h6,South
wind_speed_avg_roll_mean_3d,0.0025794962,h6,South
wind_speed_avg_roll_mean_7d,0.0,h6,South
rainfall_roll_sum_3d,0.008200217,h6,South
rainfall_roll_sum_7d,0.008030384,h6,South
rainfall_roll_sum_14d,0.0035127879,h6,South
rain_days_7d,0.0,h6,South
hotspot_count_roll_sum_3d,0.0,h6,South
hotspot_count_roll_sum_7d,0.0,h6,South
hotspot_frp_sum_roll_sum_3d,0.0,h6,South
hotspot_frp_sum_roll_sum_7d,0.0012089555,h6,South
hotspot_active_days_7d,0.0,h6,South
pm25_diff_1d,0.0025403802,h6,South
pm25_diff_3d,0.0074150846,h6,South
temperature_avg_diff_1d,0.0,h6,South
humidity_avg_diff_1d,0.0,h6,South
pressure_avg_diff_1d,0.0072701564,h6,South
wind_speed_avg_diff_1d,0.0034490696,h6,South
hotspot_count_diff_1d,0.0,h6,South
co_mean_ugm3,0.0,h6,South
co_8h_max_ugm3,0.0030769943,h6,South
aod500_mean,0.006123925,h6,South
co_mean_ugm3_lag_1,0.005817301,h6,South
co_mean_ugm3_lag_3,0.0066729756,h6,South
co_mean_ugm3_lag_7,0.008813276,h6,South
co_8h_max_ugm3_lag_1,0.00643129,h6,South
co_8h_max_ugm3_lag_3,0.002623487,h6,South
co_8h_max_ugm3_lag_7,0.0013639336,h6,South
aod500_mean_lag_1,0.004935162,h6,South
aod500_mean_lag_3,0.0074379356,h6,South
aod500_mean_lag_7,0.0032727025,h6,South
co_mean_ugm3_roll_mean_3d,0.0063421484,h6,South
co_mean_ugm3_roll_mean_7d,0.007335474,h6,South
co_8h_max_ugm3_roll_mean_3d,0.0038279667,h6,South
co_8h_max_ugm3_roll_mean_7d,0.009943414,h6,South
aod500_mean_roll_mean_3d,0.0036358484,h6,South
aod500_mean_roll_mean_7d,0.0,h6,South
co_mean_ugm3_diff_1d,0.0,h6,South
co_mean_ugm3_missing,0.0,h6,South
co_8h_max_ugm3_missing,0.0,h6,South
aod500_mean_missing,0.0,h6,South
station_id_code,0.004877254,h6,South
region_id_code,0.0,h6,South
lat,0.014503306,h7,South
long,0.0040911715,h7,South
pm25,0.017402831,h7,South
wind_speed_avg,0.0016055881,h7,South
wind_speed_max,0.0004219612,h7,South
temperature_avg,0.002085556,h7,South
temperature_min,0.0020264762,h7,South
temperature_max,0.0034614885,h7,South
rainfall,0.0007502657,h7,South
pressure_avg,0.0050739497,h7,South
pressure_min,0.0031180864,h7,South
pressure_max,0.0080050025,h7,South
humidity_avg,0.00771887,h7,South
humidity_min,0.0029500057,h7,South
humidity_max,0.0010665018,h7,South
sunshine_duration,0.0,h7,South
wind_direction_avg_sin,0.0018429534,h7,South
wind_direction_avg_cos,0.002593915,h7,South
wind_direction_at_max_speed_sin,0.00177477,h7,South
wind_direction_at_max_speed_cos,0.0023732916,h7,South
hotspot_count,0.0,h7,South
hotspot_frp_sum,0.0,h7,South
hotspot_day,0.0,h7,South
hotspot_night,0.0,h7,South
hotspot_conf_low,0.0,h7,South
hotspot_conf_nominal,0.0,h7,South
hotspot_conf_high,0.0,h7,South
hotspot_fire_farming_count,0.0,h7,South
hotspot_fire_wildfire_count,0.0,h7,South
hotspot_frp_max,0.0,h7,South
hotspot_frp_mean,0.0,h7,South
hotspot_min_distance_km,0.0,h7,South
hotspot_present,0.0,h7,South
year_index,0.027409896,h7,South
dow_sin,0.0073556667,h7,South
dow_cos,0.0055888896,h7,South
month_sin,0.03759638,h7,South
month_cos,0.16130418,h7,South
doy_sin,0.02214744,h7,South
doy_cos,0.034120906,h7,South
temperature_range,0.0050323135,h7,South
humidity_range,0.0023959582,h7,South
pressure_range,0.0020404467,h7,South
rain_event,0.0,h7,South
hotspot_day_ratio,0.0,h7,South
hotspot_night_ratio,0.0,h7,South
log1p_rainfall,0.0,h7,South
log1p_hotspot_count,0.0,h7,South
log1p_hotspot_frp_sum,0.0,h7,South
pm25_lag_1,0.0036929941,h7,South
pm25_lag_2,0.005162805,h7,South
pm25_lag_3,0.006512484,h7,South
pm25_lag_7,0.0082920985,h7,South
pm25_lag_14,0.033129882,h7,South
temperature_avg_lag_1,0.003262799,h7,South
temperature_avg_lag_3,0.0023701706,h7,South
temperature_avg_lag_7,0.0030639998,h7,South
humidity_avg_lag_1,0.002654772,h7,South
humidity_avg_lag_3,0.0025832956,h7,South
humidity_avg_lag_7,0.0009438082,h7,South
pressure_avg_lag_1,0.0070473333,h7,South
pressure_avg_lag_3,0.0048089703,h7,South
pressure_avg_lag_7,0.0094556715,h7,South
wind_speed_avg_lag_1,0.0021934411,h7,South
wind_speed_avg_lag_3,0.0027242086,h7,South
wind_speed_avg_lag_7,0.0026957684,h7,South
rainfall_lag_1,0.0021515223,h7,South
rainfall_lag_3,0.0,h7,South
rainfall_lag_7,0.0019633323,h7,South
hotspot_count_lag_1,0.0,h7,South
hotspot_count_lag_3,0.0,h7,South
hotspot_count_lag_7,0.0,h7,South
hotspot_frp_sum_lag_1,0.0,h7,South
hotspot_frp_sum_lag_3,0.0,h7,South
hotspot_frp_sum_lag_7,0.0013646057,h7,South
pm25_roll_mean_3d,0.049285576,h7,South
pm25_roll_mean_7d,0.117077716,h7,South
pm25_roll_mean_14d,0.07991157,h7,South
pm25_roll_std_3d,0.0054266113,h7,South
pm25_roll_std_7d,0.006565066,h7,South
pm25_roll_min_7d,0.032540977,h7,South
pm25_roll_max_7d,0.013626834,h7,South
temperature_avg_roll_mean_3d,0.0014580712,h7,South
temperature_avg_roll_mean_7d,0.005338173,h7,South
humidity_avg_roll_mean_3d,0.009297717,h7,South
humidity_avg_roll_mean_7d,0.005167713,h7,South
pressure_avg_roll_mean_3d,0.005039426,h7,South
pressure_avg_roll_mean_7d,0.0044351984,h7,South
wind_speed_avg_roll_mean_3d,0.0034966008,h7,South
wind_speed_avg_roll_mean_7d,0.0012419077,h7,South
rainfall_roll_sum_3d,0.0023279353,h7,South
rainfall_roll_sum_7d,0.008479255,h7,South
rainfall_roll_sum_14d,0.0018503924,h7,South
rain_days_7d,0.0025327574,h7,South
hotspot_count_roll_sum_3d,0.0017603551,h7,South
hotspot_count_roll_sum_7d,0.0016763875,h7,South
hotspot_frp_sum_roll_sum_3d,0.00019365293,h7,South
hotspot_frp_sum_roll_sum_7d,0.0015531278,h7,South
hotspot_active_days_7d,0.0,h7,South
pm25_diff_1d,0.0022620033,h7,South
pm25_diff_3d,0.0044186935,h7,South
temperature_avg_diff_1d,0.0017075685,h7,South
humidity_avg_diff_1d,0.0020158151,h7,South
pressure_avg_diff_1d,0.008445505,h7,South
wind_speed_avg_diff_1d,0.0,h7,South
hotspot_count_diff_1d,0.0,h7,South
co_mean_ugm3,0.006298994,h7,South
co_8h_max_ugm3,0.0040662442,h7,South
aod500_mean,0.00489783,h7,South
co_mean_ugm3_lag_1,0.0060511213,h7,South
co_mean_ugm3_lag_3,0.004091105,h7,South
co_mean_ugm3_lag_7,0.007774505,h7,South
co_8h_max_ugm3_lag_1,0.0035831695,h7,South
co_8h_max_ugm3_lag_3,0.0029754022,h7,South
co_8h_max_ugm3_lag_7,0.0055229347,h7,South
aod500_mean_lag_1,0.012407241,h7,South
aod500_mean_lag_3,0.0031254375,h7,South
aod500_mean_lag_7,0.0033739908,h7,South
co_mean_ugm3_roll_mean_3d,0.006730277,h7,South
co_mean_ugm3_roll_mean_7d,0.023078075,h7,South
co_8h_max_ugm3_roll_mean_3d,0.0031558184,h7,South
co_8h_max_ugm3_roll_mean_7d,0.0020852424,h7,South
aod500_mean_roll_mean_3d,0.0098077,h7,South
aod500_mean_roll_mean_7d,0.0036735933,h7,South
co_mean_ugm3_diff_1d,0.0040412955,h7,South
co_mean_ugm3_missing,0.0,h7,South
co_8h_max_ugm3_missing,0.0,h7,South
aod500_mean_missing,0.0032735898,h7,South
station_id_code,0.0069218916,h7,South
region_id_code,0.0,h7,South
