n,mae,mse,rmse,r2,bias,station_id,horizon
144,3.973872661590576,37.01194763183594,6.08374454031692,0.9340422,-0.17050379514694214,1,1
143,6.0046868324279785,85.93682861328125,9.270211896892176,0.8469539,-0.22231292724609375,1,2
142,8.24189281463623,134.75318908691406,11.608324129128807,0.7602819,0.927857518196106,1,3
141,10.484840393066406,230.6349639892578,15.186670602513832,0.59123576,0.37931811809539795,1,4
140,11.08902645111084,276.818603515625,16.637866555409833,0.5109358,-0.2651660442352295,1,5
139,11.384988784790039,301.3797302246094,17.36029176669014,0.4689961,-0.003791424911469221,1,6
138,12.24528694152832,331.0533142089844,18.19487054663991,0.41853774,0.9151307344436646,1,7
144,3.562248706817627,21.88167381286621,4.67778513966452,0.8298253,-0.6744601726531982,2,1
143,5.725234508514404,50.008949279785156,7.071700593194338,0.59946036,-1.549837589263916,2,2
142,6.434337139129639,62.62842559814453,7.91381233023279,0.48803717,-0.4902535080909729,2,3
141,7.518026351928711,83.85824584960938,9.157414801657145,0.30838096,0.12179911881685257,2,4
140,8.674264907836914,113.59040069580078,10.657879746732029,0.060113907,0.6254814863204956,2,5
139,9.430212020874023,127.26888275146484,11.28135110487502,-0.056399107,0.7066720724105835,2,6
138,8.874804496765137,114.86260223388672,10.71739717626844,0.04832244,0.7744086384773254,2,7
144,6.5295023918151855,71.71883392333984,8.468697297892978,0.75301176,-0.014339791610836983,3,1
143,8.701261520385742,145.28411865234375,12.053386190292906,0.490057,-0.9366710186004639,3,2
142,10.404566764831543,182.93252563476562,13.525255104239832,0.34880143,-1.9654597043991089,3,3
141,11.797264099121094,221.11085510253906,14.869796740458124,0.20960826,-2.477091073989868,3,4
140,13.052099227905273,276.6541442871094,16.63292350391564,0.010000348,-2.186884880065918,3,5
139,14.044624328613281,319.2433776855469,17.867383067633238,-0.14402068,-2.7443947792053223,3,6
138,13.646204948425293,316.888427734375,17.801360277641002,-0.1334989,-2.352766275405884,3,7
144,5.1466851234436035,49.51697540283203,7.036829925671931,0.729529,0.20679982006549835,4,1
143,7.098882675170898,87.28363037109375,9.342570865189824,0.51260096,-0.4735872447490692,4,2
142,7.808038234710693,99.86006927490234,9.993001014455185,0.42973697,0.7712507843971252,4,3
141,8.88189697265625,120.5260009765625,10.97843344820027,0.3028313,1.1935909986495972,4,4
140,9.506719589233398,134.27249145507812,11.587600763535052,0.21672314,0.8804509043693542,4,5
139,10.025246620178223,147.9080047607422,12.16174349181655,0.12954766,0.9116494059562683,4,6
138,9.578631401062012,133.9431610107422,11.573381571984145,0.20877653,0.2635694146156311,4,7
144,4.612095832824707,37.85416030883789,6.152573470413652,0.7460737,0.2910046875476837,5,1
143,6.93319845199585,86.30679321289062,9.290144951123779,0.40852636,0.3025844097137451,5,2
142,7.80166482925415,105.5581283569336,10.274148546567428,0.2616232,-0.006513703148812056,5,3
141,8.947641372680664,128.72604370117188,11.345750028145863,0.09984863,0.24950262904167175,5,4
140,10.019590377807617,162.30674743652344,12.739966539851014,-0.13071167,0.6540352702140808,5,5
139,10.972472190856934,174.492919921875,13.209576825995411,-0.21093118,1.4816975593566895,5,6
138,11.042243003845215,184.92108154296875,13.598569099098947,-0.27675188,1.8536683320999146,5,7
129,4.191195011138916,32.94629669189453,5.73988647029665,0.8587731,-0.6190222501754761,7,1
127,5.94091272354126,64.62641906738281,8.039055856714942,0.7213155,-1.9116418361663818,7,2
125,7.198951721191406,84.79851531982422,9.208610933242007,0.63310647,-1.1143379211425781,7,3
123,7.376983165740967,86.67789459228516,9.310096379323102,0.6244165,-0.7437486052513123,7,4
121,8.559207916259766,116.21112823486328,10.780126540763021,0.49491823,-1.6129332780838013,7,5
119,9.38611125946045,135.98941040039062,11.661449755514562,0.4026844,-1.8535828590393066,7,6
117,9.234427452087402,130.2129364013672,11.411088309244091,0.41801655,-1.3758130073547363,7,7
144,3.672186851501465,24.25135040283203,4.924566011622956,0.7837585,0.020460976287722588,8,1
143,5.199455261230469,41.73798370361328,6.4604940758128775,0.6202705,-0.010181640274822712,8,2
142,6.272823810577393,59.80369567871094,7.733284921604204,0.44907486,1.8790411949157715,8,3
141,7.410353660583496,79.11012268066406,8.894387144748315,0.26523703,1.6293948888778687,8,4
140,7.675613880157471,92.03289031982422,9.593377419857108,0.14237124,1.473097801208496,8,5
139,8.292854309082031,99.9603500366211,9.998017305277136,0.06428009,1.7053788900375366,8,6
138,8.748394012451172,113.65164947509766,10.660752763060293,-0.06304133,1.6938585042953491,8,7
144,4.386232376098633,40.482975006103516,6.3626232802283305,0.9311842,-0.6086289286613464,9,1
143,7.35671329498291,114.26593780517578,10.689524676297623,0.8055358,-1.2840734720230103,9,2
142,9.083561897277832,181.12155151367188,13.458140715331814,0.6915653,-1.0048017501831055,9,3
141,11.467490196228027,292.1239318847656,17.091633388437913,0.5040235,-1.8577874898910522,9,4
140,12.661365509033203,354.5982971191406,18.83078057646949,0.3994323,-1.4338651895523071,9,5
139,13.249945640563965,389.65753173828125,19.739744976525945,0.34115362,-1.3072738647460938,9,6
138,13.805705070495605,411.72991943359375,20.29112908227617,0.30606973,-0.688144862651825,9,7
144,4.934999942779541,71.85486602783203,8.47672495884065,0.95017385,-0.869649350643158,10,1
143,8.140999794006348,156.99229431152344,12.529656591923157,0.8914325,-0.8859567642211914,10,2
142,11.772586822509766,365.40191650390625,19.115488916161844,0.7480804,-1.9106996059417725,10,3
141,14.84182071685791,697.5653686523438,26.411462826817143,0.52083385,-4.2995452880859375,10,4
140,15.059179306030273,669.6605834960938,25.877800978755783,0.54173285,-4.471858501434326,10,5
139,15.746722221374512,722.552490234375,26.88033649778914,0.50759923,-4.541852951049805,10,6
138,17.341705322265625,871.2748413085938,29.517365080721447,0.409226,-4.125772476196289,10,7
144,3.2957444190979004,25.414644241333008,5.041293905470401,0.9765062,0.07138318568468094,11,1
143,5.2167768478393555,83.44938659667969,9.135063579235762,0.92320824,-0.18114615976810455,11,2
142,8.853171348571777,186.1487579345703,13.643634337469262,0.8295282,0.20841357111930847,11,3
141,12.282735824584961,384.1810607910156,19.600537257713516,0.65008056,-0.5788019895553589,11,4
140,11.482687950134277,420.6729736328125,20.510313835551433,0.6188875,-2.9275643825531006,11,5
139,12.911961555480957,452.35479736328125,21.268634120772337,0.592386,-0.9687454104423523,11,6
138,13.356291770935059,498.8197326660156,22.334272602124646,0.55304384,-0.9013773798942566,11,7
144,4.603296279907227,59.02208709716797,7.682583360899377,0.9355489,-0.3197478652000427,12,1
143,7.287081241607666,154.8182373046875,12.44259769118521,0.83151925,-0.553923487663269,12,2
142,10.007842063903809,264.9615173339844,16.2776385674945,0.71285665,-0.23509711027145386,12,3
141,11.99991512298584,383.3674011230469,19.579770200976487,0.5865886,-1.5424294471740723,12,4
140,12.176614761352539,409.36444091796875,20.232756631709105,0.5609264,-2.1950931549072266,12,5
139,12.901106834411621,433.2051696777344,20.813581375576245,0.53778857,-1.2771061658859253,12,6
138,14.09152889251709,510.68212890625,22.598277122520866,0.45838803,-0.8082208037376404,12,7
144,4.542164325714111,51.100425720214844,7.148456177400464,0.9462092,-0.27604639530181885,14,1
143,7.003590106964111,121.01458740234375,11.00066304375985,0.8725553,-1.601723551750183,14,2
142,9.4612455368042,225.49029541015625,15.0163342867078,0.7625352,-1.5659501552581787,14,3
141,12.618497848510742,399.0745849609375,19.976851227381594,0.5804001,-3.318587064743042,14,4
140,13.918581008911133,435.8610534667969,20.87728558665606,0.5430703,-3.0376217365264893,14,5
139,14.822246551513672,509.6822814941406,22.57614407940693,0.467265,-3.743967294692993,14,6
138,15.27550220489502,530.5403442382812,23.03346140375522,0.44748366,-3.0640451908111572,14,7
144,4.690892696380615,38.73514938354492,6.223756854468603,0.74226475,0.21640877425670624,15,1
143,6.981674671173096,82.93385314941406,9.106802575515408,0.43484598,0.3771213889122009,15,2
142,7.885761260986328,98.7145004272461,9.935517119266922,0.3203472,0.5583282709121704,15,3
141,9.249666213989258,122.15072631835938,11.05218197092137,0.16193652,0.7887324094772339,15,4
140,10.019984245300293,149.83074951171875,12.240537141470497,-0.02197671,1.5803495645523071,15,5
139,10.584054946899414,169.6027374267578,13.023161575698806,-0.14988697,1.6048319339752197,15,6
138,10.509174346923828,167.45730590820312,12.940529583761366,-0.12721789,2.6861064434051514,15,7
144,3.931102752685547,36.30355453491211,6.025243110025695,0.94134164,-1.0803309679031372,16,1
143,6.918426513671875,108.59905242919922,10.421086912083558,0.82413733,-1.2069038152694702,16,2
142,8.85945987701416,175.19793701171875,13.236235756880381,0.71598506,-0.1476501077413559,16,3
141,11.372258186340332,273.31060791015625,16.532108392765764,0.5576337,0.1524730771780014,16,4
140,12.95622730255127,334.5719299316406,18.291307496503375,0.45974028,-0.5525025725364685,16,5
139,12.993969917297363,359.3307800292969,18.956022262840296,0.4207552,-0.9695709943771362,16,6
138,13.484825134277344,369.11578369140625,19.212386205034665,0.406879,-0.8331415057182312,16,7
103,4.068124771118164,27.75157356262207,5.267976230263579,0.85154355,0.09923335164785385,17,1
101,5.777186393737793,53.15500259399414,7.290747739017867,0.7165714,0.0277889184653759,17,2
100,7.199482440948486,79.08024597167969,8.892707460142816,0.58156955,1.2749807834625244,17,3
99,8.256953239440918,99.97592163085938,9.99879600906326,0.47181773,1.5097092390060425,17,4
98,9.145442962646484,132.08969116210938,11.493027937062946,0.30114907,1.2377187013626099,17,5
97,10.12459659576416,153.39495849609375,12.385271837795639,0.18770564,1.1437504291534424,17,6
96,9.887625694274902,149.51121520996094,12.227477876077344,0.20889723,1.2742213010787964,17,7
144,4.441127300262451,39.66514205932617,6.298026838568265,0.78139424,0.4474588930606842,18,1
143,6.42839241027832,79.43232727050781,8.912481543908397,0.5530162,-0.3163365125656128,18,2
142,7.299074649810791,88.66370391845703,9.416140606344886,0.49528414,-0.29917585849761963,18,3
141,8.219338417053223,103.71321105957031,10.183968335554187,0.40772384,0.09687475115060806,18,4
140,9.068711280822754,126.95591735839844,11.26747164888372,0.27596456,0.6332831978797913,18,5
139,9.726653099060059,143.6816864013672,11.986729595739082,0.1797123,0.06887641549110413,18,6
138,9.40683650970459,139.98399353027344,11.83148315006506,0.20183283,0.5995466709136963,18,7
144,3.8237462043762207,31.08219337463379,5.5751406596276825,0.93496346,-0.8925860524177551,19,1
143,6.8358941078186035,96.7359390258789,9.835443000997916,0.79631567,-2.253666877746582,19,2
142,9.008121490478516,167.2602081298828,12.932911819458246,0.646571,-1.6619592905044556,19,3
141,10.90272331237793,221.72633361816406,14.890477951300424,0.531392,-1.9392520189285278,19,4
140,12.65704345703125,298.82672119140625,17.286605253531018,0.3694607,-2.209597110748291,19,5
139,13.443570137023926,319.5128479003906,17.87492231872325,0.32667685,-1.856685757637024,19,6
138,13.426734924316406,332.8305969238281,18.243645384731312,0.30070388,-1.8545233011245728,19,7
144,4.544166088104248,50.85722351074219,7.131425068718186,0.91718495,-0.695420503616333,20,1
143,7.276034355163574,129.94252014160156,11.399233313762885,0.78789777,-1.4947096109390259,20,2
142,9.188067436218262,192.19483947753906,13.863435341845795,0.68580467,-0.8712267279624939,20,3
141,11.051836013793945,270.8363037109375,16.457104961412185,0.557346,-1.2372641563415527,20,4
140,12.49730396270752,323.5364074707031,17.987117820003935,0.472376,-1.318529725074768,20,5
139,12.78947639465332,334.3588562011719,18.28548211563403,0.4554124,-1.4867024421691895,20,6
138,13.08683967590332,351.6849060058594,18.753263876079263,0.42914295,-0.8700838685035706,20,7
144,5.082010746002197,40.76493835449219,6.384742622415738,0.7153202,-0.210732564330101,21,1
143,7.6512064933776855,102.5740737915039,10.127885948780422,0.273987,-1.1407983303070068,21,2
142,8.307379722595215,116.65129852294922,10.800523067099538,0.16997981,-1.7265472412109375,21,3
141,8.358259201049805,118.51239776611328,10.886339961902406,0.1525839,-1.7169780731201172,21,4
140,8.614750862121582,135.71702575683594,11.649765051572325,0.031177938,-3.269073963165283,21,5
139,8.743733406066895,124.96128845214844,11.178608520390561,0.10989869,-2.232228994369507,21,6
138,9.000868797302246,129.47662353515625,11.378779527486955,0.082372904,-2.638462781906128,21,7
143,4.50577449798584,32.84623718261719,5.731163684856435,0.64277387,1.3980739116668701,22,1
142,6.712747097015381,70.3086929321289,8.385027902883145,0.22899604,1.2125244140625,22,2
141,7.1473917961120605,80.5458984375,8.974736677892004,0.111875,0.6380734443664551,22,3
140,7.223766326904297,81.93372344970703,9.05172488809216,0.09645063,0.020509324967861176,22,4
139,7.002760887145996,87.16410827636719,9.336172035495446,0.03701198,-2.158963203430176,22,5
138,7.191874027252197,84.103271484375,9.170783580718444,0.07638919,-1.35259211063385,22,6
137,7.320432662963867,87.68909454345703,9.364245540536462,0.043810785,-2.0303728580474854,22,7
144,3.9055612087249756,25.545169830322266,5.054222969984829,0.7089152,0.20036925375461578,23,1
143,5.656814098358154,53.63599395751953,7.323659874510799,0.3647033,0.4830361604690552,23,2
142,6.832189559936523,69.05117797851562,8.309703844212237,0.15515125,0.8629894852638245,23,3
141,7.455139636993408,83.81837463378906,9.155237552013004,-0.053977847,1.0514854192733765,23,4
140,8.429895401000977,110.27820587158203,10.50134305084745,-0.39194775,1.7768259048461914,23,5
139,8.875980377197266,116.26283264160156,10.78252440950641,-0.47577846,1.7725484371185303,23,6
138,8.932723045349121,116.86898803710938,10.810596099989555,-0.48305452,2.443711042404175,23,7
144,4.184010982513428,27.798377990722656,5.2724167125448895,0.71513665,0.4560052156448364,24,1
143,6.801977157592773,70.0194320678711,8.367761472931162,0.2681346,0.8274208903312683,24,2
142,8.17515754699707,101.53560638427734,10.07648780003615,-0.07285106,1.2866568565368652,24,3
141,8.793081283569336,119.44076538085938,10.928895890292823,-0.27181387,1.6540462970733643,24,4
140,9.775988578796387,149.85870361328125,12.24167895401939,-0.5952468,2.309447765350342,24,5
139,10.501771926879883,163.55690002441406,12.788936626022277,-0.74338853,2.7639098167419434,24,6
138,9.9967679977417,157.27932739257812,12.541105509187702,-0.6673076,2.3202953338623047,24,7
144,4.779960632324219,43.12266159057617,6.566784722417522,0.62789345,-0.4601936936378479,25,1
143,7.15368127822876,97.08433532714844,9.853138349132648,0.14526457,-1.139050841331482,25,2
142,7.832233905792236,115.24976348876953,10.7354442613601,-0.030836105,-2.3181164264678955,25,3
141,8.021681785583496,120.35587310791016,10.970682435833705,-0.08720291,-2.6967265605926514,25,4
140,8.213443756103516,131.4227752685547,11.463977288382715,-0.1866008,-4.502932071685791,25,5
139,7.944832801818848,120.76185607910156,10.989169944954968,-0.09114134,-3.7864348888397217,25,6
138,7.900246620178223,122.13572692871094,11.051503378668032,-0.09797025,-4.129388332366943,25,7
144,5.115049362182617,38.898834228515625,6.236892994794413,0.74917614,0.09532348066568375,26,1
143,7.529204845428467,88.74996948242188,9.420720221003375,0.42104703,-1.1689057350158691,26,2
142,8.220999717712402,108.21898651123047,10.402835503420713,0.2910658,-2.2674331665039062,26,3
141,8.397730827331543,115.0931167602539,10.728146007593946,0.2439223,-2.5681705474853516,26,4
140,8.643465995788574,129.77037048339844,11.391679879780613,0.14770555,-3.7536075115203857,26,5
139,8.708308219909668,122.31256866455078,11.05950128462178,0.19757295,-2.9159998893737793,26,6
138,8.99247932434082,128.6355743408203,11.341762400121963,0.1610691,-3.124833583831787,26,7
144,4.990208625793457,42.90848922729492,6.550457176968255,0.71740055,0.5312687158584595,28,1
143,7.404977321624756,85.69426727294922,9.25711981519896,0.4325776,0.3865337073802948,28,2
142,8.33323860168457,108.01211547851562,10.392887735298386,0.2839452,-0.8437842130661011,28,3
141,8.619013786315918,116.21207427978516,10.78017041979324,0.23026443,-0.9246010184288025,28,4
140,8.568687438964844,122.02650451660156,11.046560755122002,0.19484848,-2.1271095275878906,28,5
139,8.516374588012695,118.44274139404297,10.883140235889776,0.22099006,-1.5451760292053223,28,6
138,8.853306770324707,124.62367248535156,11.163497323211555,0.18545038,-1.9319729804992676,28,7
79,4.77082633972168,37.65599822998047,6.136448340040065,0.64288634,-0.2639264464378357,29,1
74,7.223496913909912,87.02151489257812,9.328532301095287,0.18714601,-0.8578619956970215,29,2
69,7.625393867492676,101.3914566040039,10.069332480557184,0.099316776,-0.3890863358974457,29,3
64,7.698026657104492,102.82451629638672,10.14024241802861,0.12572223,-2.107956886291504,29,4
59,7.870285511016846,111.3687744140625,10.553140500062646,0.057483435,-4.01078987121582,29,5
55,7.575372219085693,98.76026153564453,9.937819757655324,0.111842394,-3.5809359550476074,29,6
51,7.454957485198975,93.02355194091797,9.644871794944605,0.0451532,-2.517521858215332,29,7
144,4.432073593139648,33.050777435302734,5.748980556177132,0.56605303,0.9987610578536987,30,1
143,6.383866786956787,63.85322952270508,7.990821579956912,0.14386547,1.229139804840088,30,2
142,7.084832668304443,76.04063415527344,8.720128104292588,-0.030174494,0.7187808156013489,30,3
141,7.164816856384277,78.4153823852539,8.855246037533565,-0.06971252,0.1454855352640152,30,4
140,6.967785835266113,82.32867431640625,9.073514992350333,-0.1262747,-2.018798828125,30,5
139,7.138600826263428,79.71634674072266,8.928401130142095,-0.093189,-1.2432273626327515,30,6
138,7.217276096343994,80.7919921875,8.988436581936817,-0.103253365,-1.5488389730453491,30,7
144,3.839754343032837,25.95111846923828,5.094224030138278,0.7267444,0.8391261696815491,31,1
143,5.549917221069336,49.19906234741211,7.014204327463815,0.48034185,0.28024449944496155,31,2
142,5.869283199310303,55.40919876098633,7.443735538087468,0.41240942,-0.196361243724823,31,3
141,6.133239269256592,57.75817108154297,7.599879675464801,0.38480645,-0.5307923555374146,31,4
140,6.190384387969971,66.46349334716797,8.152514541365012,0.29356903,-2.1702754497528076,31,5
139,6.216318130493164,63.3975715637207,7.962259199732241,0.32678604,-1.7628240585327148,31,6
138,6.425334930419922,66.25203704833984,8.139535431972751,0.30006295,-1.7048238515853882,31,7
144,5.290581226348877,45.18955993652344,6.722318047855475,0.71094936,-0.1465693712234497,32,1
143,7.450786113739014,86.8284683227539,9.318179453238379,0.44016987,-1.870317816734314,32,2
142,8.240750312805176,111.67521667480469,10.567649534064076,0.27988696,-3.0366570949554443,32,3
141,8.521477699279785,118.24542999267578,10.87407145427488,0.23926699,-3.3067193031311035,32,4
140,9.217473983764648,140.6320037841797,11.85883652742459,0.09935087,-4.933093070983887,32,5
139,9.179431915283203,134.2252655029297,11.585562804755309,0.14400524,-4.025503158569336,32,6
138,9.479084968566895,137.8780975341797,11.742150464637204,0.12664598,-4.02244234085083,32,7
144,5.493149280548096,50.936038970947266,7.1369488558450005,0.70800126,0.7738952040672302,33,1
143,7.869168758392334,98.04276275634766,9.901654546405245,0.43633848,-0.12669576704502106,33,2
142,8.759078025817871,124.50863647460938,11.15834380518047,0.28524262,-1.449057936668396,33,3
141,9.11147403717041,131.99005126953125,11.488692321997803,0.24437875,-1.1965376138687134,33,4
140,9.368453979492188,144.94635009765625,12.039366681751007,0.17408293,-2.3329315185546875,33,5
139,9.456603050231934,144.81568908691406,12.033939051155032,0.17760682,-1.8906114101409912,33,6
138,9.584396362304688,148.31051635742188,12.178280517274262,0.16342509,-1.8571792840957642,33,7
144,5.286436080932617,43.875099182128906,6.623828136518105,0.6426603,0.4001682996749878,34,1
143,7.685703754425049,91.08305358886719,9.543744212250619,0.25043404,0.6333126425743103,34,2
142,8.234445571899414,103.49554443359375,10.173275993188907,0.14660937,0.6568582057952881,34,3
141,8.079612731933594,103.73963928222656,10.1852657934011,0.14627266,0.10543914884328842,34,4
140,7.897817611694336,109.05681610107422,10.443027152175475,0.10609126,-1.4218192100524902,34,5
139,8.02969741821289,103.02037811279297,10.149895472998377,0.15795422,-0.23546487092971802,34,6
138,8.261566162109375,107.94453430175781,10.389635908045951,0.12310219,-1.0714967250823975,34,7
144,4.6910624504089355,34.40937805175781,5.865950737242669,0.76662374,0.5700544714927673,35,1
143,7.339476585388184,81.45526885986328,9.025257273887725,0.44632226,0.4576578140258789,35,2
142,8.35989761352539,103.29579162597656,10.163453725283377,0.29931045,0.2915295660495758,35,3
141,8.693068504333496,111.18859100341797,10.54460008741052,0.25029278,0.7522310018539429,35,4
140,8.924057006835938,122.85980987548828,11.084214445574764,0.1773696,-0.24572168290615082,35,5
139,9.114323616027832,122.16499328613281,11.05282738877853,0.18727422,0.7428555488586426,35,6
138,8.970449447631836,124.8655776977539,11.174326722346805,0.17506075,0.3583356440067291,35,7
129,5.441609859466553,53.25191116333008,7.297390709241905,0.69358945,-0.09764263033866882,36,1
127,7.998648166656494,102.38023376464844,10.11831180408315,0.4103095,-0.383696973323822,36,2
125,8.824542045593262,125.39708709716797,11.198084081536804,0.27819806,-0.3128598630428314,36,3
123,9.17939281463623,134.23373413085938,11.58592828093025,0.22716898,0.21924476325511932,36,4
121,9.381124496459961,149.6959686279297,12.235030389334131,0.13809556,-0.816977858543396,36,5
119,9.505705833435059,145.36175537109375,12.05660629576556,0.16571295,-0.19253458082675934,36,6
117,9.402679443359375,145.499267578125,12.062307721913125,0.1653974,-0.7369962334632874,36,7
144,5.535467147827148,49.55765151977539,7.039719562580273,0.71907115,1.394948124885559,37,1
143,8.23620319366455,100.32463073730469,10.01621838506453,0.43066353,1.2144333124160767,37,2
142,9.283939361572266,131.14382934570312,11.451804632707594,0.25857753,-0.06330322474241257,37,3
141,9.72458553314209,142.8232879638672,11.950869757631333,0.19594932,0.17561937868595123,37,4
140,9.649551391601562,150.79124450683594,12.279708649102222,0.1557445,-1.0367616415023804,37,5
139,9.753179550170898,149.9856719970703,12.246863761676714,0.1640284,-0.34255993366241455,37,6
138,9.729870796203613,149.9435577392578,12.245144251467918,0.1700666,-0.523567795753479,37,7
144,5.1336870193481445,40.05503463745117,6.32890469492559,0.756179,0.06147952750325203,38,1
143,7.243671894073486,80.25944519042969,8.958763597195189,0.50729215,-0.7470316886901855,38,2
142,7.566347599029541,91.03438568115234,9.541194143352936,0.43990964,-0.6492180824279785,38,3
141,7.569583415985107,89.93672943115234,9.483497742455173,0.4478882,-0.7348318696022034,38,4
140,7.853524208068848,104.4482421875,10.219992279228983,0.36075294,-2.8213067054748535,38,5
139,7.843539237976074,97.74017333984375,9.886362998587689,0.40096462,-1.6396431922912598,38,6
138,7.966639518737793,101.56829071044922,10.078109480971579,0.38068777,-2.2599587440490723,38,7
144,4.700610637664795,34.20859146118164,5.848811115190987,0.6555382,-0.5940912365913391,39,1
143,6.2156195640563965,61.18670654296875,7.822193205423192,0.3784482,-0.018846312537789345,39,2
142,7.176990509033203,74.59820556640625,8.637025272998004,0.24270642,0.8444406390190125,39,3
141,7.363589286804199,81.73323822021484,9.040643683953862,0.17292178,0.8519189357757568,39,4
140,7.278430938720703,85.98748779296875,9.272943857964888,0.13421309,-0.3581135869026184,39,5
139,7.372838020324707,82.04792022705078,9.058030703582913,0.17613685,0.45270735025405884,39,6
138,7.444207668304443,83.39427947998047,9.132046839563433,0.16817033,0.017781630158424377,39,7
144,4.0639872550964355,30.16938591003418,5.4926665573320745,0.50157464,0.8679138422012329,40,1
143,5.928135395050049,55.13875961303711,7.42554776518454,0.07694501,2.4228925704956055,40,2
142,7.420679092407227,74.58023071289062,8.635984640612246,-0.24836147,3.7941792011260986,40,3
141,7.722663402557373,77.6297607421875,8.81077526340262,-0.29433143,4.524961948394775,40,4
140,7.536221981048584,74.26004028320312,8.617426546435027,-0.23075008,4.042015075683594,40,5
139,8.286118507385254,87.25348663330078,9.340957479471832,-0.44138384,5.44358491897583,40,6
138,7.5275349617004395,76.62352752685547,8.753486592601572,-0.263044,4.623222827911377,40,7
144,4.031211853027344,28.17611312866211,5.308117663415357,0.5699873,0.6128548383712769,41,1
143,6.080538272857666,59.127593994140625,7.689446923813223,0.08583963,2.150540351867676,41,2
142,7.4000468254089355,75.59064483642578,8.69428805805431,-0.16820204,3.438513994216919,41,3
141,7.695642471313477,78.27494812011719,8.847313045219842,-0.20496643,3.924988269805908,41,4
140,7.2162251472473145,70.6451416015625,8.40506642457765,-0.080935,3.3137564659118652,41,5
139,8.002447128295898,82.73343658447266,9.09579224611428,-0.2625674,4.756388187408447,41,6
138,7.2500691413879395,71.27410125732422,8.442399022631198,-0.0847007,3.8329365253448486,41,7
144,5.330301284790039,45.97344970703125,6.780372387047134,0.57585037,0.754906415939331,43,1
143,7.917821884155273,90.8028335571289,9.529052080722872,0.15098882,1.547668218612671,43,2
142,8.941858291625977,113.91646575927734,10.673165685928302,-0.074428916,2.6798934936523438,43,3
141,9.083979606628418,114.96286010742188,10.722073498508667,-0.08287561,3.05153751373291,43,4
140,8.351815223693848,103.09716033935547,10.153677183136928,0.033412457,1.5287584066390991,43,5
139,8.657648086547852,105.9254379272461,10.292008449629552,0.007819831,2.7361204624176025,43,6
138,8.319808006286621,102.15396881103516,10.107124655956072,0.04482317,2.149278163909912,43,7
144,5.360114097595215,48.18385696411133,6.941459282032224,0.6694488,-0.08784879744052887,44,1
143,7.775245666503906,96.67982482910156,9.832589934961264,0.33278793,-0.15356560051441193,44,2
142,8.376259803771973,113.3282241821289,10.645572985148751,0.21755588,-0.021695835515856743,44,3
141,8.617652893066406,116.86959838867188,10.81062432927312,0.19625342,0.4548376500606537,44,4
140,8.443946838378906,120.20795440673828,10.96393881808624,0.1778689,-0.46798133850097656,44,5
139,8.792916297912598,120.17457580566406,10.962416513053318,0.18158048,0.552408754825592,44,6
138,8.76687240600586,121.45145416259766,11.020501538614187,0.1780948,0.23747298121452332,44,7
144,4.720126628875732,33.43719482421875,5.782490365250836,0.5122813,0.06691053509712219,45,1
143,6.43799352645874,63.54877471923828,7.97174853587582,0.057154417,1.3911123275756836,45,2
142,7.039612770080566,77.1264877319336,8.782168737386774,-0.15009046,2.3786849975585938,45,3
141,7.0146355628967285,82.34431457519531,9.074376814701674,-0.23229957,1.4948972463607788,45,4
140,6.519075393676758,73.01712799072266,8.545006026371349,-0.094261765,-0.4375789761543274,45,5
139,6.765295028686523,74.19189453125,8.613471688654348,-0.116564274,0.7929726839065552,45,6
138,6.666115760803223,71.44847869873047,8.452720195222984,-0.07047093,-0.6596812605857849,45,7
144,2.5919885635375977,11.265708923339844,3.3564428973751133,0.47518218,-0.0903070718050003,48,1
143,3.3458359241485596,17.409494400024414,4.172468621814239,0.16805118,0.09993986785411835,48,2
142,3.7674903869628906,21.592029571533203,4.646722454755954,-0.047578096,0.04400422051548958,48,3
141,3.779292583465576,22.25114631652832,4.717112073772291,-0.07552004,-0.2809261679649353,48,4
140,3.763540744781494,21.646055221557617,4.652532130094065,-0.04122734,-0.0956394225358963,48,5
139,3.7759993076324463,20.666032791137695,4.545990848114159,0.012078345,0.30779486894607544,48,6
138,3.6551620960235596,19.9495792388916,4.466495185141433,0.052247643,-0.04533496871590614,48,7
144,3.3227009773254395,20.426029205322266,4.519516479151533,0.26634067,-0.5874201655387878,50,1
143,4.060832977294922,27.920536041259766,5.283988648857959,-0.024832249,-1.3075124025344849,50,2
142,4.392834186553955,32.23192596435547,5.6773167926719985,-0.18678415,-1.7602611780166626,50,3
141,4.318645477294922,33.72683334350586,5.807480808707495,-0.23534644,-2.403918504714966,50,4
140,4.31865930557251,33.81757736206055,5.815288244107986,-0.23328948,-2.432343006134033,50,5
139,4.257338523864746,31.437374114990234,5.6069041471198915,-0.13840938,-1.9035996198654175,50,6
138,4.140448570251465,30.53514862060547,5.525861798905712,-0.098145366,-1.9838908910751343,50,7
144,2.879809856414795,15.20170783996582,3.89893675762583,0.28642535,-0.14558294415473938,51,1
143,3.539325475692749,20.68549919128418,4.548131395560619,0.018810987,-0.47162047028541565,51,2
142,3.6848669052124023,22.08230972290039,4.69918181419919,-0.052581787,-0.5007645487785339,51,3
141,3.594203233718872,20.97511100769043,4.579859278153689,0.0069475174,-0.8359472155570984,51,4
140,3.543823480606079,20.92149543762207,4.574002124794223,0.01601994,-0.8174307346343994,51,5
139,3.487882375717163,19.609424591064453,4.428252995376896,0.07920766,-0.3160390853881836,51,6
138,3.50634765625,20.413362503051758,4.518114928048174,0.047948897,-0.40816935896873474,51,7
144,2.4251039028167725,9.562907218933105,3.0923950619112537,0.45096898,0.08251109719276428,52,1
143,2.946776866912842,14.32326602935791,3.784609098620082,0.16425472,0.25445523858070374,52,2
142,3.243868589401245,16.3814640045166,4.047402130319719,0.0387792,0.29911303520202637,52,3
141,3.212594509124756,15.481751441955566,3.934685685281045,0.09793764,0.15725208818912506,52,4
140,3.1888375282287598,15.503792762756348,3.937485588895069,0.08963221,0.21850770711898804,52,5
139,3.177715539932251,14.922981262207031,3.8630274736541845,0.12122202,0.7675046920776367,52,6
138,3.1431689262390137,15.099725723266602,3.885836553853829,0.10825664,0.8175921440124512,52,7
72,2.657020330429077,11.779221534729004,3.4320870523238485,0.23750478,-0.28722721338272095,53,1
67,3.0777132511138916,15.827190399169922,3.9783401562925613,-0.030188799,-0.7136518955230713,53,2
62,3.3460264205932617,18.897680282592773,4.347146222821677,-0.38442886,-0.7182266712188721,53,3
58,3.278078317642212,17.72736167907715,4.210387354992074,-0.25616693,-1.0966858863830566,53,4
54,3.5009450912475586,18.58262062072754,4.310756386149365,-0.2458893,-1.1089752912521362,53,5
51,3.4212920665740967,17.66400909423828,4.202857253611914,-0.14481997,-0.8724981546401978,53,6
48,3.6463496685028076,20.56528091430664,4.534895909974852,-0.26940286,-0.9758555293083191,53,7
144,3.24094295501709,18.72931671142578,4.327738059474693,0.4028504,-0.2802465856075287,54,1
143,3.7160303592681885,25.608327865600586,5.060467158830357,0.16446441,-0.7888166308403015,54,2
142,3.99992036819458,30.283178329467773,5.503015385174548,-0.011520028,-0.8181920051574707,54,3
141,4.044177055358887,32.21372604370117,5.675713703465069,-0.08623552,-1.3639309406280518,54,4
140,4.060432434082031,34.66554641723633,5.88774544433065,-0.18651414,-1.452572226524353,54,5
139,4.066343784332275,33.73692321777344,5.808349440053813,-0.15368116,-0.8146557211875916,54,6
138,4.16458797454834,35.38079071044922,5.948175410195064,-0.20846224,-1.4389656782150269,54,7
144,2.416260004043579,9.734668731689453,3.120043065678654,0.40875828,0.37178149819374084,55,1
143,3.234105348587036,16.669584274291992,4.082840221499244,-0.03588569,0.7580835223197937,55,2
142,3.7268483638763428,20.543840408325195,4.532531346645624,-0.29952407,0.9247128963470459,55,3
141,3.5316989421844482,19.184955596923828,4.380063423847174,-0.21196675,0.6042203307151794,55,4
140,3.6138651371002197,20.016902923583984,4.47402536018561,-0.2660358,0.9562498927116394,55,5
139,3.765225410461426,20.555484771728516,4.533815696709397,-0.29089308,1.3047353029251099,55,6
138,3.5839593410491943,18.86065673828125,4.342885761596919,-0.17670214,0.9966261386871338,55,7
144,4.768980979919434,34.61069107055664,5.883085166012527,0.55466795,-0.03464488312602043,56,1
143,6.12172794342041,57.17758560180664,7.561586182925289,0.2503699,-0.7233549356460571,56,2
142,6.986364364624023,75.47793579101562,8.68780385316195,0.0034923553,-0.35492029786109924,56,3
141,6.719573974609375,75.8443603515625,8.708866766208018,-0.006770253,-0.6471423506736755,56,4
140,7.293831825256348,89.61882019042969,9.466721723512828,-0.19202483,-0.6492579579353333,56,5
139,6.924804210662842,83.2593765258789,9.12465761143282,-0.11181378,-0.7096676230430603,56,6
138,7.414546966552734,94.8376235961914,9.738461048656067,-0.26026952,-0.5454038381576538,56,7
144,4.085071563720703,26.591148376464844,5.156660583794986,0.67419326,-0.0767526626586914,57,1
143,5.67933988571167,51.68741989135742,7.189396350971159,0.35445178,-1.5423039197921753,57,2
142,6.6735711097717285,71.390869140625,8.4493117554405,0.102920115,-0.5106194615364075,57,3
141,6.440796375274658,69.7357177734375,8.350791445931188,0.11947101,-0.6861293911933899,57,4
140,7.152830600738525,83.27066040039062,9.12527590817892,-0.05049646,-0.8413426280021667,57,5
139,7.2202982902526855,85.02490234375,9.220894877600005,-0.07370579,-0.12548717856407166,57,6
138,7.801353454589844,103.0084457397461,10.14930764829533,-0.29200578,0.2798139154911041,57,7
144,3.9607136249542236,24.488056182861328,4.948540813498594,0.6428296,-0.07932046055793762,58,1
143,5.417506217956543,46.14417266845703,6.79295021831141,0.31211913,-0.47560983896255493,58,2
142,6.0951056480407715,59.41663360595703,7.7082185753880275,0.10828775,-0.15430039167404175,58,3
141,6.191317081451416,62.97074508666992,7.935410832885083,0.052248895,-0.47121065855026245,58,4
140,6.672977924346924,78.10242462158203,8.837557616309047,-0.17240334,-0.6514086127281189,58,5
139,6.797749042510986,76.82669830322266,8.765084044276053,-0.15711915,0.04863964021205902,58,6
138,7.266921043395996,91.24064636230469,9.551996982950984,-0.3645742,0.27098703384399414,58,7
144,5.143717288970947,47.59690856933594,6.899051280381668,0.7168158,-0.7570580244064331,59,1
143,8.77078628540039,112.79129028320312,10.620324396326279,0.32662618,-1.1926687955856323,59,2
142,9.685577392578125,139.7716827392578,11.822507464123582,0.16814423,0.5228486657142639,59,3
141,9.918940544128418,149.42530822753906,12.223964505328828,0.114367664,0.6006489992141724,59,4
140,9.799912452697754,152.1717987060547,12.335793395888839,0.104209304,-0.12080971896648407,59,5
139,9.806872367858887,149.00633239746094,12.20681499808451,0.12649935,1.1214733123779297,59,6
138,9.78470516204834,152.2886962890625,12.340530632394318,0.10712564,0.22321994602680206,59,7
144,4.78109073638916,37.48574447631836,6.122560287683442,0.72775793,0.11713487654924393,60,1
143,7.788087844848633,96.47997283935547,9.822421943663155,0.29352367,-0.5838438272476196,60,2
142,8.317826271057129,111.21773529052734,10.545981950038001,0.18602121,-0.8563118577003479,60,3
141,8.602299690246582,116.67259216308594,10.80150879104794,0.14703965,-1.5613527297973633,60,4
140,9.325748443603516,127.91078186035156,11.309764889702684,0.06722784,-1.9854902029037476,60,5
139,8.748570442199707,120.86863708496094,10.994027336920759,0.12004411,-1.943649411201477,60,6
138,8.973432540893555,120.22606658935547,10.964764775833336,0.13081962,-1.1117836236953735,60,7
144,5.057172775268555,40.230926513671875,6.342785390794164,0.73602915,-0.2742641270160675,61,1
143,8.302486419677734,106.40465545654297,10.315263227690458,0.29629683,-1.9448455572128296,61,2
142,8.689616203308105,124.14044952392578,11.141833310722513,0.17959625,-1.9287663698196411,61,3
141,8.976120948791504,127.76533508300781,11.30333291923262,0.15657425,-2.437143325805664,61,4
140,9.848605155944824,145.24609375,12.051808733547011,0.04325223,-2.8188230991363525,61,5
139,9.343165397644043,138.08616638183594,11.751007036923939,0.09190154,-2.6367380619049072,61,6
138,9.758170127868652,145.6268310546875,12.067594252985451,0.048814595,-2.5191009044647217,61,7
129,4.23661994934082,28.296419143676758,5.3194378597439,0.7355682,-0.10598800331354141,62,1
127,6.354359149932861,67.39459991455078,8.209421411680045,0.36045164,-1.3674688339233398,62,2
125,7.255346775054932,88.59044647216797,9.412249809273444,0.16260779,-0.28489983081817627,62,3
123,7.046018123626709,86.04613494873047,9.276105591719537,0.18986523,0.048074860125780106,62,4
122,7.443419933319092,95.03962707519531,9.748826958931794,0.11057532,0.14516112208366394,62,5
121,7.535991668701172,96.93485260009766,9.845549888152396,0.09720981,0.6841285228729248,62,6
120,8.153328895568848,108.71823120117188,10.426803498732095,-0.010763049,0.731512188911438,62,7
144,3.1037509441375732,17.209218978881836,4.148399568373548,0.25860846,-0.09013938903808594,63,1
143,3.735734462738037,22.781274795532227,4.772973370503153,0.011304855,-0.19431038200855255,63,2
142,4.002957820892334,25.71044921875,5.070547230699069,-0.1222564,-0.19869014620780945,63,3
141,3.8114354610443115,24.41611099243164,4.941266132524299,-0.058273673,-0.506497859954834,63,4
140,3.832998752593994,24.68997573852539,4.96890085819041,-0.062571526,-0.45551934838294983,63,5
139,3.8017683029174805,23.336515426635742,4.830788282116671,0.00058221817,0.04344496876001358,63,6
138,3.8029370307922363,23.876121520996094,4.886319834087418,-0.015208006,-0.02698461525142193,63,7
144,3.410020351409912,21.374820709228516,4.623291112316909,0.4061371,-1.1321091651916504,64,1
143,4.521557807922363,35.380428314208984,5.948144947309958,0.0009006858,-2.4567933082580566,64,2
142,4.724929332733154,42.00809097290039,6.481364900458884,-0.19064224,-2.8204944133758545,64,3
141,4.935685157775879,46.90608215332031,6.848801512185933,-0.3282578,-3.5323803424835205,64,4
140,4.9807329177856445,47.47385025024414,6.890127012635118,-0.34045112,-3.6513774394989014,64,5
139,4.823979377746582,42.997013092041016,6.557210770750092,-0.20884001,-3.1861555576324463,64,6
138,4.862875461578369,43.1613883972168,6.569732749299381,-0.2058661,-3.1729135513305664,64,7
129,2.6731016635894775,14.714432716369629,3.8359396132329335,0.31457102,-0.21927691996097565,65,1
127,3.0148403644561768,17.143156051635742,4.14042945256114,0.19194537,-0.536296010017395,65,2
125,3.310770034790039,19.952468872070312,4.466818652247963,0.059657454,-0.3930532932281494,65,3
123,3.3242862224578857,21.839155197143555,4.673238191783462,-0.026688576,-0.9143040776252747,65,4
121,3.228342294692993,21.569944381713867,4.644345420154908,-0.025483012,-0.8468353152275085,65,5
119,3.299699306488037,20.231882095336914,4.497986448994363,0.046523154,-0.2738930881023407,65,6
117,3.2411532402038574,22.215612411499023,4.7133440794725585,-0.035141945,-0.9363505840301514,65,7
144,2.829822301864624,14.507914543151855,3.8089256415886954,0.34163988,0.10329984128475189,67,1
143,3.5093963146209717,20.72734260559082,4.552729138175345,0.043487012,0.2399567812681198,67,2
142,3.845747709274292,24.247751235961914,4.924200568210226,-0.13427699,0.32006481289863586,67,3
141,3.7108652591705322,23.435665130615234,4.841039674554964,-0.09051013,0.042503681033849716,67,4
140,3.75036883354187,23.192123413085938,4.815820118431121,-0.07306981,0.02557550184428692,67,5
139,3.695260763168335,22.08677864074707,4.699657289712418,-0.014707565,0.6406524181365967,67,6
138,3.815502166748047,23.62541389465332,4.86059810050711,-0.08380616,0.5036025047302246,67,7
144,2.825807809829712,14.89210319519043,3.8590287891113784,0.21236718,0.26906976103782654,68,1
143,3.27445125579834,18.32269859313965,4.2805021426393015,0.01661563,0.5008397698402405,68,2
142,3.6103873252868652,21.802003860473633,4.669261596920185,-0.18967259,0.6015819311141968,68,3
141,3.482564687728882,20.699575424194336,4.549678606692382,-0.12555993,0.30341392755508423,68,4
140,3.582357406616211,20.9676513671875,4.579044809475826,-0.13230348,0.48468977212905884,68,5
139,3.596489191055298,20.754436492919922,4.555703731907939,-0.11279285,0.951629638671875,68,6
138,3.496659994125366,19.958736419677734,4.46752016443997,-0.06306946,0.5356612801551819,68,7
144,2.3483166694641113,9.856375694274902,3.1394865335393467,0.20091248,0.5407805442810059,69,1
143,2.7377195358276367,12.66106128692627,3.5582385089993993,-0.050508738,0.964179515838623,69,2
142,3.051107168197632,15.017605781555176,3.875255576288508,-0.26368964,1.1363054513931274,69,3
141,2.7838056087493896,12.856969833374023,3.5856617009101712,-0.07769251,0.781369686126709,69,4
140,2.8962790966033936,13.698935508728027,3.7012073042087263,-0.14663959,1.0754907131195068,69,5
139,3.0531704425811768,14.772202491760254,3.8434623052347288,-0.2277925,1.4635968208312988,69,6
138,3.080920696258545,14.483586311340332,3.8057307197620185,-0.19620669,1.350016713142395,69,7
144,5.155200481414795,40.82695388793945,6.38959731813668,0.7094791,0.6636788845062256,70,1
143,7.511467933654785,88.58132934570312,9.411765474431624,0.3632084,0.7173160910606384,70,2
142,8.09276294708252,104.06771087646484,10.201358285859037,0.25302404,1.467319369316101,70,3
141,8.7280855178833,108.58794403076172,10.420553921493891,0.22294688,1.6420154571533203,70,4
140,9.586247444152832,129.94044494628906,11.399142289939585,0.07340443,1.615848422050476,70,5
139,9.374682426452637,124.73808288574219,11.168620455801253,0.11045414,2.33532452583313,70,6
138,9.290173530578613,126.60164642333984,11.251739706522713,0.10345614,2.1374526023864746,70,7
144,6.397680759429932,61.76954650878906,7.859360438915438,0.7162237,-0.19824303686618805,71,1
143,10.503837585449219,151.43531799316406,12.305905817661863,0.3032437,-0.5313275456428528,71,2
142,11.561736106872559,181.89990234375,13.487027187032359,0.16690707,0.4921031594276428,71,3
141,12.102641105651855,194.51467895507812,13.946851937088818,0.11345875,0.4355352222919464,71,4
140,12.690638542175293,212.00222778320312,14.560296280749341,0.03974861,-0.06655584275722504,71,5
139,12.122623443603516,195.87156677246094,13.995412347353719,0.117589414,0.45926639437675476,71,6
138,12.500266075134277,207.10586547851562,14.391173179366428,0.07235193,0.09305008500814438,71,7
144,6.161237716674805,55.96666717529297,7.4810872990022625,0.7340618,-0.43656864762306213,72,1
143,10.522814750671387,150.8717041015625,12.282984332057193,0.28233302,-0.015858670696616173,72,2
142,11.474954605102539,179.69886779785156,13.405180632794606,0.14924145,0.7363038659095764,72,3
141,11.963972091674805,192.13003540039062,13.8610979146816,0.094895184,0.7348260283470154,72,4
140,12.593896865844727,212.75445556640625,14.586104879864475,0.00397712,0.23619990050792694,72,5
139,12.106266021728516,197.08511352539062,14.038700563990622,0.08226079,0.5501525402069092,72,6
138,12.53866958618164,215.0439910888672,14.664378305569834,0.0044608116,0.004482987802475691,72,7
144,5.147820472717285,42.90910720825195,6.550504347624842,0.73876804,1.0192899703979492,73,1
143,8.025012969970703,93.70250701904297,9.68000552784155,0.43209398,1.4548556804656982,73,2
142,8.749921798706055,110.71285247802734,10.522017509870782,0.33305687,3.1482105255126953,73,3
141,9.554666519165039,128.2499237060547,11.32474828444565,0.23124707,3.76557993888855,73,4
140,10.503946304321289,149.61758422851562,12.231826692220407,0.10914123,3.318469285964966,73,5
139,10.036327362060547,139.48257446289062,11.81027410617089,0.17540759,4.116581439971924,73,6
138,10.807302474975586,163.22862243652344,12.776095743086909,0.039328992,3.688889741897583,73,7
144,6.003878593444824,62.46261978149414,7.903329664229763,0.76319206,0.06696740537881851,74,1
143,9.808484077453613,145.25875854492188,12.05233415338796,0.44716603,-0.19425055384635925,74,2
142,10.892436027526855,171.10780334472656,13.080818145082768,0.3493299,0.48831605911254883,74,3
141,11.570985794067383,185.96775817871094,13.63699960323791,0.29525948,0.19878706336021423,74,4
140,12.279681205749512,204.19129943847656,14.289552107693108,0.22987843,-0.8613240122795105,74,5
139,11.838706016540527,188.86900329589844,13.742961954975296,0.29075998,-0.029824290424585342,74,6
138,12.116406440734863,203.5086669921875,14.265646392371693,0.24079102,-0.9983075857162476,74,7
144,6.06040096282959,59.21930694580078,7.695408172787249,0.8040403,0.6111103892326355,75,1
143,10.064336776733398,152.57583618164062,12.352159170834897,0.49320602,0.42147451639175415,75,2
142,11.691247940063477,195.8040008544922,13.992998279657302,0.35001564,0.6451478600502014,75,3
141,12.478041648864746,211.97488403320312,14.559357267173683,0.298737,0.5686452984809875,75,4
140,13.203004837036133,232.28497314453125,15.240898042586966,0.2351445,0.14921464025974274,75,5
139,12.863430976867676,217.83485412597656,14.75922945569912,0.28581333,0.6846816539764404,75,6
138,12.963294982910156,228.89732360839844,15.1293530465912,0.25443947,0.5094506740570068,75,7
144,5.251165866851807,43.64015197753906,6.606069328847455,0.760923,0.8757403492927551,76,1
143,8.274266242980957,105.73929595947266,10.282961439170753,0.41800988,1.722804307937622,76,2
142,9.724513053894043,139.3245849609375,11.803583564364574,0.23141867,3.3871328830718994,76,3
141,10.051131248474121,145.2530517578125,12.052097400776866,0.19945967,3.5702850818634033,76,4
140,10.166008949279785,149.81948852539062,12.240077145401928,0.17826909,2.452716827392578,76,5
139,10.354687690734863,151.77523803710938,12.319709332492767,0.16986442,4.070803642272949,76,6
138,10.795479774475098,169.75799560546875,13.029121060358168,0.0777027,2.9277923107147217,76,7
144,4.4693732261657715,32.23335647583008,5.677442776094717,0.85663927,0.4933658242225647,77,1
143,7.505695343017578,89.23854064941406,9.446615301229011,0.60049105,0.3833317160606384,77,2
142,8.594592094421387,115.28955841064453,10.737297537585727,0.48328537,-0.04864641651511192,77,3
141,9.354516983032227,140.9094696044922,11.870529457631289,0.37068576,-0.5335167646408081,77,4
140,9.44842529296875,150.3077850341797,12.260007546252966,0.33188295,-0.6011910438537598,77,5
139,9.659218788146973,156.62615966796875,12.51503734185275,0.30619055,-0.35417330265045166,77,6
138,10.178098678588867,163.17822265625,12.774123165847822,0.28099155,0.9785467982292175,77,7
129,8.073728561401367,137.268798828125,11.716176800822229,0.45083672,-3.562263250350952,78,1
127,8.808589935302734,115.17532348632812,10.731976681223648,0.5394589,-2.353912591934204,78,2
125,9.560240745544434,134.3323211669922,11.59018210240858,0.4655453,-1.6075228452682495,78,3
123,10.384894371032715,165.06280517578125,12.84767703422612,0.34404927,-2.3719422817230225,78,4
121,10.42976188659668,175.37327575683594,13.242857537436395,0.30901164,-2.4127695560455322,78,5
119,10.357101440429688,178.28121948242188,13.352199050434422,0.30205733,-1.8738346099853516,78,6
117,10.532094955444336,169.5094451904297,13.019579301591495,0.34164184,-1.1162866353988647,78,7
144,4.961858749389648,40.31807327270508,6.349651429228621,0.79558986,2.05148983001709,79,1
143,8.15228271484375,98.71373748779297,9.93547872464095,0.49855804,2.745758056640625,79,2
142,8.878305435180664,115.83293914794922,10.76257121453555,0.40978748,3.249100923538208,79,3
141,9.550362586975098,133.0059356689453,11.532819935685518,0.32136935,3.4128785133361816,79,4
140,10.480083465576172,162.5630340576172,12.750020943418766,0.17306149,3.042182683944702,79,5
139,10.303618431091309,159.24546813964844,12.61924990400176,0.19395357,3.8718454837799072,79,6
138,10.371770858764648,159.24603271484375,12.619272273583915,0.19893837,3.9438674449920654,79,7
144,5.017268657684326,40.6767578125,6.377833316456303,0.7628325,1.5231928825378418,80,1
143,8.231313705444336,105.61160278320312,10.276750594580133,0.3815233,2.033991575241089,80,2
142,8.961860656738281,115.08109283447266,10.727585601358427,0.3228736,1.952663540840149,80,3
141,9.626358032226562,132.0800323486328,11.49260772621396,0.22322404,1.940477728843689,80,4
140,10.100476264953613,148.92636108398438,12.20353887542398,0.12940645,1.8270263671875,80,5
139,9.832500457763672,145.55702209472656,12.064701492151663,0.15498704,1.9366446733474731,80,6
138,10.168111801147461,151.92068481445312,12.325610930678168,0.12414926,2.7058942317962646,80,7
116,9.064696311950684,119.48162841796875,10.930765225635795,0.66863537,-0.41183987259864807,81,1
114,13.448770523071289,273.60418701171875,16.540985067755752,0.23183775,-3.479693651199341,81,2
112,15.423344612121582,338.4894714355469,18.398083363099182,0.050365567,-5.830568790435791,81,3
110,15.887479782104492,364.886474609375,19.102001848219338,-0.01116097,-6.272120475769043,81,4
108,15.61795425415039,356.21881103515625,18.873759854230325,0.030339956,-5.672869682312012,81,5
107,15.613221168518066,368.8663024902344,19.205892389843132,-0.014845729,-7.186143398284912,81,6
106,16.04307746887207,375.9742431640625,19.390055264595368,-0.03174138,-6.788567543029785,81,7
144,4.972422122955322,38.91079330444336,6.237851657777969,0.78372526,1.4415675401687622,82,1
143,8.63448429107666,105.41439819335938,10.267151415721859,0.41239315,2.4765288829803467,82,2
142,9.659491539001465,126.2417221069336,11.235734159677044,0.30019653,4.4380927085876465,82,3
141,10.98119068145752,154.69529724121094,12.437656420773607,0.14694744,5.073119640350342,82,4
140,11.858890533447266,186.63967895507812,13.661613336464992,-0.021907926,5.165500640869141,82,5
139,11.215228080749512,166.88198852539062,12.918281175349552,0.092475295,5.358244895935059,82,6
138,11.312110900878906,177.0814971923828,13.307197195216686,0.043896973,5.34015417098999,82,7
144,4.863290786743164,37.68975067138672,6.139197885016146,0.78192484,1.0279666185379028,83,1
143,8.374443054199219,98.67166900634766,9.933361415268633,0.42722654,1.645803451538086,83,2
142,9.161128044128418,113.53649139404297,10.655350364677972,0.3444425,3.5193331241607666,83,3
141,9.995052337646484,130.862060546875,11.43949564215464,0.24820977,3.5980725288391113,83,4
140,10.551637649536133,150.23619079589844,12.257087370003465,0.14299673,3.0403215885162354,83,5
139,10.489458084106445,145.55335998535156,12.064549721616284,0.17522812,4.078799247741699,83,6
138,10.162109375,146.76744079589844,12.11476127688443,0.17430031,3.021965980529785,83,7
144,3.584170341491699,22.253610610961914,4.717373274499477,0.3237483,-0.6788564324378967,85,1
143,4.408788204193115,31.08478355407715,5.575372952016497,0.04251802,-1.395046591758728,85,2
142,4.797501087188721,36.94759750366211,6.0784535454062745,-0.1384871,-1.808011531829834,85,3
141,4.741247653961182,38.644954681396484,6.216506630045244,-0.18313682,-2.39072847366333,85,4
140,4.704820156097412,38.639522552490234,6.21606970299483,-0.17599094,-2.452697515487671,85,5
139,4.651515483856201,36.785438537597656,6.065100043494556,-0.11168802,-1.8891581296920776,85,6
138,4.519834518432617,36.4310188293457,6.035811364625778,-0.09336102,-1.91670560836792,85,7
144,3.2661526203155518,16.347871780395508,4.043250150608482,0.3194849,-0.23851166665554047,86,1
143,3.7530486583709717,22.256771087646484,4.717708245286739,0.062461734,-0.44374632835388184,86,2
142,4.218013286590576,26.172731399536133,5.115929182419957,-0.10185182,-0.7160575985908508,86,3
141,4.103615760803223,25.51483154296875,5.051220797289379,-0.06659031,-1.027846097946167,86,4
140,4.138480186462402,26.36715316772461,5.134895633576656,-0.09725928,-0.9850556254386902,86,5
139,4.139962673187256,26.104141235351562,5.109221196557413,-0.08053243,-0.45147693157196045,86,6
138,4.114285945892334,26.402864456176758,5.138371770918951,-0.08624387,-0.5295785069465637,86,7
144,2.6705617904663086,12.544245719909668,3.5417856682625035,0.45634758,0.00963413342833519,88,1
143,3.499624729156494,19.68814468383789,4.437132484368468,0.13015491,0.3749077320098877,88,2
142,3.9045886993408203,23.549266815185547,4.852758680913934,-0.04975605,0.3756699562072754,88,3
141,3.870412826538086,24.28941535949707,4.928429299431723,-0.08093727,0.13253293931484222,88,4
140,3.9405980110168457,24.65662384033203,4.965543660097254,-0.092573166,0.39442044496536255,88,5
139,4.0648112297058105,24.722457885742188,4.972168328379701,-0.08868337,0.7723212838172913,88,6
138,3.967256784439087,23.444835662841797,4.841986747487213,-0.026831746,0.373927503824234,88,7
129,2.2065486907958984,7.812970161437988,2.79516907564426,0.5094006,0.32506081461906433,89,1
127,2.9528470039367676,13.556514739990234,3.6819172641424514,0.13663739,0.8451875448226929,89,2
125,3.3581840991973877,17.157636642456055,4.142177765675449,-0.11584103,0.8218479156494141,89,3
123,3.306886911392212,16.377992630004883,4.046973267765044,-0.084507585,0.7156383395195007,89,4
121,3.5067198276519775,16.930673599243164,4.114689976078776,-0.13857687,1.0901530981063843,89,5
119,3.563605785369873,16.72662925720215,4.089820198639806,-0.17333376,1.4334840774536133,89,6
117,3.370695114135742,15.211069107055664,3.9001370625986547,-0.10659218,1.2542445659637451,89,7
129,2.229288339614868,8.967998504638672,2.994661667808013,0.37492728,0.45531973242759705,90,1
127,2.9994618892669678,14.859922409057617,3.8548569894430087,-0.054897785,1.0520507097244263,90,2
125,3.403379201889038,17.25065803527832,4.1533911488419095,-0.2508365,1.159461498260498,90,3
123,3.2230136394500732,15.739542007446289,3.967309164590817,-0.15392041,0.8213907480239868,90,4
121,3.337120294570923,16.43686866760254,4.0542408250623865,-0.22359717,1.357153296470642,90,5
119,3.4179847240448,16.324485778808594,4.04035713505732,-0.21476018,1.6732313632965088,90,6
118,3.329632520675659,15.722227096557617,3.9651263657741875,-0.17023396,1.532416820526123,90,7
144,2.3459184169769287,9.79625129699707,3.1298963716067454,0.40016353,0.2852763235569,91,1
143,3.128941774368286,16.160865783691406,4.020057932877511,-0.012193799,0.8293725252151489,91,2
142,3.5687806606292725,19.233428955078125,4.385593341279846,-0.22685146,0.9354514479637146,91,3
141,3.5157344341278076,18.45702362060547,4.296163826090139,-0.17514336,0.6229744553565979,91,4
140,3.622471332550049,19.192434310913086,4.380917062774994,-0.21331799,1.026273250579834,91,5
139,3.6702775955200195,19.260709762573242,4.388702514704459,-0.20936048,1.3848768472671509,91,6
138,3.5285215377807617,17.84686279296875,4.224554744936885,-0.11283016,1.0771201848983765,91,7
144,4.662345886230469,41.20869445800781,6.41939985185592,0.9258831,-0.615851104259491,95,1
143,7.107566833496094,111.01944732666016,10.53657664171149,0.79895234,-1.6970455646514893,95,2
142,8.416641235351562,152.34263610839844,12.342715912974683,0.72318363,-2.4449856281280518,95,3
141,10.262179374694824,226.58323669433594,15.05268204322193,0.5880414,-3.366973638534546,95,4
140,10.990924835205078,255.98532104492188,15.999541276077945,0.5348023,-3.2478222846984863,95,5
139,11.478590965270996,273.26678466796875,16.530782941771655,0.5031336,-3.320101737976074,95,6
138,11.79494571685791,294.0068359375,17.1466275383091,0.4665876,-3.278693675994873,95,7
144,4.0527801513671875,38.8128662109375,6.229997288196641,0.9494971,-0.6275351047515869,96,1
143,6.701906681060791,106.1348648071289,10.302177673051892,0.8618823,-1.2003114223480225,96,2
142,8.847330093383789,180.4173583984375,13.431952888483398,0.76558185,-1.2486770153045654,96,3
141,11.522588729858398,331.0448913574219,18.19463908291181,0.5710894,-2.695629596710205,96,4
140,12.401935577392578,362.1648864746094,19.03063021748385,0.5322101,-2.8360753059387207,96,5
139,13.11100959777832,386.0877380371094,19.649115451773124,0.50275505,-2.548496723175049,96,6
138,13.560844421386719,426.0712890625,20.641494351487733,0.453507,-1.9152911901474,96,7
144,4.208388328552246,28.682861328125,5.355638274578017,0.7216815,0.26751628518104553,97,1
143,6.178004741668701,61.435203552246094,7.838061211310237,0.39947867,0.26958274841308594,97,2
142,7.136754035949707,77.28575134277344,8.791231503195297,0.24324083,0.8439345955848694,97,3
141,8.005122184753418,98.64482116699219,9.932009925840397,0.033650696,1.7707666158676147,97,4
140,8.597904205322266,115.88050842285156,10.764780927768644,-0.13454676,1.6869486570358276,97,5
139,9.318463325500488,124.13788604736328,11.141718271764157,-0.21195757,2.6015961170196533,97,6
138,9.100030899047852,121.47452545166016,11.021548232968913,-0.17753804,2.374293327331543,97,7
144,4.341923713684082,30.0758056640625,5.484141287755313,0.6519284,0.8364786505699158,98,1
143,6.488152980804443,65.2397689819336,8.0771139017556,0.22789997,1.1367181539535522,98,2
142,7.692530632019043,91.39574432373047,9.560112150164896,-0.09348893,1.863039255142212,98,3
141,8.447880744934082,104.8319320678711,10.23874660629274,-0.26243234,2.4643542766571045,98,4
140,9.283904075622559,124.1847915649414,11.143823022865242,-0.4971509,2.3913092613220215,98,5
139,10.243721961975098,149.72909545898438,12.23638408431937,-0.81022143,3.2729763984680176,98,6
138,9.698486328125,139.6260528564453,11.81634684902425,-0.67923737,2.815955400466919,98,7
144,5.1232757568359375,39.63938903808594,6.295981975679881,0.74957067,0.212601900100708,100,1
143,7.722562313079834,89.82746887207031,9.477735429524834,0.43539673,0.613058865070343,100,2
142,8.49843978881836,103.47618103027344,10.172324268832243,0.35387588,1.9010624885559082,100,3
141,9.043842315673828,111.86624908447266,10.576684219757752,0.3054183,1.8818155527114868,100,4
140,9.857041358947754,130.03187561035156,11.40315200329942,0.19800043,1.1182385683059692,100,5
139,9.44473648071289,119.48126983642578,10.93074882322459,0.26828897,1.7751386165618896,100,6
138,9.593877792358398,126.7857894897461,11.259919604053401,0.22559065,0.7725424766540527,100,7
144,6.27342414855957,78.80875396728516,8.877429468448913,0.84675944,-0.3629762828350067,101,1
143,9.823065757751465,201.80670166015625,14.205868564088444,0.60710216,-0.9838497042655945,101,2
142,11.211393356323242,279.1104431152344,16.70659878955721,0.45711225,-0.8920784592628479,101,3
141,12.059735298156738,324.0554504394531,18.001540224087858,0.37069154,-1.0122123956680298,101,4
140,12.723191261291504,364.8936767578125,19.10219036544795,0.29542464,-1.1630094051361084,101,5
139,12.453398704528809,368.58123779296875,19.19846967320491,0.29046398,-1.0800561904907227,101,6
138,13.236227989196777,408.4159240722656,20.209302909112566,0.21570146,-1.0755754709243774,101,7
144,2.393564224243164,9.123668670654297,3.0205411221591234,0.38829464,0.15058903396129608,103,1
143,2.84438419342041,12.901114463806152,3.5918121420539455,0.12109214,0.4772975444793701,103,2
142,3.115905284881592,14.953537940979004,3.8669804681403557,-0.019306302,0.42047804594039917,103,3
141,3.0434622764587402,13.744619369506836,3.707373648488487,0.069640815,0.18197521567344666,103,4
140,2.996380567550659,13.453831672668457,3.667946519875727,0.08646268,0.3035467267036438,103,5
139,3.109816551208496,13.935432434082031,3.7330192115875898,0.055862606,0.8434744477272034,103,6
138,3.151674747467041,14.556343078613281,3.8152775886707486,0.017051637,0.9253901839256287,103,7
144,5.729184150695801,52.66315841674805,7.256938639450388,0.7010273,0.7345751523971558,104,1
143,8.123869895935059,99.07798767089844,9.953792627481167,0.43672156,0.43530896306037903,104,2
142,9.103577613830566,127.84803771972656,11.30699065709911,0.27554697,-0.6522558927536011,104,3
141,9.496756553649902,137.60964965820312,11.73071394494824,0.2232632,-0.16083493828773499,104,4
140,9.573282241821289,149.2574005126953,12.217094601937701,0.1620099,-1.039785623550415,104,5
139,9.72092056274414,148.8685302734375,12.201169217474098,0.16796869,-0.42473238706588745,104,6
138,9.69905948638916,149.38900756835938,12.222479599834044,0.17087215,-0.6327426433563232,104,7
144,6.068397045135498,59.09748077392578,7.68748858691353,0.72737455,-1.1160101890563965,105,1
143,8.903915405273438,122.48128509521484,11.067126325077114,0.43084615,-2.5347371101379395,105,2
142,10.067081451416016,164.08251953125,12.809469916091375,0.23820293,-3.9371449947357178,105,3
141,10.703315734863281,181.0303955078125,13.454753639803759,0.1624217,-4.1305766105651855,105,4
140,11.18835735321045,203.42929077148438,14.26286404518687,0.064434886,-5.3953375816345215,105,5
139,11.3037748336792,201.48500061035156,14.194541225779421,0.07885629,-4.5449910163879395,105,6
138,11.56444263458252,204.49525451660156,14.300183723176481,0.0718047,-4.719974517822266,105,7
144,5.535773277282715,56.269325256347656,7.501288239785727,0.70530033,-0.06732124835252762,106,1
143,8.309728622436523,108.41850280761719,10.412420602704119,0.43226063,-0.462348610162735,106,2
142,9.159067153930664,135.58470153808594,11.644084401020372,0.29331827,-0.8096413016319275,106,3
141,9.689374923706055,148.55039978027344,12.188125359556876,0.22983235,-0.5518961548805237,106,4
140,9.935338973999023,162.654541015625,12.753608940830238,0.16214919,-1.613329291343689,106,5
139,9.989456176757812,161.76402282714844,12.718648624250472,0.17140025,-0.7841837406158447,106,6
138,9.973525047302246,160.46096801757812,12.667318896182337,0.18397695,-1.1917545795440674,106,7
144,4.654860973358154,42.05241012573242,6.4847829667408625,0.6141478,1.3642687797546387,107,1
143,6.935671329498291,81.90315246582031,9.050036047763584,0.23167902,1.2009443044662476,107,2
142,7.632472991943359,96.22681427001953,9.809526709786743,0.081567764,0.6791673898696899,107,3
141,8.117471694946289,112.79957580566406,10.62071446775894,-0.08980167,0.8364303112030029,107,4
140,9.13261604309082,141.814453125,11.908587368995535,-0.3709458,1.2886472940444946,107,5
139,9.593186378479004,151.0711669921875,12.291101130174932,-0.46085906,1.1179214715957642,107,6
138,9.326741218566895,141.83628845214844,11.909504122848627,-0.3657304,1.5748413801193237,107,7
129,5.137574195861816,42.73038101196289,6.536847941627745,0.6404984,0.2559300363063812,108,1
127,7.602351665496826,92.8474349975586,9.635737387328414,0.19982511,-0.3710094094276428,108,2
125,7.950007438659668,96.00987243652344,9.798462758847606,0.16840404,-0.9617880582809448,108,3
123,8.589099884033203,108.10963439941406,10.39757829494032,0.07113814,-1.3227121829986572,108,4
121,8.786275863647461,121.2457046508789,11.011162729288806,-0.030679345,-2.7309396266937256,108,5
119,8.60268497467041,110.67813873291016,10.520367804069883,0.0660193,-1.9807661771774292,108,6
117,8.990009307861328,119.93915557861328,10.951673642809727,0.0009327531,-2.435253620147705,108,7
144,5.688346862792969,47.95684814453125,6.925088313121447,0.6470709,1.0032190084457397,109,1
143,8.145374298095703,100.49665069580078,10.0248017783795,0.2654872,1.0272940397262573,109,2
142,9.224116325378418,122.67718505859375,11.075973323306343,0.10858929,1.9357839822769165,109,3
141,9.601188659667969,129.40054321289062,11.375435957047564,0.06630641,2.236950635910034,109,4
140,10.028385162353516,148.1216583251953,12.17052415983779,-0.06137967,2.246304750442505,109,5
139,9.6466703414917,135.07833862304688,11.622320707287631,0.038852334,2.2812883853912354,109,6
138,10.210928916931152,153.72987365722656,12.398785168605292,-0.09893131,2.551931619644165,109,7
144,3.4081411361694336,21.57284164428711,4.644657322589806,0.9049485,-0.6705740094184875,1001,1
143,5.873105049133301,60.12416076660156,7.7539770935050845,0.73124987,-1.6603682041168213,1001,2
142,6.885438919067383,79.54293060302734,8.918684353817403,0.64115584,-0.29754897952079773,1001,3
141,8.337285995483398,111.24427795410156,10.547240300386711,0.4963426,-0.0014836601912975311,1001,4
140,9.663809776306152,151.2133331298828,12.296883065634267,0.31529975,-0.34607186913490295,1001,5
139,10.449124336242676,164.62535095214844,12.830641096693043,0.25417644,0.10102745145559311,1001,6
138,10.32287883758545,166.43820190429688,12.901093050757245,0.24768955,0.5283282995223999,1001,7
144,6.388301849365234,69.49645233154297,8.336453222536726,0.73439074,-0.9124829769134521,1002,1
143,8.441816329956055,135.8340301513672,11.654785718809556,0.4699751,-0.8803899884223938,1002,2
142,9.980520248413086,171.23240661621094,13.085580102395573,0.32138103,-1.9490420818328857,1002,3
141,11.208697319030762,200.5326385498047,14.16095471886711,0.20210332,-2.3692705631256104,1002,4
140,12.503348350524902,249.27622985839844,15.78848408994348,0.0073857903,-1.9922906160354614,1002,5
139,13.461427688598633,295.3510437011719,17.185780276181,-0.17735028,-2.216358184814453,1002,6
138,13.078607559204102,288.0125427246094,16.970932288021462,-0.14545345,-1.6462020874023438,1002,7
144,4.165010452270508,25.684072494506836,5.067945589142294,0.51102924,1.139809489250183,1003,1
143,5.9246931076049805,51.13569259643555,7.150922499680411,0.0053558946,2.0243470668792725,1003,2
142,6.488749980926514,64.00931549072266,8.000582196985583,-0.25425136,2.726083993911743,1003,3
141,6.63950252532959,67.22577667236328,8.199132678055848,-0.3202119,2.954094409942627,1003,4
140,6.094484806060791,56.50510025024414,7.516987445130139,-0.10858023,1.5932445526123047,1003,5
139,6.351338863372803,58.964786529541016,7.678853204062506,-0.16017199,2.7738590240478516,1003,6
138,5.918266296386719,50.58305740356445,7.112176699405356,0.010799587,1.2661789655685425,1003,7
144,5.587332725524902,92.44641876220703,9.614906071418849,0.90318304,-1.3682794570922852,1004,1
143,7.9794697761535645,163.8932342529297,12.802079294119752,0.828519,-1.2216399908065796,1004,2
142,11.169836044311523,301.710693359375,17.36982133930499,0.68480515,-1.4730230569839478,1004,3
141,13.257706642150879,470.3341064453125,21.687187610322194,0.5099083,-3.019911766052246,1004,4
140,14.409764289855957,507.807373046875,22.534581714486627,0.47292328,-2.9360744953155518,1004,5
139,14.73644733428955,516.1168823242188,22.71820596623375,0.46609646,-2.4300312995910645,1004,6
138,15.848004341125488,576.511962890625,24.010663524580593,0.40632248,-1.558909296989441,1004,7
144,5.517385005950928,85.34149932861328,9.23804629392023,0.906707,-0.7252137660980225,1005,1
143,7.987689018249512,161.08453369140625,12.69190819740697,0.82403755,-0.6348354816436768,1005,2
142,10.804872512817383,270.9206848144531,16.459668429663253,0.70443845,-0.5544160604476929,1005,3
141,13.010030746459961,441.6203308105469,21.01476459089054,0.51940787,-2.529839277267456,1005,4
140,14.059591293334961,466.5126647949219,21.59890424986698,0.49424165,-2.6554861068725586,1005,5
139,14.210658073425293,474.498046875,21.782976079383644,0.48729986,-2.297562599182129,1005,6
138,15.47762393951416,542.7918090820312,23.297892803471118,0.4161145,-1.3977348804473877,1005,7
129,4.949000358581543,46.482398986816406,6.817800157442018,0.8899667,-0.12202196568250656,1006,1
127,6.992827415466309,91.41409301757812,9.561071750467,0.6837108,0.2357124239206314,1006,2
125,8.35544490814209,131.62107849121094,11.472622999611334,0.47797763,1.188093900680542,1006,3
123,9.569461822509766,180.7642059326172,13.444857973687085,0.1957621,1.3217984437942505,1006,4
121,10.722757339477539,216.1748504638672,14.702885786942208,-0.025098681,1.8770179748535156,1006,5
119,11.729548454284668,262.4951477050781,16.20170200025535,-0.300923,1.9614896774291992,1006,6
117,12.149850845336914,283.2044982910156,16.82868082444419,-0.49940228,2.7061209678649902,1006,7
144,4.20467472076416,50.05045700073242,7.074634760942251,0.94595253,-0.7795588970184326,1007,1
143,7.234995365142822,131.019287109375,11.446365672534448,0.85860646,-0.6546708345413208,1007,2
142,9.646367073059082,218.29074096679688,14.774665511164606,0.7646768,-0.30464881658554077,1007,3
141,12.132843971252441,394.58428955078125,19.864145829881064,0.5757237,-2.747884511947632,1007,4
140,13.187098503112793,435.689697265625,20.873181292405455,0.53312814,-2.7752318382263184,1007,5
139,13.580744743347168,459.43511962890625,21.434437702652858,0.5093217,-3.038268566131592,1007,6
138,15.036420822143555,527.4422607421875,22.966111136676744,0.4390993,-2.1172754764556885,1007,7
144,4.08114767074585,45.391990661621094,6.737357839807909,0.9497198,1.1073989868164062,1008,1
143,7.1223673820495605,109.80803680419922,10.478932999318166,0.8784201,1.8174201250076294,1008,2
142,9.667257308959961,205.33053588867188,14.329359228125725,0.77291155,2.0622501373291016,1008,3
141,12.188762664794922,354.18646240234375,18.819842252323575,0.60939866,0.0354461669921875,1008,4
140,12.885863304138184,374.5057067871094,19.352149926742232,0.5883627,-0.6639489531517029,1008,5
139,13.364087104797363,424.068603515625,20.592926055216754,0.5353902,-1.7941884994506836,1008,6
138,14.271954536437988,471.7591247558594,21.720016684060337,0.48523998,-1.8943225145339966,1008,7
144,6.1393280029296875,127.42124938964844,11.288102116372285,0.90650725,-1.4266057014465332,1009,1
143,9.097566604614258,236.83407592773438,15.389414411462653,0.8267069,-1.7520908117294312,1009,2
142,12.018607139587402,423.1409606933594,20.570390387480725,0.6914828,-2.9105470180511475,1009,3
141,14.940608024597168,694.5203857421875,26.353754680162513,0.4958138,-5.407773017883301,1009,4
140,15.422593116760254,693.9263916015625,26.342482639295078,0.49869686,-4.930870056152344,1009,5
139,15.810592651367188,704.9596557617188,26.55107635787519,0.49314642,-4.875763893127441,1009,6
138,16.98710060119629,798.2940063476562,28.2540971603705,0.4291814,-4.594948768615723,1009,7
144,4.416494369506836,48.18124008178711,6.941270782917715,0.94407916,-0.003095812164247036,1010,1
143,7.065851211547852,117.85224914550781,10.855977576685934,0.86321855,0.5769934058189392,1010,2
142,9.69242000579834,231.08258056640625,15.201400611996457,0.7320727,0.15361753106117249,1010,3
141,11.943273544311523,371.8137512207031,19.282472642809665,0.5700278,-0.8833791017532349,1010,4
140,13.232293128967285,412.2567443847656,20.30410658917958,0.5249851,-1.1761091947555542,1010,5
139,13.526047706604004,436.9429626464844,20.903180682529737,0.49821323,-2.0820188522338867,1010,6
138,14.426596641540527,494.13287353515625,22.229099701408426,0.43506253,-2.211787462234497,1010,7
144,3.673598289489746,32.282470703125,5.6817665125491565,0.9386805,-0.7014430165290833,1011,1
143,6.264752388000488,88.33988189697266,9.398929827218238,0.83136785,-1.182770013809204,1011,2
142,7.653624534606934,125.62557983398438,11.208281752078879,0.75973225,-1.1777172088623047,1011,3
141,9.731351852416992,206.04104614257812,14.354129933318081,0.6062073,-2.072709560394287,1011,4
140,10.61449146270752,231.71487426757812,15.222183623500872,0.5578805,-2.142601490020752,1011,5
139,11.239046096801758,257.0108947753906,16.03155933698873,0.51012146,-2.0520899295806885,1011,6
138,11.728222846984863,283.05682373046875,16.82429266657201,0.46216393,-1.3286652565002441,1011,7
129,4.94762659072876,47.099510192871094,6.862908289702776,0.9214269,-0.476715087890625,1012,1
127,7.771066665649414,124.88854217529297,11.175354230416724,0.7905208,-1.170875906944275,1012,2
126,8.67944049835205,155.90582275390625,12.48622532048442,0.73922765,-1.6766502857208252,1012,3
125,11.060966491699219,257.2901306152344,16.04026591472954,0.57161283,-3.237762689590454,1012,4
124,11.809712409973145,291.68267822265625,17.07872004052576,0.5171704,-2.8441083431243896,1012,5
123,12.351588249206543,309.10107421875,17.581270551889872,0.4910096,-2.952507495880127,1012,6
122,13.116957664489746,362.0915832519531,19.028704192665174,0.40490907,-3.042130708694458,1012,7
144,4.250944137573242,39.957054138183594,6.321159240059025,0.91112816,-0.42837271094322205,1014,1
143,6.83698034286499,102.11784362792969,10.105337383181705,0.7712715,-0.9833381772041321,1014,2
142,8.53650188446045,154.18716430664062,12.417212420935732,0.65279806,-0.9229433536529541,1014,3
141,10.32005786895752,203.36453247070312,14.260593692785132,0.54094076,-1.1484426259994507,1014,4
140,11.040863990783691,238.3568878173828,15.438811088208276,0.46249545,-1.5039311647415161,1014,5
139,11.609477996826172,264.5686340332031,16.265565899568422,0.40404654,-1.811398983001709,1014,6
138,11.616823196411133,267.3374328613281,16.350456656048728,0.39890653,-1.8876590728759766,1014,7
144,5.906839370727539,80.31639099121094,8.96194125126978,0.93244857,-1.55990731716156,1015,1
143,8.366006851196289,171.9264373779297,13.11207219999683,0.8556147,-1.894406795501709,1015,2
142,11.513643264770508,349.53753662109375,18.6959229946289,0.7070755,-3.066063165664673,1015,3
141,14.623936653137207,631.8699951171875,25.137024388681876,0.47191602,-4.814853191375732,1015,4
140,15.318984985351562,593.9407958984375,24.370900596786274,0.5052274,-3.8100621700286865,1015,5
139,16.182981491088867,657.8373413085938,25.648339932802546,0.45376492,-4.025674343109131,1015,6
138,17.27113914489746,750.7138061523438,27.399157033608603,0.3792351,-3.8508853912353516,1015,7
144,4.305641174316406,41.73029708862305,6.459899154679046,0.90282327,-1.2960621118545532,1016,1
143,6.790708541870117,105.39278411865234,10.26609877795126,0.75272703,-1.7779428958892822,1016,2
142,8.50861930847168,154.63340759277344,12.435168177100518,0.6351686,-1.68064284324646,1016,3
141,10.045287132263184,193.1553497314453,13.898034023970633,0.5431782,-1.8245267868041992,1016,4
140,10.935037612915039,232.22845458984375,15.239043755755928,0.45134884,-2.0697312355041504,1016,5
139,11.411415100097656,254.31640625,15.947300907990668,0.3997771,-1.9428017139434814,1016,6
138,11.453283309936523,254.67532348632812,15.958550168681619,0.400015,-1.5441027879714966,1016,7
144,4.006608963012695,39.37173080444336,6.274689697861032,0.9543255,-0.775193452835083,1017,1
143,6.435347557067871,101.05448150634766,10.052585811936531,0.88268185,-1.7276896238327026,1017,2
142,8.760881423950195,186.97216796875,13.673776653461545,0.7828905,-1.353977084159851,1017,3
141,12.062634468078613,358.81085205078125,18.942303240387144,0.5840682,-3.028928518295288,1017,4
140,13.113438606262207,395.9263916015625,19.897899175580385,0.54238987,-2.7409307956695557,1017,5
139,13.980000495910645,452.9696044921875,21.28308258904681,0.47795087,-3.1851301193237305,1017,6
138,14.635528564453125,486.7120056152344,22.06155039010709,0.4411357,-2.2585387229919434,1017,7
144,3.934054136276245,38.39362335205078,6.196258819001251,0.9311014,0.2611325681209564,1018,1
143,6.204590797424316,89.11474609375,9.440060703922937,0.84016526,0.08785813301801682,1018,2
142,8.112339973449707,130.23500061035156,11.412055056402048,0.76664865,0.9097581505775452,1018,3
141,10.48968505859375,230.63572692871094,15.186695721213056,0.5882734,0.4770476520061493,1018,4
140,10.959656715393066,268.8356018066406,16.396206933514854,0.5215584,-0.1433945745229721,1018,5
139,11.438390731811523,301.712890625,17.369884588706974,0.46447933,-0.06788942962884903,1018,6
138,12.330612182617188,333.82952880859375,18.2710024029497,0.40927213,0.9238993525505066,1018,7
144,5.272928237915039,96.13253021240234,9.804719792651003,0.93435395,-1.7616738080978394,1019,1
143,8.288334846496582,185.0643768310547,13.603836842268239,0.87396824,-2.0240139961242676,1019,2
142,11.259173393249512,364.7587890625,19.09865935249121,0.752365,-2.213513135910034,1019,3
141,14.780041694641113,688.3494262695312,26.236414127497135,0.5345416,-4.703369617462158,1019,4
140,15.512784004211426,734.0116577148438,27.092649514487203,0.5057572,-4.988033771514893,1019,5
139,15.721097946166992,744.694580078125,27.2890926943005,0.5006436,-4.899094581604004,1019,6
138,17.282394409179688,854.025634765625,29.223716990924085,0.43006486,-4.202324867248535,1019,7
144,4.275781631469727,43.195491790771484,6.572327730018603,0.9209875,-0.5379461050033569,1020,1
143,6.625304698944092,98.69461822509766,9.9345165068612,0.8193619,-0.37052270770072937,1020,2
142,8.36817455291748,139.70001220703125,11.819475970068693,0.7442801,0.6746647357940674,1020,3
141,10.286540985107422,223.729736328125,14.957597946466036,0.5919599,-0.011878697201609612,1020,4
140,11.002814292907715,263.7029724121094,16.238933844686645,0.5202785,-0.3481326401233673,1020,5
139,11.377391815185547,296.9443054199219,17.232072000195505,0.46093923,-0.4437687397003174,1020,6
138,12.559701919555664,338.11724853515625,18.38796477414388,0.38773066,0.24581411480903625,1020,7
144,4.243961811065674,56.27519607543945,7.501679550303349,0.950221,-0.7084516286849976,1021,1
143,7.352479934692383,126.57157897949219,11.250403502963447,0.88823044,-0.8960177302360535,1021,2
142,10.01008415222168,252.59242248535156,15.893156467025408,0.77743757,-0.7982359528541565,1021,3
141,12.821572303771973,483.67413330078125,21.992592691649186,0.5753217,-3.1081910133361816,1021,4
140,13.785016059875488,510.2890625,22.589578625994776,0.5536734,-3.3194580078125,1021,5
139,14.359884262084961,560.787353515625,23.680949168384807,0.5113406,-3.731025457382202,1021,6
138,15.496323585510254,628.3515014648438,25.06694040892992,0.45491517,-2.824045181274414,1021,7
144,3.6170670986175537,30.714033126831055,5.542024280606415,0.9361094,-1.3276176452636719,1022,1
143,6.3951191902160645,89.95681762695312,9.484556796548436,0.8123723,-1.8150272369384766,1022,2
142,8.228313446044922,144.39312744140625,12.01636914552005,0.69858825,-0.8171313405036926,1022,3
141,10.388721466064453,228.98402404785156,15.132218080897841,0.522733,-2.0319111347198486,1022,4
140,11.104588508605957,238.48541259765625,15.442972919669847,0.5042902,-1.8224817514419556,1022,5
139,11.816015243530273,262.64556884765625,16.206343475554757,0.45540822,-1.5081597566604614,1022,6
138,11.997502326965332,262.5517883300781,16.20344988976354,0.45781898,-0.2884831130504608,1022,7
144,5.06516695022583,105.693603515625,10.280739444010095,0.9229141,-1.3447240591049194,1023,1
143,7.789176940917969,246.68569946289062,15.70623123040313,0.8208459,-2.106036424636841,1023,2
142,11.491060256958008,384.8863830566406,19.618521428911013,0.7217127,-0.8984295725822449,1023,3
141,14.142416000366211,593.3727416992188,24.359243454984778,0.572785,-2.80051851272583,1023,4
140,14.356581687927246,664.0634155273438,25.76942792394398,0.52409786,-3.9672276973724365,1023,5
139,15.218929290771484,681.9414672851562,26.11400902360946,0.51348466,-2.9585928916931152,1023,6
138,15.825594902038574,779.0636596679688,27.91171187275995,0.44680798,-3.257861614227295,1023,7
144,5.145781993865967,69.31503295898438,8.325565023407384,0.93174523,-0.9938819408416748,1024,1
143,7.6373515129089355,145.15904235839844,12.048196643415082,0.8572062,-0.9957997798919678,1024,2
142,10.609862327575684,275.5927429199219,16.600986203232683,0.729344,-1.4843902587890625,1024,3
141,13.234576225280762,496.4574890136719,22.281326015604904,0.5137092,-3.6793291568756104,1024,4
140,14.493273735046387,525.3984375,22.92157144482027,0.48720372,-3.2052595615386963,1024,5
139,15.042052268981934,546.54296875,23.378258462725576,0.46836412,-3.2875735759735107,1024,6
138,15.824135780334473,594.0396118164062,24.372927846617163,0.42470944,-2.372037410736084,1024,7
144,2.737579822540283,13.583211898803711,3.6855409235014216,0.41623688,0.2235965132713318,1025,1
143,3.602003812789917,21.441631317138672,4.630510913186435,0.060918927,0.6282238364219666,1025,2
142,4.005512714385986,25.21438980102539,5.02139321314567,-0.12073636,0.5742132067680359,1025,3
141,4.015987873077393,25.52569580078125,5.052296091954751,-0.13166714,0.33094748854637146,1025,4
140,4.0413432121276855,25.610761642456055,5.060707622700214,-0.14335847,0.555957019329071,1025,5
139,4.068336486816406,25.293977737426758,5.029311855256816,-0.12294817,0.9791455268859863,1025,6
138,3.8726465702056885,23.389806747436523,4.8363009364013445,-0.032366633,0.5942598581314087,1025,7
129,5.421858787536621,59.13195037841797,7.689730188921973,0.90824914,-0.39870643615722656,1026,1
127,8.395429611206055,139.75946044921875,11.821990545133199,0.7835042,-1.032734751701355,1026,2
125,10.20541000366211,208.93507385253906,14.454586602616454,0.67638665,-0.5146981477737427,1026,3
123,12.730536460876465,305.1368103027344,17.468165625008666,0.52914596,-1.3341249227523804,1026,4
121,14.091678619384766,352.9289855957031,18.786404275318443,0.45714283,-2.064241886138916,1026,5
119,15.172800064086914,414.6172180175781,20.362151605799866,0.36504966,-2.574845790863037,1026,6
117,15.477802276611328,429.917236328125,20.73444564795801,0.3458454,-2.0412673950195312,1026,7
129,4.486875534057617,49.49093246459961,7.034979208540677,0.9285452,-0.18853239715099335,1027,1
127,7.058994770050049,118.06431579589844,10.86574046238444,0.83050966,-0.965846598148346,1027,2
125,8.849678993225098,186.31277465820312,13.649643755725023,0.7342929,-0.08624059706926346,1027,3
123,11.306846618652344,283.69287109375,16.84318470758277,0.5989107,-1.095293641090393,1027,4
121,12.974333763122559,350.031982421875,18.709141680522787,0.5104038,-1.5808438062667847,1027,5
119,13.490249633789062,373.181396484375,19.31790352197606,0.48309773,-1.9078798294067383,1027,6
117,14.202150344848633,416.63702392578125,20.41168841438114,0.42808634,-2.1469779014587402,1027,7
144,3.7462828159332275,32.1055908203125,5.666179561248699,0.93242276,-0.5771911144256592,1028,1
143,6.705532073974609,93.19778442382812,9.653899959282162,0.8026494,-0.7744266986846924,1028,2
142,8.239428520202637,139.16683959960938,11.796899575719435,0.70429015,0.3014039099216461,1028,3
141,10.249669075012207,197.13104248046875,14.040336266645067,0.580991,-0.46425673365592957,1028,4
140,12.153278350830078,267.78363037109375,16.36409577004161,0.43179697,-1.1136342287063599,1028,5
139,12.55813217163086,281.5586242675781,16.779708706279084,0.40320963,-1.3022239208221436,1028,6
138,13.031155586242676,314.0516357421875,17.721502073531678,0.33621782,-1.5221037864685059,1028,7
144,3.9691402912139893,36.01886749267578,6.001572085102017,0.9338628,-0.7474753260612488,1029,1
143,6.803077697753906,107.56001281738281,10.371114347907982,0.80161494,-1.7711735963821411,1029,2
142,8.484298706054688,165.0469512939453,12.847060025311055,0.69479823,-0.6628291010856628,1029,3
141,10.97392463684082,248.6354217529297,15.76817750258189,0.5403799,-1.2920325994491577,1029,4
140,12.579185485839844,310.7922058105469,17.629299640386932,0.4265949,-1.613239049911499,1029,5
139,12.898052215576172,321.3636169433594,17.926617554445663,0.40783864,-1.718860149383545,1029,6
138,13.525781631469727,348.9773254394531,18.680934811712532,0.35879213,-1.358938217163086,1029,7
144,3.2005228996276855,18.292917251586914,4.277022007376969,0.93396014,0.22796691954135895,1031,1
143,6.028864860534668,61.83384704589844,7.863450072703357,0.77492476,-0.0458742156624794,1031,2
142,7.278295516967773,89.20562744140625,9.444873077040594,0.673743,0.6632823944091797,1031,3
141,8.418966293334961,116.43658447265625,10.790578505004088,0.5734336,0.2574272155761719,1031,4
140,9.544238090515137,159.8226776123047,12.64209941474535,0.41507018,-0.2550564706325531,1031,5
139,10.302801132202148,175.2423095703125,13.237911828166574,0.35901946,-0.016779042780399323,1031,6
138,10.250975608825684,173.09580993652344,13.156588081129675,0.3688681,0.48181429505348206,1031,7
144,3.9245173931121826,24.4119815826416,4.940848265494661,0.8381755,1.0346736907958984,1032,1
143,6.187368869781494,62.262935638427734,7.890686639223974,0.57668865,1.3186780214309692,1032,2
142,7.1407952308654785,79.98308563232422,8.943326318117002,0.4476573,1.8426775932312012,1032,3
141,8.092562675476074,97.80292510986328,9.889536142300269,0.3207525,1.908180594444275,1032,4
140,9.509922981262207,136.2792205810547,11.673869134997817,0.052326977,1.3968337774276733,1032,5
139,10.222424507141113,153.20736694335938,12.377696350426413,-0.06788385,0.9670712947845459,1032,6
138,9.624089241027832,140.87464904785156,11.869062686153931,0.020478308,0.5079463124275208,1032,7
144,3.4050538539886475,18.286605834960938,4.276284115322664,0.85335535,0.0021701918449252844,1033,1
143,5.547760963439941,50.92708206176758,7.136321325568768,0.5823065,-0.14628759026527405,1033,2
142,6.674182891845703,67.9643783569336,8.24405108893277,0.43496585,0.22161895036697388,1033,3
141,7.630784034729004,85.7410659790039,9.259647184369603,0.2830001,0.38642802834510803,1033,4
140,8.410428047180176,109.60665893554688,10.469319888872766,0.08188856,0.7076241374015808,1033,5
139,8.990530967712402,117.58174896240234,10.843511837149547,0.013167679,1.3978667259216309,1033,6
138,9.090442657470703,125.4300537109375,11.199555960436,-0.049846172,1.3945599794387817,1033,7
121,3.929246425628662,29.010156631469727,5.386107744138593,0.86986536,-0.45169034600257874,1034,1
119,6.355952739715576,71.33641052246094,8.446088474700046,0.6812595,-1.2966277599334717,1034,2
117,7.539817810058594,93.85323333740234,9.687787845395993,0.5835489,-0.28959357738494873,1034,3
115,8.890691757202148,124.59729766845703,11.162315963475368,0.45133185,0.10326717048883438,1034,4
113,9.82325553894043,158.26930236816406,12.580512802273367,0.30909204,0.4152609705924988,1034,5
111,10.970242500305176,188.7410430908203,13.738305684865958,0.18760574,-0.1402352750301361,1034,6
109,10.451131820678711,172.39068603515625,13.129763365543045,0.2694577,0.5660512447357178,1034,7
142,3.302635431289673,18.007944107055664,4.24357680583911,0.92412984,1.0109575986862183,1035,1
141,5.8106689453125,55.370933532714844,7.441164796771729,0.7641174,1.207658052444458,1035,2
140,7.00193977355957,71.73360443115234,8.469569317925933,0.6926434,2.170365333557129,1035,3
139,8.041813850402832,97.4991683959961,9.87416671907033,0.5815225,2.0350100994110107,1035,4
138,8.682600021362305,119.5504150390625,10.933911241594313,0.48733652,1.5729483366012573,1035,5
137,9.692645072937012,148.46038818359375,12.184432206040368,0.36338753,1.115468978881836,1035,6
136,9.59272289276123,146.26943969726562,12.094190328304975,0.3746394,0.6758107542991638,1035,7
144,5.399326801300049,42.74485778808594,6.537955168711846,0.75793594,0.2771254777908325,1036,1
143,8.153406143188477,104.40895080566406,10.218069818006924,0.40344185,-0.20642386376857758,1036,2
142,8.802245140075684,127.09919738769531,11.27382798288564,0.27319437,-1.3377128839492798,1036,3
141,9.17144775390625,134.70176696777344,11.606109036527851,0.22977155,-1.2076497077941895,1036,4
140,9.223176956176758,149.906005859375,12.243610817866394,0.14500374,-2.7141871452331543,1036,5
139,9.214874267578125,137.40554809570312,11.722011264953771,0.21773821,-2.2247557640075684,1036,6
138,9.390093803405762,141.0885467529297,11.878069992761016,0.20181912,-2.378699779510498,1036,7
144,4.769105911254883,41.67107391357422,6.4553136185296385,0.73783845,0.31735721230506897,1037,1
143,7.09215784072876,88.13407897949219,9.387975233216808,0.4339655,1.1283937692642212,1037,2
142,8.120911598205566,106.62705993652344,10.326037959281548,0.30987793,1.2948262691497803,1037,3
141,9.41148567199707,126.53817749023438,11.248918947624896,0.18489444,1.2207629680633545,1037,4
140,10.393266677856445,157.81504821777344,12.562445948849827,-0.009860039,2.1995086669921875,1037,5
139,10.664077758789062,171.18280029296875,13.083684507544836,-0.08791733,1.673202395439148,1037,6
138,10.690810203552246,165.8823699951172,12.879532988238246,-0.047137856,2.9343760013580322,1037,7
129,3.4951674938201904,22.805583953857422,4.775519233953249,0.9110355,-1.0732455253601074,1038,1
127,5.817163944244385,65.25161743164062,8.077847326586497,0.74299574,-2.263157844543457,1038,2
125,7.324702262878418,99.22924041748047,9.961387474517817,0.6080836,-1.2543237209320068,1038,3
123,8.899962425231934,132.2781982421875,11.501225945184604,0.4800468,-0.825813353061676,1038,4
121,10.048164367675781,162.59925842285156,12.751441425299792,0.36589223,-0.8914973139762878,1038,5
119,11.001303672790527,185.26841735839844,13.611334150567256,0.28076452,-0.23868215084075928,1038,6
117,10.852107048034668,187.66668701171875,13.6991491345893,0.2772659,0.17793825268745422,1038,7
144,3.5922813415527344,20.41840362548828,4.518672772561461,0.7916852,0.7362610697746277,1039,1
143,5.468842029571533,49.45104217529297,7.03214349791676,0.48536056,0.7660871148109436,1039,2
142,6.804322242736816,70.47901153564453,8.395177873972923,0.25865567,1.1619322299957275,1039,3
141,7.867935657501221,89.95173645019531,9.484288926967341,0.04933232,1.763921856880188,1039,4
140,8.702112197875977,114.41622924804688,10.69655221312208,-0.21125662,1.7902003526687622,1039,5
139,9.279221534729004,124.67472839355469,11.165783823518826,-0.32174504,2.5150697231292725,1039,6
138,9.14224910736084,123.2647476196289,11.10246583510298,-0.299829,2.445021390914917,1039,7
144,3.49735164642334,20.360950469970703,4.512310989944144,0.80818194,0.4937184751033783,1040,1
143,5.340033054351807,47.83865737915039,6.916549528424588,0.5431087,0.461948424577713,1040,2
142,6.519638538360596,64.71927642822266,8.04482917334002,0.37777656,1.5583535432815552,1040,3
141,7.49260139465332,84.75653839111328,9.206331429571351,0.18237865,1.506637454032898,1040,4
140,8.23659610748291,107.25858306884766,10.356571974782373,-0.03602004,1.4574366807937622,1040,5
139,8.989364624023438,115.7673568725586,10.759524007713287,-0.11815357,2.4845523834228516,1040,6
138,9.203387260437012,125.60611724853516,11.207413495027975,-0.20597184,2.425110101699829,1040,7
114,4.350870132446289,30.724103927612305,5.542932791186657,0.66937447,0.6566749215126038,1041,1
111,6.6256608963012695,67.37300872802734,8.208106281477315,0.25798953,1.0443838834762573,1041,2
108,7.517681121826172,92.05596923828125,9.59458020125327,-0.015284896,1.7398141622543335,1041,3
105,7.782719612121582,96.63741302490234,9.830433002920184,-0.06558859,1.807439923286438,1041,4
103,8.165202140808105,100.4157943725586,10.020768152819354,-0.09549177,1.4994006156921387,1041,5
101,8.93134880065918,118.38085174560547,10.88029649162216,-0.28532135,2.184025526046753,1041,6
99,8.520163536071777,109.92594909667969,10.484557649070355,-0.19258356,1.9187954664230347,1041,7
144,3.632491111755371,21.29547882080078,4.614702462868086,0.8252758,-0.08889570087194443,1042,1
143,6.183750152587891,62.26179504394531,7.890614364163624,0.48162985,-0.3892068862915039,1042,2
142,6.655180931091309,68.75363159179688,8.291780966221724,0.42363685,-0.6152613759040833,1042,3
141,7.114817142486572,80.43413543701172,8.96850798277014,0.3241071,-1.3698666095733643,1042,4
140,7.99669885635376,100.4152603149414,10.020741505245079,0.15710098,-1.7700953483581543,1042,5
139,7.6074604988098145,91.48221588134766,9.564633598907365,0.23250645,-1.2533042430877686,1042,6
138,7.99125337600708,100.2955551147461,10.014766852740312,0.16282529,-1.3047981262207031,1042,7
144,6.619009971618652,72.04752349853516,8.488081261306064,0.83813035,0.5243067145347595,1043,1
143,10.98641300201416,187.81414794921875,13.704530198048335,0.5798292,0.06742101162672043,1043,2
142,13.03298282623291,262.3169250488281,16.196200944938543,0.41657066,-0.22037924826145172,1043,3
141,14.585209846496582,324.0032653808594,18.000090704795333,0.2842453,-0.24269244074821472,1043,4
140,15.300174713134766,334.1406555175781,18.279514641192694,0.26708376,0.17279575765132904,1043,5
139,15.264481544494629,344.0981750488281,18.54988342413041,0.25063235,0.05631854385137558,1043,6
138,15.7160062789917,365.5052185058594,19.118190774910143,0.20931399,-0.13271254301071167,1043,7
114,6.026349067687988,55.574745178222656,7.454847092880085,0.63907856,0.5964490175247192,1045,1
111,8.445435523986816,117.13591003417969,10.822934446543584,0.20918304,1.1373122930526733,1045,2
108,9.660773277282715,141.2262725830078,11.883866062145257,0.023566842,0.20541967451572418,1045,3
105,9.423248291015625,141.14910888671875,11.880619044760198,-0.050139546,0.3570750057697296,1045,4
103,9.691429138183594,155.03419494628906,12.451272824345672,-0.13980317,1.1145163774490356,1045,5
101,9.397068977355957,143.8931121826172,11.995545514173884,-0.04242289,0.14612047374248505,1045,6
99,9.792997360229492,157.38206481933594,12.545200868034595,-0.13262558,0.7453852295875549,1045,7
144,4.480329513549805,35.04357147216797,5.919761099247838,0.81298083,-0.043350379914045334,1046,1
143,7.59482479095459,96.02128601074219,9.799045158113222,0.4817378,-0.8084602355957031,1046,2
142,8.269787788391113,110.6561279296875,10.519321647791148,0.39945585,-1.581735372543335,1046,3
141,8.795762062072754,131.8255615234375,11.481531323104837,0.2844993,-2.4570281505584717,1046,4
140,9.572896957397461,154.43824768066406,12.427318603812491,0.16526413,-2.629896402359009,1046,5
139,9.263025283813477,148.74139404296875,12.195958102706353,0.19873452,-2.5751302242279053,1046,6
138,9.427454948425293,153.7503662109375,12.399611534678717,0.17546153,-2.142282247543335,1046,7
117,5.213466167449951,41.2548828125,6.422996404521802,0.81860214,2.221635341644287,1047,1
115,8.466686248779297,109.66400909423828,10.472058493640985,0.5254103,1.766228199005127,1047,2
113,8.890048027038574,121.00421142578125,11.000191426778956,0.48371756,0.4769704341888428,1047,3
111,9.60153865814209,146.70281982421875,12.112093948786013,0.38137084,0.10056187957525253,1047,4
109,10.33260726928711,177.91761779785156,13.33857630325859,0.25533324,0.6189256310462952,1047,5
107,9.88648796081543,164.07505798339844,12.80917866154573,0.3128791,0.42341428995132446,1047,6
105,10.5685396194458,192.36341857910156,13.86951399938374,0.1905511,1.1969197988510132,1047,7
144,7.41544246673584,92.37805938720703,9.61135054959536,0.8321347,0.4768584966659546,1048,1
143,11.801206588745117,222.9601287841797,14.931849476343501,0.5968088,-0.2198558896780014,1048,2
142,14.19536018371582,331.71221923828125,18.212968435658183,0.40374392,-1.354750156402588,1048,3
141,15.68221378326416,390.9977722167969,19.773663601285342,0.301979,-1.1729295253753662,1048,4
140,16.49244499206543,401.6208190917969,20.04047951252157,0.2880879,-0.10735125094652176,1048,5
139,16.497112274169922,423.2590637207031,20.573260891766846,0.25509,-1.001828670501709,1048,6
138,17.377416610717773,458.6958923339844,21.4171868445411,0.19808555,-0.7439796328544617,1048,7
144,4.83392333984375,35.18318557739258,5.931541585236723,0.84847116,0.0916425809264183,1049,1
143,7.69907283782959,94.02247619628906,9.69651876687139,0.5924814,-0.2728087604045868,1049,2
142,8.784435272216797,120.67122650146484,10.985045584860577,0.47644436,-1.234195590019226,1049,3
141,9.380846977233887,142.80882263183594,11.950264542336958,0.3826157,-2.036282777786255,1049,4
140,9.597346305847168,148.52198791503906,12.18695974864277,0.36101657,-1.7544384002685547,1049,5
139,9.69666576385498,160.6089324951172,12.673157952740793,0.31140196,-1.9820345640182495,1049,6
138,10.4163818359375,168.66343688964844,12.987048813708542,0.28069347,-1.9165092706680298,1049,7
129,4.551795482635498,32.98991775512695,5.743685032723064,0.7877884,0.3657980263233185,1050,1
127,7.998197078704834,91.4300537109375,9.561906384761226,0.40610582,1.135149359703064,1050,2
125,8.756721496582031,101.2264404296875,10.061135146179456,0.33592993,1.7689990997314453,1050,3
123,9.045838356018066,109.61395263671875,10.469668219992396,0.2760175,1.7767232656478882,1050,4
121,9.80720329284668,134.09768676757812,11.580055559779414,0.11759496,1.4317394495010376,1050,5
119,9.704080581665039,125.66170501708984,11.209893175989228,0.18265939,1.677502155303955,1050,6
117,9.805550575256348,133.68247985839844,11.5621139874332,0.14089811,0.5825182199478149,1050,7
144,4.643224239349365,33.78190231323242,5.812220084720848,0.71198416,0.10981529206037521,1051,1
143,6.894925117492676,69.42800903320312,8.332347150305436,0.40302372,-0.2736646234989166,1051,2
142,7.365949630737305,79.24215698242188,8.901806388729305,0.31814098,0.645461916923523,1051,3
141,7.856388092041016,87.55138397216797,9.356889652665995,0.24767911,0.442268431186676,1051,4
140,8.296357154846191,100.38106536865234,10.019035151582829,0.14105898,0.006371525581926107,1051,5
139,7.789268970489502,86.79177856445312,9.316210525983895,0.25985008,0.8060647249221802,1051,6
138,7.840615272521973,88.3795394897461,9.401039277109,0.25149477,0.41833949089050293,1051,7
144,4.757884502410889,34.80647277832031,5.899701075335963,0.74421585,0.05830447003245354,1052,1
143,7.833977699279785,89.76559448242188,9.474470670302477,0.33914816,-1.1138819456100464,1052,2
142,8.94227409362793,117.92095184326172,10.859141395306615,0.13498986,-0.7367845177650452,1052,3
141,9.141155242919922,123.02039337158203,11.091455872498525,0.10116166,-1.0328854322433472,1052,4
140,9.747093200683594,136.25027465820312,11.672629294987617,0.009551227,-0.6589921116828918,1052,5
139,9.248795509338379,126.44219207763672,11.244651709930224,0.08417112,-0.8399301171302795,1052,6
138,9.600954055786133,136.47665405273438,11.682322288515001,0.018404186,-0.5050480365753174,1052,7
129,5.858017921447754,51.930179595947266,7.2062597507963355,0.72033745,0.07614845782518387,1053,1
127,9.678915977478027,124.74544525146484,11.168950051435669,0.3358854,-0.23872117698192596,1053,2
125,11.390948295593262,172.5731658935547,13.13671061923626,0.090313435,-0.10617273300886154,1053,3
123,11.635879516601562,178.69139099121094,13.367549924769719,0.064964294,-0.5584645867347717,1053,4
121,12.165250778198242,191.80206298828125,13.849262182090468,0.01040709,0.02762879617512226,1053,5
119,11.788202285766602,184.01739501953125,13.56530114002381,0.056248605,-0.23513130843639374,1053,6
117,12.191993713378906,199.93521118164062,14.139844807551482,-0.030614257,-0.17367540299892426,1053,7
144,4.138894557952881,27.91271209716797,5.283248252464384,0.7260977,-0.4081851840019226,1054,1
143,6.602512836456299,64.79048919677734,8.04925395280689,0.35907847,-0.5764845013618469,1054,2
142,7.309385299682617,82.72975158691406,9.095589677800668,0.18252665,0.3661184310913086,1054,3
141,7.772270679473877,92.25611877441406,9.605004881540356,0.09040463,0.20678088068962097,1054,4
140,8.424612045288086,107.7990493774414,10.382632102575984,-0.05693412,0.41286027431488037,1054,5
139,7.639128684997559,89.97844696044922,9.485696967563808,0.12033737,1.0570687055587769,1054,6
138,8.297294616699219,100.9646987915039,10.04811916686421,0.018029809,1.285956621170044,1054,7
144,4.995845317840576,43.605228424072266,6.603425506816312,0.72753024,-0.4129992127418518,1055,1
143,8.486259460449219,104.1628189086914,10.206018758981948,0.34659034,-0.06585696339607239,1055,2
142,9.509926795959473,133.61279296875,11.559100006866885,0.16436446,1.2181761264801025,1055,3
141,9.796747207641602,144.47373962402344,12.019722942897786,0.100001395,1.377901554107666,1055,4
140,9.69237232208252,148.305419921875,12.178071272655412,0.08245307,0.9997888803482056,1055,5
139,9.745803833007812,144.0634765625,12.002644565365584,0.112196565,1.9438371658325195,1055,6
138,9.815302848815918,147.67440795898438,12.152135942252473,0.09025711,1.6451493501663208,1055,7
144,5.327080726623535,50.70941162109375,7.1210541088446835,0.6681245,-0.40074431896209717,1056,1
143,8.4854097366333,105.27704620361328,10.260460330979955,0.3077746,-0.741121232509613,1056,2
142,9.129449844360352,125.77938079833984,11.215140694540565,0.1751321,0.5050932168960571,1056,3
141,9.388421058654785,135.57571411132812,11.643698472192078,0.11425781,0.6209959983825684,1056,4
140,9.343093872070312,137.6060333251953,11.730559804425162,0.10693693,0.09017344564199448,1056,5
139,9.128486633300781,131.85218811035156,11.482690804439157,0.14758354,0.9428181648254395,1056,6
138,9.324686050415039,139.5504913330078,11.813149086209307,0.09801167,0.17079848051071167,1056,7
144,4.14005708694458,28.50806999206543,5.339294896525704,0.70502913,-0.08152821660041809,1057,1
143,6.342715263366699,63.477909088134766,7.96730249759194,0.33560747,-0.062411703169345856,1057,2
142,7.173723220825195,80.60107421875,8.977810101508608,0.15653521,0.8063668012619019,1057,3
141,7.617724418640137,92.34208679199219,9.609479007313153,0.035121024,0.8616971373558044,1057,4
140,7.9823174476623535,102.78427124023438,10.138257801034376,-0.06724012,0.3824625313282013,1057,5
139,7.669040203094482,93.90605163574219,9.690513486691104,0.025330782,1.3435513973236084,1057,6
138,7.915369987487793,97.1725845336914,9.85761556025043,-0.0024158955,0.7916571497917175,1057,7
135,4.940250873565674,38.092369079589844,6.171901577276637,0.4881428,-0.12062688916921616,1058,1
134,6.462953567504883,65.31632232666016,8.08185141701208,0.12684768,-0.5478065013885498,1058,2
133,6.796901702880859,73.04518127441406,8.546647370426257,0.019212186,0.12553806602954865,1058,3
132,6.464310169219971,70.33378601074219,8.38652407203021,0.04587114,-0.07360556721687317,1058,4
131,6.585264682769775,75.39993286132812,8.683313472478586,-0.04264295,0.30112719535827637,1058,5
130,6.345829486846924,68.08857727050781,8.25158028928446,0.055327117,0.579275369644165,1058,6
129,6.753714561462402,77.89679718017578,8.825916223269727,-0.07973051,0.9097574949264526,1058,7
129,5.585606098175049,47.852813720703125,6.917572820050623,0.608335,-0.881255030632019,1059,1
127,7.118810176849365,77.89873504638672,8.826026005308773,0.33979154,-1.8099911212921143,1059,2
125,7.117703914642334,81.4613265991211,9.025592866904706,0.29269207,-0.20609301328659058,1059,3
123,7.249929904937744,79.3193588256836,8.906141635168598,0.30023706,-0.3127850294113159,1059,4
121,7.878170490264893,93.99882507324219,9.695299122422277,0.15857631,-0.6686646938323975,1059,5
119,7.809821128845215,90.74393463134766,9.525961087016242,0.18325502,1.184065341949463,1059,6
117,8.091196060180664,100.23664855957031,10.011825435931767,0.10704279,1.0861868858337402,1059,7
144,4.383417129516602,31.991804122924805,5.656129783069409,0.5504348,0.8213350772857666,1061,1
143,6.165050983428955,59.4275016784668,7.708923509703984,0.1441567,1.0502965450286865,1061,2
142,7.048218727111816,73.95523834228516,8.599723154979186,-0.0787946,0.36311620473861694,1061,3
141,7.243423938751221,78.91394805908203,8.883352298489688,-0.16107118,-0.10068971663713455,1061,4
140,6.8928961753845215,78.6944580078125,8.870989685926396,-0.16179943,-2.1327362060546875,1061,5
139,7.166162967681885,78.33282470703125,8.850583297559051,-0.16087186,-1.2965103387832642,1061,6
138,7.270563125610352,79.98675537109375,8.943531482087696,-0.18078446,-2.1234207153320312,1061,7
144,4.641496658325195,37.09881591796875,6.090879732679734,0.62187433,0.6381102204322815,1062,1
143,6.841481685638428,74.74815368652344,8.645701457170693,0.22821546,0.6913451552391052,1062,2
142,7.4790191650390625,86.44003295898438,9.297313211836222,0.10306686,0.5174076557159424,1062,3
141,7.60205602645874,88.36725616455078,9.400385958275903,0.08046597,0.02843674272298813,1062,4
140,7.351966857910156,94.09308624267578,9.700159083369497,0.022245824,-2.0230610370635986,1062,5
139,7.553816318511963,91.3642807006836,9.558466440840999,0.051838756,-1.2178360223770142,1062,6
138,7.778966903686523,94.84051513671875,9.738609507353642,0.021501422,-1.9363527297973633,1062,7
129,4.743323802947998,37.11751937866211,6.092414905327945,0.6327734,0.5046151280403137,1063,1
127,7.139900207519531,78.40113830566406,8.854441727498356,0.22397327,0.5013971328735352,1063,2
125,7.823326110839844,93.37763977050781,9.663210634696307,0.077643454,0.7064127922058105,1063,3
123,7.861828804016113,94.4664535522461,9.719385451367081,0.067527056,0.12511460483074188,1063,4
121,7.870104789733887,102.62694549560547,10.130495816869255,-0.00035977364,-1.969717025756836,1063,5
119,7.9205474853515625,101.31488037109375,10.065529314004989,0.020796299,-1.1058071851730347,1063,6
117,7.923373699188232,98.61040496826172,9.930277184865572,0.030274749,-1.4270546436309814,1063,7
144,4.230074882507324,29.792259216308594,5.4582285786057545,0.5862055,0.6601436138153076,1064,1
143,6.6054301261901855,70.61675262451172,8.403377453411915,-0.009506226,1.0934016704559326,1064,2
142,7.9193339347839355,99.70893096923828,9.985435942873915,-0.45013416,2.5514960289001465,1064,3
141,8.121718406677246,103.95494079589844,10.195829578602147,-0.5301491,2.9318795204162598,1064,4
140,9.12773609161377,135.1631622314453,11.625969302877301,-0.99834657,3.0083487033843994,1064,5
139,9.198519706726074,128.87559509277344,11.352338749912876,-0.9155576,2.782698631286621,1064,6
138,8.571016311645508,117.34056854248047,10.832385173288497,-0.7396109,2.700443983078003,1064,7
144,4.168489456176758,27.97054672241211,5.2887188167279335,0.66589725,0.20579028129577637,1065,1
143,5.9372968673706055,55.48927688598633,7.449112489819598,0.32596242,0.15763327479362488,1065,2
142,6.326371192932129,65.07002258300781,8.066599195634293,0.2053951,0.8159993886947632,1065,3
141,6.254605770111084,63.22397994995117,7.95135082548564,0.22727293,0.45351240038871765,1065,4
140,6.2846245765686035,69.94048309326172,8.363042693497489,0.14711696,-1.1827962398529053,1065,5
139,6.5185346603393555,65.22472381591797,8.07618250263811,0.20311546,-0.38385432958602905,1065,6
138,6.646788597106934,70.03147888183594,8.368481276900603,0.14958149,-1.2711352109909058,1065,7
144,4.80936861038208,37.464508056640625,6.120825765911053,0.6374289,0.2357046902179718,1066,1
143,6.879819393157959,72.05217742919922,8.488355401913802,0.29432392,0.14886623620986938,1066,2
142,7.196078777313232,81.23182678222656,9.012870063538394,0.20223385,-0.0806761309504509,1066,3
141,7.2204203605651855,82.7741470336914,9.098029843526092,0.18709415,-0.30727818608283997,1066,4
140,7.0544610023498535,89.37667083740234,9.4539235684134,0.1247651,-1.6517188549041748,1066,5
139,7.192244052886963,83.7228775024414,9.150020628525457,0.1808117,-0.697361171245575,1066,6
138,7.434732913970947,89.510986328125,9.46102459187825,0.129525,-1.4717293977737427,1066,7
144,4.80551815032959,35.539207458496094,5.9614769527773985,0.59396315,0.7156466841697693,1068,1
143,6.75295877456665,68.69036865234375,8.287965290247284,0.20412695,0.9285991191864014,1068,2
142,7.078211784362793,76.4686508178711,8.744635545171171,0.11090654,0.8308629393577576,1068,3
141,7.02198600769043,77.72216033935547,8.81601726060898,0.09602529,0.7669128179550171,1068,4
140,6.927203178405762,82.59904479980469,9.088401663648273,0.04200667,-0.24715031683444977,1068,5
139,7.186493396759033,78.85173797607422,8.879850110000406,0.085737765,0.6114386916160583,1068,6
138,7.224216461181641,80.52371978759766,8.973500977188204,0.07201862,-0.260981023311615,1068,7
129,4.934174537658691,39.32440185546875,6.2709171462768305,0.64039564,0.7717424631118774,1069,1
127,7.438389778137207,84.63570404052734,9.19976652097907,0.22105104,0.6256762146949768,1069,2
125,7.553524017333984,88.4288330078125,9.403660617430454,0.18779051,-0.0710347592830658,1069,3
123,7.4994354248046875,92.56230926513672,9.620930789956693,0.15418458,-0.6649324297904968,1069,4
121,7.8599934577941895,106.76765441894531,10.332843481779124,0.027715862,-2.812840223312378,1069,5
119,7.892770290374756,97.4878921508789,9.873595705257477,0.11013502,-2.3085076808929443,1069,6
117,8.411028861999512,109.99129486083984,10.487673472264468,0.010042787,-3.087864875793457,1069,7
129,4.205370903015137,25.236146926879883,5.023559189148654,0.5570476,0.43791812658309937,1070,1
127,5.409090995788574,43.9715461730957,6.631104445949838,0.15537333,1.4436931610107422,1070,2
125,6.172365665435791,56.46770477294922,7.514499635567841,-0.16734552,2.4665496349334717,1070,3
123,6.329220771789551,60.50520324707031,7.778509063250509,-0.26059783,3.011324167251587,1070,4
121,5.766378879547119,52.459632873535156,7.2429022410588395,-0.090740204,1.5176472663879395,1070,5
119,6.142646789550781,55.91291046142578,7.477493594876948,-0.1699233,2.8698320388793945,1070,6
117,5.798750400543213,48.6292610168457,6.973468363507911,-0.027070403,1.7913299798965454,1070,7
140,5.708512783050537,53.477630615234375,7.312840119627556,0.7011316,-1.1851695775985718,1071,1
139,8.015412330627441,99.59939575195312,9.979949686844774,0.44572437,-1.6453182697296143,1071,2
138,9.072661399841309,130.4976348876953,11.423556140173485,0.2788455,-2.057088851928711,1071,3
137,9.406800270080566,136.99588012695312,11.704523917142172,0.24733573,-1.8199869394302368,1071,4
136,9.634703636169434,149.9900665283203,12.247043174918602,0.18150085,-2.9197916984558105,1071,5
135,9.5602388381958,147.51406860351562,12.145536982921572,0.20066994,-2.3982982635498047,1071,6
134,9.847676277160645,150.23411560058594,12.257002716838482,0.19080806,-2.2940566539764404,1071,7
129,5.352203369140625,47.86393737792969,6.918376787797098,0.64091206,-1.004873514175415,1072,1
127,7.856777667999268,95.40055084228516,9.767320555929613,0.28528678,-1.652740716934204,1072,2
125,8.335519790649414,107.16854858398438,10.352224330257936,0.20432961,-1.490731120109558,1072,3
123,8.348346710205078,107.05661010742188,10.346816423780886,0.21268767,-0.8946978449821472,1072,4
121,8.347433090209961,107.65011596679688,10.375457385908193,0.21898949,-1.5745654106140137,1072,5
119,8.471076011657715,109.10326385498047,10.445250779898991,0.21820295,-0.7497001886367798,1072,6
117,8.832283020019531,112.75232696533203,10.618489862750353,0.2027325,-1.2976694107055664,1072,7
144,4.105537414550781,28.015483856201172,5.292965506802512,0.6307743,0.8676567673683167,1073,1
143,5.815398216247559,51.62986373901367,7.185392385876618,0.32232136,2.2690963745117188,1073,2
142,6.814137935638428,67.81016540527344,8.23469279361856,0.11467397,3.4599947929382324,1073,3
141,7.086359977722168,72.50798034667969,8.515161792161068,0.059321284,3.879033088684082,1073,4
140,7.3463134765625,79.35340118408203,8.908052603351758,-0.022940159,3.399409055709839,1073,5
139,7.154127597808838,74.19676208496094,8.613754238713858,0.047831953,3.8593125343322754,1073,6
138,6.930947303771973,69.42741394042969,8.332311440436543,0.11541897,3.556939125061035,1073,7
129,4.6240668296813965,36.216529846191406,6.018017102517357,0.63101566,0.7874009609222412,1074,1
127,6.554671287536621,67.97132110595703,8.24447215447763,0.30981046,1.5876688957214355,1074,2
125,7.524030685424805,82.5924301147461,9.088037748312123,0.16794324,2.535952568054199,1074,3
123,7.657841682434082,84.22335052490234,9.17732807111647,0.15917373,1.9871678352355957,1074,4
121,7.452968597412109,82.13631439208984,9.06290871586434,0.18668443,0.6652075052261353,1074,5
119,7.617681503295898,84.79916381835938,9.208646144703323,0.14580703,1.5028499364852905,1074,6
117,7.609706401824951,84.73848724365234,9.205351011430924,0.0898177,1.5900434255599976,1074,7
144,4.702473163604736,34.466007232666016,5.870775692586629,0.65221125,0.32018592953681946,1075,1
143,6.665326118469238,68.82079315185547,8.29582986517054,0.3024333,0.7577390074729919,1075,2
142,7.461737155914307,81.35675048828125,9.019797696638282,0.17645288,1.3158401250839233,1075,3
141,7.537303447723389,82.10032653808594,9.060923051107206,0.17163616,1.054819107055664,1075,4
140,7.299612045288086,84.58151245117188,9.196820779550501,0.15086919,-0.21727807819843292,1075,5
139,7.496952533721924,85.98562622070312,9.272843480869454,0.13993227,0.640741229057312,1075,6
138,7.52177619934082,86.88339233398438,9.321126130140305,0.13698947,0.5196090936660767,1075,7
129,5.010549068450928,43.79015350341797,6.617412901082867,0.61366725,0.35382458567619324,1076,1
127,7.156101703643799,79.37671661376953,8.909361178769752,0.2959156,1.083099126815796,1076,2
125,7.889523983001709,92.65313720703125,9.625649962835302,0.18508345,2.156837224960327,1076,3
123,7.888510704040527,92.2066421508789,9.602428971405043,0.19838184,1.4990848302841187,1076,4
122,7.7975053787231445,94.57353973388672,9.724892787783663,0.1831429,0.08466673642396927,1076,5
121,7.761653900146484,91.7299575805664,9.57757576741455,0.21339005,0.6374371647834778,1076,6
120,7.964318752288818,97.38981628417969,9.868627882546777,0.16978914,0.39565715193748474,1076,7
144,4.568511962890625,37.60951232910156,6.1326594825655825,0.6578144,-0.0025773446541279554,1077,1
143,6.918437957763672,72.46268463134766,8.512501667039347,0.33589226,0.18431924283504486,1077,2
142,7.536731243133545,84.24886322021484,9.178717950793283,0.22777414,0.4763299524784088,1077,3
141,7.900460720062256,92.01525115966797,9.592458035335259,0.15881068,0.47776085138320923,1077,4
140,7.71417236328125,96.10031127929688,9.80307662314729,0.12584436,-0.6872444152832031,1077,5
139,7.765128135681152,92.7909927368164,9.632808143880807,0.15896606,-0.1092124804854393,1077,6
138,7.9969587326049805,97.86400604248047,9.892623819921612,0.11898643,-0.15214671194553375,1077,7
144,2.787095308303833,14.318588256835938,3.7839910487256625,0.41560745,-0.040646281093358994,1078,1
143,3.5633575916290283,20.293725967407227,4.504855820934475,0.15540028,0.09274710714817047,1078,2
142,3.89160418510437,24.21331787109375,4.9207029854578455,-0.014196873,0.023784153163433075,1078,3
141,3.9922428131103516,25.400606155395508,5.0399014033406955,-0.060617447,-0.17167504131793976,1078,4
140,4.018197059631348,25.430803298950195,5.0428963204640835,-0.06253302,-0.10286439955234528,1078,5
139,3.9957056045532227,24.614158630371094,4.961265829440214,-0.023088217,0.3667174279689789,1078,6
138,3.965771198272705,24.273765563964844,4.926841337405219,-0.0033631325,-0.06593991816043854,1078,7
144,2.5835657119750977,12.86500358581543,3.586781786757515,0.40978038,0.08626845479011536,1079,1
143,3.3904504776000977,19.36855697631836,4.400972276249688,0.09094417,0.3108786940574646,1079,2
142,3.7865750789642334,22.895854949951172,4.78496133212706,-0.0833627,0.36606577038764954,1079,3
141,3.7596898078918457,22.09244728088379,4.70026034181978,-0.040689945,0.17480988800525665,1079,4
140,3.9485762119293213,23.30843734741211,4.827881248271555,-0.0942322,0.4096800982952118,1079,5
139,3.9446489810943604,23.19618797302246,4.816242100748514,-0.08195162,0.78019118309021,1079,6
138,3.7809581756591797,21.85758399963379,4.675209513982639,-0.012326956,0.382333904504776,1079,7
144,2.6795332431793213,12.55320930480957,3.54305084705393,0.45595914,0.014585710130631924,1080,1
143,3.4899160861968994,19.6685791015625,4.434927181089054,0.13101935,0.34300893545150757,1080,2
142,3.9074130058288574,23.56546401977539,4.854427259705865,-0.0504781,0.370149701833725,1080,3
141,3.870412826538086,24.28941535949707,4.928429299431723,-0.08093727,0.13253293931484222,1080,4
140,3.937495708465576,24.612152099609375,4.961063605680678,-0.09060252,0.38455232977867126,1080,5
139,4.072296142578125,24.89890480041504,4.989880239085407,-0.09645343,0.7629572749137878,1080,6
138,3.9709043502807617,23.517995834350586,4.8495356307950335,-0.030035973,0.3702802062034607,1080,7
144,4.8807854652404785,41.93360900878906,6.4756164964263485,0.60775924,0.6363742351531982,1082,1
143,7.256895542144775,82.9393310546875,9.107103329527314,0.21732032,1.796370267868042,1082,2
142,8.706890106201172,110.66496276855469,10.519741573278058,-0.045680046,3.059648036956787,1082,3
141,9.148348808288574,118.02055358886719,10.863726505618004,-0.11099219,3.3778347969055176,1082,4
140,8.64266586303711,108.60011291503906,10.42113779368832,-0.016435146,2.243929386138916,1082,5
139,8.571311950683594,106.93758392333984,10.341062997745437,0.0022234917,2.958773612976074,1082,6
138,8.373875617980957,102.59149932861328,10.128746187392261,0.046607673,2.446528673171997,1082,7
144,2.53879976272583,12.419135093688965,3.5240793256805336,0.25681883,0.2527373731136322,1083,1
143,3.2099251747131348,17.074657440185547,4.132149251925147,-0.04519713,0.6123540997505188,1083,2
142,3.511719226837158,19.769723892211914,4.446315766138513,-0.2255435,0.674322247505188,1083,3
141,3.497647523880005,18.938039779663086,4.351785815003202,-0.16660869,0.41941097378730774,1083,4
140,3.5240283012390137,18.939645767211914,4.3519703316098,-0.15873969,0.6500124335289001,1083,5
139,3.6004116535186768,19.50074005126953,4.41596422667457,-0.18480337,1.1218843460083008,1083,6
138,3.4740538597106934,18.405290603637695,4.290138762748554,-0.110245824,0.7959529757499695,1083,7
144,2.884634256362915,16.130796432495117,4.0163162764522315,0.387452,-0.4171483814716339,1084,1
143,3.590327739715576,21.841182708740234,4.673455114659841,0.15784395,-0.9793347120285034,1084,2
142,3.931483268737793,26.66434097290039,5.1637526057026,-0.028795362,-1.2483644485473633,1084,3
141,3.951693058013916,28.414640426635742,5.330538474360329,-0.09140217,-1.7450051307678223,1084,4
140,3.9510576725006104,28.265256881713867,5.3165079593388995,-0.08864701,-1.7182157039642334,1084,5
139,3.7403135299682617,24.770557403564453,4.977002853481647,0.045933306,-1.1569361686706543,1084,6
138,3.6319854259490967,23.809301376342773,4.8794775720708845,0.08936304,-1.205902099609375,1084,7
144,2.7944231033325195,14.216418266296387,3.7704665846943115,0.34575438,0.05825489014387131,1085,1
143,3.53438663482666,20.666234970092773,4.546013085121157,0.03170842,0.26637381315231323,1085,2
142,3.8158462047576904,23.655353546142578,4.863676957420443,-0.123221636,0.27057507634162903,1085,3
141,3.6990504264831543,23.142290115356445,4.810643420100522,-0.09306002,-0.10514436662197113,1085,4
140,3.7647926807403564,23.12855339050293,4.809215465177551,-0.08580792,-0.1033456102013588,1085,5
139,3.6941444873809814,21.65978240966797,4.654007134681678,-0.009701729,0.5159572958946228,1085,6
138,3.6730260848999023,21.871915817260742,4.676742008841277,-0.016513467,-0.09460156410932541,1085,7
144,2.4796056747436523,12.795784950256348,3.5771196443865767,0.1911835,0.41585811972618103,1086,1
143,3.141742706298828,16.62955093383789,4.0779346407020665,-0.06288862,0.9170412421226501,1086,2
142,3.464524507522583,19.827348709106445,4.452791114470388,-0.28230238,1.025730848312378,1086,3
141,3.196044921875,17.871232986450195,4.227438111486695,-0.16186607,0.6854521632194519,1086,4
140,3.2893054485321045,18.261240005493164,4.273317213300829,-0.18203092,1.0170599222183228,1086,5
139,3.306607961654663,17.837013244628906,4.223388834174389,-0.1463635,1.407422423362732,1086,6
138,3.275038242340088,17.099395751953125,4.135141563713765,-0.09282422,1.1443629264831543,1086,7
144,2.5486254692077637,13.166858673095703,3.628616633525193,0.24327582,0.28367725014686584,1087,1
143,3.2202134132385254,17.4622859954834,4.178790015720268,-0.013594389,0.80727618932724,1087,2
142,3.4667961597442627,19.155447006225586,4.376693615759,-0.11476874,0.7714661955833435,1087,3
141,3.3175768852233887,18.208534240722656,4.267145912752769,-0.062043786,0.667274534702301,1087,4
140,3.3032004833221436,18.232471466064453,4.269949820087404,-0.071507335,0.6919752359390259,1087,5
139,3.4206955432891846,18.344717025756836,4.283073315477665,-0.07460034,1.1603902578353882,1087,6
138,3.5529415607452393,19.16122055053711,4.377353144371277,-0.11755586,1.3320084810256958,1087,7
114,2.8238096237182617,15.18524169921875,3.8968245661331418,0.2577212,-0.03858565539121628,1088,1
111,3.2310707569122314,18.358745574951172,4.284710675757602,0.043828785,0.202406108379364,1088,2
108,3.3782541751861572,19.597105026245117,4.42686175820356,-0.06720483,0.1822330504655838,1088,3
105,3.3113584518432617,17.988698959350586,4.2413086375964895,-0.07121587,0.20247583091259003,1088,4
102,3.2589566707611084,18.1175537109375,4.256471979343632,-0.11734843,0.5174058079719543,1088,5
99,3.4640305042266846,19.785213470458984,4.448057269242268,-0.26592767,0.9870039820671082,1088,6
96,3.3349063396453857,19.24108123779297,4.386465688660174,-0.20106149,0.647092878818512,1088,7
144,3.1607534885406494,17.229610443115234,4.1508565914899105,0.4124701,0.05383264273405075,1089,1
143,3.9808998107910156,26.27681541442871,5.126091631489698,0.09169042,0.48243874311447144,1089,2
142,4.402341842651367,30.750560760498047,5.545318815045538,-0.07741976,0.5244274139404297,1089,3
141,4.463155746459961,31.416912078857422,5.605079132256512,-0.09777784,0.37774714827537537,1089,4
140,4.377535343170166,30.621435165405273,5.533663810298315,-0.07582152,0.4998032748699188,1089,5
139,4.534337520599365,31.102901458740234,5.576997530817119,-0.08642995,0.8872482776641846,1089,6
138,4.3515472412109375,29.363035202026367,5.418766944797162,-0.02537918,0.4396143853664398,1089,7
144,4.8786163330078125,40.21983337402344,6.341910861406319,0.69727415,0.6559702157974243,1090,1
143,7.423083782196045,83.49793243408203,9.137720308374623,0.36733413,0.3912526071071625,1090,2
142,8.153423309326172,98.11344146728516,9.90522293879775,0.2561018,-0.4794696271419525,1090,3
141,8.545364379882812,107.22241973876953,10.354825915425597,0.18784821,-0.6361034512519836,1090,4
140,8.363073348999023,114.17533111572266,10.685285729250419,0.1384942,-2.2065560817718506,1090,5
139,8.44455337524414,112.16583251953125,10.590837196347191,0.1564529,-1.5587773323059082,1090,6
138,8.756736755371094,117.83879852294922,10.855358055953255,0.11942828,-2.1401004791259766,1090,7
129,4.259252548217773,28.83854866027832,5.370153504349603,0.2816363,-2.274528741836548,1091,1
127,5.24794340133667,43.31654739379883,6.581530778914495,-0.10216105,-2.920262336730957,1091,2
125,5.648003578186035,52.552398681640625,7.249303323881587,-0.34256744,-3.443619728088379,1091,3
123,5.907289028167725,58.64211654663086,7.657814084099382,-0.4930296,-4.241921901702881,1091,4
121,6.013648509979248,60.01137161254883,7.746700692072001,-0.5139507,-4.443841457366943,1091,5
119,5.862166881561279,56.8969841003418,7.543008955340157,-0.41673875,-3.894420862197876,1091,6
117,5.882359981536865,57.45632553100586,7.579995087795629,-0.42408967,-4.066915512084961,1091,7
144,2.585212230682373,11.127702713012695,3.3358211452373605,0.44022143,0.12586084008216858,3901,1
143,3.25705885887146,17.08328628540039,4.133193231074539,0.12086105,0.3290776312351227,3901,2
142,3.551901340484619,19.83055877685547,4.45315155556775,-0.052841783,0.2580038905143738,3901,3
141,3.4410290718078613,19.103824615478516,4.370792218291613,-0.013143659,0.06134537234902382,3901,4
140,3.426292657852173,18.797130584716797,4.335565774465519,-0.0065892935,0.11034871637821198,3901,5
139,3.43176007270813,17.66053581237793,4.202444028464618,0.05180174,0.5852469205856323,3901,6
138,3.434278964996338,18.099348068237305,4.254332858185559,0.028495908,0.5990379452705383,3901,7
129,2.839623212814331,13.12804126739502,3.623263897012612,0.30931145,0.030478699132800102,3902,1
127,3.367408037185669,17.794818878173828,4.2183905554338885,0.058641255,0.18249426782131195,3902,2
125,3.5854814052581787,20.461130142211914,4.523398074701354,-0.08097696,0.12752676010131836,3902,3
123,3.56242036819458,19.33186149597168,4.396801280018427,-0.018338561,-0.16314932703971863,3902,4
121,3.57007098197937,19.422584533691406,4.407106140506649,-0.032680273,-0.14634250104427338,3902,5
119,3.4271771907806396,18.07733726501465,4.251745202268669,0.033881426,0.31228554248809814,3902,6
117,3.455166816711426,18.365137100219727,4.285456463461007,0.034758568,0.39425840973854065,3902,7
129,2.7591779232025146,13.181642532348633,3.63065318260346,0.30121124,0.038868941366672516,3903,1
127,3.404571533203125,17.802366256713867,4.219285040941637,0.053839803,0.23827597498893738,3903,2
125,3.707890272140503,20.755596160888672,4.555831006620929,-0.09923363,0.28216761350631714,3903,3
123,3.6337358951568604,19.603113174438477,4.427540307488852,-0.03189206,-0.021319769322872162,3903,4
121,3.542882204055786,19.336503982543945,4.3973291874209215,-0.02265501,0.02478010021150112,3903,5
119,3.464857816696167,18.59050941467285,4.311671301789232,0.012506008,0.414989709854126,3903,6
117,3.4974215030670166,19.289857864379883,4.3920220701153,-0.0079882145,0.545149564743042,3903,7
144,2.8700761795043945,13.446873664855957,3.6669979090334857,0.34149253,0.008473945781588554,3904,1
143,3.416205406188965,18.784160614013672,4.334069751862985,0.07029772,0.0009907942730933428,3904,2
142,3.8228442668914795,22.237613677978516,4.715677435743301,-0.09844303,-0.15260657668113708,3904,3
141,3.7819106578826904,21.331270217895508,4.618578809319541,-0.046354055,-0.37639912962913513,3904,4
140,3.781996488571167,21.728384017944336,4.661371473927425,-0.058885932,-0.34672871232032776,3904,5
139,3.7979798316955566,21.877838134765625,4.677375132995602,-0.06132865,0.17814664542675018,3904,6
138,3.772348642349243,22.32714080810547,4.725160400251559,-0.07889044,0.2046818733215332,3904,7
129,2.597114086151123,11.250494003295898,3.354175607104658,0.42154992,0.19117240607738495,3905,1
127,3.1907005310058594,16.21822166442871,4.027185327797656,0.15506417,0.4864805340766907,3905,2
125,3.586974620819092,19.859773635864258,4.456430593632561,-0.058626533,0.4777991473674774,3905,3
123,3.4528536796569824,18.96117401123047,4.354443019632989,-0.0120590925,0.24147972464561462,3905,4
121,3.3654212951660156,18.01946449279785,4.244933979792601,0.0070100427,0.22028475999832153,3905,5
119,3.4121971130371094,17.241470336914062,4.152284953722957,0.042733252,0.6389315724372864,3905,6
117,3.4274768829345703,17.699352264404297,4.207059812315995,0.019216776,0.736664891242981,3905,7
129,2.6381072998046875,11.552059173583984,3.3988320307988134,0.4273206,0.1676267832517624,3906,1
127,3.262296199798584,16.839773178100586,4.103629269086157,0.15115595,0.5331629514694214,3906,2
125,3.603088617324829,20.413660049438477,4.518147856084225,-0.058208823,0.4689711630344391,3906,3
123,3.479192018508911,19.468107223510742,4.412267809586216,-0.013575435,0.21477876603603363,3906,4
121,3.456310749053955,19.144874572753906,4.3754856385039025,-0.027034521,0.189058318734169,3906,5
119,3.405341863632202,17.499225616455078,4.183207575109688,0.052042305,0.5865179896354675,3906,6
117,3.448537826538086,18.249263763427734,4.271915701816661,0.015676796,0.7051266431808472,3906,7
129,2.7336971759796143,11.809810638427734,3.436540504406682,0.3690148,0.09799383580684662,3907,1
127,3.220590353012085,16.63331413269043,4.078396024504049,0.10324073,0.4014038145542145,3907,2
125,3.6575467586517334,20.13488006591797,4.48719066520668,-0.09871268,0.4195508360862732,3907,3
123,3.4763922691345215,18.53196907043457,4.304877358350011,-0.011381149,0.15716314315795898,3907,4
121,3.371415376663208,17.628671646118164,4.198651169854214,0.0080778,0.12443139404058456,3907,5
119,3.4043819904327393,17.18354606628418,4.145304098167489,0.028594017,0.5398566126823425,3907,6
117,3.4495296478271484,17.665924072265625,4.203085066027765,0.010038674,0.6250140070915222,3907,7
114,2.748776912689209,12.359410285949707,3.5155952960984727,0.42108113,-0.018309475854039192,3908,1
111,3.2696168422698975,17.20174789428711,4.147498992680663,0.16607285,0.1371423900127411,3908,2
108,3.692486047744751,20.74478530883789,4.55464436688946,-0.037190914,-0.011080150492489338,3908,3
105,3.5534486770629883,20.054115295410156,4.478182141830562,0.013066709,-0.1162247359752655,3908,4
102,3.467517137527466,19.246957778930664,4.3871354867305685,0.047591805,-0.04694069176912308,3908,5
99,3.32157039642334,16.39518928527832,4.049097342035422,0.14086682,0.372591108083725,3908,6
97,3.287677764892578,16.377368927001953,4.046896209072077,0.112588465,0.6298015117645264,3908,7
129,2.66713285446167,11.428570747375488,3.3806169181638266,0.37727427,0.10477657616138458,3909,1
127,3.181239128112793,16.435739517211914,4.0541015672047385,0.09675741,0.4231327772140503,3909,2
125,3.620694875717163,19.61297035217285,4.428653333934917,-0.09020746,0.41235271096229553,3909,3
123,3.4439706802368164,18.218158721923828,4.268273505988555,-0.012383819,0.15511316061019897,3909,4
121,3.380755662918091,17.547494888305664,4.188973011169404,-0.0055058002,0.12304601073265076,3909,5
119,3.395542860031128,16.923494338989258,4.113817489751977,0.025092006,0.5534399151802063,3909,6
117,3.4218358993530273,17.12802505493164,4.138601823675677,0.022721231,0.640937864780426,3909,7
123,2.734086036682129,11.867815971374512,3.444969661894646,0.34986776,0.0012080572778359056,3910,1
121,3.0904037952423096,16.016069412231445,4.002008172434365,0.100845516,0.289201945066452,3910,2
119,3.4423038959503174,17.238300323486328,4.15190321701823,-0.037392974,0.27128103375434875,3910,3
117,3.346600294113159,16.233762741088867,4.029114386697016,0.013984561,0.06294645369052887,3910,4
115,3.3865394592285156,16.529340744018555,4.06562919411234,-0.02769494,0.021710868924856186,3910,5
113,3.3379013538360596,16.219074249267578,4.027291180094578,-0.011505246,0.5247974991798401,3910,6
111,3.3594112396240234,15.979312896728516,3.997413275698238,0.015269518,0.6017850041389465,3910,7
129,3.3519182205200195,18.756250381469727,4.330848690669039,0.34637803,-0.3690553903579712,3911,1
127,4.085422515869141,26.308780670166016,5.129208581269241,0.06907034,-0.7745840549468994,3911,2
125,4.400302410125732,30.666400909423828,5.537725246834103,-0.08490515,-1.1964185237884521,3911,3
123,4.3253912925720215,31.758535385131836,5.635471176852192,-0.13456392,-1.762097716331482,3911,4
121,4.285296440124512,31.56007194519043,5.6178351653631164,-0.1435448,-1.8148878812789917,3911,5
119,4.271688461303711,30.4614200592041,5.519186539627384,-0.10572171,-1.3486450910568237,3911,6
117,4.137887954711914,29.40443229675293,5.422585388608733,-0.049922943,-1.2858576774597168,3911,7
129,3.614374876022339,23.21588134765625,4.818286142152233,0.32483083,-0.7676284909248352,3912,1
127,4.398787498474121,32.03924560546875,5.660322040791385,0.048250854,-1.4294188022613525,3912,2
125,4.779170036315918,38.33299255371094,6.191364353170546,-0.14067805,-1.8948588371276855,3912,3
123,4.755752086639404,41.20076370239258,6.418782104293039,-0.23881125,-2.6175081729888916,3912,4
121,4.665385723114014,40.5252799987793,6.3659469051178315,-0.23227167,-2.773216962814331,3912,5
119,4.641653060913086,38.559574127197266,6.209635587310842,-0.1730107,-2.216416120529175,3912,6
117,4.432344436645508,37.37994384765625,6.113913954878352,-0.11807513,-2.159641742706299,3912,7
144,3.175529956817627,15.791580200195312,3.9738621264703324,0.35289627,-0.20257367193698883,3913,1
143,3.7802200317382812,22.25762367248535,4.717798604485502,0.07719368,-0.4117726981639862,3913,2
142,4.215451717376709,26.090452194213867,5.107881380201959,-0.08221722,-0.761407732963562,3913,3
141,4.096312046051025,25.63457489013672,5.063059834737954,-0.055822372,-1.0738773345947266,3913,4
140,4.128478527069092,26.257286071777344,5.124186381444116,-0.07709193,-1.0476256608963013,3913,5
139,4.143360137939453,25.883092880249023,5.08754291188281,-0.05562079,-0.48365870118141174,3913,6
138,4.108864784240723,25.823518753051758,5.081684637307962,-0.046483636,-0.5659394860267639,3913,7
114,3.3753576278686523,19.32608413696289,4.396144235231925,0.33956134,-0.6741031408309937,3914,1
111,4.188368320465088,27.463123321533203,5.24052700799578,0.032204628,-1.2799036502838135,3914,2
108,4.577739238739014,33.3552360534668,5.77539921161012,-0.18630767,-1.9144469499588013,3914,3
105,4.534019470214844,34.4775505065918,5.871758723465381,-0.24445748,-2.497905969619751,3914,4
102,4.527401447296143,35.077720642089844,5.922644733739299,-0.28662944,-2.6549482345581055,3914,5
99,4.400275230407715,33.070091247558594,5.750660070596991,-0.2142415,-2.184548854827881,3914,6
96,4.256436824798584,32.72990036010742,5.721005187911249,-0.1771766,-2.133321762084961,3914,7
114,2.8144073486328125,12.4448881149292,3.5277312985726677,0.30178416,0.04852136969566345,3915,1
111,3.296454668045044,17.961036682128906,4.2380463284547645,-0.030456305,0.5494857430458069,3915,2
108,3.7973828315734863,21.91468048095703,4.68131183333871,-0.26388788,0.586737334728241,3915,3
105,3.597182035446167,19.332326889038086,4.396854203750459,-0.09315026,0.29987359046936035,3915,4
102,3.4953320026397705,18.958463668823242,4.354131792771464,-0.07699919,0.38636016845703125,3915,5
99,3.4618120193481445,18.209056854248047,4.267207149207552,-0.037956,0.6837450861930847,3915,6
96,3.5140817165374756,18.88521957397461,4.345712780888149,-0.08336198,0.789699375629425,3915,7
144,2.6101458072662354,11.358145713806152,3.370184818938889,0.41538024,0.14001089334487915,3916,1
143,3.2267239093780518,16.678421020507812,4.083922259361436,0.12274051,0.4615226089954376,3916,2
142,3.5779306888580322,19.783443450927734,4.447858299331009,-0.0719198,0.4213872253894806,3916,3
141,3.46315860748291,18.87629508972168,4.344685844767338,-0.01930976,0.3101997971534729,3916,4
140,3.448894500732422,18.579132080078125,4.310351735076631,-0.011778951,0.34436875581741333,3916,5
139,3.4759368896484375,17.939804077148438,4.235540588537482,0.022630036,0.7852842211723328,3916,6
138,3.498175859451294,18.38876724243164,4.288212592961273,-0.00086236,0.8239144086837769,3916,7
129,2.31141996383667,9.220550537109375,3.036535943655101,0.5089888,0.15391160547733307,3917,1
127,3.1135683059692383,15.504532814025879,3.9375795628819845,0.15251005,0.5149853229522705,3917,2
125,3.4309372901916504,19.278160095214844,4.390690161604989,-0.08171332,0.420929491519928,3917,3
123,3.3624887466430664,17.994159698486328,4.2419523451456085,-0.024074197,0.16701461374759674,3917,4
121,3.354919910430908,18.062580108642578,4.250009424535736,-0.055674314,0.15427689254283905,3917,5
119,3.323904514312744,16.771617889404297,4.095316579875639,0.0034017563,0.6167511343955994,3917,6
117,3.3430838584899902,16.828006744384766,4.102195356682171,0.012892902,0.7009227275848389,3917,7
129,2.6903269290924072,11.572148323059082,3.4017860489835456,0.35004675,0.24387909471988678,3918,1
127,3.237610101699829,16.288110733032227,4.035853160489394,0.06967646,0.8423230648040771,3918,2
125,3.5569188594818115,19.533411026000977,4.419661867835703,-0.1344719,0.7421461343765259,3918,3
123,3.4224741458892822,18.36264991760254,4.2851662648726405,-0.07210231,0.5626831650733948,3918,4
121,3.492565870285034,18.761489868164062,4.331453551426364,-0.12193453,0.6803535223007202,3918,5
119,3.426964282989502,17.451732635498047,4.177527095722785,-0.05430448,1.0254709720611572,3918,6
117,3.5440685749053955,17.868934631347656,4.227166264928274,-0.06809306,1.2012429237365723,3918,7
144,2.572427272796631,10.699894905090332,3.2710693824940997,0.34166127,0.32345008850097656,3919,1
143,3.1135122776031494,15.05915355682373,3.8806125234070628,0.05258614,0.8276737332344055,3919,2
142,3.4087491035461426,17.713592529296875,4.208751896856938,-0.13490367,0.7239084243774414,3919,3
141,3.2736265659332275,16.68587875366211,4.08483521744294,-0.06229949,0.6252268552780151,3919,4
140,3.369982957839966,17.12506675720215,4.138244405203992,-0.09272349,0.8758229613304138,3919,5
139,3.3732223510742188,16.94223403930664,4.116094512922006,-0.07388282,1.2964861392974854,3919,6
138,3.52476167678833,17.44127655029297,4.176275439945618,-0.10026574,1.4314243793487549,3919,7
119,2.7811310291290283,12.848319053649902,3.584455196211818,0.37951314,-0.10020767152309418,3920,1
117,3.3383541107177734,18.361623764038086,4.285046529973518,0.100936115,0.185042142868042,3920,2
115,3.701230525970459,21.698925018310547,4.658210495277189,-0.067503214,0.02959584817290306,3920,3
113,3.6679675579071045,21.09876823425293,4.593339551377944,-0.04763043,-0.3553984761238098,3920,4
111,3.633857488632202,20.867603302001953,4.568107190292491,-0.05255711,-0.30313295125961304,3920,5
109,3.5041654109954834,19.103322982788086,4.370734833273243,0.022468269,0.23036222159862518,3920,6
107,3.419121265411377,18.472667694091797,4.297984143071237,0.0641287,0.2252829223871231,3920,7
144,3.3061952590942383,17.671445846557617,4.203741886291024,0.35766304,-0.4355192184448242,3921,1
143,4.0006232261657715,25.049306869506836,5.0049282581778165,0.077518225,-0.8972590565681458,3921,2
142,4.402226448059082,29.802734375,5.45918806920956,-0.09613359,-1.2646756172180176,3921,3
141,4.287491798400879,29.867097854614258,5.465079858027169,-0.09096122,-1.6858903169631958,3921,4
140,4.2863359451293945,30.307870864868164,5.5052584739381825,-0.10056603,-1.6437469720840454,3921,5
139,4.274866104125977,29.488924026489258,5.430370523867525,-0.06384051,-1.11197829246521,3921,6
138,4.184031009674072,29.362089157104492,5.418679650717921,-0.05271077,-1.1490252017974854,3921,7
129,2.3338868618011475,9.29195499420166,3.0482708203507216,0.38970745,0.4050634205341339,3922,1
127,3.1287038326263428,15.445056915283203,3.930019963725783,-0.03510964,1.141584873199463,3922,2
125,3.4110488891601562,17.907146453857422,4.231683642931903,-0.23314285,1.1412924528121948,3922,3
123,3.289581537246704,16.530014038085938,4.065711996451045,-0.14786541,0.8686455488204956,3922,4
121,3.3602330684661865,17.51032257080078,4.1845337339781095,-0.24583125,1.1545722484588623,3922,5
119,3.39300274848938,16.847135543823242,4.104526226475261,-0.21513999,1.485235333442688,3922,6
117,3.53141450881958,17.59308433532715,4.194411083254376,-0.2510507,1.7981730699539185,3922,7
129,2.660109043121338,11.702252388000488,3.420855505279416,0.40567827,0.21648851037025452,3923,1
127,3.2745721340179443,16.787750244140625,4.097285716683745,0.1349985,0.593354344367981,3923,2
125,3.6584177017211914,20.368885040283203,4.5131901178970075,-0.07384837,0.6159127354621887,3923,3
123,3.526132583618164,19.46129608154297,4.411495900660338,-0.028804779,0.38743212819099426,3923,4
121,3.4684715270996094,18.806989669799805,4.336702626397135,-0.022187352,0.38187575340270996,3923,5
119,3.4827663898468018,17.82073402404785,4.221461124308484,0.023701549,0.7673364281654358,3923,6
117,3.525200843811035,18.432958602905273,4.2933621560387,-0.004314542,0.8739714026451111,3923,7
144,2.3608644008636475,9.353919982910156,3.0584178888618467,0.4431345,0.26113376021385193,3924,1
143,3.125983476638794,15.392312049865723,3.9233037162403988,0.059835613,0.6797072291374207,3924,2
142,3.3692381381988525,17.723270416259766,4.209901473462267,-0.11720002,0.6950345039367676,3924,3
141,3.3163490295410156,17.093902587890625,4.134477305281845,-0.075425744,0.5448204874992371,3924,4
140,3.398460626602173,17.648500442504883,4.201011835558772,-0.11740708,0.6565046310424805,3924,5
139,3.358003616333008,16.670488357543945,4.082950937440216,-0.05730617,1.0926237106323242,3924,6
138,3.475071668624878,17.542009353637695,4.188318201096676,-0.106805086,1.254376769065857,3924,7
129,2.2806835174560547,8.936949729919434,2.989473152567093,0.44095594,0.3538567125797272,3925,1
127,3.1456053256988525,15.544698715209961,3.942676592774249,0.0057401657,0.9598320126533508,3925,2
125,3.3399627208709717,17.8319149017334,4.222785206677389,-0.1746856,0.9400311708450317,3925,3
123,3.221402645111084,16.455015182495117,4.05647817478353,-0.09789169,0.6350640654563904,3925,4
121,3.332484483718872,17.26685333251953,4.155340338951737,-0.18069363,0.812932550907135,3925,5
119,3.31404972076416,16.340274810791016,4.042310578220211,-0.13678157,1.1595243215560913,3925,6
117,3.4512834548950195,17.363405227661133,4.166941951558857,-0.19005907,1.41636323928833,3925,7
144,2.9134621620178223,13.16342830657959,3.628143920323392,0.3405761,-0.032900698482990265,3926,1
143,3.3731536865234375,18.472196578979492,4.29792933620127,0.06384933,0.039780717343091965,3926,2
142,3.8146350383758545,21.322168350219727,4.617593350460792,-0.08615029,-0.06748943775892258,3926,3
141,3.764435052871704,20.623117446899414,4.541268264141573,-0.043148518,-0.2790627181529999,3926,4
140,3.7576816082000732,20.586502075195312,4.5372350694222705,-0.042217612,-0.2654430866241455,3926,5
139,3.730891227722168,20.28097915649414,4.503440813033312,-0.02061832,0.2762857973575592,3926,6
138,3.6886096000671387,19.96684455871582,4.4684275264029765,0.002231121,0.29597821831703186,3926,7
129,3.0266623497009277,14.020573616027832,3.7444056425590206,0.32333356,-0.01756344363093376,3927,1
127,3.393338203430176,18.743648529052734,4.329393552110126,0.08340472,0.1138855516910553,3927,2
125,3.863041877746582,22.621782302856445,4.756236148768945,-0.10721445,-0.0401877835392952,3927,3
123,3.829768657684326,21.97184181213379,4.6874131258225775,-0.077840924,-0.34935224056243896,3927,4
121,3.790591239929199,21.878795623779297,4.677477485117304,-0.09657979,-0.4554087221622467,3927,5
119,3.6917779445648193,21.10313606262207,4.593814979145554,-0.06689334,0.009617308154702187,3927,6
117,3.649240016937256,20.910551071166992,4.57280560172494,-0.039803624,0.025790231302380562,3927,7
129,3.2061829566955566,15.773320198059082,3.971563948630197,0.33931977,-0.1600406914949417,3928,1
127,3.656841278076172,21.171798706054688,4.601282289324867,0.09672457,-0.27098751068115234,3928,2
125,4.145233631134033,25.728464126586914,5.072323346020728,-0.096036196,-0.5980669260025024,3928,3
123,4.059158802032471,25.517297744750977,5.05146491077103,-0.09338856,-1.0273792743682861,3928,4
121,4.028613567352295,25.87963104248047,5.08720267361941,-0.13020265,-1.0848000049591064,3928,5
119,3.9835822582244873,25.21294593811035,5.021249439941253,-0.10819006,-0.5920395255088806,3928,6
117,3.94771146774292,25.40847396850586,5.0406818951909536,-0.099490166,-0.6125782132148743,3928,7
114,3.1642818450927734,14.662274360656738,3.8291349363344116,0.37003487,-0.49428635835647583,3929,1
111,3.679641008377075,20.383535385131836,4.514812884841612,0.106583774,-0.6556090712547302,3929,2
108,4.15938138961792,26.259252548217773,5.124378259673828,-0.16642976,-0.8018283843994141,3929,3
105,4.2076520919799805,25.97745704650879,5.096808515778162,-0.1220901,-1.0417077541351318,3929,4
102,4.256143093109131,27.11126136779785,5.20684754604913,-0.16183722,-1.1872295141220093,3929,5
99,4.116511344909668,26.309003829956055,5.129230335045995,-0.115088224,-0.7113394737243652,3929,6
96,4.2260422706604,27.342241287231445,5.228980903314856,-0.15421748,-0.7261694073677063,3929,7
129,2.8180506229400635,12.81314754486084,3.5795457176659777,0.33324516,0.0015074633993208408,3930,1
127,3.3356540203094482,17.657211303710938,4.202048465178732,0.07719791,0.29783907532691956,3930,2
125,3.7092416286468506,21.482452392578125,4.634916654329194,-0.117528796,0.27383482456207275,3930,3
123,3.5886905193328857,19.77909278869629,4.4473691986045285,-0.030919433,-0.03505287319421768,3930,4
121,3.603501081466675,20.530054092407227,4.531010272820756,-0.083046675,-0.037196654826402664,3930,5
119,3.5693612098693848,20.59186363220215,4.537825870634763,-0.09798622,0.37961021065711975,3930,6
117,3.5482397079467773,20.735305786132812,4.553603604414071,-0.0878253,0.5198245048522949,3930,7
129,3.074516773223877,15.3872709274292,3.9226612047727496,0.3500046,-0.1915455013513565,3931,1
127,3.5761778354644775,20.766672134399414,4.557046426623216,0.11468142,-0.38311466574668884,3931,2
125,3.9513254165649414,25.41351890563965,5.04118229244288,-0.083375454,-0.5107643604278564,3931,3
123,3.88448429107666,24.13730812072754,4.912973450032835,-0.036492705,-0.9162365198135376,3931,4
121,3.871854305267334,24.916044235229492,4.991597363092249,-0.0834434,-0.9486090540885925,3931,5
119,3.6745553016662598,22.84908676147461,4.780071836434533,-0.0033658743,-0.5233789086341858,3931,6
117,3.617685079574585,22.78704833984375,4.773578148500739,0.009639323,-0.5726486444473267,3931,7
129,2.920436143875122,13.403036117553711,3.661015722112336,0.3450232,-0.023814652115106583,3932,1
127,3.3802096843719482,17.997886657714844,4.242391620031659,0.11223471,0.14951279759407043,3932,2
125,3.8128232955932617,22.507129669189453,4.744167963846712,-0.10499287,0.08751361817121506,3932,3
123,3.729942560195923,21.441858291625977,4.630535421700818,-0.05512762,-0.1927463710308075,3932,4
121,3.6929824352264404,21.835874557495117,4.6728871757720745,-0.09100795,-0.2974627614021301,3932,5
119,3.6548266410827637,21.687591552734375,4.656993832155501,-0.09535873,0.14274881780147552,3932,6
117,3.626002550125122,21.995891571044922,4.6899777793764565,-0.093044996,0.20335645973682404,3932,7
129,3.285720109939575,17.31106948852539,4.160657338513397,0.40081257,-0.4496735632419586,3933,1
127,3.8711793422698975,24.781200408935547,4.978071956986515,0.13263959,-1.011243224143982,3933,2
125,4.352477073669434,31.104597091674805,5.577149548978833,-0.09122467,-1.3050917387008667,3933,3
123,4.309031009674072,31.17990493774414,5.58389693115338,-0.10463321,-1.9451035261154175,3933,4
121,4.284093379974365,31.639371871948242,5.624888609736929,-0.13113058,-2.028799057006836,3933,5
119,4.078974723815918,29.269668579101562,5.4101449683997895,-0.051252246,-1.585165023803711,3933,6
117,4.036995887756348,28.063749313354492,5.2975229412768465,-0.0014864206,-1.5326931476593018,3933,7
144,3.3812272548675537,19.29064178466797,4.392111312873111,0.34793407,-0.45438751578330994,3934,1
143,4.1851654052734375,27.300756454467773,5.225012579359764,0.06574386,-0.9751533269882202,3934,2
142,4.587705135345459,32.20403289794922,5.674859724957897,-0.10188031,-1.3788907527923584,3934,3
141,4.496748924255371,33.13030242919922,5.755892843790546,-0.1258707,-1.8350938558578491,3934,4
140,4.479122161865234,33.05812072753906,5.74961918108835,-0.11736965,-1.8174738883972168,3934,5
139,4.462265491485596,32.06077575683594,5.6622235700152235,-0.07641208,-1.2921860218048096,3934,6
138,4.353024482727051,31.420997619628906,5.6054435702831675,-0.04801917,-1.2774384021759033,3934,7
129,3.6195764541625977,23.734533309936523,4.871810065051441,0.3201146,-0.7523855566978455,3935,1
127,4.392171859741211,32.007686614990234,5.657533615895732,0.06054312,-1.4269384145736694,3935,2
125,4.8061323165893555,39.06168746948242,6.2499349972205644,-0.1482178,-1.9244860410690308,3935,3
123,4.816279411315918,42.318092346191406,6.505235764074305,-0.25827515,-2.7108349800109863,3935,4
121,4.7089924812316895,41.48124694824219,6.440593679797088,-0.24882162,-2.8663113117218018,3935,5
119,4.672261714935303,39.18748474121094,6.2599907940196635,-0.17982101,-2.318794012069702,3935,6
117,4.510776996612549,38.6606559753418,6.2177693729618015,-0.14444637,-2.297034978866577,3935,7
144,3.6869142055511475,24.562618255615234,4.956068830798785,0.31215686,-0.8443213701248169,3936,1
143,4.57353401184082,34.774070739746094,5.896954361341632,0.012446046,-1.6780065298080444,3936,2
142,4.9497971534729,40.517086029052734,6.3653032943491965,-0.15211952,-2.1368868350982666,3936,3
141,4.936758995056152,43.6221809387207,6.604708997277678,-0.23281121,-2.7993369102478027,3936,4
140,4.894398212432861,43.649749755859375,6.606795725301288,-0.22601104,-2.864942789077759,3936,5
139,4.820000171661377,40.79830551147461,6.387355126456851,-0.13774478,-2.2805821895599365,3936,6
138,4.6900224685668945,40.27724075317383,6.346435279207835,-0.11523926,-2.293381690979004,3936,7
129,3.665266752243042,24.38359260559082,4.937974544850431,0.297971,-0.8608939051628113,3937,1
127,4.499475002288818,33.51836395263672,5.78950463793205,0.010687947,-1.6767722368240356,3937,2
125,4.887726783752441,40.44763946533203,6.359845868048378,-0.18731737,-2.1767032146453857,3937,3
123,4.825586795806885,42.92302703857422,6.551566762124478,-0.25271618,-2.8041536808013916,3937,4
121,4.622914791107178,39.511085510253906,6.285784398963577,-0.21213484,-2.721069812774658,3937,5
119,4.52992057800293,36.096622467041016,6.008046476771049,-0.107019305,-1.962902545928955,3937,6
117,4.367895126342773,35.57880783081055,5.964797383885772,-0.105238914,-2.030618190765381,3937,7
129,2.9924964904785156,14.506799697875977,3.8087792923554886,0.35546362,-0.14892567694187164,3938,1
127,3.529517889022827,20.120912551879883,4.485634018940899,0.09927958,-0.30848053097724915,3938,2
125,3.9142823219299316,24.25734519958496,4.92517463645554,-0.08332598,-0.5469174981117249,3938,3
123,3.881671190261841,24.107755661010742,4.9099649348046,-0.083889246,-0.9426824450492859,3938,4
121,3.8239850997924805,24.01723861694336,4.900738578718861,-0.095159054,-0.9633395075798035,3938,5
119,3.786085367202759,23.189119338989258,4.815508211911725,-0.06424534,-0.48152828216552734,3938,6
117,3.7579410076141357,23.418216705322266,4.839237202837062,-0.059602022,-0.4808093309402466,3938,7
144,3.7670440673828125,23.501924514770508,4.847878351894828,0.39627516,-1.2555667161941528,3939,1
143,5.133891582489014,40.565059661865234,6.3690705492925135,-0.06959319,-2.7080888748168945,3939,2
142,5.438952922821045,49.806949615478516,7.0574038863790785,-0.32374346,-3.3304483890533447,3939,3
141,5.662982940673828,55.178192138671875,7.428202483688223,-0.47207534,-4.101940631866455,3939,4
140,5.720796585083008,55.89647674560547,7.476394635491459,-0.4893831,-4.298159122467041,3939,5
139,5.610999584197998,53.30081558227539,7.300740755723037,-0.41361773,-3.87921142578125,3939,6
138,5.684496879577637,53.62175750732422,7.322687860842098,-0.42378163,-3.9906041622161865,3939,7
